cell,batch,stage,arm,theorem,seed,solved,qualified,failed,cost,input,cached,output,requests,resets,continued,uncached_cost
validation__ace__mathd_algebra_282__seed1,final00,validation,ace,mathd_algebra_282,1,False,False,False,0.030712899999999998,632501,577285,6770,29,0,False,0.1346242
validation__agentic_reset__mathd_algebra_282__seed0,final00,validation,agentic_reset,mathd_algebra_282,0,False,False,False,0.03718507999999998,624307,567744,12098,54,2,False,0.139379
validation__ace__mathd_algebra_282__seed0,final00,validation,ace,mathd_algebra_282,0,False,False,False,0.027623740000000004,727943,698227,6430,40,0,False,0.15330459999999999
validation__ace_reset_compact__mathd_algebra_282__seed1,final00,validation,ace_reset_compact,mathd_algebra_282,1,False,False,False,0.03588866,782449,743813,11071,64,2,False,0.16977499999999998
validation__agentic_compact__mathd_algebra_282__seed0,final00,validation,agentic_compact,mathd_algebra_282,0,False,False,False,0.030345520000000008,914879,882986,5256,57,0,False,0.189283
validation__agentic_reset__algebra_others_exirrpowirrrat__seed0,final00,validation,agentic_reset,algebra_others_exirrpowirrrat,0,False,False,False,0.04586757999999999,528854,446449,17048,52,2,False,0.1262284
validation__ace_reset__algebra_others_exirrpowirrrat__seed1,final00,validation,ace_reset,algebra_others_exirrpowirrrat,1,False,False,False,0.044120360000000004,460771,377468,16592,39,1,False,0.11206459999999999
validation__ace_compact__algebra_others_exirrpowirrrat__seed1,final00,validation,ace_compact,algebra_others_exirrpowirrrat,1,False,False,False,0.037888939999999996,528487,468407,13754,38,0,False,0.1222022
validation__agentic_reset_compact__algebra_others_exirrpowirrrat__seed0,final00,validation,agentic_reset_compact,algebra_others_exirrpowirrrat,0,False,False,False,0.04554438,412116,331089,18931,52,2,False,0.1051404
validation__ace_reset__mathd_algebra_282__seed0,final00,validation,ace_reset,mathd_algebra_282,0,False,False,False,0.04158095999999999,469953,376598,12815,36,2,False,0.1093686
validation__agentic_compact__mathd_algebra_282__seed1,final00,validation,agentic_compact,mathd_algebra_282,1,False,False,False,0.029748379999999994,649981,608119,7678,42,0,False,0.1392098
validation__agentic_reset_compact__mathd_algebra_282__seed1,final00,validation,agentic_reset_compact,mathd_algebra_282,1,False,False,False,0.038328119999999986,618864,558966,12641,64,2,False,0.13894199999999998
validation__agentic__mathd_algebra_282__seed1,final00,validation,agentic,mathd_algebra_282,1,False,False,False,0.03948638,363502,247149,9394,24,0,False,0.0839732
validation__ace_reset_compact__algebra_others_exirrpowirrrat__seed1,final00,validation,ace_reset_compact,algebra_others_exirrpowirrrat,1,False,False,False,0.04155297999999999,469964,406459,17269,45,2,False,0.1147156
validation__ace_compact__algebra_others_exirrpowirrrat__seed0,final00,validation,ace_compact,algebra_others_exirrpowirrrat,0,False,False,False,0.036388859999999995,546009,481303,11518,34,0,False,0.1230234
validation__agentic_reset_compact__mathd_algebra_282__seed0,final00,validation,agentic_reset_compact,mathd_algebra_282,0,False,False,False,0.03348118,623411,579159,10873,64,2,False,0.13772979999999999
validation__agentic_compact__algebra_others_exirrpowirrrat__seed0,final00,validation,agentic_compact,algebra_others_exirrpowirrrat,0,False,False,False,0.04044582,325938,230781,13999,32,0,False,0.0819864
validation__agentic_compact__algebra_others_exirrpowirrrat__seed1,final00,validation,agentic_compact,algebra_others_exirrpowirrrat,1,False,False,False,0.04180306,403457,296553,12076,32,0,False,0.09518259999999999
validation__agentic_reset__mathd_algebra_282__seed1,final00,validation,agentic_reset,mathd_algebra_282,1,False,False,False,0.0337983,694944,644785,9059,53,2,False,0.14985959999999998
validation__agentic__algebra_others_exirrpowirrrat__seed1,final00,validation,agentic,algebra_others_exirrpowirrrat,1,False,False,False,0.03982542,368523,253431,9782,23,0,False,0.08544299999999999
validation__ace_compact__mathd_algebra_282__seed1,final00,validation,ace_compact,mathd_algebra_282,1,False,False,False,0.031888059999999996,638618,593573,9173,44,0,False,0.1387312
validation__ace_reset_compact__algebra_others_exirrpowirrrat__seed0,final00,validation,ace_reset_compact,algebra_others_exirrpowirrrat,0,False,False,False,0.04233854,438142,374377,18415,44,2,False,0.1097264
validation__agentic__mathd_algebra_282__seed0,final00,validation,agentic,mathd_algebra_282,0,False,False,False,0.036033600000000006,392373,292870,8563,23,0,False,0.08875019999999999
validation__agentic__algebra_others_exirrpowirrrat__seed0,final00,validation,agentic,algebra_others_exirrpowirrrat,0,False,False,False,0.03877282,453005,366141,11731,30,0,False,0.1046782
validation__ace_compact__mathd_algebra_282__seed0,final00,validation,ace_compact,mathd_algebra_282,0,False,False,False,0.029419499999999994,759324,721945,6254,46,0,False,0.1593696
validation__ace_reset__mathd_algebra_282__seed1,final00,validation,ace_reset,mathd_algebra_282,1,False,False,False,0.03547406,541372,483333,11833,39,2,False,0.122474
validation__ace_reset_compact__mathd_algebra_282__seed0,final00,validation,ace_reset_compact,mathd_algebra_282,0,False,False,False,0.036463039999999995,614008,560732,12161,49,2,False,0.13739479999999998
validation__ace_reset__algebra_others_exirrpowirrrat__seed0,final00,validation,ace_reset,algebra_others_exirrpowirrrat,0,False,False,True,0.04139804,533626,463602,15101,44,2,False,0.1248464
validation__agentic_reset__algebra_others_exirrpowirrrat__seed1,final00,validation,agentic_reset,algebra_others_exirrpowirrrat,1,False,False,False,0.04090409999999999,448659,361745,13572,48,2,True,0.1060182
validation__ace__algebra_others_exirrpowirrrat__seed1,final00,validation,ace,algebra_others_exirrpowirrrat,1,False,False,False,0.03950503999999999,451804,374892,13854,32,0,False,0.10698559999999999
validation__agentic_reset_compact__algebra_others_exirrpowirrrat__seed1,final00,validation,agentic_reset_compact,algebra_others_exirrpowirrrat,1,False,False,False,0.0462444,410043,324930,18936,52,2,True,0.1047318
validation__ace__algebra_others_exirrpowirrrat__seed0,final00,validation,ace,algebra_others_exirrpowirrrat,0,False,False,False,0.03641907999999999,412226,340734,12755,29,0,False,0.0977512
validation__agentic__mathd_numbertheory_33__seed0,final01,validation,agentic,mathd_numbertheory_33,0,True,True,False,0.00112608,12960,11344,480,3,0,False,0.003168
validation__ace_compact__mathd_numbertheory_33__seed0,final01,validation,ace_compact,mathd_numbertheory_33,0,True,True,False,0.00169508,20965,19924,907,4,0,False,0.0052813999999999995
validation__agentic_reset__mathd_numbertheory_33__seed0,final01,validation,agentic_reset,mathd_numbertheory_33,0,True,True,False,0.0050360000000000005,53482,42140,1604,9,0,False,0.012621199999999999
validation__agentic_compact__mathd_numbertheory_33__seed1,final01,validation,agentic_compact,mathd_numbertheory_33,1,True,True,False,0.004821399999999999,32489,18040,1309,8,0,False,0.0080686
validation__agentic_reset_compact__mathd_numbertheory_33__seed0,final01,validation,agentic_reset_compact,mathd_numbertheory_33,0,True,True,False,0.00275196,31986,27978,1159,8,0,False,0.007788
validation__ace__mathd_numbertheory_33__seed0,final01,validation,ace,mathd_numbertheory_33,0,True,True,False,0.0008678199999999999,12320,10901,305,2,0,False,0.00283
validation__agentic_compact__mathd_numbertheory_33__seed0,final01,validation,agentic_compact,mathd_numbertheory_33,0,True,True,False,0.009730400000000002,117409,107950,4733,16,0,False,0.0291614
validation__ace_reset_compact__mathd_numbertheory_33__seed1,final01,validation,ace_reset_compact,mathd_numbertheory_33,1,True,True,False,0.0008089,9677,8225,295,2,0,False,0.0022894
validation__ace_reset_compact__mathd_numbertheory_33__seed0,final01,validation,ace_reset_compact,mathd_numbertheory_33,0,True,True,False,0.0006257999999999999,9693,9380,313,2,0,False,0.0023141999999999998
validation__agentic__mathd_algebra_251__seed1,final01,validation,agentic,mathd_algebra_251,1,True,True,False,0.00365802,32838,27911,1762,6,0,False,0.008681999999999999
validation__ace__mathd_algebra_251__seed0,final01,validation,ace,mathd_algebra_251,0,True,True,False,0.00063506,6067,4873,249,1,0,False,0.0015122
validation__agentic_compact__mathd_algebra_251__seed0,final01,validation,agentic_compact,mathd_algebra_251,0,True,True,False,0.0025423399999999997,8989,6417,1583,3,0,False,0.0036974
validation__agentic__mathd_algebra_251__seed0,final01,validation,agentic,mathd_algebra_251,0,True,True,False,0.0039402199999999995,27973,21051,1779,6,0,False,0.0077294
validation__agentic_compact__mathd_algebra_251__seed1,final01,validation,agentic_compact,mathd_algebra_251,1,True,True,False,0.00432032,21148,13876,2157,6,0,False,0.006817999999999999
validation__agentic_reset_compact__mathd_algebra_251__seed1,final01,validation,agentic_reset_compact,mathd_algebra_251,1,True,True,False,0.00505084,26201,16792,2361,7,0,False,0.0080734
validation__ace_reset__mathd_algebra_251__seed1,final01,validation,ace_reset,mathd_algebra_251,1,True,True,False,0.0008190799999999999,6067,6064,581,1,0,False,0.0019105999999999997
validation__agentic_reset__mathd_algebra_251__seed1,final01,validation,agentic_reset,mathd_algebra_251,1,True,True,False,0.00406486,30839,22903,1683,6,0,False,0.0081874
validation__ace_reset_compact__mathd_algebra_251__seed1,final01,validation,ace_reset_compact,mathd_algebra_251,1,True,True,False,0.0008019199999999999,4729,4726,589,1,0,False,0.0016526
validation__ace_compact__mathd_algebra_251__seed0,final01,validation,ace_compact,mathd_algebra_251,0,True,True,False,0.0010114999999999998,4729,3535,585,1,0,False,0.0016478
validation__ace_reset__mathd_algebra_251__seed0,final01,validation,ace_reset,mathd_algebra_251,0,True,True,False,0.00070466,6067,4873,307,1,0,False,0.0015818
validation__agentic_reset_compact__mathd_algebra_251__seed0,final01,validation,agentic_reset_compact,mathd_algebra_251,0,True,True,False,0.0034005199999999998,12052,8546,2107,4,0,False,0.0049388
validation__ace__mathd_algebra_251__seed1,final01,validation,ace,mathd_algebra_251,1,True,True,False,0.00054548,6067,6064,353,1,0,False,0.001637
validation__ace_compact__mathd_numbertheory_33__seed1,final01,validation,ace_compact,mathd_numbertheory_33,1,True,True,False,0.000816,9786,9380,456,2,0,False,0.0025044
validation__agentic_reset__mathd_numbertheory_33__seed1,final01,validation,agentic_reset,mathd_numbertheory_33,1,True,True,False,0.00363972,35946,27186,1120,6,0,False,0.0085332
validation__agentic__mathd_numbertheory_33__seed1,final01,validation,agentic,mathd_numbertheory_33,1,True,True,False,0.0036432599999999997,42249,33963,1089,7,0,False,0.0097566
validation__ace_reset__mathd_numbertheory_33__seed0,final01,validation,ace_reset,mathd_numbertheory_33,0,True,True,False,0.00095756,6031,6028,697,1,0,False,0.0020426
validation__ace__mathd_numbertheory_33__seed1,final01,validation,ace,mathd_numbertheory_33,1,True,True,False,0.00050876,6031,6028,323,1,0,False,0.0015937999999999998
validation__ace_compact__mathd_algebra_251__seed1,final01,validation,ace_compact,mathd_algebra_251,1,True,True,False,0.00081392,4729,4726,599,1,0,False,0.0016646
validation__ace_reset__mathd_numbertheory_33__seed1,final01,validation,ace_reset,mathd_numbertheory_33,1,True,True,False,0.00197852,12427,12056,1386,2,0,False,0.0041486
validation__agentic_reset__mathd_algebra_251__seed0,final01,validation,agentic_reset,mathd_algebra_251,0,True,True,False,0.00252016,23516,20228,1215,5,0,False,0.0061611999999999995
validation__ace_reset_compact__mathd_algebra_251__seed0,final01,validation,ace_reset_compact,mathd_algebra_251,0,True,True,False,0.008760019999999999,89485,84721,5094,13,0,False,0.024009799999999998
validation__agentic_reset_compact__mathd_numbertheory_33__seed1,final01,validation,agentic_reset_compact,mathd_numbertheory_33,1,True,True,False,0.00708874,42725,35737,4147,8,0,False,0.0135214
validation__agentic_reset_compact__amc12a_2019_p21__seed1,final02,validation,agentic_reset_compact,amc12a_2019_p21,1,False,False,False,0.042829699999999984,458533,355305,12565,57,1,False,0.1067846
validation__agentic_compact__imo_1960_p2__seed1,final02,validation,agentic_compact,imo_1960_p2,1,True,True,False,0.011569320000000001,68532,38906,4055,12,0,False,0.0185724
validation__agentic_reset_compact__imo_1960_p2__seed1,final02,validation,agentic_reset_compact,imo_1960_p2,1,True,True,False,0.018278299999999997,97540,59745,7937,15,0,False,0.029032399999999996
validation__ace_reset__imo_1960_p2__seed0,final02,validation,ace_reset,imo_1960_p2,0,True,True,False,0.004951799999999999,29112,22290,2618,4,0,False,0.008964
validation__agentic__amc12a_2019_p21__seed0,final02,validation,agentic,amc12a_2019_p21,0,False,False,False,0.025599240000000002,642918,623082,7642,48,0,False,0.137754
validation__ace__imo_1960_p2__seed1,final02,validation,ace,imo_1960_p2,1,True,True,False,0.003982599999999999,29630,22290,1724,4,0,False,0.0079948
validation__agentic_compact__amc12a_2019_p21__seed1,final02,validation,agentic_compact,amc12a_2019_p21,1,False,False,False,0.039399840000000005,342252,230452,10359,32,0,False,0.08088119999999999
validation__agentic__imo_1960_p2__seed1,final02,validation,agentic,imo_1960_p2,1,True,True,False,0.01241824,70265,38882,4470,10,0,False,0.019417
validation__ace_reset__imo_1960_p2__seed1,final02,validation,ace_reset,imo_1960_p2,1,True,True,False,0.005116539999999999,45563,39567,2605,6,0,False,0.0122386
validation__ace_compact__imo_1960_p2__seed0,final02,validation,ace_compact,imo_1960_p2,0,True,True,False,0.014587119999999997,199880,178636,5638,24,0,False,0.046741599999999994
validation__agentic_compact__imo_1960_p2__seed0,final02,validation,agentic_compact,imo_1960_p2,0,True,True,False,0.015323339999999998,137685,108467,6092,19,0,False,0.0348474
validation__agentic_reset_compact__amc12a_2019_p21__seed0,final02,validation,agentic_reset_compact,amc12a_2019_p21,0,False,False,False,0.04736113999999999,484924,404427,19311,54,2,False,0.12015799999999999
validation__ace_reset_compact__amc12a_2019_p21__seed1,final02,validation,ace_reset_compact,amc12a_2019_p21,1,False,False,False,0.045863520000000005,460350,375656,17843,42,2,False,0.1134816
validation__ace_reset_compact__amc12a_2019_p21__seed0,final02,validation,ace_reset_compact,amc12a_2019_p21,0,False,False,False,0.039019539999999985,710651,663217,13557,64,2,False,0.15839859999999997
validation__agentic__amc12a_2019_p21__seed1,final02,validation,agentic,amc12a_2019_p21,1,False,False,False,0.04016756,380785,255728,8368,29,0,False,0.0861986
validation__agentic_reset__imo_1960_p2__seed0,final02,validation,agentic_reset,imo_1960_p2,0,True,True,False,0.022807240000000003,142115,80772,7436,15,1,False,0.037346199999999996
validation__agentic_reset_compact__imo_1960_p2__seed0,final02,validation,agentic_reset_compact,imo_1960_p2,0,False,False,False,0.04603557999999999,438686,359549,19181,49,1,False,0.1107544
validation__ace_compact__amc12a_2019_p21__seed0,final02,validation,ace_compact,amc12a_2019_p21,0,False,False,False,0.0362007,653349,587175,9352,42,0,False,0.1418922
validation__ace__imo_1960_p2__seed0,final02,validation,ace,imo_1960_p2,0,True,True,False,0.00426862,29933,20891,1702,4,0,False,0.008029
validation__ace_reset_compact__imo_1960_p2__seed1,final02,validation,ace_reset_compact,imo_1960_p2,1,True,True,False,0.01032814,101357,89387,5122,14,0,False,0.026417799999999998
validation__agentic_compact__amc12a_2019_p21__seed0,final02,validation,agentic_compact,amc12a_2019_p21,0,False,False,False,0.040172479999999997,402661,267934,6557,32,0,False,0.0884006
validation__agentic_reset__amc12a_2019_p21__seed0,final02,validation,agentic_reset,amc12a_2019_p21,0,False,False,False,0.04678852000000001,323204,185286,12916,28,2,False,0.08014
validation__ace__amc12a_2019_p21__seed0,final02,validation,ace,amc12a_2019_p21,0,False,False,False,0.03871086,362643,224903,5554,22,0,False,0.0791934
validation__ace_reset_compact__imo_1960_p2__seed0,final02,validation,ace_reset_compact,imo_1960_p2,0,True,True,False,0.00229014,22206,21117,1375,4,0,False,0.0060912
validation__ace_reset__amc12a_2019_p21__seed1,final02,validation,ace_reset,amc12a_2019_p21,1,False,False,False,0.042621160000000005,638546,537698,9748,41,2,False,0.1394068
validation__ace_reset__amc12a_2019_p21__seed0,final02,validation,ace_reset,amc12a_2019_p21,0,False,False,False,0.0449171,574270,463085,11182,42,2,False,0.1282724
validation__ace_compact__amc12a_2019_p21__seed1,final02,validation,ace_compact,amc12a_2019_p21,1,False,False,False,0.040820579999999995,362232,230779,8262,29,0,False,0.0823608
validation__agentic_reset__amc12a_2019_p21__seed1,final02,validation,agentic_reset,amc12a_2019_p21,1,False,False,False,0.03384434000000001,286918,176927,6923,22,1,False,0.0656912
validation__ace__amc12a_2019_p21__seed1,final02,validation,ace,amc12a_2019_p21,1,False,False,False,0.0395764,470078,356500,8109,29,0,False,0.10374639999999999
validation__ace_compact__imo_1960_p2__seed1,final02,validation,ace_compact,imo_1960_p2,1,True,True,False,0.01546358,83413,51199,6664,11,0,False,0.024679399999999997
validation__agentic__imo_1960_p2__seed0,final02,validation,agentic,imo_1960_p2,0,True,True,False,0.014919139999999997,105076,57107,3486,10,0,False,0.025198399999999996
validation__agentic_reset__imo_1960_p2__seed1,final02,validation,agentic_reset,imo_1960_p2,1,True,True,False,0.02064342,184545,132811,6367,18,1,False,0.044549399999999996
validation__ace__mathd_algebra_327__seed0,final03,validation,ace,mathd_algebra_327,0,True,True,False,0.00262898,35269,28229,547,4,0,False,0.0077101999999999995
validation__agentic_compact__imo_1984_p6__seed1,final03,validation,agentic_compact,imo_1984_p6,1,False,False,False,0.013123019999999999,86106,65881,6467,13,0,False,0.0249816
validation__agentic_compact__mathd_algebra_327__seed1,final03,validation,agentic_compact,mathd_algebra_327,1,True,True,False,0.00085494,8553,7387,395,3,0,False,0.0021845999999999996
validation__ace_reset__imo_1984_p6__seed0,final03,validation,ace_reset,imo_1984_p6,0,False,False,False,0.04428593999999999,297564,198567,17096,24,1,False,0.080028
validation__agentic_reset__mathd_algebra_327__seed0,final03,validation,agentic_reset,mathd_algebra_327,0,True,True,False,0.00208318,19547,12659,377,3,0,False,0.0043618
validation__agentic_reset__imo_1984_p6__seed0,final03,validation,agentic_reset,imo_1984_p6,0,False,False,False,0.013534059999999999,98345,68723,5196,10,0,False,0.0259042
validation__agentic__imo_1984_p6__seed1,final03,validation,agentic,imo_1984_p6,1,False,False,False,0.03204448,217064,122304,8872,18,0,False,0.0540592
validation__ace_compact__imo_1984_p6__seed0,final03,validation,ace_compact,imo_1984_p6,0,False,False,False,0.03490974000000001,410220,355037,13977,33,0,False,0.0988164
validation__agentic__imo_1984_p6__seed0,final03,validation,agentic,imo_1984_p6,0,False,False,False,0.009768719999999998,73866,59456,4748,11,0,False,0.020470799999999997
validation__ace_compact__imo_1984_p6__seed1,final03,validation,ace_compact,imo_1984_p6,1,False,False,False,0.020243600000000004,354631,336650,8262,33,0,False,0.0808406
validation__agentic_reset_compact__imo_1984_p6__seed1,final03,validation,agentic_reset_compact,imo_1984_p6,1,False,False,False,0.047200599999999995,327641,229680,19179,38,1,False,0.088543
validation__agentic_compact__mathd_algebra_327__seed0,final03,validation,agentic_compact,mathd_algebra_327,0,True,True,False,0.00062192,5986,4856,249,2,0,False,0.001496
validation__ace_reset_compact__imo_1984_p6__seed0,final03,validation,ace_reset_compact,imo_1984_p6,0,False,False,False,0.04072513999999999,231094,136827,15946,21,0,False,0.065354
validation__ace__mathd_algebra_327__seed1,final03,validation,ace,mathd_algebra_327,1,True,True,False,0.0028025,35425,28305,677,4,0,False,0.007897399999999999
validation__ace_compact__mathd_algebra_327__seed1,final03,validation,ace_compact,mathd_algebra_327,1,True,True,False,0.0009392999999999999,15528,14335,345,3,0,False,0.0035196
validation__ace_reset__mathd_algebra_327__seed0,final03,validation,ace_reset,mathd_algebra_327,0,True,True,False,0.00258072,25212,18336,699,3,0,False,0.0058812
validation__agentic_reset__mathd_algebra_327__seed1,final03,validation,agentic_reset,mathd_algebra_327,1,True,True,False,0.00080846,7888,6373,315,2,0,False,0.0019556
validation__ace_reset_compact__mathd_algebra_327__seed0,final03,validation,ace_reset_compact,mathd_algebra_327,0,True,True,False,0.0011257399999999999,15550,13157,320,3,0,False,0.0034939999999999997
validation__agentic_compact__imo_1984_p6__seed0,final03,validation,agentic_compact,imo_1984_p6,0,False,False,False,0.04341534,319296,232097,17778,32,0,False,0.08519279999999999
validation__agentic_reset_compact__mathd_algebra_327__seed0,final03,validation,agentic_reset_compact,mathd_algebra_327,0,True,True,False,0.00088002,8655,7421,404,3,0,False,0.0022158
validation__ace_reset__imo_1984_p6__seed1,final03,validation,ace_reset,imo_1984_p6,1,False,False,False,0.040816439999999996,299571,218312,16832,25,1,False,0.08011259999999999
validation__ace_reset_compact__mathd_algebra_327__seed1,final03,validation,ace_reset_compact,mathd_algebra_327,1,True,True,False,0.0009525,15630,14355,342,3,0,False,0.0035364
validation__agentic_reset_compact__mathd_algebra_327__seed1,final03,validation,agentic_reset_compact,mathd_algebra_327,1,True,True,False,0.0014161599999999999,13625,10058,418,4,0,False,0.0032266
validation__ace__imo_1984_p6__seed1,final03,validation,ace,imo_1984_p6,1,False,False,False,0.04009609999999999,329113,218445,11328,21,0,False,0.07941619999999999
validation__ace_reset__mathd_algebra_327__seed1,final03,validation,ace_reset,mathd_algebra_327,1,True,True,False,0.00073528,12380,12124,368,2,0,False,0.0029176
validation__agentic_reset_compact__imo_1984_p6__seed0,final03,validation,agentic_reset_compact,imo_1984_p6,0,False,False,False,0.019367739999999998,119435,82047,8541,17,0,False,0.0341362
validation__ace_reset_compact__imo_1984_p6__seed1,final03,validation,ace_reset_compact,imo_1984_p6,1,False,False,False,0.023946939999999996,169040,123097,10247,18,0,False,0.0461044
validation__ace_compact__mathd_algebra_327__seed0,final03,validation,ace_compact,mathd_algebra_327,0,True,True,False,0.00133578,21120,19399,503,4,0,False,0.0048276
validation__agentic__mathd_algebra_327__seed0,final03,validation,agentic,mathd_algebra_327,0,True,True,False,0.00094604,9541,7532,328,2,0,False,0.0023017999999999997
validation__agentic__mathd_algebra_327__seed1,final03,validation,agentic,mathd_algebra_327,1,True,True,False,0.00098504,9484,7532,370,2,0,False,0.0023408
validation__ace__imo_1984_p6__seed0,final03,validation,ace,imo_1984_p6,0,False,False,False,0.031719,309291,246160,11808,21,0,False,0.07602779999999999
validation__agentic_reset__imo_1984_p6__seed1,final03,validation,agentic_reset,imo_1984_p6,1,False,False,False,0.021617040000000004,179421,117942,5802,16,1,False,0.0428466
validation__agentic__mathd_algebra_234__seed0,final04,validation,agentic,mathd_algebra_234,0,True,True,False,0.0009007399999999999,3766,2607,514,1,0,False,0.00137
validation__agentic_reset_compact__mathd_algebra_234__seed0,final04,validation,agentic_reset_compact,mathd_algebra_234,0,True,True,False,0.0006083,2428,2425,466,1,0,False,0.0010447999999999998
validation__ace_reset_compact__mathd_algebra_234__seed1,final04,validation,ace_reset_compact,mathd_algebra_234,1,True,True,False,0.00054382,4724,4721,374,1,0,False,0.0013936
validation__ace_reset__mathd_numbertheory_37__seed0,final04,validation,ace_reset,mathd_numbertheory_37,0,False,False,False,0.02381522,179098,113831,7071,17,1,False,0.0443048
validation__ace_reset_compact__mathd_numbertheory_37__seed0,final04,validation,ace_reset_compact,mathd_numbertheory_37,0,False,False,False,0.017337259999999997,137842,91213,5156,17,0,False,0.0337556
validation__ace_compact__mathd_numbertheory_37__seed0,final04,validation,ace_compact,mathd_numbertheory_37,0,False,False,False,0.015369559999999999,139066,104938,5371,18,0,False,0.0342584
validation__ace_reset__mathd_algebra_234__seed0,final04,validation,ace_reset,mathd_algebra_234,0,True,True,False,0.0005824599999999999,6062,4873,206,1,0,False,0.0014596
validation__agentic_reset__mathd_algebra_234__seed0,final04,validation,agentic_reset,mathd_algebra_234,0,True,True,False,0.00035066000000000003,3766,3763,229,1,0,False,0.001028
validation__ace__mathd_algebra_234__seed0,final04,validation,ace,mathd_algebra_234,0,True,True,False,0.00080698,6062,6059,571,1,0,False,0.0018976
validation__ace_reset__mathd_numbertheory_37__seed1,final04,validation,ace_reset,mathd_numbertheory_37,1,False,False,False,0.03862635999999999,308273,224708,14516,27,2,False,0.0790738
validation__ace_compact__mathd_numbertheory_37__seed1,final04,validation,ace_compact,mathd_numbertheory_37,1,False,False,False,0.0247972,196007,129810,7468,19,0,False,0.048163
validation__ace_reset_compact__mathd_algebra_234__seed0,final04,validation,ace_reset_compact,mathd_algebra_234,0,True,True,False,0.0009744999999999999,4724,3535,555,1,0,False,0.0016108
validation__ace__mathd_numbertheory_37__seed0,final04,validation,ace,mathd_numbertheory_37,0,False,False,False,0.026379079999999996,308698,246614,7525,23,0,False,0.0707696
validation__agentic_reset__mathd_numbertheory_37__seed1,final04,validation,agentic_reset,mathd_numbertheory_37,1,False,False,False,0.025342399999999994,153025,92810,9536,19,1,False,0.0420482
validation__ace__mathd_numbertheory_37__seed1,final04,validation,ace,mathd_numbertheory_37,1,False,False,False,0.03276845999999999,353664,251233,6048,25,0,False,0.0779904
validation__ace_compact__mathd_algebra_234__seed0,final04,validation,ace_compact,mathd_algebra_234,0,True,True,False,0.0006456400000000001,9818,9442,318,2,0,False,0.0023452
validation__agentic_reset__mathd_algebra_234__seed1,final04,validation,agentic_reset,mathd_algebra_234,1,True,True,False,0.00061106,3766,3763,446,1,0,False,0.0012883999999999999
validation__agentic_reset_compact__mathd_algebra_234__seed1,final04,validation,agentic_reset_compact,mathd_algebra_234,1,True,True,False,0.0003239,2428,2425,229,1,0,False,0.0007604
validation__ace_reset_compact__mathd_numbertheory_37__seed1,final04,validation,ace_reset_compact,mathd_numbertheory_37,1,False,False,False,0.033645360000000006,267819,183198,10881,30,0,False,0.066621
validation__agentic__mathd_numbertheory_37__seed1,final04,validation,agentic,mathd_numbertheory_37,1,False,False,False,0.03977056,283391,161878,10192,25,0,False,0.0689086
validation__agentic_compact__mathd_numbertheory_37__seed0,final04,validation,agentic_compact,mathd_numbertheory_37,0,False,False,False,0.017552819999999997,113535,70081,6217,20,0,False,0.030167399999999997
validation__agentic_compact__mathd_algebra_234__seed0,final04,validation,agentic_compact,mathd_algebra_234,0,True,True,False,0.0007131799999999999,2428,1269,380,1,0,False,0.0009415999999999999
validation__ace_reset__mathd_algebra_234__seed1,final04,validation,ace_reset,mathd_algebra_234,1,True,True,False,0.00059458,6062,6059,394,1,0,False,0.0016852
validation__agentic_reset_compact__mathd_numbertheory_37__seed1,final04,validation,agentic_reset_compact,mathd_numbertheory_37,1,False,False,False,0.021991800000000002,117168,60910,7935,18,0,False,0.0329556
validation__ace__mathd_algebra_234__seed1,final04,validation,ace,mathd_algebra_234,1,True,True,False,0.00035098,6062,6059,191,1,0,False,0.0014416
validation__agentic__mathd_algebra_234__seed1,final04,validation,agentic,mathd_algebra_234,1,True,True,False,0.00043826,3766,3763,302,1,0,False,0.0011156
validation__agentic_compact__mathd_algebra_234__seed1,final04,validation,agentic_compact,mathd_algebra_234,1,True,True,False,0.0003371,2428,2425,240,1,0,False,0.0007735999999999999
validation__agentic_reset__mathd_numbertheory_37__seed0,final04,validation,agentic_reset,mathd_numbertheory_37,0,False,False,False,0.024290120000000002,184354,123726,8075,23,1,False,0.04656079999999999
validation__ace_compact__mathd_algebra_234__seed1,final04,validation,ace_compact,mathd_algebra_234,1,True,True,False,0.00078502,4724,4721,575,1,0,False,0.0016348
validation__agentic__mathd_numbertheory_37__seed0,final04,validation,agentic,mathd_numbertheory_37,0,False,False,False,0.020562519999999997,184673,141076,7518,23,0,False,0.045956199999999996
validation__agentic_reset_compact__mathd_numbertheory_37__seed0,final04,validation,agentic_reset_compact,mathd_numbertheory_37,0,False,False,False,0.022420919999999997,126597,69836,8060,20,0,False,0.0349914
validation__agentic_compact__mathd_numbertheory_37__seed1,final04,validation,agentic_compact,mathd_numbertheory_37,1,False,False,False,0.02098162,143348,78931,5433,20,0,False,0.0351892
validation__ace_reset_compact__mathd_numbertheory_43__seed0,final05,validation,ace_reset_compact,mathd_numbertheory_43,0,False,False,False,0.02207592,357486,332576,8702,34,0,False,0.0819396
validation__agentic_reset_compact__induction_prod1p1onk3le3m1onn__seed1,final05,validation,agentic_reset_compact,induction_prod1p1onk3le3m1onn,1,False,False,False,0.052260919999999995,362989,245696,19907,43,2,False,0.0964862
validation__ace_reset__induction_prod1p1onk3le3m1onn__seed0,final05,validation,ace_reset,induction_prod1p1onk3le3m1onn,0,True,True,False,0.03509482,241484,154811,12220,19,1,False,0.0629608
validation__agentic_reset_compact__mathd_numbertheory_43__seed0,final05,validation,agentic_reset_compact,mathd_numbertheory_43,0,False,False,False,0.027710280000000004,141402,90034,13030,18,0,False,0.043916399999999994
validation__agentic_reset_compact__induction_prod1p1onk3le3m1onn__seed0,final05,validation,agentic_reset_compact,induction_prod1p1onk3le3m1onn,0,True,True,False,0.03851128,175760,102664,18199,23,1,False,0.056990799999999994
validation__agentic_reset__mathd_numbertheory_43__seed1,final05,validation,agentic_reset,mathd_numbertheory_43,1,False,False,False,0.04106474000000001,469258,386447,13978,44,1,False,0.11062519999999999
validation__agentic_compact__induction_prod1p1onk3le3m1onn__seed0,final05,validation,agentic_compact,induction_prod1p1onk3le3m1onn,0,False,False,False,0.04065126,419802,329553,13342,38,0,False,0.09997079999999998
validation__ace_reset__mathd_numbertheory_43__seed0,final05,validation,ace_reset,mathd_numbertheory_43,0,False,False,False,0.03978202,324650,246931,16083,28,1,False,0.0842296
validation__ace__mathd_numbertheory_43__seed1,final05,validation,ace,mathd_numbertheory_43,1,False,False,False,0.015210540000000002,240642,215297,4863,19,0,False,0.053964
validation__ace__mathd_numbertheory_43__seed0,final05,validation,ace,mathd_numbertheory_43,0,False,False,False,0.031424879999999995,363942,313184,12508,30,0,False,0.087798
validation__agentic_compact__mathd_numbertheory_43__seed1,final05,validation,agentic_compact,mathd_numbertheory_43,1,False,False,False,0.019913359999999998,110407,71558,8927,16,0,False,0.0327938
validation__agentic__mathd_numbertheory_43__seed0,final05,validation,agentic,mathd_numbertheory_43,0,False,False,False,0.04030917999999999,202208,84049,12497,19,0,False,0.055438
validation__agentic_reset__induction_prod1p1onk3le3m1onn__seed0,final05,validation,agentic_reset,induction_prod1p1onk3le3m1onn,0,True,True,False,0.020953439999999997,310629,295162,9964,27,0,False,0.0740826
validation__ace_compact__induction_prod1p1onk3le3m1onn__seed0,final05,validation,ace_compact,induction_prod1p1onk3le3m1onn,0,False,False,False,0.04049564,437530,358562,14609,34,0,False,0.1050368
validation__ace_reset_compact__induction_prod1p1onk3le3m1onn__seed1,final05,validation,ace_reset_compact,induction_prod1p1onk3le3m1onn,1,False,False,False,0.04500984,433689,359382,19134,40,1,False,0.1096986
validation__agentic_reset__induction_prod1p1onk3le3m1onn__seed1,final05,validation,agentic_reset,induction_prod1p1onk3le3m1onn,1,False,False,False,0.04550305999999999,299938,180863,15059,32,2,False,0.0780584
validation__ace_compact__induction_prod1p1onk3le3m1onn__seed1,final05,validation,ace_compact,induction_prod1p1onk3le3m1onn,1,False,False,False,0.04115076,413790,339578,16264,36,0,False,0.1022748
validation__ace_reset_compact__induction_prod1p1onk3le3m1onn__seed0,final05,validation,ace_reset_compact,induction_prod1p1onk3le3m1onn,0,False,False,False,0.0459706,294077,198060,19005,30,1,False,0.0816214
validation__ace_reset__mathd_numbertheory_43__seed1,final05,validation,ace_reset,mathd_numbertheory_43,1,False,False,False,0.04063764,486123,419552,15777,39,2,False,0.116157
validation__ace_reset_compact__mathd_numbertheory_43__seed1,final05,validation,ace_reset_compact,mathd_numbertheory_43,1,False,False,False,0.025109939999999997,199503,149997,10174,20,0,False,0.0521094
validation__agentic__induction_prod1p1onk3le3m1onn__seed0,final05,validation,agentic,induction_prod1p1onk3le3m1onn,0,False,False,False,0.04258946,286288,147623,9920,22,0,False,0.0691616
validation__agentic__induction_prod1p1onk3le3m1onn__seed1,final05,validation,agentic,induction_prod1p1onk3le3m1onn,1,True,True,False,0.0344384,333250,271460,13876,29,0,False,0.08330119999999999
validation__agentic_compact__mathd_numbertheory_43__seed0,final05,validation,agentic_compact,mathd_numbertheory_43,0,False,False,False,0.03370874,209386,141667,14443,28,0,False,0.05920879999999999
validation__ace__induction_prod1p1onk3le3m1onn__seed0,final05,validation,ace,induction_prod1p1onk3le3m1onn,0,False,False,False,0.037515799999999995,227341,112920,10311,16,0,False,0.0578414
validation__ace_compact__mathd_numbertheory_43__seed1,final05,validation,ace_compact,mathd_numbertheory_43,1,False,False,False,0.040096839999999995,291386,209362,16254,26,0,False,0.07778199999999999
validation__ace_compact__mathd_numbertheory_43__seed0,final05,validation,ace_compact,mathd_numbertheory_43,0,False,False,False,0.01784982,291936,276441,7685,27,0,False,0.0676092
validation__agentic__mathd_numbertheory_43__seed1,final05,validation,agentic,mathd_numbertheory_43,1,False,False,False,0.020074500000000002,218487,180645,7411,22,0,False,0.0525906
validation__ace_reset__induction_prod1p1onk3le3m1onn__seed1,final05,validation,ace_reset,induction_prod1p1onk3le3m1onn,1,True,True,False,0.03843116,305719,216548,13555,26,1,False,0.0774098
validation__agentic_reset_compact__mathd_numbertheory_43__seed1,final05,validation,agentic_reset_compact,mathd_numbertheory_43,1,False,False,False,0.027088039999999994,139618,89982,12801,18,0,False,0.0432848
validation__agentic_reset__mathd_numbertheory_43__seed0,final05,validation,agentic_reset,mathd_numbertheory_43,0,False,False,False,0.03334394,314821,249037,12672,33,1,False,0.07817059999999999
validation__ace__induction_prod1p1onk3le3m1onn__seed1,final05,validation,ace,induction_prod1p1onk3le3m1onn,1,False,False,False,0.04285644,200028,83762,14940,15,0,False,0.057933599999999995
validation__agentic_compact__induction_prod1p1onk3le3m1onn__seed1,final05,validation,agentic_compact,induction_prod1p1onk3le3m1onn,1,False,False,False,0.042854939999999994,269463,146127,12721,26,0,False,0.06915779999999999
validation__ace_reset_compact__aime_1989_p8__seed1,final06,validation,ace_reset_compact,aime_1989_p8,1,True,True,False,0.0006456999999999999,5336,3535,179,1,0,False,0.001282
validation__agentic_compact__aime_1989_p8__seed0,final06,validation,agentic_compact,aime_1989_p8,0,True,True,False,0.0006027799999999999,3040,1269,186,1,0,False,0.0008311999999999999
validation__agentic__imo_1969_p2__seed0,final06,validation,agentic,imo_1969_p2,0,False,False,False,0.04059794,221383,111197,13614,20,0,False,0.0606134
validation__agentic_reset__aime_1989_p8__seed0,final06,validation,agentic_reset,aime_1989_p8,0,True,True,False,0.0001853,4378,4375,81,1,0,False,0.0009727999999999999
validation__agentic__aime_1989_p8__seed0,final06,validation,agentic,aime_1989_p8,0,True,True,False,0.00018649999999999998,4378,4375,82,1,0,False,0.0009739999999999999
validation__ace_reset__aime_1989_p8__seed1,final06,validation,ace_reset,aime_1989_p8,1,True,True,False,0.00031882,6674,6671,154,1,0,False,0.0015195999999999999
validation__agentic_reset_compact__imo_1969_p2__seed0,final06,validation,agentic_reset_compact,imo_1969_p2,0,False,False,False,0.04924223999999999,256728,164252,22885,31,2,False,0.0788076
validation__ace__aime_1989_p8__seed1,final06,validation,ace,aime_1989_p8,1,True,True,False,0.00054526,6674,4873,73,1,0,False,0.0014223999999999999
validation__ace_compact__aime_1989_p8__seed0,final06,validation,ace_compact,aime_1989_p8,0,True,True,False,0.00024045999999999998,5336,5333,111,1,0,False,0.0012004
validation__agentic__aime_1989_p8__seed1,final06,validation,agentic,aime_1989_p8,1,True,True,False,0.0001541,4378,4375,55,1,0,False,0.0009415999999999999
validation__ace_reset_compact__imo_1969_p2__seed0,final06,validation,ace_reset_compact,imo_1969_p2,0,False,False,False,0.04216583999999999,339195,253662,16655,31,1,False,0.087825
validation__agentic_reset_compact__aime_1989_p8__seed1,final06,validation,agentic_reset_compact,aime_1989_p8,1,True,True,False,0.00020174,3040,3037,117,1,0,False,0.0007484
validation__agentic_reset__imo_1969_p2__seed0,final06,validation,agentic_reset,imo_1969_p2,0,False,False,False,0.044196000000000006,281403,189070,18290,27,2,False,0.0782286
validation__ace_compact__aime_1989_p8__seed1,final06,validation,ace_compact,aime_1989_p8,1,True,True,False,0.00031846,5336,5333,176,1,0,False,0.0012783999999999998
validation__agentic_compact__imo_1969_p2__seed1,final06,validation,agentic_compact,imo_1969_p2,1,False,False,False,0.04361101999999999,250831,159191,18416,25,0,False,0.07226540000000001
validation__ace__aime_1989_p8__seed0,final06,validation,ace,aime_1989_p8,0,True,True,False,0.00029842,6674,6671,137,1,0,False,0.0014992
validation__ace_compact__imo_1969_p2__seed0,final06,validation,ace_compact,imo_1969_p2,0,False,False,False,0.039309760000000006,266717,172618,14198,24,0,False,0.070381
validation__agentic_reset__imo_1969_p2__seed1,final06,validation,agentic_reset,imo_1969_p2,1,False,False,False,0.048580079999999984,284694,156464,16504,28,2,False,0.0767436
validation__ace_reset__imo_1969_p2__seed1,final06,validation,ace_reset,imo_1969_p2,1,False,False,False,0.04292174000000001,367093,279647,16533,25,2,False,0.0932582
validation__agentic_compact__imo_1969_p2__seed0,final06,validation,agentic_compact,imo_1969_p2,0,False,False,False,0.042199139999999996,181212,89187,18342,21,0,False,0.0582528
validation__agentic__imo_1969_p2__seed1,final06,validation,agentic,imo_1969_p2,1,False,False,False,0.0390946,286958,179650,11700,23,0,False,0.0714316
validation__agentic_reset_compact__imo_1969_p2__seed1,final06,validation,agentic_reset_compact,imo_1969_p2,1,False,False,False,0.04751156,344437,256828,20711,42,2,False,0.09374060000000001
validation__agentic_compact__aime_1989_p8__seed1,final06,validation,agentic_compact,aime_1989_p8,1,True,True,False,0.00017054,3040,3037,91,1,0,False,0.0007171999999999999
validation__agentic_reset__aime_1989_p8__seed1,final06,validation,agentic_reset,aime_1989_p8,1,True,True,False,0.00053714,4378,2607,109,1,0,False,0.0010064
validation__ace__imo_1969_p2__seed1,final06,validation,ace,imo_1969_p2,1,False,False,False,0.03828174,301485,200267,11694,20,0,False,0.0743298
validation__agentic_reset_compact__aime_1989_p8__seed0,final06,validation,agentic_reset_compact,aime_1989_p8,0,True,True,False,0.00015614,3040,3037,79,1,0,False,0.0007028
validation__ace_reset_compact__aime_1989_p8__seed0,final06,validation,ace_reset_compact,aime_1989_p8,0,True,True,False,0.00042046,5336,5333,261,1,0,False,0.0013804
validation__ace_reset__aime_1989_p8__seed0,final06,validation,ace_reset,aime_1989_p8,0,True,True,False,0.00026241999999999997,6674,6671,107,1,0,False,0.0014632
validation__ace_reset__imo_1969_p2__seed0,final06,validation,ace_reset,imo_1969_p2,0,False,False,False,0.04717677999999999,439619,329059,15403,33,2,False,0.1064074
validation__ace_compact__imo_1969_p2__seed1,final06,validation,ace_compact,imo_1969_p2,1,False,False,False,0.039910759999999997,291697,195848,14020,25,0,False,0.07516339999999999
validation__ace__imo_1969_p2__seed0,final06,validation,ace,imo_1969_p2,0,False,False,False,0.03640836,352032,259278,10560,19,0,False,0.0830784
validation__ace_reset_compact__imo_1969_p2__seed1,final06,validation,ace_reset_compact,imo_1969_p2,1,False,False,False,0.04875133999999999,301228,214517,22599,26,2,False,0.0873644
validation__agentic_reset__amc12b_2020_p5__seed0,final07,validation,agentic_reset,amc12b_2020_p5,0,True,True,False,0.0006779399999999999,4014,2607,287,1,0,False,0.0011472
validation__agentic__aime_1984_p7__seed0,final07,validation,agentic,aime_1984_p7,0,False,False,False,0.03558997999999999,175465,119579,18351,15,0,False,0.0571142
validation__ace_reset__amc12b_2020_p5__seed1,final07,validation,ace_reset,amc12b_2020_p5,1,True,True,False,0.00046394000000000003,6310,6307,281,1,0,False,0.0015991999999999998
validation__ace__aime_1984_p7__seed0,final07,validation,ace,aime_1984_p7,0,False,False,False,0.038172399999999995,188741,116270,17794,16,0,False,0.059100999999999994
validation__ace__aime_1984_p7__seed1,final07,validation,ace,aime_1984_p7,1,True,True,False,0.01629132,72294,42666,7927,7,0,False,0.023971199999999998
validation__agentic_reset__aime_1984_p7__seed0,final07,validation,agentic_reset,aime_1984_p7,0,True,True,False,0.03787632,122271,46466,18155,13,1,False,0.046240199999999995
validation__ace_compact__aime_1984_p7__seed0,final07,validation,ace_compact,aime_1984_p7,0,False,False,False,0.03979612,129263,47536,18750,12,0,False,0.048352599999999996
validation__ace__amc12b_2020_p5__seed1,final07,validation,ace,amc12b_2020_p5,1,True,True,False,0.00057086,6310,4873,155,1,0,False,0.0014479999999999999
validation__agentic__amc12b_2020_p5__seed1,final07,validation,agentic,amc12b_2020_p5,1,True,True,False,0.00027642,4014,4011,163,1,0,False,0.0009984
validation__ace_reset__amc12b_2020_p5__seed0,final07,validation,ace_reset,amc12b_2020_p5,0,True,True,False,0.00031274,6310,6307,155,1,0,False,0.0014479999999999999
validation__ace_compact__aime_1984_p7__seed1,final07,validation,ace_compact,aime_1984_p7,1,False,False,False,0.04121064000000001,159801,71542,18440,15,0,False,0.0540882
validation__ace_reset_compact__amc12b_2020_p5__seed0,final07,validation,ace_reset_compact,amc12b_2020_p5,0,True,True,False,0.0010373,4972,3535,566,1,0,False,0.0016736
validation__agentic_reset_compact__amc12b_2020_p5__seed0,final07,validation,agentic_reset_compact,amc12b_2020_p5,0,True,True,False,0.00132552,6291,5346,858,2,0,False,0.0022877999999999996
validation__ace_reset_compact__amc12b_2020_p5__seed1,final07,validation,ace_reset_compact,amc12b_2020_p5,1,True,True,False,0.00046958,4972,4969,308,1,0,False,0.0013639999999999998
validation__agentic__amc12b_2020_p5__seed0,final07,validation,agentic,amc12b_2020_p5,0,True,True,False,0.00017202,4014,4011,76,1,0,False,0.000894
validation__ace_reset__aime_1984_p7__seed0,final07,validation,ace_reset,aime_1984_p7,0,False,False,False,0.046287039999999995,167747,97602,25255,13,1,False,0.0638554
validation__ace_reset_compact__aime_1984_p7__seed1,final07,validation,ace_reset_compact,aime_1984_p7,1,False,False,False,0.043898999999999994,118800,63910,26369,13,0,False,0.0554028
validation__agentic_compact__amc12b_2020_p5__seed0,final07,validation,agentic_compact,amc12b_2020_p5,0,True,True,False,0.0007116599999999999,2676,2673,548,1,0,False,0.0011928
validation__agentic_reset_compact__aime_1984_p7__seed1,final07,validation,agentic_reset_compact,aime_1984_p7,1,False,False,False,0.04909838,170059,100039,27578,22,1,False,0.06710540000000001
validation__agentic_compact__aime_1984_p7__seed0,final07,validation,agentic_compact,aime_1984_p7,0,False,False,False,0.04050724,119867,21512,17005,14,0,False,0.0443794
validation__ace_reset_compact__aime_1984_p7__seed0,final07,validation,ace_reset_compact,aime_1984_p7,0,True,True,False,0.0239764,74384,31340,12284,8,0,False,0.0296176
validation__agentic_compact__amc12b_2020_p5__seed1,final07,validation,agentic_compact,amc12b_2020_p5,1,True,True,False,0.00075292,5888,5346,448,2,0,False,0.0017152
validation__ace_compact__amc12b_2020_p5__seed1,final07,validation,ace_compact,amc12b_2020_p5,1,True,True,False,0.0010974000000000001,21333,20680,461,4,0,False,0.0048198
validation__agentic_reset_compact__amc12b_2020_p5__seed1,final07,validation,agentic_reset_compact,amc12b_2020_p5,1,True,True,False,0.0014116999999999999,12496,10175,620,4,0,False,0.0032432
validation__ace__amc12b_2020_p5__seed0,final07,validation,ace,amc12b_2020_p5,0,True,True,False,0.00049514,6310,6307,307,1,0,False,0.0016304
validation__agentic_reset__aime_1984_p7__seed1,final07,validation,agentic_reset,aime_1984_p7,1,True,True,False,0.03335584,112298,46112,15997,12,1,False,0.041656
validation__agentic_reset__amc12b_2020_p5__seed1,final07,validation,agentic_reset,amc12b_2020_p5,1,True,True,False,0.00020082,4014,4011,100,1,0,False,0.0009228
validation__agentic_compact__aime_1984_p7__seed1,final07,validation,agentic_compact,aime_1984_p7,1,False,False,False,0.04823426,72121,39813,34147,12,0,False,0.055400599999999994
validation__agentic__aime_1984_p7__seed1,final07,validation,agentic,aime_1984_p7,1,True,True,False,0.039921899999999996,145788,52785,16888,14,0,False,0.0494232
validation__agentic_reset_compact__aime_1984_p7__seed0,final07,validation,agentic_reset_compact,aime_1984_p7,0,False,False,False,0.046591579999999994,177499,82979,21690,22,1,False,0.061527799999999994
validation__ace_compact__amc12b_2020_p5__seed0,final07,validation,ace_compact,amc12b_2020_p5,0,True,True,False,0.00094996,10406,9938,548,2,0,False,0.0027388
validation__ace_reset__aime_1984_p7__seed1,final07,validation,ace_reset,aime_1984_p7,1,False,False,False,0.0399809,212053,126305,16921,17,1,False,0.0627158
validation__agentic_reset__mathd_algebra_190__seed1,final08,validation,agentic_reset,mathd_algebra_190,1,True,True,False,0.00030472,7646,7496,104,2,0,False,0.0016539999999999999
validation__ace_compact__mathd_algebra_190__seed1,final08,validation,ace_compact,mathd_algebra_190,1,True,True,False,0.0007003000000000001,4709,3535,329,1,0,False,0.0013365999999999999
validation__ace_compact__amc12a_2008_p4__seed0,final08,validation,ace_compact,amc12a_2008_p4,0,True,True,False,0.03168236,185626,94478,9636,19,0,False,0.04868839999999999
validation__agentic_reset__mathd_algebra_190__seed0,final08,validation,agentic_reset,mathd_algebra_190,0,True,True,False,0.00017996,3751,3748,87,1,0,False,0.0008545999999999998
validation__ace__amc12a_2008_p4__seed1,final08,validation,ace,amc12a_2008_p4,1,False,False,False,0.039147839999999996,492150,399712,10555,34,0,False,0.11109599999999999
validation__agentic_compact__amc12a_2008_p4__seed1,final08,validation,agentic_compact,amc12a_2008_p4,1,True,True,False,0.03339276,149775,72268,13705,21,0,False,0.046401
validation__ace_reset__mathd_algebra_190__seed0,final08,validation,ace_reset,mathd_algebra_190,0,True,True,False,0.00025228,6047,6044,109,1,0,False,0.0013402
validation__agentic_compact__amc12a_2008_p4__seed0,final08,validation,agentic_compact,amc12a_2008_p4,0,True,True,False,0.01631708,235855,222964,7733,33,0,False,0.0564506
validation__ace__mathd_algebra_190__seed1,final08,validation,ace,mathd_algebra_190,1,True,True,False,0.00041067999999999996,6047,6044,241,1,0,False,0.0014986
validation__agentic_reset_compact__amc12a_2008_p4__seed0,final08,validation,agentic_reset_compact,amc12a_2008_p4,0,True,True,False,0.020182080000000005,130620,85444,7865,21,0,False,0.035561999999999996
validation__ace_reset_compact__mathd_algebra_190__seed1,final08,validation,ace_reset_compact,mathd_algebra_190,1,True,True,False,0.00063952,4709,4706,454,1,0,False,0.0014865999999999998
validation__agentic__mathd_algebra_190__seed0,final08,validation,agentic,mathd_algebra_190,0,True,True,False,0.0005287,7661,6355,117,2,0,False,0.0016725999999999998
validation__ace_reset__amc12a_2008_p4__seed0,final08,validation,ace_reset,amc12a_2008_p4,0,True,True,False,0.01971464,137710,86812,6499,13,0,False,0.0353408
validation__agentic__amc12a_2008_p4__seed1,final08,validation,agentic,amc12a_2008_p4,1,True,True,False,0.022704899999999997,126204,67275,7978,15,0,False,0.034814399999999995
validation__ace__amc12a_2008_p4__seed0,final08,validation,ace,amc12a_2008_p4,0,True,True,False,0.04270514,323833,187817,9788,22,0,False,0.07651219999999999
validation__agentic_reset_compact__mathd_algebra_190__seed1,final08,validation,agentic_reset_compact,mathd_algebra_190,1,True,True,False,0.0002024,2413,2410,128,1,0,False,0.0006362
validation__agentic__amc12a_2008_p4__seed0,final08,validation,agentic,amc12a_2008_p4,0,True,True,False,0.030057059999999997,174963,83433,8402,20,0,False,0.045075
validation__agentic_reset_compact__mathd_algebra_190__seed0,final08,validation,agentic_reset_compact,mathd_algebra_190,0,True,True,False,0.00048439999999999996,2413,2410,363,1,0,False,0.0009181999999999999
validation__ace_reset_compact__amc12a_2008_p4__seed1,final08,validation,ace_reset_compact,amc12a_2008_p4,1,True,True,False,0.016694539999999997,284227,271567,7276,26,0,False,0.0655766
validation__ace_compact__mathd_algebra_190__seed0,final08,validation,ace_compact,mathd_algebra_190,0,True,True,False,0.0006359199999999999,4709,4706,451,1,0,False,0.001483
validation__agentic_compact__mathd_algebra_190__seed1,final08,validation,agentic_compact,mathd_algebra_190,1,True,True,False,0.0008974599999999999,7913,6353,382,3,0,False,0.002041
validation__ace_reset__mathd_algebra_190__seed1,final08,validation,ace_reset,mathd_algebra_190,1,True,True,False,0.00034588,6047,6044,187,1,0,False,0.0014338
validation__agentic_reset__amc12a_2008_p4__seed1,final08,validation,agentic_reset,amc12a_2008_p4,1,True,True,False,0.03555705999999999,272597,177853,10876,28,1,False,0.0675706
validation__ace__mathd_algebra_190__seed0,final08,validation,ace,mathd_algebra_190,0,True,True,False,0.00049306,6047,4873,134,1,0,False,0.0013702
validation__ace_compact__amc12a_2008_p4__seed1,final08,validation,ace_compact,amc12a_2008_p4,1,True,True,False,0.02722612,300557,259496,11520,28,0,False,0.0739354
validation__agentic_compact__mathd_algebra_190__seed0,final08,validation,agentic_compact,mathd_algebra_190,0,True,True,False,0.00018559999999999998,2413,2410,114,1,0,False,0.0006194
validation__agentic__mathd_algebra_190__seed1,final08,validation,agentic,mathd_algebra_190,1,True,True,False,0.00015716,3751,3748,68,1,0,False,0.0008317999999999999
validation__ace_reset_compact__amc12a_2008_p4__seed0,final08,validation,ace_reset_compact,amc12a_2008_p4,0,True,True,False,0.017822139999999997,185291,144947,5712,17,0,False,0.043912599999999996
validation__ace_reset_compact__mathd_algebra_190__seed0,final08,validation,ace_reset_compact,mathd_algebra_190,0,True,True,False,0.00043192,4709,4706,281,1,0,False,0.001279
validation__ace_reset__amc12a_2008_p4__seed1,final08,validation,ace_reset,amc12a_2008_p4,1,False,False,False,0.044653759999999994,668251,593858,14915,46,1,False,0.1515482
validation__agentic_reset_compact__amc12a_2008_p4__seed1,final08,validation,agentic_reset_compact,amc12a_2008_p4,1,True,True,False,0.04584438,326067,223639,17405,43,1,False,0.08609939999999999
validation__agentic_reset__amc12a_2008_p4__seed0,final08,validation,agentic_reset,amc12a_2008_p4,0,True,True,False,0.015104999999999999,99996,63770,5487,14,0,False,0.0265836
validation__ace_reset_compact__aime_1991_p9__seed1,final09,validation,ace_reset_compact,aime_1991_p9,1,False,False,False,0.045024259999999997,595051,543793,19914,52,1,False,0.142907
validation__ace__amc12a_2020_p21__seed0,final09,validation,ace,amc12a_2020_p21,0,False,False,False,0.03232021999999999,379327,328291,12956,24,0,False,0.0914126
validation__ace_reset__aime_1991_p9__seed1,final09,validation,ace_reset,aime_1991_p9,1,True,True,False,0.0384326,244636,151770,14020,20,1,False,0.0657512
validation__agentic_compact__aime_1991_p9__seed1,final09,validation,agentic_compact,aime_1991_p9,1,False,False,False,0.041485839999999996,241907,131642,14000,26,0,False,0.0651814
validation__ace_reset_compact__aime_1991_p9__seed0,final09,validation,ace_reset_compact,aime_1991_p9,0,False,False,False,0.04743244,242399,160812,23249,24,1,False,0.07637859999999999
validation__agentic__amc12a_2020_p21__seed1,final09,validation,agentic,amc12a_2020_p21,1,False,False,False,0.0387382,316952,238530,15236,24,0,False,0.0816736
validation__agentic_reset_compact__amc12a_2020_p21__seed1,final09,validation,agentic_reset_compact,amc12a_2020_p21,1,False,False,False,0.04384632,297183,214846,19235,32,1,False,0.0825186
validation__agentic_compact__amc12a_2020_p21__seed1,final09,validation,agentic_compact,amc12a_2020_p21,1,False,False,False,0.03206656000000001,567443,516278,9590,46,0,False,0.1249966
validation__ace__amc12a_2020_p21__seed1,final09,validation,ace,amc12a_2020_p21,1,False,False,False,0.03733324,288344,223682,16606,20,0,False,0.077596
validation__agentic_reset__aime_1991_p9__seed1,final09,validation,agentic_reset,aime_1991_p9,1,False,False,False,0.046120900000000006,256571,132185,15500,28,1,False,0.0699142
validation__agentic_compact__aime_1991_p9__seed0,final09,validation,agentic_compact,aime_1991_p9,0,False,False,False,0.04123726,263870,159153,14259,31,0,False,0.0698848
validation__ace_compact__amc12a_2020_p21__seed1,final09,validation,ace_compact,amc12a_2020_p21,1,False,False,False,0.029034959999999995,620223,591078,9487,45,0,False,0.135429
validation__ace_compact__aime_1991_p9__seed1,final09,validation,ace_compact,aime_1991_p9,1,False,False,False,0.03361082,637465,607481,12887,47,0,False,0.14295739999999998
validation__agentic__aime_1991_p9__seed1,final09,validation,agentic,aime_1991_p9,1,False,False,False,0.04023604,279149,173092,12969,25,0,False,0.0713926
validation__ace_reset__amc12a_2020_p21__seed1,final09,validation,ace_reset,amc12a_2020_p21,1,False,False,False,0.04727434,291902,199467,20665,24,2,False,0.0831784
validation__ace_compact__amc12a_2020_p21__seed0,final09,validation,ace_compact,amc12a_2020_p21,0,False,False,False,0.03565645999999999,303217,233923,14266,25,0,False,0.0777626
validation__agentic__amc12a_2020_p21__seed0,final09,validation,agentic,amc12a_2020_p21,0,False,False,False,0.03410472,226104,151716,13494,18,0,False,0.0614136
validation__ace__aime_1991_p9__seed0,final09,validation,ace,aime_1991_p9,0,False,False,False,0.041383699999999995,348922,236075,11744,26,0,False,0.0838772
validation__ace_reset_compact__amc12a_2020_p21__seed0,final09,validation,ace_reset_compact,amc12a_2020_p21,0,False,False,False,0.04380158,285394,214329,21085,29,2,False,0.0823808
validation__agentic_reset_compact__amc12a_2020_p21__seed0,final09,validation,agentic_reset_compact,amc12a_2020_p21,0,False,False,False,0.04243258,357773,296289,20175,37,1,False,0.09576459999999999
validation__ace_reset_compact__amc12a_2020_p21__seed1,final09,validation,ace_reset_compact,amc12a_2020_p21,1,False,False,False,0.0464868,266211,180210,21402,27,2,False,0.0789246
validation__agentic__aime_1991_p9__seed0,final09,validation,agentic,aime_1991_p9,0,False,False,False,0.04118881999999999,276520,158691,12041,25,0,False,0.0697532
validation__ace_reset__aime_1991_p9__seed0,final09,validation,ace_reset,aime_1991_p9,0,True,True,False,0.03783662,304969,217011,13254,26,1,False,0.0768986
validation__agentic_reset_compact__aime_1991_p9__seed0,final09,validation,agentic_reset_compact,aime_1991_p9,0,False,False,False,0.047259400000000014,440273,343440,17520,47,1,False,0.1090786
validation__agentic_reset__amc12a_2020_p21__seed0,final09,validation,agentic_reset,amc12a_2020_p21,0,False,False,False,0.037254220000000005,229322,160141,16846,22,2,False,0.0660796
validation__agentic_reset__aime_1991_p9__seed0,final09,validation,agentic_reset,aime_1991_p9,0,True,True,False,0.04362985999999999,244054,118743,13494,25,1,False,0.0650036
validation__ace_compact__aime_1991_p9__seed0,final09,validation,ace_compact,aime_1991_p9,0,False,False,False,0.03793268,583426,524294,13017,44,0,False,0.1323056
validation__ace__aime_1991_p9__seed1,final09,validation,ace,aime_1991_p9,1,False,False,False,0.03427722,180108,99011,13398,13,0,False,0.0520992
validation__ace_reset__amc12a_2020_p21__seed0,final09,validation,ace_reset,amc12a_2020_p21,0,False,False,False,0.04365892,369806,292486,18621,30,2,False,0.09630639999999999
validation__agentic_reset_compact__aime_1991_p9__seed1,final09,validation,agentic_reset_compact,aime_1991_p9,1,False,False,False,0.04877890000000001,322832,203055,17302,39,1,False,0.0853288
validation__agentic_reset__amc12a_2020_p21__seed1,final09,validation,agentic_reset,amc12a_2020_p21,1,False,False,False,0.03911402,275275,200841,16842,24,2,False,0.0752654
validation__agentic_compact__amc12a_2020_p21__seed0,final09,validation,agentic_compact,amc12a_2020_p21,0,False,False,False,0.031927420000000005,526259,485711,11753,45,0,False,0.11935539999999999
validation__ace_reset__mathd_algebra_433__seed0,final10,validation,ace_reset,mathd_algebra_433,0,True,True,False,0.00166524,14478,10882,607,2,0,False,0.0036239999999999996
validation__ace_reset__mathd_algebra_433__seed1,final10,validation,ace_reset,mathd_algebra_433,1,True,True,False,0.0023019,21207,15755,747,3,0,False,0.0051378000000000005
validation__ace_compact__mathd_algebra_433__seed1,final10,validation,ace_compact,mathd_algebra_433,1,True,True,False,0.00202282,16955,11741,621,3,0,False,0.0041362
validation__ace_reset_compact__mathd_numbertheory_405__seed0,final10,validation,ace_reset_compact,mathd_numbertheory_405,0,False,False,False,0.044996039999999994,160326,55702,19131,14,1,False,0.0550224
validation__ace__mathd_algebra_433__seed0,final10,validation,ace,mathd_algebra_433,0,True,True,False,0.0030076,36836,30360,921,5,0,False,0.0084724
validation__ace__mathd_numbertheory_405__seed1,final10,validation,ace,mathd_numbertheory_405,1,False,False,False,0.036585019999999996,133111,54391,16461,10,0,False,0.0463754
validation__ace__mathd_numbertheory_405__seed0,final10,validation,ace,mathd_numbertheory_405,0,False,False,False,0.0361287,147918,70325,16003,11,0,False,0.048787199999999996
validation__agentic_compact__mathd_algebra_433__seed0,final10,validation,agentic_compact,mathd_algebra_433,0,True,True,False,0.0033354599999999997,32559,26293,1297,7,0,False,0.0080682
validation__agentic_reset__mathd_numbertheory_405__seed1,final10,validation,agentic_reset,mathd_numbertheory_405,1,False,False,False,0.04241740000000001,140762,42010,18189,12,1,False,0.0499792
validation__agentic_compact__mathd_algebra_433__seed1,final10,validation,agentic_compact,mathd_algebra_433,1,True,True,False,0.0022297799999999998,27870,23739,774,6,0,False,0.0065027999999999996
validation__ace_compact__mathd_algebra_433__seed0,final10,validation,ace_compact,mathd_algebra_433,0,True,True,False,0.00356964,28647,20212,1232,5,0,False,0.0072078
validation__agentic_reset__mathd_algebra_433__seed1,final10,validation,agentic_reset,mathd_algebra_433,1,True,True,False,0.00372554,34825,24977,1047,7,0,False,0.0082214
validation__agentic_reset__mathd_numbertheory_405__seed0,final10,validation,agentic_reset,mathd_numbertheory_405,0,False,False,False,0.04344351999999999,123086,35216,20971,12,1,False,0.0497824
validation__agentic_reset_compact__mathd_algebra_433__seed0,final10,validation,agentic_reset_compact,mathd_algebra_433,0,True,True,False,0.00185932,13217,7456,465,4,0,False,0.0032013999999999996
validation__ace__mathd_algebra_433__seed1,final10,validation,ace,mathd_algebra_433,1,True,True,False,0.00305228,35263,27944,858,5,0,False,0.0080822
validation__agentic__mathd_algebra_433__seed1,final10,validation,agentic,mathd_algebra_433,1,True,True,False,0.0027833599999999995,23794,16508,830,5,0,False,0.005754799999999999
validation__agentic_compact__mathd_numbertheory_405__seed0,final10,validation,agentic_compact,mathd_numbertheory_405,0,False,False,False,0.04165094,181198,100217,19542,22,0,False,0.05968999999999999
validation__ace_compact__mathd_numbertheory_405__seed1,final10,validation,ace_compact,mathd_numbertheory_405,1,False,False,False,0.038570759999999996,154170,73378,17454,13,0,False,0.0517788
validation__ace_reset_compact__mathd_numbertheory_405__seed1,final10,validation,ace_reset_compact,mathd_numbertheory_405,1,False,False,False,0.04401568,201836,118664,20840,20,1,False,0.0653752
validation__agentic_reset__mathd_algebra_433__seed0,final10,validation,agentic_reset,mathd_algebra_433,0,True,True,False,0.0022280399999999997,36300,31802,577,6,0,False,0.0079524
validation__agentic__mathd_numbertheory_405__seed0,final10,validation,agentic,mathd_numbertheory_405,0,False,False,False,0.03942842,140395,39041,15314,11,0,False,0.0464558
validation__agentic_reset_compact__mathd_numbertheory_405__seed1,final10,validation,agentic_reset_compact,mathd_numbertheory_405,1,False,False,False,0.047798059999999996,123835,30423,23756,15,1,False,0.053274199999999994
validation__ace_reset_compact__mathd_algebra_433__seed0,final10,validation,ace_reset_compact,mathd_algebra_433,0,True,True,False,0.00236804,22804,17842,849,4,0,False,0.0055796
validation__agentic__mathd_numbertheory_405__seed1,final10,validation,agentic,mathd_numbertheory_405,1,False,False,False,0.039960039999999995,145676,36202,14451,11,0,False,0.0464764
validation__ace_compact__mathd_numbertheory_405__seed0,final10,validation,ace_compact,mathd_numbertheory_405,0,False,False,False,0.03934483999999999,177109,84092,15883,15,0,False,0.0544814
validation__agentic_reset_compact__mathd_numbertheory_405__seed0,final10,validation,agentic_reset_compact,mathd_numbertheory_405,0,False,False,False,0.04493803999999999,114061,29612,22880,13,1,False,0.0502682
validation__ace_reset_compact__mathd_algebra_433__seed1,final10,validation,ace_reset_compact,mathd_algebra_433,1,True,True,False,0.0026610799999999997,28162,22954,967,5,0,False,0.0067928
validation__ace_reset__mathd_numbertheory_405__seed1,final10,validation,ace_reset,mathd_numbertheory_405,1,False,False,False,0.04371180000000001,190710,102510,20018,14,1,False,0.0621636
validation__ace_reset__mathd_numbertheory_405__seed0,final10,validation,ace_reset,mathd_numbertheory_405,0,True,True,False,0.03596878,155696,73949,15117,12,1,False,0.04927959999999999
validation__agentic_compact__mathd_numbertheory_405__seed1,final10,validation,agentic_compact,mathd_numbertheory_405,1,False,False,False,0.043146119999999996,161901,81016,21124,18,0,False,0.057728999999999996
validation__agentic__mathd_algebra_433__seed0,final10,validation,agentic,mathd_algebra_433,0,True,True,False,0.0024804,19344,12640,739,4,0,False,0.0047556
validation__agentic_reset_compact__mathd_algebra_433__seed1,final10,validation,agentic_reset_compact,mathd_algebra_433,1,True,True,False,0.004827139999999999,25231,14377,1974,7,0,False,0.007415
validation__agentic_compact__mathd_numbertheory_530__seed0,final11,validation,agentic_compact,mathd_numbertheory_530,0,False,False,False,0.043113679999999995,312262,193624,12928,27,0,False,0.077966
validation__ace_reset_compact__mathd_numbertheory_530__seed0,final11,validation,ace_reset_compact,mathd_numbertheory_530,0,False,False,False,0.047098859999999985,424752,327773,17623,42,2,False,0.106098
validation__agentic__mathd_numbertheory_530__seed1,final11,validation,agentic,mathd_numbertheory_530,1,False,False,False,0.039483040000000004,267788,147292,10365,20,0,False,0.0659956
validation__agentic__mathd_numbertheory_530__seed0,final11,validation,agentic,mathd_numbertheory_530,0,False,False,False,0.037878579999999995,320984,206699,9073,21,0,False,0.0750844
validation__agentic_compact__amc12_2000_p12__seed1,final11,validation,agentic_compact,amc12_2000_p12,1,True,True,False,0.013173559999999997,57475,31988,6197,11,0,False,0.0189314
validation__ace_reset__amc12_2000_p12__seed0,final11,validation,ace_reset,amc12_2000_p12,0,True,True,False,0.038727620000000004,261655,190861,17293,22,0,False,0.0730826
validation__agentic_reset__mathd_numbertheory_530__seed0,final11,validation,agentic_reset,mathd_numbertheory_530,0,False,False,False,0.04419246000000001,351936,228633,12466,32,2,False,0.08534639999999999
validation__ace_compact__mathd_numbertheory_530__seed0,final11,validation,ace_compact,mathd_numbertheory_530,0,False,False,False,0.03570504,548184,478752,10203,35,0,False,0.12188039999999999
validation__agentic_reset__amc12_2000_p12__seed1,final11,validation,agentic_reset,amc12_2000_p12,1,True,True,False,0.01738016,64153,34598,8981,10,0,False,0.023607799999999998
validation__ace_reset_compact__amc12_2000_p12__seed0,final11,validation,ace_reset_compact,amc12_2000_p12,0,False,False,False,0.021420239999999997,87948,59932,12182,12,0,False,0.032208
validation__agentic_reset__mathd_numbertheory_530__seed1,final11,validation,agentic_reset,mathd_numbertheory_530,1,False,False,False,0.04451066,331840,217203,14366,30,2,False,0.08360719999999999
validation__agentic_reset_compact__mathd_numbertheory_530__seed0,final11,validation,agentic_reset_compact,mathd_numbertheory_530,0,False,False,False,0.044765339999999994,438480,355357,17528,51,2,False,0.1087296
validation__agentic__amc12_2000_p12__seed0,final11,validation,agentic,amc12_2000_p12,0,True,True,False,0.024062540000000004,117811,65447,10234,14,0,False,0.035843
validation__agentic_reset_compact__amc12_2000_p12__seed1,final11,validation,agentic_reset_compact,amc12_2000_p12,1,False,False,False,0.04173127999999999,125038,38284,19679,16,0,False,0.048622399999999996
validation__agentic_compact__mathd_numbertheory_530__seed1,final11,validation,agentic_compact,mathd_numbertheory_530,1,False,False,False,0.04011664,418805,329382,13037,34,0,False,0.0994054
validation__agentic_reset__amc12_2000_p12__seed0,final11,validation,agentic_reset,amc12_2000_p12,0,True,True,False,0.012679599999999997,43841,28830,7584,8,0,False,0.017869
validation__agentic_reset_compact__mathd_numbertheory_530__seed1,final11,validation,agentic_reset_compact,mathd_numbertheory_530,1,False,False,False,0.048154279999999994,477334,386614,18565,55,2,False,0.11774479999999998
validation__ace_reset_compact__mathd_numbertheory_530__seed1,final11,validation,ace_reset_compact,mathd_numbertheory_530,1,False,False,False,0.04580741999999999,398922,306661,17685,39,2,False,0.1010064
validation__ace__mathd_numbertheory_530__seed0,final11,validation,ace,mathd_numbertheory_530,0,False,False,False,0.036933060000000004,321666,216983,9714,20,0,False,0.07598999999999999
validation__ace_compact__amc12_2000_p12__seed1,final11,validation,ace_compact,amc12_2000_p12,1,True,True,False,0.028381459999999997,111040,62503,14520,12,0,False,0.039632
validation__ace_reset__mathd_numbertheory_530__seed1,final11,validation,ace_reset,mathd_numbertheory_530,1,False,False,False,0.03929592,493152,413836,12630,38,2,False,0.1137864
validation__ace__mathd_numbertheory_530__seed1,final11,validation,ace,mathd_numbertheory_530,1,False,False,False,0.03553180000000001,501497,423700,9582,31,0,False,0.1117978
validation__agentic_compact__amc12_2000_p12__seed0,final11,validation,agentic_compact,amc12_2000_p12,0,True,True,False,0.006877599999999999,14402,6440,4297,4,0,False,0.0080368
validation__ace_reset__mathd_numbertheory_530__seed0,final11,validation,ace_reset,mathd_numbertheory_530,0,False,False,False,0.044732940000000006,452568,359137,15720,37,2,False,0.10937759999999999
validation__ace_compact__mathd_numbertheory_530__seed1,final11,validation,ace_compact,mathd_numbertheory_530,1,False,False,False,0.04075756,299000,201438,14347,24,0,False,0.0770164
validation__ace__amc12_2000_p12__seed1,final11,validation,ace,amc12_2000_p12,1,False,False,False,0.0072134799999999995,48344,39434,3869,6,0,False,0.0143116
validation__ace_reset__amc12_2000_p12__seed1,final11,validation,ace_reset,amc12_2000_p12,1,True,True,False,0.027614239999999998,112873,69102,14565,12,0,False,0.0400526
validation__agentic_reset_compact__amc12_2000_p12__seed0,final11,validation,agentic_reset_compact,amc12_2000_p12,0,False,False,False,0.042608179999999996,375526,316439,20385,43,1,False,0.0995672
validation__ace__amc12_2000_p12__seed0,final11,validation,ace,amc12_2000_p12,0,True,True,False,0.014110960000000002,117626,107208,8236,12,0,False,0.0334084
validation__agentic__amc12_2000_p12__seed1,final11,validation,agentic,amc12_2000_p12,1,True,True,False,0.0102907,35918,25025,6343,7,0,False,0.0147952
validation__ace_compact__amc12_2000_p12__seed0,final11,validation,ace_compact,amc12_2000_p12,0,False,False,False,0.023898079999999995,98014,60284,12622,13,0,False,0.0347492
validation__ace_reset_compact__amc12_2000_p12__seed1,final11,validation,ace_reset_compact,amc12_2000_p12,1,False,False,False,0.020275699999999997,166999,141205,10244,19,0,False,0.0456926
validation__ace_reset_compact__mathd_numbertheory_64__seed1,final12,validation,ace_reset_compact,mathd_numbertheory_64,1,True,True,False,0.0024965399999999993,33816,31137,1115,6,0,False,0.0081012
validation__agentic_reset_compact__mathd_algebra_421__seed0,final12,validation,agentic_reset_compact,mathd_algebra_421,0,True,True,False,0.0031858799999999994,17058,11154,1485,5,0,False,0.0051936
validation__ace_compact__mathd_algebra_421__seed1,final12,validation,ace_compact,mathd_algebra_421,1,True,True,False,0.0036207799999999997,53968,48669,1323,9,0,False,0.012381199999999998
validation__ace_compact__mathd_numbertheory_64__seed1,final12,validation,ace_compact,mathd_numbertheory_64,1,True,True,False,0.0035631,42069,35815,1330,7,0,False,0.0100098
validation__agentic_compact__mathd_algebra_421__seed1,final12,validation,agentic_compact,mathd_algebra_421,1,True,True,False,0.0030068399999999998,13782,7962,1403,3,0,False,0.0044399999999999995
validation__agentic_compact__mathd_numbertheory_64__seed0,final12,validation,agentic_compact,mathd_numbertheory_64,0,True,True,False,0.019978740000000002,220260,183947,7531,28,0,False,0.0530892
validation__ace_reset_compact__mathd_algebra_421__seed1,final12,validation,ace_reset_compact,mathd_algebra_421,1,True,True,False,0.00227858,20785,16309,881,3,0,False,0.0052142
validation__ace_compact__mathd_numbertheory_64__seed0,final12,validation,ace_compact,mathd_numbertheory_64,0,True,True,False,0.0042702999999999994,28685,21775,2044,5,0,False,0.0081898
validation__agentic_reset__mathd_algebra_421__seed1,final12,validation,agentic_reset,mathd_algebra_421,1,True,True,False,0.0012889199999999998,12837,10936,575,3,0,False,0.0032574
validation__ace_reset__mathd_algebra_421__seed1,final12,validation,ace_reset,mathd_algebra_421,1,True,True,False,0.00214462,20528,18201,1096,3,0,False,0.0054208
validation__agentic_reset_compact__mathd_algebra_421__seed1,final12,validation,agentic_reset_compact,mathd_algebra_421,1,True,True,False,0.00212696,13792,9448,891,3,0,False,0.0038275999999999996
validation__ace__mathd_numbertheory_64__seed0,final12,validation,ace,mathd_numbertheory_64,0,True,True,False,0.007015080000000001,82764,71294,2746,10,0,False,0.019847999999999998
validation__agentic_reset_compact__mathd_numbertheory_64__seed1,final12,validation,agentic_reset_compact,mathd_numbertheory_64,1,True,True,False,0.015295160000000002,96754,66558,6604,17,0,False,0.027275599999999997
validation__agentic_compact__mathd_algebra_421__seed0,final12,validation,agentic_compact,mathd_algebra_421,0,True,True,False,0.00281008,16919,11974,1318,5,0,False,0.0049654
validation__ace_reset_compact__mathd_algebra_421__seed0,final12,validation,ace_reset_compact,mathd_algebra_421,0,True,True,False,0.0024004,21080,16460,956,3,0,False,0.0053632
validation__ace_reset__mathd_numbertheory_64__seed0,final12,validation,ace_reset,mathd_numbertheory_64,0,True,True,False,0.009973939999999999,150373,137237,3835,16,0,False,0.0346766
validation__agentic_reset__mathd_algebra_421__seed0,final12,validation,agentic_reset,mathd_algebra_421,0,True,True,False,0.00409534,27254,15957,1264,5,0,False,0.006967599999999999
validation__ace_reset_compact__mathd_numbertheory_64__seed0,final12,validation,ace_reset_compact,mathd_numbertheory_64,0,True,True,False,0.00847696,144323,138318,3758,18,0,False,0.0333742
validation__agentic__mathd_algebra_421__seed1,final12,validation,agentic,mathd_algebra_421,1,True,True,False,0.0065786,52930,44370,3316,9,0,False,0.0145652
validation__agentic_reset__mathd_numbertheory_64__seed0,final12,validation,agentic_reset,mathd_numbertheory_64,0,True,True,False,0.02292342,137694,83901,8739,16,1,False,0.0380256
validation__agentic_reset_compact__mathd_numbertheory_64__seed0,final12,validation,agentic_reset_compact,mathd_numbertheory_64,0,True,True,False,0.00384418,48548,44739,1823,11,0,False,0.011897199999999998
validation__agentic__mathd_algebra_421__seed0,final12,validation,agentic,mathd_algebra_421,0,True,True,False,0.0009139199999999999,8544,8136,558,2,0,False,0.0023784
validation__agentic__mathd_numbertheory_64__seed0,final12,validation,agentic,mathd_numbertheory_64,0,True,True,False,0.01887056,152122,103028,5826,18,0,False,0.03741559999999999
validation__agentic__mathd_numbertheory_64__seed1,final12,validation,agentic,mathd_numbertheory_64,1,True,True,False,0.009502539999999999,38495,27167,5578,7,0,False,0.014392599999999998
validation__agentic_reset__mathd_numbertheory_64__seed1,final12,validation,agentic_reset,mathd_numbertheory_64,1,True,True,False,0.01163026,98366,84103,5913,14,0,False,0.0267688
validation__agentic_compact__mathd_numbertheory_64__seed1,final12,validation,agentic_compact,mathd_numbertheory_64,1,True,True,False,0.013096619999999996,68184,47061,6609,14,0,False,0.0215676
validation__ace__mathd_numbertheory_64__seed1,final12,validation,ace,mathd_numbertheory_64,1,True,True,False,0.016909979999999998,116010,86769,7772,11,0,False,0.0325284
validation__ace_reset__mathd_algebra_421__seed0,final12,validation,ace_reset,mathd_algebra_421,0,True,True,False,0.0035692,34844,25260,956,4,0,False,0.008116
validation__ace__mathd_algebra_421__seed0,final12,validation,ace,mathd_algebra_421,0,True,True,False,0.0025321000000000002,25064,20395,992,3,0,False,0.006203199999999999
validation__ace__mathd_algebra_421__seed1,final12,validation,ace,mathd_algebra_421,1,True,True,False,0.00232842,21006,19891,1423,3,0,False,0.0059088
validation__ace_reset__mathd_numbertheory_64__seed1,final12,validation,ace_reset,mathd_numbertheory_64,1,True,True,False,0.011645959999999999,132574,116518,5087,14,0,False,0.0326192
validation__ace_compact__mathd_algebra_421__seed0,final12,validation,ace_compact,mathd_algebra_421,0,True,True,False,0.0016849,16394,15615,1014,3,0,False,0.0044956
validation__ace_reset__amc12b_2003_p6__seed0,final13,validation,ace_reset,amc12b_2003_p6,0,True,True,False,0.019607359999999997,119386,74368,7597,11,0,False,0.0329936
validation__ace_reset__aime_1991_p6__seed1,final13,validation,ace_reset,aime_1991_p6,1,False,False,False,0.034476040000000006,428048,330882,7021,25,2,False,0.09403479999999999
validation__agentic__aime_1991_p6__seed1,final13,validation,agentic,aime_1991_p6,1,False,False,False,0.03518636,164044,81898,14266,14,0,False,0.049928
validation__agentic_reset_compact__amc12b_2003_p6__seed1,final13,validation,agentic_reset_compact,amc12b_2003_p6,1,True,True,False,0.023669779999999998,79462,26239,10417,11,0,False,0.028392800000000003
validation__ace__amc12b_2003_p6__seed0,final13,validation,ace,amc12b_2003_p6,0,True,True,False,0.00992904,72315,53642,4268,8,0,False,0.0195846
validation__ace_reset__aime_1991_p6__seed0,final13,validation,ace_reset,aime_1991_p6,0,False,False,False,0.035993,231376,171290,17125,16,1,False,0.0668252
validation__agentic_reset_compact__aime_1991_p6__seed1,final13,validation,agentic_reset_compact,aime_1991_p6,1,False,False,False,0.04888799999999999,255201,183230,25691,27,2,False,0.0818694
validation__agentic__amc12b_2003_p6__seed1,final13,validation,agentic,amc12b_2003_p6,1,True,True,False,0.01474832,99859,60106,4663,14,0,False,0.025567399999999997
validation__ace__amc12b_2003_p6__seed1,final13,validation,ace,amc12b_2003_p6,1,False,False,False,0.039187219999999995,270391,153961,10685,19,0,False,0.06690019999999999
validation__agentic__amc12b_2003_p6__seed0,final13,validation,agentic,amc12b_2003_p6,0,True,True,False,0.013324240000000001,120563,91022,4663,14,0,False,0.029708199999999997
validation__agentic_reset__aime_1991_p6__seed1,final13,validation,agentic_reset,aime_1991_p6,1,False,False,False,0.0441815,208327,86895,15131,14,1,False,0.0598226
validation__ace_compact__amc12b_2003_p6__seed1,final13,validation,ace_compact,amc12b_2003_p6,1,True,True,False,0.01685246,82159,49843,7827,11,0,False,0.0258242
validation__ace_reset_compact__amc12b_2003_p6__seed1,final13,validation,ace_reset_compact,amc12b_2003_p6,1,True,True,False,0.01915262,99337,70211,9936,11,0,False,0.0317906
validation__agentic_compact__aime_1991_p6__seed0,final13,validation,agentic_compact,aime_1991_p6,0,False,False,False,0.04109963999999999,98619,39812,23785,12,0,False,0.0482658
validation__ace_compact__aime_1991_p6__seed1,final13,validation,ace_compact,aime_1991_p6,1,False,False,False,0.040984059999999996,250937,180343,19382,19,0,False,0.0734458
validation__agentic_compact__aime_1991_p6__seed1,final13,validation,agentic_compact,aime_1991_p6,1,False,False,False,0.03706,207179,124590,15042,18,0,False,0.05948619999999999
validation__agentic_compact__amc12b_2003_p6__seed1,final13,validation,agentic_compact,amc12b_2003_p6,1,True,True,False,0.02234552,114439,62806,8969,14,0,False,0.0336506
validation__ace_reset_compact__aime_1991_p6__seed0,final13,validation,ace_reset_compact,aime_1991_p6,0,False,False,False,0.042101959999999994,225628,153438,20496,20,1,False,0.0697208
validation__agentic_reset__amc12b_2003_p6__seed0,final13,validation,agentic_reset,amc12b_2003_p6,0,True,True,False,0.01518192,70281,32586,5826,10,0,False,0.0210474
validation__ace_compact__amc12b_2003_p6__seed0,final13,validation,ace_compact,amc12b_2003_p6,0,True,True,False,0.025890120000000003,387981,351276,9603,38,0,False,0.08911979999999999
validation__ace_reset_compact__amc12b_2003_p6__seed0,final13,validation,ace_reset_compact,amc12b_2003_p6,0,True,True,False,0.046938060000000004,196917,85563,19130,20,1,False,0.062339399999999996
validation__ace_compact__aime_1991_p6__seed0,final13,validation,ace_compact,aime_1991_p6,0,False,False,False,0.037675919999999995,234210,164976,17108,17,0,False,0.06737159999999999
validation__ace_reset_compact__aime_1991_p6__seed1,final13,validation,ace_reset_compact,aime_1991_p6,1,False,False,False,0.04521412,165308,103366,25632,16,1,False,0.06381999999999999
validation__ace__aime_1991_p6__seed1,final13,validation,ace,aime_1991_p6,1,False,False,False,0.028862339999999997,305664,219607,6049,20,0,False,0.0683916
validation__agentic_reset_compact__amc12b_2003_p6__seed0,final13,validation,agentic_reset_compact,amc12b_2003_p6,0,True,True,False,0.0104388,91161,78430,5270,16,0,False,0.0245562
validation__agentic_reset__aime_1991_p6__seed0,final13,validation,agentic_reset,aime_1991_p6,0,False,False,False,0.035503839999999995,215273,143122,15176,15,1,False,0.061265799999999995
validation__ace_reset__amc12b_2003_p6__seed1,final13,validation,ace_reset,amc12b_2003_p6,1,True,True,False,0.0143204,78022,43480,5452,8,0,False,0.022146799999999998
validation__agentic_reset__amc12b_2003_p6__seed1,final13,validation,agentic_reset,amc12b_2003_p6,1,True,True,False,0.02742186,187428,110863,8243,19,0,False,0.0473772
validation__agentic_reset_compact__aime_1991_p6__seed0,final13,validation,agentic_reset_compact,aime_1991_p6,0,False,False,False,0.04228288,250454,146884,15526,22,1,False,0.068722
validation__agentic_compact__amc12b_2003_p6__seed0,final13,validation,agentic_compact,amc12b_2003_p6,0,True,True,False,0.013998980000000001,55060,28939,6830,11,0,False,0.019208
validation__agentic__aime_1991_p6__seed0,final13,validation,agentic,aime_1991_p6,0,False,False,False,0.03019422,272748,206701,10709,13,0,False,0.0674004
validation__ace__aime_1991_p6__seed0,final13,validation,ace,aime_1991_p6,0,False,False,False,0.042187020000000006,323856,219201,14060,21,0,False,0.0816432
validation__ace_reset_compact__amc12_2001_p21__seed0,final14,validation,ace_reset_compact,amc12_2001_p21,0,False,False,False,0.038478820000000004,335180,266771,16218,35,0,False,0.0864976
validation__agentic__amc12a_2013_p8__seed0,final14,validation,agentic,amc12a_2013_p8,0,True,True,False,0.0068491,86828,76185,2664,15,0,False,0.020562399999999998
validation__ace_compact__amc12a_2013_p8__seed0,final14,validation,ace_compact,amc12a_2013_p8,0,True,True,False,0.01106014,161003,154267,5523,18,0,False,0.03882819999999999
validation__ace_reset_compact__amc12a_2013_p8__seed1,final14,validation,ace_reset_compact,amc12a_2013_p8,1,True,True,False,0.00687952,97949,93726,3467,14,0,False,0.0237502
validation__ace__amc12_2001_p21__seed0,final14,validation,ace,amc12_2001_p21,0,False,False,False,0.023526399999999996,159140,111860,9861,15,0,False,0.0436612
validation__agentic_compact__amc12a_2013_p8__seed0,final14,validation,agentic_compact,amc12a_2013_p8,0,True,True,False,0.0069697399999999994,38254,29237,3818,9,0,False,0.0122324
validation__ace_compact__amc12_2001_p21__seed0,final14,validation,ace_compact,amc12_2001_p21,0,True,True,False,0.00916782,95910,88301,4900,13,0,False,0.025061999999999997
validation__ace_reset_compact__amc12_2001_p21__seed1,final14,validation,ace_reset_compact,amc12_2001_p21,1,False,False,False,0.024594460000000002,213188,174033,11069,22,0,False,0.055920399999999995
validation__agentic_reset__amc12a_2013_p8__seed0,final14,validation,agentic_reset,amc12a_2013_p8,0,True,True,False,0.012262519999999999,59110,34746,5579,10,0,False,0.0185168
validation__agentic_reset_compact__amc12a_2013_p8__seed1,final14,validation,agentic_reset_compact,amc12a_2013_p8,1,True,True,False,0.0063620199999999995,35294,24031,3024,8,0,False,0.010687599999999998
validation__agentic_compact__amc12_2001_p21__seed0,final14,validation,agentic_compact,amc12_2001_p21,0,False,False,False,0.023797099999999998,75529,30835,11868,13,0,False,0.0293474
validation__agentic_reset_compact__amc12a_2013_p8__seed0,final14,validation,agentic_reset_compact,amc12a_2013_p8,0,True,True,False,0.00586096,21881,14498,3412,6,0,False,0.0084706
validation__agentic_compact__amc12a_2013_p8__seed1,final14,validation,agentic_compact,amc12a_2013_p8,1,True,True,False,0.0068945,22216,13555,4076,6,0,False,0.0093344
validation__ace__amc12a_2013_p8__seed0,final14,validation,ace,amc12a_2013_p8,0,True,True,False,0.0113325,82782,68495,5921,10,0,False,0.023661599999999998
validation__ace__amc12_2001_p21__seed1,final14,validation,ace,amc12_2001_p21,1,False,False,False,0.015768119999999997,113034,84146,6923,13,0,False,0.0309144
validation__ace__amc12a_2013_p8__seed1,final14,validation,ace,amc12a_2013_p8,1,True,True,False,0.00825804,99531,90852,3921,12,0,False,0.0246114
validation__agentic_reset__amc12_2001_p21__seed0,final14,validation,agentic_reset,amc12_2001_p21,0,False,False,False,0.046534379999999986,200013,78279,17185,21,1,False,0.0606246
validation__agentic_reset__amc12_2001_p21__seed1,final14,validation,agentic_reset,amc12_2001_p21,1,True,True,False,0.005558319999999999,26633,15006,2444,5,0,False,0.0082594
validation__agentic__amc12_2001_p21__seed1,final14,validation,agentic,amc12_2001_p21,1,False,False,False,0.03187614,185577,99527,10563,21,0,False,0.049791
validation__ace_reset__amc12a_2013_p8__seed1,final14,validation,ace_reset,amc12a_2013_p8,1,True,True,False,0.00415928,19711,15914,2568,3,0,False,0.0070238
validation__ace_reset__amc12a_2013_p8__seed0,final14,validation,ace_reset,amc12a_2013_p8,0,True,True,False,0.00911196,81822,68998,4306,10,0,False,0.021531599999999998
validation__ace_compact__amc12a_2013_p8__seed1,final14,validation,ace_compact,amc12a_2013_p8,1,True,True,False,0.00787922,68758,62971,4552,10,0,False,0.019214
validation__agentic__amc12_2001_p21__seed0,final14,validation,agentic,amc12_2001_p21,0,False,False,False,0.01739802,56577,27881,9251,9,0,False,0.022416600000000002
validation__agentic_reset_compact__amc12_2001_p21__seed0,final14,validation,agentic_reset_compact,amc12_2001_p21,0,False,False,False,0.042595360000000006,168383,91978,21229,24,0,False,0.0591514
validation__ace_reset__amc12_2001_p21__seed0,final14,validation,ace_reset,amc12_2001_p21,0,True,True,False,0.01355074,66947,44837,6860,8,0,False,0.0216214
validation__agentic_compact__amc12_2001_p21__seed1,final14,validation,agentic_compact,amc12_2001_p21,1,False,False,False,0.04465516,259967,169208,19266,31,0,False,0.0751126
validation__ace_reset_compact__amc12a_2013_p8__seed0,final14,validation,ace_reset_compact,amc12a_2013_p8,0,True,True,False,0.00701964,46272,36922,3676,7,0,False,0.0136656
validation__agentic_reset__amc12a_2013_p8__seed1,final14,validation,agentic_reset,amc12a_2013_p8,1,True,True,False,0.0053532,30450,25300,3181,6,0,False,0.0099072
validation__ace_reset__amc12_2001_p21__seed1,final14,validation,ace_reset,amc12_2001_p21,1,False,False,False,0.03777326,223279,120503,12340,19,0,False,0.0594638
validation__agentic_reset_compact__amc12_2001_p21__seed1,final14,validation,agentic_reset_compact,amc12_2001_p21,1,False,False,False,0.01806104,63184,33832,9595,13,0,False,0.0241508
validation__agentic__amc12a_2013_p8__seed1,final14,validation,agentic,amc12a_2013_p8,1,True,True,False,0.011858019999999999,53129,34621,6220,9,0,False,0.0180898
validation__ace_compact__amc12_2001_p21__seed1,final14,validation,ace_compact,amc12_2001_p21,1,True,True,False,0.009340039999999997,120778,111342,4355,14,0,False,0.0293816
validation__agentic_compact__mathd_numbertheory_461__seed0,final15,validation,agentic_compact,mathd_numbertheory_461,0,True,True,False,0.00038702,2464,2461,281,1,0,False,0.00083
validation__ace_reset__mathd_numbertheory_461__seed0,final15,validation,ace_reset,mathd_numbertheory_461,0,True,True,False,0.0005908599999999999,6098,4873,207,1,0,False,0.001468
validation__agentic_compact__mathd_algebra_214__seed0,final15,validation,agentic_compact,mathd_algebra_214,0,True,True,False,0.00049298,2539,1269,178,1,0,False,0.0007214
validation__ace_compact__mathd_numbertheory_461__seed1,final15,validation,ace_compact,mathd_numbertheory_461,1,True,True,False,0.00034294,4760,4757,206,1,0,False,0.0011991999999999999
validation__agentic__mathd_numbertheory_461__seed0,final15,validation,agentic,mathd_numbertheory_461,0,True,True,False,0.00046993999999999996,3802,2607,149,1,0,False,0.0009392
validation__agentic_compact__mathd_numbertheory_461__seed1,final15,validation,agentic_compact,mathd_numbertheory_461,1,True,True,False,0.0008728,8051,7630,530,3,0,False,0.0022462
validation__ace__mathd_algebra_214__seed1,final15,validation,ace,mathd_algebra_214,1,True,True,False,0.0006310599999999999,6173,4873,228,1,0,False,0.0015082
validation__agentic__mathd_algebra_214__seed1,final15,validation,agentic,mathd_algebra_214,1,True,True,False,0.00044174,3877,2607,113,1,0,False,0.0009109999999999999
validation__agentic_reset_compact__mathd_algebra_214__seed1,final15,validation,agentic_reset_compact,mathd_algebra_214,1,True,True,False,0.00049532,2539,2536,370,1,0,False,0.0009518
validation__agentic_reset_compact__mathd_algebra_214__seed0,final15,validation,agentic_reset_compact,mathd_algebra_214,0,True,True,False,0.00033692,2539,2536,238,1,0,False,0.0007934
validation__ace__mathd_numbertheory_461__seed1,final15,validation,ace,mathd_numbertheory_461,1,True,True,False,0.0007237,6098,6095,501,1,0,False,0.0018208
validation__ace_reset_compact__mathd_numbertheory_461__seed0,final15,validation,ace_reset_compact,mathd_numbertheory_461,0,True,True,False,0.0006552800000000001,9883,9514,326,2,0,False,0.0023677999999999998
validation__agentic_reset__mathd_algebra_214__seed1,final15,validation,agentic_reset,mathd_algebra_214,1,True,True,False,0.00038768,3877,3874,258,1,0,False,0.001085
validation__agentic__mathd_numbertheory_461__seed1,final15,validation,agentic,mathd_numbertheory_461,1,True,True,False,0.00018817999999999998,3802,3799,93,1,0,False,0.0008719999999999999
validation__ace_reset_compact__mathd_algebra_214__seed0,final15,validation,ace_reset_compact,mathd_algebra_214,0,True,True,False,0.0009367,4835,3535,505,1,0,False,0.001573
validation__agentic_reset_compact__mathd_numbertheory_461__seed0,final15,validation,agentic_reset_compact,mathd_numbertheory_461,0,True,True,False,0.0007696199999999999,8004,7651,455,3,0,False,0.0021468
validation__ace__mathd_numbertheory_461__seed0,final15,validation,ace,mathd_numbertheory_461,0,True,True,False,0.00321092,39946,33866,1098,5,0,False,0.0093068
validation__ace_compact__mathd_algebra_214__seed0,final15,validation,ace_compact,mathd_algebra_214,0,True,True,False,0.00027484,4835,4832,148,1,0,False,0.0011446
validation__agentic_reset__mathd_numbertheory_461__seed0,final15,validation,agentic_reset,mathd_numbertheory_461,0,True,True,False,0.00021338,3802,3799,114,1,0,False,0.0008971999999999999
validation__ace_reset_compact__mathd_numbertheory_461__seed1,final15,validation,ace_reset_compact,mathd_numbertheory_461,1,True,True,False,0.0013176199999999998,20443,18621,484,4,0,False,0.0046694
validation__agentic_reset_compact__mathd_numbertheory_461__seed1,final15,validation,agentic_reset_compact,mathd_numbertheory_461,1,True,True,False,0.00063278,2464,1269,307,1,0,False,0.0008611999999999999
validation__agentic_reset__mathd_algebra_214__seed0,final15,validation,agentic_reset,mathd_algebra_214,0,True,True,False,0.00052208,3877,3874,370,1,0,False,0.0012194
validation__ace_reset__mathd_algebra_214__seed0,final15,validation,ace_reset,mathd_algebra_214,0,True,True,False,0.00032319999999999994,6173,6170,166,1,0,False,0.0014338
validation__ace_reset__mathd_numbertheory_461__seed1,final15,validation,ace_reset,mathd_numbertheory_461,1,True,True,False,0.0003541,6098,6095,193,1,0,False,0.0014512
validation__agentic_compact__mathd_algebra_214__seed1,final15,validation,agentic_compact,mathd_algebra_214,1,True,True,False,0.00076052,2539,2536,591,1,0,False,0.001217
validation__ace_compact__mathd_algebra_214__seed1,final15,validation,ace_compact,mathd_algebra_214,1,True,True,False,0.00045604,4835,4832,299,1,0,False,0.0013258
validation__ace_compact__mathd_numbertheory_461__seed0,final15,validation,ace_compact,mathd_numbertheory_461,0,True,True,False,0.00038614,4760,4757,242,1,0,False,0.0012423999999999998
validation__agentic__mathd_algebra_214__seed0,final15,validation,agentic,mathd_algebra_214,0,True,True,False,0.00026528,3877,3874,156,1,0,False,0.0009626
validation__ace_reset_compact__mathd_algebra_214__seed1,final15,validation,ace_reset_compact,mathd_algebra_214,1,True,True,False,0.00100084,4835,4832,753,1,0,False,0.0018706
validation__ace__mathd_algebra_214__seed0,final15,validation,ace,mathd_algebra_214,0,True,True,False,0.00046239999999999996,6173,6170,282,1,0,False,0.001573
validation__agentic_reset__mathd_numbertheory_461__seed1,final15,validation,agentic_reset,mathd_numbertheory_461,1,True,True,False,0.00046336,7835,7598,220,2,0,False,0.001831
validation__ace_reset__mathd_algebra_214__seed1,final15,validation,ace_reset,mathd_algebra_214,1,True,True,False,0.0004204,6173,6170,247,1,0,False,0.001531
validation__ace_compact__imo_1981_p6__seed0,final16,validation,ace_compact,imo_1981_p6,0,True,True,False,0.020141219999999998,259071,229641,8052,27,0,False,0.0614766
validation__ace_reset__imo_1981_p6__seed0,final16,validation,ace_reset,imo_1981_p6,0,True,True,False,0.0059383199999999995,61173,54466,2923,7,0,False,0.0157422
validation__agentic_reset__amc12a_2002_p6__seed1,final16,validation,agentic_reset,amc12a_2002_p6,1,True,True,False,0.00042234,3810,2607,108,1,0,False,0.0008916
validation__agentic__amc12a_2002_p6__seed1,final16,validation,agentic,amc12a_2002_p6,1,True,True,False,0.00117442,12251,10481,509,3,0,False,0.003061
validation__ace__amc12a_2002_p6__seed0,final16,validation,ace,amc12a_2002_p6,0,True,True,False,0.00052166,6106,4873,148,1,0,False,0.0013988
validation__ace_reset__amc12a_2002_p6__seed1,final16,validation,ace_reset,amc12a_2002_p6,1,True,True,False,0.00033865999999999996,6106,6103,180,1,0,False,0.0014372
validation__agentic__amc12a_2002_p6__seed0,final16,validation,agentic,amc12a_2002_p6,0,True,True,False,0.00019674,3810,3807,100,1,0,False,0.000882
validation__agentic_compact__amc12a_2002_p6__seed1,final16,validation,agentic_compact,amc12a_2002_p6,1,True,True,False,0.00019758,2472,2469,123,1,0,False,0.000642
validation__ace__imo_1981_p6__seed0,final16,validation,ace,imo_1981_p6,0,True,True,False,0.0052130399999999995,30342,23352,2790,4,0,False,0.0094164
validation__agentic_compact__imo_1981_p6__seed1,final16,validation,agentic_compact,imo_1981_p6,1,True,True,False,0.0075670999999999985,24511,12055,4029,5,0,False,0.009736999999999999
validation__agentic_reset__imo_1981_p6__seed1,final16,validation,agentic_reset,imo_1981_p6,1,True,True,False,0.00211808,8746,8124,1526,2,0,False,0.0035804
validation__ace_reset__imo_1981_p6__seed1,final16,validation,ace_reset,imo_1981_p6,1,True,True,False,0.007727919999999999,43625,30266,3709,5,0,False,0.0131758
validation__agentic_reset_compact__imo_1981_p6__seed1,final16,validation,agentic_reset_compact,imo_1981_p6,1,True,True,False,0.00293,15271,13670,1947,4,0,False,0.0053906
validation__ace__imo_1981_p6__seed1,final16,validation,ace,imo_1981_p6,1,True,True,False,0.00863602,38663,30521,5331,5,0,False,0.0141298
validation__agentic_reset__imo_1981_p6__seed0,final16,validation,agentic_reset,imo_1981_p6,0,True,True,False,0.01526534,83770,43617,5302,10,0,False,0.0231164
validation__agentic_reset_compact__amc12a_2002_p6__seed0,final16,validation,agentic_reset_compact,amc12a_2002_p6,0,True,True,False,0.00016038,2472,2469,92,1,0,False,0.0006048
validation__agentic_compact__amc12a_2002_p6__seed0,final16,validation,agentic_compact,amc12a_2002_p6,0,True,True,False,0.00040157999999999996,2472,1269,113,1,0,False,0.0006299999999999999
validation__agentic_compact__imo_1981_p6__seed0,final16,validation,agentic_compact,imo_1981_p6,0,True,True,False,0.00753958,33389,25899,4603,7,0,False,0.0122014
validation__ace_reset_compact__imo_1981_p6__seed0,final16,validation,ace_reset_compact,imo_1981_p6,0,True,True,False,0.00715184,42028,31672,3706,6,0,False,0.0128528
validation__agentic__imo_1981_p6__seed1,final16,validation,agentic,imo_1981_p6,1,True,True,False,0.0118647,68457,45135,5248,9,0,False,0.019989
validation__ace_compact__amc12a_2002_p6__seed0,final16,validation,ace_compact,amc12a_2002_p6,0,True,True,False,0.0004463,4768,4765,292,1,0,False,0.001304
validation__ace_reset_compact__amc12a_2002_p6__seed1,final16,validation,ace_reset_compact,amc12a_2002_p6,1,True,True,False,0.0005177,4768,3535,167,1,0,False,0.001154
validation__agentic__imo_1981_p6__seed0,final16,validation,agentic,imo_1981_p6,0,True,True,False,0.03670802,242344,151471,12920,21,0,False,0.0639728
validation__ace_reset_compact__imo_1981_p6__seed1,final16,validation,ace_reset_compact,imo_1981_p6,1,True,True,False,0.00555626,42850,33583,2526,6,0,False,0.011601199999999999
validation__agentic_reset_compact__amc12a_2002_p6__seed1,final16,validation,agentic_reset_compact,amc12a_2002_p6,1,True,True,False,0.00027798,2472,2469,190,1,0,False,0.0007224
validation__ace_reset_compact__amc12a_2002_p6__seed0,final16,validation,ace_reset_compact,amc12a_2002_p6,0,True,True,False,0.00035749999999999996,4768,4765,218,1,0,False,0.0012152
validation__agentic_reset__amc12a_2002_p6__seed0,final16,validation,agentic_reset,amc12a_2002_p6,0,True,True,False,0.00019554000000000002,3810,3807,99,1,0,False,0.0008807999999999999
validation__ace__amc12a_2002_p6__seed1,final16,validation,ace,amc12a_2002_p6,1,True,True,False,0.00118652,12571,10976,540,2,0,False,0.0031621999999999996
validation__ace_compact__amc12a_2002_p6__seed1,final16,validation,ace_compact,amc12a_2002_p6,1,True,True,False,0.0010484,9802,8300,485,2,0,False,0.0025423999999999998
validation__agentic_reset_compact__imo_1981_p6__seed0,final16,validation,agentic_reset_compact,imo_1981_p6,0,True,True,False,0.0067737200000000004,16990,7986,4011,4,0,False,0.0082112
validation__ace_compact__imo_1981_p6__seed1,final16,validation,ace_compact,imo_1981_p6,1,True,True,False,0.013504599999999999,62897,40600,6861,8,0,False,0.0208126
validation__ace_reset__amc12a_2002_p6__seed0,final16,validation,ace_reset,amc12a_2002_p6,0,True,True,False,0.00042265999999999994,6106,6103,250,1,0,False,0.0015212
validation__ace_compact__mathd_algebra_393__seed0,final17,validation,ace_compact,mathd_algebra_393,0,True,True,False,0.013773339999999999,115475,90827,5856,16,0,False,0.0301222
validation__ace__imo_1964_p2__seed1,final17,validation,ace,imo_1964_p2,1,False,False,False,0.03832268,241015,146624,13760,17,0,False,0.064715
validation__agentic__imo_1964_p2__seed0,final17,validation,agentic,imo_1964_p2,0,False,False,False,0.03889112,217717,111786,12891,15,0,False,0.0590126
validation__agentic_compact__imo_1964_p2__seed0,final17,validation,agentic_compact,imo_1964_p2,0,False,False,False,0.04094844,163200,54622,15117,18,0,False,0.05078039999999999
validation__agentic__mathd_algebra_393__seed0,final17,validation,agentic,mathd_algebra_393,0,True,True,False,0.0058268,31027,19070,2545,6,0,False,0.0092594
validation__ace_reset__mathd_algebra_393__seed1,final17,validation,ace_reset,mathd_algebra_393,1,True,True,False,0.025127799999999995,153077,83860,8006,14,0,False,0.0402226
validation__agentic__imo_1964_p2__seed1,final17,validation,agentic,imo_1964_p2,1,False,False,False,0.041348579999999996,271236,161019,13404,21,0,False,0.07033199999999999
validation__ace_reset__imo_1964_p2__seed1,final17,validation,ace_reset,imo_1964_p2,1,True,True,False,0.011474279999999998,78081,57744,5210,8,0,False,0.021868199999999997
validation__ace__imo_1964_p2__seed0,final17,validation,ace,imo_1964_p2,0,True,True,False,0.04192058,191404,79279,14925,13,0,False,0.0561908
validation__ace_reset_compact__mathd_algebra_393__seed1,final17,validation,ace_reset_compact,mathd_algebra_393,1,True,True,False,0.030562859999999997,206022,133433,11147,20,0,False,0.0545808
validation__ace_compact__imo_1964_p2__seed0,final17,validation,ace_compact,imo_1964_p2,0,False,False,False,0.04159426,381866,301443,16234,31,0,False,0.095854
validation__ace_compact__mathd_algebra_393__seed1,final17,validation,ace_compact,mathd_algebra_393,1,True,True,False,0.00851512,30824,19656,4907,5,0,False,0.0120532
validation__ace__mathd_algebra_393__seed0,final17,validation,ace,mathd_algebra_393,0,True,True,False,0.010098900000000001,78642,62775,4725,9,0,False,0.021398399999999998
validation__ace_reset__mathd_algebra_393__seed0,final17,validation,ace_reset,mathd_algebra_393,0,True,True,False,0.0055181,29728,23695,3198,4,0,False,0.009783199999999999
validation__ace_reset_compact__imo_1964_p2__seed1,final17,validation,ace_reset_compact,imo_1964_p2,1,True,True,False,0.04451712,199122,98896,18745,19,1,False,0.062318399999999996
validation__agentic_reset_compact__imo_1964_p2__seed1,final17,validation,agentic_reset_compact,imo_1964_p2,1,True,True,False,0.04167652,123899,30696,18685,16,1,False,0.047201799999999995
validation__agentic_compact__mathd_algebra_393__seed1,final17,validation,agentic_compact,mathd_algebra_393,1,True,True,False,0.0035293999999999994,14356,9050,1906,4,0,False,0.0051584000000000005
validation__ace_reset__imo_1964_p2__seed0,final17,validation,ace_reset,imo_1964_p2,0,False,False,False,0.047654959999999996,249472,135528,18463,17,2,False,0.07205
validation__agentic_reset_compact__mathd_algebra_393__seed0,final17,validation,agentic_reset_compact,mathd_algebra_393,0,True,True,False,0.01329524,55561,32992,6768,10,0,False,0.0192338
validation__agentic_reset_compact__imo_1964_p2__seed0,final17,validation,agentic_reset_compact,imo_1964_p2,0,True,True,False,0.016884299999999998,48759,20115,8961,9,0,False,0.020505
validation__agentic_compact__mathd_algebra_393__seed0,final17,validation,agentic_compact,mathd_algebra_393,0,True,True,False,0.0052269199999999995,14209,7576,3124,4,0,False,0.006590599999999999
validation__agentic_reset__mathd_algebra_393__seed0,final17,validation,agentic_reset,mathd_algebra_393,0,True,True,False,0.00591852,26994,14406,2594,5,0,False,0.0085116
validation__agentic_reset_compact__mathd_algebra_393__seed1,final17,validation,agentic_reset_compact,mathd_algebra_393,1,True,True,False,0.00829452,46716,33826,4200,11,0,False,0.014383199999999999
validation__agentic_reset__mathd_algebra_393__seed1,final17,validation,agentic_reset,mathd_algebra_393,1,True,True,False,0.00266324,15433,9192,1026,3,0,False,0.0043178
validation__agentic_reset__imo_1964_p2__seed0,final17,validation,agentic_reset,imo_1964_p2,0,True,True,False,0.02073534,80223,38907,9745,9,0,False,0.0277386
validation__ace_reset_compact__imo_1964_p2__seed0,final17,validation,ace_reset_compact,imo_1964_p2,0,False,False,False,0.045964620000000005,180831,82391,20524,16,1,False,0.060794999999999995
validation__agentic__mathd_algebra_393__seed1,final17,validation,agentic,mathd_algebra_393,1,True,True,False,0.0027424399999999996,15445,9192,1090,3,0,False,0.004397
validation__agentic_compact__imo_1964_p2__seed1,final17,validation,agentic_compact,imo_1964_p2,1,False,False,False,0.041933759999999994,147699,40498,16403,18,0,False,0.0492234
validation__ace_reset_compact__mathd_algebra_393__seed0,final17,validation,ace_reset_compact,mathd_algebra_393,0,True,True,False,0.00285872,18163,12006,1156,3,0,False,0.0050198
validation__ace_compact__imo_1964_p2__seed1,final17,validation,ace_compact,imo_1964_p2,1,False,False,False,0.03923098,163535,78709,17243,14,0,False,0.0533986
validation__agentic_reset__imo_1964_p2__seed1,final17,validation,agentic_reset,imo_1964_p2,1,True,True,False,0.026331119999999996,110967,47286,10541,12,0,False,0.0348426
validation__ace__mathd_algebra_393__seed1,final17,validation,ace,mathd_algebra_393,1,True,True,False,0.014844279999999998,122219,91964,5795,13,0,False,0.0313978
validation__ace__mathd_numbertheory_303__seed0,final18,validation,ace,mathd_numbertheory_303,0,False,False,False,0.037997960000000004,441313,373988,14211,31,0,False,0.10531579999999999
validation__agentic_reset_compact__amc12b_2002_p3__seed1,final18,validation,agentic_reset_compact,amc12b_2002_p3,1,True,True,False,0.00315632,18112,14656,1810,5,0,False,0.0057944
validation__agentic_reset__mathd_numbertheory_303__seed1,final18,validation,agentic_reset,mathd_numbertheory_303,1,False,False,False,0.04515383999999999,371541,279262,17594,35,1,False,0.09542099999999999
validation__agentic_reset__mathd_numbertheory_303__seed0,final18,validation,agentic_reset,mathd_numbertheory_303,0,False,False,False,0.04695687999999999,482426,400024,18730,48,2,False,0.11896119999999999
validation__ace_reset__mathd_numbertheory_303__seed0,final18,validation,ace_reset,mathd_numbertheory_303,0,False,False,False,0.04658484,325932,252602,22389,26,2,False,0.09205319999999999
validation__agentic_reset__amc12b_2002_p3__seed1,final18,validation,agentic_reset,amc12b_2002_p3,1,True,True,False,0.00565802,36787,28181,2811,7,0,False,0.0107306
validation__agentic__amc12b_2002_p3__seed1,final18,validation,agentic,amc12b_2002_p3,1,True,True,False,0.012261880000000001,78101,52424,5065,10,0,False,0.0216982
validation__agentic_compact__amc12b_2002_p3__seed1,final18,validation,agentic_compact,amc12b_2002_p3,1,True,True,False,0.00802428,37134,13034,2453,6,0,False,0.0103704
validation__agentic_compact__mathd_numbertheory_303__seed1,final18,validation,agentic_compact,mathd_numbertheory_303,1,False,False,False,0.045679399999999995,253012,163130,20367,22,0,False,0.07504279999999999
validation__ace_compact__amc12b_2002_p3__seed1,final18,validation,ace_compact,amc12b_2002_p3,1,True,True,False,0.0381879,308727,233815,15441,28,0,False,0.0802746
validation__agentic_compact__mathd_numbertheory_303__seed0,final18,validation,agentic_compact,mathd_numbertheory_303,0,False,False,False,0.038624679999999995,242168,170494,17400,23,0,False,0.0693136
validation__ace_compact__mathd_numbertheory_303__seed0,final18,validation,ace_compact,mathd_numbertheory_303,0,False,False,False,0.0388466,316393,249580,17077,25,0,False,0.08377099999999998
validation__agentic_reset_compact__amc12b_2002_p3__seed0,final18,validation,agentic_reset_compact,amc12b_2002_p3,0,True,True,False,0.0063469799999999995,31158,19619,3039,6,0,False,0.009878399999999999
validation__agentic__amc12b_2002_p3__seed0,final18,validation,agentic,amc12b_2002_p3,0,True,True,False,0.02226578,163390,109159,7697,20,0,False,0.0419144
validation__ace_reset_compact__amc12b_2002_p3__seed0,final18,validation,ace_reset_compact,amc12b_2002_p3,0,True,True,False,0.0033618600000000004,31647,27813,1699,5,0,False,0.0083682
validation__ace__mathd_numbertheory_303__seed1,final18,validation,ace,mathd_numbertheory_303,1,False,False,False,0.0350481,199302,131755,15753,16,0,False,0.058764
validation__ace__amc12b_2002_p3__seed0,final18,validation,ace,amc12b_2002_p3,0,True,True,False,0.0171653,140815,95825,5209,12,0,False,0.034413799999999994
validation__agentic__mathd_numbertheory_303__seed1,final18,validation,agentic,mathd_numbertheory_303,1,False,False,False,0.0382036,244844,146040,12935,20,0,False,0.0644908
validation__agentic_reset_compact__mathd_numbertheory_303__seed1,final18,validation,agentic_reset_compact,mathd_numbertheory_303,1,False,False,False,0.07932545999999999,322167,257833,51085,39,2,False,0.1257354
validation__ace__amc12b_2002_p3__seed1,final18,validation,ace,amc12b_2002_p3,1,True,True,False,0.01533634,112121,70037,4599,10,0,False,0.027943
validation__agentic_reset__amc12b_2002_p3__seed0,final18,validation,agentic_reset,amc12b_2002_p3,0,False,False,False,0.04575340000000001,331082,207070,14008,26,2,False,0.08302599999999999
validation__agentic_compact__amc12b_2002_p3__seed0,final18,validation,agentic_compact,amc12b_2002_p3,0,True,True,False,0.0059815400000000005,77905,71677,2752,15,0,False,0.018883399999999998
validation__agentic__mathd_numbertheory_303__seed0,final18,validation,agentic,mathd_numbertheory_303,0,False,False,False,0.03831636,352560,274898,14405,25,0,False,0.08779799999999999
validation__ace_reset__amc12b_2002_p3__seed0,final18,validation,ace_reset,amc12b_2002_p3,0,True,True,False,0.014018880000000001,155205,129514,5242,17,0,False,0.0373314
validation__ace_compact__amc12b_2002_p3__seed0,final18,validation,ace_compact,amc12b_2002_p3,0,True,True,False,0.01045848,129336,116604,4650,15,0,False,0.0314472
validation__ace_reset_compact__amc12b_2002_p3__seed1,final18,validation,ace_reset_compact,amc12b_2002_p3,1,True,True,False,0.02025882,230058,199211,8421,21,0,False,0.0561168
validation__ace_reset__amc12b_2002_p3__seed1,final18,validation,ace_reset,amc12b_2002_p3,1,True,True,False,0.009315799999999999,75574,55470,3488,9,0,False,0.0193004
validation__agentic_reset_compact__mathd_numbertheory_303__seed0,final18,validation,agentic_reset_compact,mathd_numbertheory_303,0,False,False,False,0.042790199999999994,236586,149230,18612,32,1,False,0.0696516
validation__ace_compact__mathd_numbertheory_303__seed1,final18,validation,ace_compact,mathd_numbertheory_303,1,False,False,False,0.04292213999999999,266928,183617,18823,23,0,False,0.07597319999999999
validation__ace_reset__mathd_numbertheory_303__seed1,final18,validation,ace_reset,mathd_numbertheory_303,1,False,False,False,0.04466179999999998,454954,387290,19486,37,2,False,0.114374
validation__ace_reset_compact__mathd_numbertheory_303__seed0,final18,validation,ace_reset_compact,mathd_numbertheory_303,0,False,False,False,0.04589146,458210,395123,21143,43,2,False,0.1170136
validation__ace_reset_compact__mathd_numbertheory_303__seed1,final18,validation,ace_reset_compact,mathd_numbertheory_303,1,False,False,False,0.0375259,556199,523315,17069,48,1,False,0.1317226
validation__agentic_reset__amc12a_2016_p3__seed0,final19,validation,agentic_reset,amc12a_2016_p3,0,True,True,False,0.02122584,91818,29312,6782,9,0,False,0.026502
validation__ace_reset_compact__mathd_numbertheory_284__seed1,final19,validation,ace_reset_compact,mathd_numbertheory_284,1,True,True,False,0.0005729999999999999,4743,4740,398,1,0,False,0.0014261999999999999
validation__agentic__amc12a_2016_p3__seed0,final19,validation,agentic,amc12a_2016_p3,0,True,True,False,0.01851366,83691,35823,6853,10,0,False,0.0249618
validation__agentic_reset__mathd_numbertheory_284__seed1,final19,validation,agentic_reset,mathd_numbertheory_284,1,True,True,False,0.00016624,3785,3782,75,1,0,False,0.000847
validation__ace_reset__mathd_numbertheory_284__seed1,final19,validation,ace_reset,mathd_numbertheory_284,1,True,True,False,0.00026496,6081,6078,119,1,0,False,0.001359
validation__ace_compact__mathd_numbertheory_284__seed1,final19,validation,ace_compact,mathd_numbertheory_284,1,True,True,False,0.0006783,4743,3535,305,1,0,False,0.0013146
validation__ace_compact__amc12a_2016_p3__seed1,final19,validation,ace_compact,amc12a_2016_p3,1,True,True,False,0.012133699999999999,78655,47785,4170,10,0,False,0.020734999999999996
validation__agentic_compact__mathd_numbertheory_284__seed0,final19,validation,agentic_compact,mathd_numbertheory_284,0,True,True,False,0.00037377999999999993,2447,1269,94,1,0,False,0.0006022
validation__ace_reset_compact__mathd_numbertheory_284__seed0,final19,validation,ace_reset_compact,mathd_numbertheory_284,0,True,True,False,0.0002826,4743,4740,156,1,0,False,0.0011358
validation__agentic_reset_compact__mathd_numbertheory_284__seed0,final19,validation,agentic_reset_compact,mathd_numbertheory_284,0,True,True,False,0.00019947999999999998,2447,2444,125,1,0,False,0.0006393999999999999
validation__ace_reset_compact__amc12a_2016_p3__seed1,final19,validation,ace_reset_compact,amc12a_2016_p3,1,True,True,False,0.01473824,101719,69942,5820,11,0,False,0.0273278
validation__agentic_reset_compact__amc12a_2016_p3__seed0,final19,validation,agentic_reset_compact,amc12a_2016_p3,0,True,True,False,0.01871056,208112,172968,6852,21,0,False,0.049844799999999995
validation__agentic_reset_compact__amc12a_2016_p3__seed1,final19,validation,agentic_reset_compact,amc12a_2016_p3,1,True,True,False,0.012706019999999998,89388,68171,5916,14,0,False,0.0249768
validation__agentic_reset__amc12a_2016_p3__seed1,final19,validation,agentic_reset,amc12a_2016_p3,1,True,True,False,0.00657042,28767,14681,2883,5,0,False,0.009212999999999999
validation__ace_reset__amc12a_2016_p3__seed0,final19,validation,ace_reset,amc12a_2016_p3,0,True,True,False,0.00956946,60348,41543,4148,7,0,False,0.0170472
validation__ace__mathd_numbertheory_284__seed0,final19,validation,ace,mathd_numbertheory_284,0,True,True,False,0.00035136,6081,6078,191,1,0,False,0.0014454
validation__agentic__amc12a_2016_p3__seed1,final19,validation,agentic,amc12a_2016_p3,1,True,True,False,0.00391752,22458,15616,1864,4,0,False,0.0067284
validation__ace__amc12a_2016_p3__seed1,final19,validation,ace,amc12a_2016_p3,1,True,True,False,0.00633278,40261,28059,2776,5,0,False,0.011383399999999998
validation__ace_reset__mathd_numbertheory_284__seed0,final19,validation,ace_reset,mathd_numbertheory_284,0,True,True,False,0.0005022599999999999,6081,4873,136,1,0,False,0.0013794
validation__ace_compact__amc12a_2016_p3__seed0,final19,validation,ace_compact,amc12a_2016_p3,0,True,True,False,0.03497734,184619,98587,13166,17,0,False,0.052723
validation__agentic__mathd_numbertheory_284__seed1,final19,validation,agentic,mathd_numbertheory_284,1,True,True,False,0.00015304,3785,3782,64,1,0,False,0.0008338
validation__ace_reset__amc12a_2016_p3__seed1,final19,validation,ace_reset,amc12a_2016_p3,1,True,True,False,0.025097240000000003,186790,110702,6388,14,1,False,0.0450236
validation__agentic_reset__mathd_numbertheory_284__seed0,final19,validation,agentic_reset,mathd_numbertheory_284,0,True,True,False,0.00038013999999999995,3785,2607,77,1,0,False,0.0008493999999999999
validation__agentic_compact__amc12a_2016_p3__seed1,final19,validation,agentic_compact,amc12a_2016_p3,1,True,True,False,0.020680619999999997,151731,96891,6479,16,0,False,0.038121
validation__agentic_compact__mathd_numbertheory_284__seed1,final19,validation,agentic_compact,mathd_numbertheory_284,1,True,True,False,0.00021147999999999997,2447,2444,135,1,0,False,0.0006513999999999999
validation__ace_compact__mathd_numbertheory_284__seed0,final19,validation,ace_compact,mathd_numbertheory_284,0,True,True,False,0.000675,4743,4740,483,1,0,False,0.0015282
validation__agentic_compact__amc12a_2016_p3__seed0,final19,validation,agentic_compact,amc12a_2016_p3,0,True,True,False,0.011964899999999999,79407,55105,5002,12,0,False,0.021883800000000002
validation__agentic_reset_compact__mathd_numbertheory_284__seed1,final19,validation,agentic_reset_compact,mathd_numbertheory_284,1,True,True,False,0.00021028,2447,2444,134,1,0,False,0.0006502
validation__ace__mathd_numbertheory_284__seed1,final19,validation,ace,mathd_numbertheory_284,1,True,True,False,0.00035976,6081,6078,198,1,0,False,0.0014537999999999999
validation__agentic__mathd_numbertheory_284__seed0,final19,validation,agentic,mathd_numbertheory_284,0,True,True,False,0.00019384,3785,3782,98,1,0,False,0.0008746
validation__ace__amc12a_2016_p3__seed0,final19,validation,ace,amc12a_2016_p3,0,True,True,False,0.013117479999999999,109370,83034,5158,11,0,False,0.028063599999999998
validation__ace_reset_compact__amc12a_2016_p3__seed0,final19,validation,ace_reset_compact,amc12a_2016_p3,0,True,True,False,0.01914352,99593,53306,7350,11,0,False,0.028738599999999996
