file,file_sha256,book_sha256,id,section,content,helpful,harmful,observed_prompt_cells,observed_prompt_requests,limitation
experiments/playbooks/ace_digest_table.yaml,ca62b40ba633e3c6b3954609f77cb2d1b0688e65a716627b9a7dd08a70473915,ca62b40ba633e3c6b3954609f77cb2d1b0688e65a716627b9a7dd08a70473915,rocq-00001,pitfalls,"`norm_num` does not exist in this environment (rejected 17 times on this benchmark). The replacements that the verifier then accepted started with: `apply` (3), `lra` (2), `reflexivity` (2).",0,0,80,1224,Exact default-render matches only; alternate rendering/citation wrappers can undercount. Exposure does not establish use or correctness.
experiments/playbooks/ace_digest_table.yaml,ca62b40ba633e3c6b3954609f77cb2d1b0688e65a716627b9a7dd08a70473915,ca62b40ba633e3c6b3954609f77cb2d1b0688e65a716627b9a7dd08a70473915,rocq-00002,pitfalls,"`positivity` does not exist in this environment (rejected 8 times on this benchmark). The replacements that the verifier then accepted started with: `assert` (5), `assert … by` (2).",0,0,80,1224,Exact default-render matches only; alternate rendering/citation wrappers can undercount. Exposure does not establish use or correctness.
experiments/playbooks/ace_digest_table.yaml,ca62b40ba633e3c6b3954609f77cb2d1b0688e65a716627b9a7dd08a70473915,ca62b40ba633e3c6b3954609f77cb2d1b0688e65a716627b9a7dd08a70473915,rocq-00003,pitfalls,"`omega` does not exist in this environment (rejected 8 times on this benchmark). The replacements that the verifier then accepted started with: `destruct` (2), `assert … by` (2), `intuition` (1).",0,0,80,1224,Exact default-render matches only; alternate rendering/citation wrappers can undercount. Exposure does not establish use or correctness.
experiments/playbooks/ace_digest_table.yaml,ca62b40ba633e3c6b3954609f77cb2d1b0688e65a716627b9a7dd08a70473915,ca62b40ba633e3c6b3954609f77cb2d1b0688e65a716627b9a7dd08a70473915,rocq-00004,pitfalls,`by_contra` does not exist in this environment (rejected 4 times on this benchmark). The replacements that the verifier then accepted started with: `destruct` (3).,0,0,80,1224,Exact default-render matches only; alternate rendering/citation wrappers can undercount. Exposure does not establish use or correctness.
experiments/playbooks/ace_digest_table.yaml,ca62b40ba633e3c6b3954609f77cb2d1b0688e65a716627b9a7dd08a70473915,ca62b40ba633e3c6b3954609f77cb2d1b0688e65a716627b9a7dd08a70473915,rocq-00005,pitfalls,"`interval_cases` does not exist in this environment (rejected 4 times on this benchmark). The replacements that the verifier then accepted started with: `destruct` (1), `repeat … in` (1).",0,0,80,1224,Exact default-render matches only; alternate rendering/citation wrappers can undercount. Exposure does not establish use or correctness.
experiments/playbooks/ace_digest_table.yaml,ca62b40ba633e3c6b3954609f77cb2d1b0688e65a716627b9a7dd08a70473915,ca62b40ba633e3c6b3954609f77cb2d1b0688e65a716627b9a7dd08a70473915,rocq-00006,pitfalls,"`functional_extensionality` does not exist in this environment (rejected 4 times on this benchmark). The replacements that the verifier then accepted started with: `apply` (2), `repeat` (1).",0,0,80,1224,Exact default-render matches only; alternate rendering/citation wrappers can undercount. Exposure does not establish use or correctness.
experiments/playbooks/ace_digest_table.yaml,ca62b40ba633e3c6b3954609f77cb2d1b0688e65a716627b9a7dd08a70473915,ca62b40ba633e3c6b3954609f77cb2d1b0688e65a716627b9a7dd08a70473915,rocq-00007,pitfalls,"When `ring` was rejected with 'not a valid ring equation', the replacements the verifier then accepted on this benchmark (6 repairs) started with: `assert … by` (3), `remember` (1), `assert` (1).",0,0,80,1224,Exact default-render matches only; alternate rendering/citation wrappers can undercount. Exposure does not establish use or correctness.
experiments/playbooks/ace_digest_table.yaml,ca62b40ba633e3c6b3954609f77cb2d1b0688e65a716627b9a7dd08a70473915,ca62b40ba633e3c6b3954609f77cb2d1b0688e65a716627b9a7dd08a70473915,rocq-00008,pitfalls,"When `apply`/`exact` was rejected with 'Unable to unify', the replacements the verifier then accepted on this benchmark (32 repairs) started with: `assert` (6), `rewrite` (5), `replace … by` (4).",0,0,80,1224,Exact default-render matches only; alternate rendering/citation wrappers can undercount. Exposure does not establish use or correctness.
experiments/playbooks/ace_noreflect.yaml,84bf574de33c1a44d2d6a1a11885f41daea7ab47f4a2c2789c5dff17bb291e09,84bf574de33c1a44d2d6a1a11885f41daea7ab47f4a2c2789c5dff17bb291e09,rocq-00001,lemmas,"`Rle_0_sqr r` proves nonnegativity of `r²` (the `Rsqr` notation, definitionally `r * r`); when the goal is `0 <= r ^ 2`, first assert `r ^ 2 = r * r` by `ring`, rewrite, and apply the lemma.",0,0,0,0,Exact default-render matches only; alternate rendering/citation wrappers can undercount. Exposure does not establish use or correctness.
experiments/playbooks/ace_noreflect.yaml,84bf574de33c1a44d2d6a1a11885f41daea7ab47f4a2c2789c5dff17bb291e09,84bf574de33c1a44d2d6a1a11885f41daea7ab47f4a2c2789c5dff17bb291e09,rocq-00002,tactics,"For a goal of the form `x <= x + s` from `Hs : 0 <= s`, generalize `x`, introduce it explicitly, use `apply Rle_trans with (x + 0)`, discharge `x <= x + 0` by `rewrite Rplus_0_r; reflexivity`, then apply `Rplus_le_compat_l` to `Hs`.",0,0,0,0,Exact default-render matches only; alternate rendering/citation wrappers can undercount. Exposure does not establish use or correctness.
experiments/playbooks/ace_noreflect.yaml,84bf574de33c1a44d2d6a1a11885f41daea7ab47f4a2c2789c5dff17bb291e09,84bf574de33c1a44d2d6a1a11885f41daea7ab47f4a2c2789c5dff17bb291e09,rocq-00003,tactics,"For polynomial inequalities supported by a square, assert `0 <= Rsqr t` using `Rle_0_sqr`, then `unfold Rsqr in H` before calling `nra`; `nra` may fail if asked to prove the square nonnegativity itself.",0,0,0,0,Exact default-render matches only; alternate rendering/citation wrappers can undercount. Exposure does not establish use or correctness.
experiments/playbooks/ace_noreflect.yaml,84bf574de33c1a44d2d6a1a11885f41daea7ab47f4a2c2789c5dff17bb291e09,84bf574de33c1a44d2d6a1a11885f41daea7ab47f4a2c2789c5dff17bb291e09,rocq-00004,tactics,"For a goal of the form `0 <= (x - y) * (x - y)`, apply `Rle_0_sqr` directly; the product-shaped square is accepted without first rewriting it to `Rsqr` or `x ^ 2`.",0,0,0,0,Exact default-render matches only; alternate rendering/citation wrappers can undercount. Exposure does not establish use or correctness.
experiments/playbooks/ace_noreflect.yaml,84bf574de33c1a44d2d6a1a11885f41daea7ab47f4a2c2789c5dff17bb291e09,84bf574de33c1a44d2d6a1a11885f41daea7ab47f4a2c2789c5dff17bb291e09,rocq-00005,lemmas,"`sqrt_def` proves `sqrt a * sqrt a = a` from `0 <= a`; for concrete nonnegative numerals such as `2`, apply `sqrt_def` and discharge the side condition with `lra`.",0,0,0,0,Exact default-render matches only; alternate rendering/citation wrappers can undercount. Exposure does not establish use or correctness.
experiments/playbooks/ace_noreflect.yaml,84bf574de33c1a44d2d6a1a11885f41daea7ab47f4a2c2789c5dff17bb291e09,84bf574de33c1a44d2d6a1a11885f41daea7ab47f4a2c2789c5dff17bb291e09,rocq-00006,tactics,"For identities involving reciprocals such as `x * (1 / (2 * x))`, use `field_simplify`; expect a generated side goal `x <> 0`, then solve the main polynomial equality with `ring` and provide the nonzero hypothesis explicitly with `exact hx0`.",0,0,0,0,Exact default-render matches only; alternate rendering/citation wrappers can undercount. Exposure does not establish use or correctness.
experiments/playbooks/ace_noreflect.yaml,84bf574de33c1a44d2d6a1a11885f41daea7ab47f4a2c2789c5dff17bb291e09,84bf574de33c1a44d2d6a1a11885f41daea7ab47f4a2c2789c5dff17bb291e09,rocq-00007,pitfalls,"When a theorem statement already binds its variables and hypotheses in the displayed goal, do not call `intros` on them again; Rocq reports errors such as “x is already used.”",0,0,0,0,Exact default-render matches only; alternate rendering/citation wrappers can undercount. Exposure does not establish use or correctness.
experiments/playbooks/ace_noreflect.yaml,84bf574de33c1a44d2d6a1a11885f41daea7ab47f4a2c2789c5dff17bb291e09,84bf574de33c1a44d2d6a1a11885f41daea7ab47f4a2c2789c5dff17bb291e09,rocq-00008,tactics,"For linear equalities over `C`, derive a variable by transitivity through a difference of the hypotheses (for example, `((2 * x + e) - (x + e))`), prove the algebraic identity with `ring`, then `rewrite` the hypotheses and finish with `ring`.",0,0,0,0,Exact default-render matches only; alternate rendering/citation wrappers can undercount. Exposure does not establish use or correctness.
experiments/playbooks/ace_noreflect.yaml,84bf574de33c1a44d2d6a1a11885f41daea7ab47f4a2c2789c5dff17bb291e09,84bf574de33c1a44d2d6a1a11885f41daea7ab47f4a2c2789c5dff17bb291e09,rocq-00009,tactics,"For a concrete `Rabs` goal whose argument is a rational arithmetic expression, first assert that the argument equals the intended numeral using `field`, then `rewrite` the assertion and apply `Rabs_right`.",0,0,0,0,Exact default-render matches only; alternate rendering/citation wrappers can undercount. Exposure does not establish use or correctness.
experiments/playbooks/ace_noreflect.yaml,84bf574de33c1a44d2d6a1a11885f41daea7ab47f4a2c2789c5dff17bb291e09,84bf574de33c1a44d2d6a1a11885f41daea7ab47f4a2c2789c5dff17bb291e09,rocq-00010,pitfalls,"In environments importing only `Reals`, `norm_num` may be unavailable; use `field` for closed rational equalities and `lra` for the resulting numerical nonnegativity side goals.",0,0,0,0,Exact default-render matches only; alternate rendering/citation wrappers can undercount. Exposure does not establish use or correctness.
experiments/playbooks/ace_noreflect.yaml,84bf574de33c1a44d2d6a1a11885f41daea7ab47f4a2c2789c5dff17bb291e09,84bf574de33c1a44d2d6a1a11885f41daea7ab47f4a2c2789c5dff17bb291e09,rocq-00011,lemmas,"For integer modular arguments, `Z.mod_pos_bound` gives `0 <= a mod b < b` from `0 < b`, while `Z.div_mod` gives `a = b * (a / b) + a mod b` from `b <> 0`; these support finite residue case splits.",0,0,0,0,Exact default-render matches only; alternate rendering/citation wrappers can undercount. Exposure does not establish use or correctness.
experiments/playbooks/ace_noreflect.yaml,84bf574de33c1a44d2d6a1a11885f41daea7ab47f4a2c2789c5dff17bb291e09,84bf574de33c1a44d2d6a1a11885f41daea7ab47f4a2c2789c5dff17bb291e09,rocq-00012,tactics,"To prove a square modulo a small positive integer has restricted residues, use `replace (a ^ 2) with (a * a) by ring`, bound `a mod n`, enumerate its values with `lia`, rewrite `a` using `Z.div_mod`, and simplify products with `Z.add_mod` and `Z.mul_mod`.",0,0,0,0,Exact default-render matches only; alternate rendering/citation wrappers can undercount. Exposure does not establish use or correctness.
experiments/playbooks/ace_noreflect.yaml,84bf574de33c1a44d2d6a1a11885f41daea7ab47f4a2c2789c5dff17bb291e09,84bf574de33c1a44d2d6a1a11885f41daea7ab47f4a2c2789c5dff17bb291e09,rocq-00013,pitfalls,"After `simpl` in integer modulo proofs, goals such as `0 mod 3 = 0` may remain; close them with `reflexivity` before starting the next bullet. In parser environments rejecting `change` or `set`, use `replace` and direct occurrences instead.",0,0,0,0,Exact default-render matches only; alternate rendering/citation wrappers can undercount. Exposure does not establish use or correctness.
experiments/playbooks/ace_noreflect.yaml,84bf574de33c1a44d2d6a1a11885f41daea7ab47f4a2c2789c5dff17bb291e09,84bf574de33c1a44d2d6a1a11885f41daea7ab47f4a2c2789c5dff17bb291e09,rocq-00014,lemmas,"`Nat.divide d x` unfolds to `exists q, x = q * d`; for concrete divisibility goals, provide an explicit witness with `exists` and finish the resulting product equality using `simpl` and arithmetic tactics such as `lia`.",0,0,0,0,Exact default-render matches only; alternate rendering/citation wrappers can undercount. Exposure does not establish use or correctness.
experiments/playbooks/ace_noreflect.yaml,84bf574de33c1a44d2d6a1a11885f41daea7ab47f4a2c2789c5dff17bb291e09,84bf574de33c1a44d2d6a1a11885f41daea7ab47f4a2c2789c5dff17bb291e09,rocq-00015,tactics,"For inductive goals of the form `forall n, exists k, P n = d * k` where the successor expansion adds a polynomial multiple of `d`, destruct the induction hypothesis, choose the witness obtained by adding the corresponding quotient term, then use `simpl in *; nia` to verify the successor equality.",0,0,0,0,Exact default-render matches only; alternate rendering/citation wrappers can undercount. Exposure does not establish use or correctness.
experiments/playbooks/ace_noreflect.yaml,84bf574de33c1a44d2d6a1a11885f41daea7ab47f4a2c2789c5dff17bb291e09,84bf574de33c1a44d2d6a1a11885f41daea7ab47f4a2c2789c5dff17bb291e09,rocq-00016,lemmas,"For natural-power successor steps, use `Nat.pow_add_r a b c`, which rewrites `a ^ (b + c)` as `a ^ b * a ^ c`; in this setting it exposes the factor `2^2 = 4` needed for `nia`.",0,0,0,0,Exact default-render matches only; alternate rendering/citation wrappers can undercount. Exposure does not establish use or correctness.
experiments/playbooks/ace_noreflect.yaml,84bf574de33c1a44d2d6a1a11885f41daea7ab47f4a2c2789c5dff17bb291e09,84bf574de33c1a44d2d6a1a11885f41daea7ab47f4a2c2789c5dff17bb291e09,rocq-00017,pitfalls,"When the constructed nat witness contains truncated subtraction such as `4 * k - 1`, destruct the induction quotient first: the `k = 0` case is usually contradictory from the induction equality, while the successor case makes the subtraction well behaved and lets `nia` finish.",0,0,0,0,Exact default-render matches only; alternate rendering/citation wrappers can undercount. Exposure does not establish use or correctness.
experiments/playbooks/ace_noreflect.yaml,84bf574de33c1a44d2d6a1a11885f41daea7ab47f4a2c2789c5dff17bb291e09,84bf574de33c1a44d2d6a1a11885f41daea7ab47f4a2c2789c5dff17bb291e09,rocq-00018,pitfalls,"Avoid `simpl in *` when hypotheses contain powers such as `10 ^ n`: it may unfold them into large repeated sums and make `nia` fail; preserve powers, prove a separate successor identity with `Nat.pow_add_r`, and use an explicit arithmetic assertion.",0,0,0,0,Exact default-render matches only; alternate rendering/citation wrappers can undercount. Exposure does not establish use or correctness.
experiments/playbooks/ace_noreflect.yaml,84bf574de33c1a44d2d6a1a11885f41daea7ab47f4a2c2789c5dff17bb291e09,84bf574de33c1a44d2d6a1a11885f41daea7ab47f4a2c2789c5dff17bb291e09,rocq-00019,lemmas,"`Nat.pow_lower_bound a b` proves `1 <= a ^ b` from `a <> 0`; for natural-number subtraction in an arithmetic divisibility step, assert this lower bound (discharging a concrete nonzero base with `discriminate`) so `nia` can reason about the truncated subtraction.",0,0,0,0,Exact default-render matches only; alternate rendering/citation wrappers can undercount. Exposure does not establish use or correctness.
experiments/playbooks/ace_noreflect.yaml,84bf574de33c1a44d2d6a1a11885f41daea7ab47f4a2c2789c5dff17bb291e09,84bf574de33c1a44d2d6a1a11885f41daea7ab47f4a2c2789c5dff17bb291e09,rocq-00020,lemmas,"In a minimal Nat environment, the successor-power identity is `PeanoNat.Nat.pow_succ_r' : a ^ S b = a * a ^ b`; use this namespaced lemma rather than searching for unavailable `Nat.pow_succ_r` or `Nat.pow_add_r`.",0,0,0,0,Exact default-render matches only; alternate rendering/citation wrappers can undercount. Exposure does not establish use or correctness.
experiments/playbooks/ace_noreflect.yaml,84bf574de33c1a44d2d6a1a11885f41daea7ab47f4a2c2789c5dff17bb291e09,84bf574de33c1a44d2d6a1a11885f41daea7ab47f4a2c2789c5dff17bb291e09,rocq-00021,tactics,"For nat induction conclusions containing truncated subtraction `2 ^ (n + 1) - (n + 2)`, first prove an auxiliary bound `forall m, m + 2 <= 2 ^ (m + 1)` by induction, rewriting the successor power with `PeanoNat.Nat.pow_succ_r'`; specialize the bound in the main step and let `nia` finish.",0,0,0,0,Exact default-render matches only; alternate rendering/citation wrappers can undercount. Exposure does not establish use or correctness.
experiments/playbooks/ace_noreflect.yaml,84bf574de33c1a44d2d6a1a11885f41daea7ab47f4a2c2789c5dff17bb291e09,84bf574de33c1a44d2d6a1a11885f41daea7ab47f4a2c2789c5dff17bb291e09,rocq-00022,lemmas,"For factorial successor steps in this environment, rewrite `fact (S n)` with `Rfunctions.fact_simpl`; common names such as `fact_succ` and `Nat.factorial_succ` are unavailable.",0,0,0,0,Exact default-render matches only; alternate rendering/citation wrappers can undercount. Exposure does not establish use or correctness.
experiments/playbooks/ace_noreflect.yaml,84bf574de33c1a44d2d6a1a11885f41daea7ab47f4a2c2789c5dff17bb291e09,84bf574de33c1a44d2d6a1a11885f41daea7ab47f4a2c2789c5dff17bb291e09,rocq-00023,pitfalls,"In minimal Nat environments, use the namespaced transitivity lemma `Nat.le_trans` rather than unqualified `le_trans`, which may not be in scope.",0,0,0,0,Exact default-render matches only; alternate rendering/citation wrappers can undercount. Exposure does not establish use or correctness.
experiments/playbooks/ace_noreflect.yaml,84bf574de33c1a44d2d6a1a11885f41daea7ab47f4a2c2789c5dff17bb291e09,84bf574de33c1a44d2d6a1a11885f41daea7ab47f4a2c2789c5dff17bb291e09,rocq-00024,tactics,"For closed integer arithmetic goals involving concrete powers and `mod`, try `vm_compute`; if it leaves a definitional equality, finish with `reflexivity`.",0,0,0,0,Exact default-render matches only; alternate rendering/citation wrappers can undercount. Exposure does not establish use or correctness.
experiments/playbooks/ace_noreflect.yaml,84bf574de33c1a44d2d6a1a11885f41daea7ab47f4a2c2789c5dff17bb291e09,84bf574de33c1a44d2d6a1a11885f41daea7ab47f4a2c2789c5dff17bb291e09,rocq-00025,lemmas,"`Nat.mod_divides a b` has type `b <> 0 -> (a mod b = 0 <-> exists c, a = b * c)`; provide the nonzero-modulus premise explicitly and use `proj1` or `proj2` rather than relying on unsupported `.1`/`.2` notation.",0,0,0,0,Exact default-render matches only; alternate rendering/citation wrappers can undercount. Exposure does not establish use or correctness.
experiments/playbooks/ace_noreflect.yaml,84bf574de33c1a44d2d6a1a11885f41daea7ab47f4a2c2789c5dff17bb291e09,84bf574de33c1a44d2d6a1a11885f41daea7ab47f4a2c2789c5dff17bb291e09,rocq-00026,pitfalls,"When proving an auxiliary bound by induction, assert it as `forall k, ...` and introduce `k` inside the assertion; otherwise induction may retain surrounding hypotheses and produce an induction hypothesis requiring those hypotheses as extra arguments.",0,0,0,0,Exact default-render matches only; alternate rendering/citation wrappers can undercount. Exposure does not establish use or correctness.
experiments/playbooks/ace_noreflect.yaml,84bf574de33c1a44d2d6a1a11885f41daea7ab47f4a2c2789c5dff17bb291e09,84bf574de33c1a44d2d6a1a11885f41daea7ab47f4a2c2789c5dff17bb291e09,rocq-00027,tactics,"For a Nat residue-cycle induction, rewrite successor powers with `Nat.pow_succ_r'`, distribute modulo with `Nat.mul_mod`, rewrite the induction hypothesis, then destruct the bounded residue `m mod d` and close each concrete branch with `simpl`/`reflexivity` (using `Nat.mod_small` when simplification leaves a nontrivial small modulo).",0,0,0,0,Exact default-render matches only; alternate rendering/citation wrappers can undercount. Exposure does not establish use or correctness.
experiments/playbooks/ace_noreflect.yaml,84bf574de33c1a44d2d6a1a11885f41daea7ab47f4a2c2789c5dff17bb291e09,84bf574de33c1a44d2d6a1a11885f41daea7ab47f4a2c2789c5dff17bb291e09,rocq-00028,lemmas,"For a divisibility hypothesis unfolded as Hq : x = q * d, rewrite Hq and apply Nat.mod_mul directly to prove x mod d = 0; do not commute q * d to d * q, since Nat.mod_mul matches the quotient factor followed by the modulus.",0,0,0,0,Exact default-render matches only; alternate rendering/citation wrappers can undercount. Exposure does not establish use or correctness.
experiments/playbooks/ace_noreflect.yaml,84bf574de33c1a44d2d6a1a11885f41daea7ab47f4a2c2789c5dff17bb291e09,84bf574de33c1a44d2d6a1a11885f41daea7ab47f4a2c2789c5dff17bb291e09,rocq-00029,tactics,"For bounded `nat` digit-style goals with hypotheses containing arithmetic equalities and products such as `a * b`, introduce the hypotheses and try `nia` directly; it can combine the bounds and equations to derive the target without manually rearranging the product.",0,0,0,0,Exact default-render matches only; alternate rendering/citation wrappers can undercount. Exposure does not establish use or correctness.
experiments/playbooks/ace_v1.yaml,30ffc40f13cb93490c2897618b107e89e8caf33241b0dde80c69b9ac8fa1e2f4,30ffc40f13cb93490c2897618b107e89e8caf33241b0dde80c69b9ac8fa1e2f4,rocq-00001,pitfalls,"When applying Rle_0_sqr to prove a real square is nonnegative, state the fact as 0 <= Rsqr t rather than 0 <= t ^ 2; unfold Rsqr before calling nra so the square becomes a polynomial expression.",4,0,0,0,Exact default-render matches only; alternate rendering/citation wrappers can undercount. Exposure does not establish use or correctness.
experiments/playbooks/ace_v1.yaml,30ffc40f13cb93490c2897618b107e89e8caf33241b0dde80c69b9ac8fa1e2f4,30ffc40f13cb93490c2897618b107e89e8caf33241b0dde80c69b9ac8fa1e2f4,rocq-00002,pitfalls,Do not rely on the generic `positivity` tactic for real-square nonnegativity when it is not in scope; use `Rle_0_sqr` on an assertion of the form `0 <= Rsqr t` instead.,0,0,0,0,Exact default-render matches only; alternate rendering/citation wrappers can undercount. Exposure does not establish use or correctness.
experiments/playbooks/ace_v1.yaml,30ffc40f13cb93490c2897618b107e89e8caf33241b0dde80c69b9ac8fa1e2f4,30ffc40f13cb93490c2897618b107e89e8caf33241b0dde80c69b9ac8fa1e2f4,rocq-00003,pitfalls,"When applying `sqrt_def` to rewrite `sqrt a * sqrt a`, first prove `0 <= a` and prefer `exact (sqrt_def a ha)` so the generated nonnegativity side goal is discharged explicitly.",0,0,0,0,Exact default-render matches only; alternate rendering/citation wrappers can undercount. Exposure does not establish use or correctness.
experiments/playbooks/ace_v1.yaml,30ffc40f13cb93490c2897618b107e89e8caf33241b0dde80c69b9ac8fa1e2f4,30ffc40f13cb93490c2897618b107e89e8caf33241b0dde80c69b9ac8fa1e2f4,rocq-00004,tactics,"For real identities involving `1 / d`, prove both `0 < d` and `d <> 0` separately, then use `field_simplify_eq; nra`; bare `field` may not close the resulting inverse assertion.",0,0,0,0,Exact default-render matches only; alternate rendering/citation wrappers can undercount. Exposure does not establish use or correctness.
experiments/playbooks/ace_v1.yaml,30ffc40f13cb93490c2897618b107e89e8caf33241b0dde80c69b9ac8fa1e2f4,30ffc40f13cb93490c2897618b107e89e8caf33241b0dde80c69b9ac8fa1e2f4,rocq-00005,pitfalls,"When the proof body is inserted after theorem binders have already been introduced, do not `intros` those variables again, since this causes name-collision errors.",0,0,0,0,Exact default-render matches only; alternate rendering/citation wrappers can undercount. Exposure does not establish use or correctness.
experiments/playbooks/ace_v1.yaml,30ffc40f13cb93490c2897618b107e89e8caf33241b0dde80c69b9ac8fa1e2f4,30ffc40f13cb93490c2897618b107e89e8caf33241b0dde80c69b9ac8fa1e2f4,rocq-00006,tactics,"For linear equalities over `C`, assert an algebraic rearrangement, discharge it with `ring`, rewrite the original hypotheses into the assertion, and finish numeral normalization with `ring`; use `{ ... }` when the assertion proof needs multiple tactics.",0,0,0,0,Exact default-render matches only; alternate rendering/citation wrappers can undercount. Exposure does not establish use or correctness.
experiments/playbooks/ace_v1.yaml,30ffc40f13cb93490c2897618b107e89e8caf33241b0dde80c69b9ac8fa1e2f4,30ffc40f13cb93490c2897618b107e89e8caf33241b0dde80c69b9ac8fa1e2f4,rocq-00007,tactics,"For a closed real expression under `Rabs`, first assert its exact numeral value and prove the assertion with `field`, rewrite the goal, then apply `Rabs_right` (or `Rabs_pos_eq`) and discharge the resulting nonnegativity side condition with `lra`.",0,0,0,0,Exact default-render matches only; alternate rendering/citation wrappers can undercount. Exposure does not establish use or correctness.
experiments/playbooks/ace_v1.yaml,30ffc40f13cb93490c2897618b107e89e8caf33241b0dde80c69b9ac8fa1e2f4,30ffc40f13cb93490c2897618b107e89e8caf33241b0dde80c69b9ac8fa1e2f4,rocq-00008,pitfalls,"Do not assume `norm_num` is available for closed real arithmetic when only `Reals` is imported; use an explicit equality proved by `field` instead, especially before simplifying `Rabs`.",0,0,0,0,Exact default-render matches only; alternate rendering/citation wrappers can undercount. Exposure does not establish use or correctness.
experiments/playbooks/ace_v1.yaml,30ffc40f13cb93490c2897618b107e89e8caf33241b0dde80c69b9ac8fa1e2f4,30ffc40f13cb93490c2897618b107e89e8caf33241b0dde80c69b9ac8fa1e2f4,rocq-00009,lemmas,"For an integer modulus classification, use `Z.mod_pos_bound` to establish `0 <= a mod n < n`, then use `lia` to derive the finite disjunction of possible residues; do not guess `omega` when it is not imported.",1,0,0,0,Exact default-render matches only; alternate rendering/citation wrappers can undercount. Exposure does not establish use or correctness.
experiments/playbooks/ace_v1.yaml,30ffc40f13cb93490c2897618b107e89e8caf33241b0dde80c69b9ac8fa1e2f4,30ffc40f13cb93490c2897618b107e89e8caf33241b0dde80c69b9ac8fa1e2f4,rocq-00010,lemmas,"To replace a modular power by the power of the residue, apply `Z.mod_pow_l` after `symmetry`, yielding a goal involving `(a mod n)^k mod n` that can be rewritten using the residue case.",1,0,0,0,Exact default-render matches only; alternate rendering/citation wrappers can undercount. Exposure does not establish use or correctness.
experiments/playbooks/ace_v1.yaml,30ffc40f13cb93490c2897618b107e89e8caf33241b0dde80c69b9ac8fa1e2f4,30ffc40f13cb93490c2897618b107e89e8caf33241b0dde80c69b9ac8fa1e2f4,rocq-00011,pitfalls,"After rewriting a modular square to a concrete residue, select the disjunct matching its value before `reflexivity`: residue `0` gives `0^2 mod 3 = 0` and requires `left`, while residues `1` and `2` give value `1` and require `right`.",0,1,0,0,Exact default-render matches only; alternate rendering/citation wrappers can undercount. Exposure does not establish use or correctness.
experiments/playbooks/ace_v1.yaml,30ffc40f13cb93490c2897618b107e89e8caf33241b0dde80c69b9ac8fa1e2f4,30ffc40f13cb93490c2897618b107e89e8caf33241b0dde80c69b9ac8fa1e2f4,rocq-00012,lemmas,"For `Nat.divide x y`, unfold or inspect the definition when unsure: the goal is `exists z, y = z * x`; provide the witness explicitly and finish the resulting natural-number equality with `simpl; ring` when appropriate.",3,0,0,0,Exact default-render matches only; alternate rendering/citation wrappers can undercount. Exposure does not establish use or correctness.
experiments/playbooks/ace_v1.yaml,30ffc40f13cb93490c2897618b107e89e8caf33241b0dde80c69b9ac8fa1e2f4,30ffc40f13cb93490c2897618b107e89e8caf33241b0dde80c69b9ac8fa1e2f4,rocq-00013,pitfalls,"Do not guess specialized introduction lemmas such as `Nat.divide_intro`; if a library lemma is uncertain, inspect the definition first, then destruct the natural-number cases and construct the existential witness directly.",4,0,0,0,Exact default-render matches only; alternate rendering/citation wrappers can undercount. Exposure does not establish use or correctness.
experiments/playbooks/ace_v1.yaml,30ffc40f13cb93490c2897618b107e89e8caf33241b0dde80c69b9ac8fa1e2f4,30ffc40f13cb93490c2897618b107e89e8caf33241b0dde80c69b9ac8fa1e2f4,rocq-00014,pitfalls,"For integer square case splits modulo 4, residues 0 and 2 yield square residue 0 while residues 1 and 3 yield square residue 1; after rewriting and `vm_compute`, use `vm_compute; reflexivity` because computation may leave a reflexive equality unfinished.",1,0,0,0,Exact default-render matches only; alternate rendering/citation wrappers can undercount. Exposure does not establish use or correctness.
experiments/playbooks/ace_v1.yaml,30ffc40f13cb93490c2897618b107e89e8caf33241b0dde80c69b9ac8fa1e2f4,30ffc40f13cb93490c2897618b107e89e8caf33241b0dde80c69b9ac8fa1e2f4,rocq-00015,tactics,"For inductive polynomial identities over `nat`, rewrite `S n` as `n + 1` with `replace ... by lia`, unfold powers in both the induction hypothesis and goal using `cbn [Nat.pow]`, then apply `nia`; provide the explicit existential witness before this normalization.",4,0,0,0,Exact default-render matches only; alternate rendering/citation wrappers can undercount. Exposure does not establish use or correctness.
experiments/playbooks/ace_v1.yaml,30ffc40f13cb93490c2897618b107e89e8caf33241b0dde80c69b9ac8fa1e2f4,30ffc40f13cb93490c2897618b107e89e8caf33241b0dde80c69b9ac8fa1e2f4,rocq-00016,pitfalls,"In nat divisibility proofs involving powers, do not construct witnesses with expressions such as `4*k - 1`, since truncated subtraction is not algebraically reliable; destruct the coefficient into `0` or `S k` and provide an explicit successor witness such as `S (S (S (4*k)))`, then normalize with `simpl in Hk |- *; nia`.",0,0,0,0,Exact default-render matches only; alternate rendering/citation wrappers can undercount. Exposure does not establish use or correctness.
experiments/playbooks/ace_v1.yaml,30ffc40f13cb93490c2897618b107e89e8caf33241b0dde80c69b9ac8fa1e2f4,30ffc40f13cb93490c2897618b107e89e8caf33241b0dde80c69b9ac8fa1e2f4,rocq-00017,lemmas,"To rule out a zero coefficient in an equality involving `2^e`, assert `2^e <> 0` with `Nat.pow_nonzero` (discharging the base case by `discriminate`), then use the resulting contradiction; keep exponent numerals and `replace` expressions explicitly in nat scope with `%nat`.",2,0,0,0,Exact default-render matches only; alternate rendering/citation wrappers can undercount. Exposure does not establish use or correctness.
experiments/playbooks/ace_v1.yaml,30ffc40f13cb93490c2897618b107e89e8caf33241b0dde80c69b9ac8fa1e2f4,30ffc40f13cb93490c2897618b107e89e8caf33241b0dde80c69b9ac8fa1e2f4,rocq-00018,tactics,"In Nat.divisibility inductions involving successor powers, avoid a fragile `change`; expose the power step with `replace (a ^ S (S n)) with (a * (a ^ S n)) by reflexivity`, then provide the explicit witness and give `nia` hypotheses such as `a ^ S n <> 0` or `0 < a ^ S n` when truncated subtraction is present.",1,0,0,0,Exact default-render matches only; alternate rendering/citation wrappers can undercount. Exposure does not establish use or correctness.
experiments/playbooks/ace_v1.yaml,30ffc40f13cb93490c2897618b107e89e8caf33241b0dde80c69b9ac8fa1e2f4,30ffc40f13cb93490c2897618b107e89e8caf33241b0dde80c69b9ac8fa1e2f4,rocq-00019,tactics,"For nat power goals whose exponent is written arithmetically, explicitly replace `n + 1 + 1` with `S (n + 1)` by `lia`, then use `simpl; reflexivity`; `cbn [Nat.pow]` alone may not expose the required successor-power equality.",0,0,0,0,Exact default-render matches only; alternate rendering/citation wrappers can undercount. Exposure does not establish use or correctness.
experiments/playbooks/ace_v1.yaml,30ffc40f13cb93490c2897618b107e89e8caf33241b0dde80c69b9ac8fa1e2f4,30ffc40f13cb93490c2897618b107e89e8caf33241b0dde80c69b9ac8fa1e2f4,rocq-00020,strategy,"When an auxiliary inequality is needed inside an induction but the asserted proposition depends on surrounding hypotheses, prove it first as a standalone universally quantified fact such as `forall m, m + 2 <= 2 ^ (m + 1)`; this keeps the induction hypothesis free of irrelevant implications.",0,0,0,0,Exact default-render matches only; alternate rendering/citation wrappers can undercount. Exposure does not establish use or correctness.
experiments/playbooks/ace_v1.yaml,30ffc40f13cb93490c2897618b107e89e8caf33241b0dde80c69b9ac8fa1e2f4,30ffc40f13cb93490c2897618b107e89e8caf33241b0dde80c69b9ac8fa1e2f4,rocq-00021,tactics,"For nat factorial inequalities proved by induction, after handling small successor cases, rewrite the current factorial with `Rfunctions.fact_simpl`, prove the successor square/product bound using `simpl; lia`, and finish with `Nat.le_trans` plus `Nat.mul_le_mono_l` applied to the induction hypothesis.",0,0,0,0,Exact default-render matches only; alternate rendering/citation wrappers can undercount. Exposure does not establish use or correctness.
experiments/playbooks/ace_v1.yaml,30ffc40f13cb93490c2897618b107e89e8caf33241b0dde80c69b9ac8fa1e2f4,30ffc40f13cb93490c2897618b107e89e8caf33241b0dde80c69b9ac8fa1e2f4,rocq-00022,pitfalls,"In successor factorial induction, specialize the induction hypothesis with a predecessor bound matching its exact shape (for example, prove `4 <= S (S (S (S k)))` before applying it); normalize nested successors and powers with `simpl` and use `lia` for the resulting arithmetic instead of relying on `nia` to infer nonlinear structure or guessing unavailable names such as `Nat.mul_le_mul_l`.",0,0,0,0,Exact default-render matches only; alternate rendering/citation wrappers can undercount. Exposure does not establish use or correctness.
experiments/playbooks/ace_v1.yaml,30ffc40f13cb93490c2897618b107e89e8caf33241b0dde80c69b9ac8fa1e2f4,30ffc40f13cb93490c2897618b107e89e8caf33241b0dde80c69b9ac8fa1e2f4,rocq-00023,tactics,"For closed `nat` arithmetic or modulo goals, use `vm_compute` to evaluate the expression and append `reflexivity` when computation exposes but does not automatically close the final equality.",1,0,0,0,Exact default-render matches only; alternate rendering/citation wrappers can undercount. Exposure does not establish use or correctness.
experiments/playbooks/ace_v1.yaml,30ffc40f13cb93490c2897618b107e89e8caf33241b0dde80c69b9ac8fa1e2f4,30ffc40f13cb93490c2897618b107e89e8caf33241b0dde80c69b9ac8fa1e2f4,rocq-00024,tactics,"In nat modular-arithmetic inductions, expose a successor power with `replace (a ^ S m) with (a * a ^ m) by reflexivity` before applying `Nat.mul_mod`; discharge the nonzero-modulus side condition with `discriminate`, then compute the concrete residue with `reflexivity`.",1,0,0,0,Exact default-render matches only; alternate rendering/citation wrappers can undercount. Exposure does not establish use or correctness.
experiments/playbooks/ace_v1.yaml,30ffc40f13cb93490c2897618b107e89e8caf33241b0dde80c69b9ac8fa1e2f4,30ffc40f13cb93490c2897618b107e89e8caf33241b0dde80c69b9ac8fa1e2f4,rocq-00025,lemmas,"For a hypothesis `Hdiv : Nat.divide d a`, use the checked equivalence `Nat.mod_divide` in the direction `proj2 (Nat.mod_divide a d ...)` to derive `a mod d = 0`; this is cleaner than destructing the existential witness.",0,0,0,0,Exact default-render matches only; alternate rendering/citation wrappers can undercount. Exposure does not establish use or correctness.
experiments/playbooks/ace_v1.yaml,30ffc40f13cb93490c2897618b107e89e8caf33241b0dde80c69b9ac8fa1e2f4,30ffc40f13cb93490c2897618b107e89e8caf33241b0dde80c69b9ac8fa1e2f4,rocq-00026,pitfalls,"Do not rewrite a divisibility witness such as `a = k * d` and expect `simpl` to prove `(k * d) mod d = 0` for arbitrary `k`; use `Nat.mod_divide`, then combine the resulting zero residue with `Nat.add_mod` for contradiction.",0,0,0,0,Exact default-render matches only; alternate rendering/citation wrappers can undercount. Exposure does not establish use or correctness.
experiments/playbooks/ace_v1.yaml,30ffc40f13cb93490c2897618b107e89e8caf33241b0dde80c69b9ac8fa1e2f4,30ffc40f13cb93490c2897618b107e89e8caf33241b0dde80c69b9ac8fa1e2f4,rocq-00027,strategy,"For proofs combining an auxiliary residue cycle with a later divisibility contradiction, establish the cycle first as a standalone `assert` with its own induction, introduce the divisibility hypothesis afterward, and isolate branches in braces or explicit goal selectors rather than fragile mixed `cut` bullets.",0,0,0,0,Exact default-render matches only; alternate rendering/citation wrappers can undercount. Exposure does not establish use or correctness.
experiments/playbooks/ace_v1.yaml,30ffc40f13cb93490c2897618b107e89e8caf33241b0dde80c69b9ac8fa1e2f4,30ffc40f13cb93490c2897618b107e89e8caf33241b0dde80c69b9ac8fa1e2f4,rocq-00028,tactics,"For bounded natural-number digit equations involving products such as `a * b`, introduce all implication hypotheses and try `nia` directly; bounds such as `1 <= a` often let it eliminate shared variables without manual rewriting or a separate nonzero proof.",0,0,0,0,Exact default-render matches only; alternate rendering/citation wrappers can undercount. Exposure does not establish use or correctness.
experiments/playbooks/ace_x3_mono.yaml,0e162d516b0b1b19ecdbd0e1274f7d0781ada826468d9d12482ae0ea0e5f6f74,0e162d516b0b1b19ecdbd0e1274f7d0781ada826468d9d12482ae0ea0e5f6f74,rocq-00598,strategy,"For a real quadratic bound obtained from an existential witness, introduce the quadratic function and its defining equation, destruct the existential to obtain x and its inequality, rewrite with the function equation, expose the square through Rsqr, and combine the resulting inequalities with lra; for 2*x^2 + 5*x + c <= 0, use (x + 5/4) to obtain c <= 25/8. State square nonnegativity as 0 <= Rsqr (x + 5/4), apply Rle_0_sqr, unfold Rsqr, distribute products over sums with Rmult_plus_distr_l and Rmult_plus_distr_r, and use lra.",0,0,80,1171,Exact default-render matches only; alternate rendering/citation wrappers can undercount. Exposure does not establish use or correctness.
experiments/playbooks/ace_x3_mono.yaml,0e162d516b0b1b19ecdbd0e1274f7d0781ada826468d9d12482ae0ea0e5f6f74,0e162d516b0b1b19ecdbd0e1274f7d0781ada826468d9d12482ae0ea0e5f6f74,rocq-00599,strategy,"For a concrete prime k under only ZArith and Znumtheory, use prime_intro: prove 1 < k, then prove forall n : Z, 1 <= n < k -> rel_prime n k by introducing n and its bound, splitting every bounded integer explicitly, and applying bezout_rel_prime with a concrete integer linear combination equal to 1.",0,0,80,1171,Exact default-render matches only; alternate rendering/citation wrappers can undercount. Exposure does not establish use or correctness.
experiments/playbooks/ace_x3_mono.yaml,0e162d516b0b1b19ecdbd0e1274f7d0781ada826468d9d12482ae0ea0e5f6f74,0e162d516b0b1b19ecdbd0e1274f7d0781ada826468d9d12482ae0ea0e5f6f74,rocq-00600,strategy,"For bounded natural variables in an exponential equation, derive finite bounds such as x <= 11 and y <= 7 using Nat.pow_le_mono_r_iff, use proj2 for the needed exponent implication, eliminate y = 7 separately, and reduce the remaining possibilities to finite numeral cases.",0,0,80,1171,Exact default-render matches only; alternate rendering/citation wrappers can undercount. Exposure does not establish use or correctness.
experiments/playbooks/ace_x3_mono.yaml,0e162d516b0b1b19ecdbd0e1274f7d0781ada826468d9d12482ae0ea0e5f6f74,0e162d516b0b1b19ecdbd0e1274f7d0781ada826468d9d12482ae0ea0e5f6f74,rocq-00601,strategy,"Before attempting an AM–GM proof, search the actually imported libraries for AMGM, AM_GM, Rle_geometric_mean, finite-sum, and finite-product theorems; if available, translate sum_n and prod_n to the theorem's representation, instantiate nonnegativity and the sum hypothesis, and handle n = 0 separately.",0,0,80,1171,Exact default-render matches only; alternate rendering/citation wrappers can undercount. Exposure does not establish use or correctness.
experiments/playbooks/ace_x3_mono.yaml,0e162d516b0b1b19ecdbd0e1274f7d0781ada826468d9d12482ae0ea0e5f6f74,0e162d516b0b1b19ecdbd0e1274f7d0781ada826468d9d12482ae0ea0e5f6f74,rocq-00602,strategy,"For a fixed-average product theorem, induction targeting prod_n a n <= 1 is too weak because deleting the final factor changes the prefix sum; use or prove a strengthened bound such as prod_n a n <= (sum_n a n / INR n)^n for positive n, with explicit zero cases, and generalize the sequence and hypotheses before induction.",0,0,80,1171,Exact default-render matches only; alternate rendering/citation wrappers can undercount. Exposure does not establish use or correctness.
experiments/playbooks/ace_x3_mono.yaml,0e162d516b0b1b19ecdbd0e1274f7d0781ada826468d9d12482ae0ea0e5f6f74,0e162d516b0b1b19ecdbd0e1274f7d0781ada826468d9d12482ae0ea0e5f6f74,rocq-00603,strategy,"For infinite descent, independently verify a descent lemma that preserves positivity and the lower bound while producing a strictly smaller value; test v = k, v > k, a < k, and a = k, and isolate any exceptional equality case before using well-founded induction.",0,0,80,1171,Exact default-render matches only; alternate rendering/citation wrappers can undercount. Exposure does not establish use or correctness.
experiments/playbooks/ace_x3_mono.yaml,0e162d516b0b1b19ecdbd0e1274f7d0781ada826468d9d12482ae0ea0e5f6f74,0e162d516b0b1b19ecdbd0e1274f7d0781ada826468d9d12482ae0ea0e5f6f74,rocq-00604,strategy,"For real goals containing Rabs (x) = 1 and reciprocal terms, split on the sign of the relevant expression, use Rabs_pos_eq or Rabs_left1 with the required orientation, prove nonzero denominators from positivity, and derive polynomial relations by explicitly multiplying by the nonzero variable; do not assume field_simplify or guessed reciprocal lemmas are available.",0,0,80,1171,Exact default-render matches only; alternate rendering/citation wrappers can undercount. Exposure does not establish use or correctness.
experiments/playbooks/ace_x3_mono.yaml,0e162d516b0b1b19ecdbd0e1274f7d0781ada826468d9d12482ae0ea0e5f6f74,0e162d516b0b1b19ecdbd0e1274f7d0781ada826468d9d12482ae0ea0e5f6f74,rocq-00605,strategy,"For a structured degree-five real inequality after Ravi substitution, define x, y, and z with pose, prove a = y + z, b = z + x, c = x + y and their positivity separately, assert the exact transformed polynomial or factored SOS identity with ring, and prove its nonnegativity using explicit Cauchy/SOS terms rather than generic nra.",0,0,80,1171,Exact default-render matches only; alternate rendering/citation wrappers can undercount. Exposure does not establish use or correctness.
experiments/playbooks/ace_x3_mono.yaml,0e162d516b0b1b19ecdbd0e1274f7d0781ada826468d9d12482ae0ea0e5f6f74,0e162d516b0b1b19ecdbd0e1274f7d0781ada826468d9d12482ae0ea0e5f6f74,rocq-00606,strategy,"For Sets.Ensembles finite-set constructions, retain the accepted pose chain and exists S17 construction, apply Union_is_finite exactly once per inserted element with Empty_is_finite at the base, and solve every generated ~ In side condition explicitly after inspecting Add/Empty membership definitions; a local helper lemma proved by induction on the built set is preferable to one undifferentiated block.",0,0,80,1171,Exact default-render matches only; alternate rendering/citation wrappers can undercount. Exposure does not establish use or correctness.
experiments/playbooks/ace_x3_mono.yaml,0e162d516b0b1b19ecdbd0e1274f7d0781ada826468d9d12482ae0ea0e5f6f74,0e162d516b0b1b19ecdbd0e1274f7d0781ada826468d9d12482ae0ea0e5f6f74,rocq-00607,strategy,"For a recurrence involving a nested real square root, introduce a, f, positivity of a, and the recurrence; prove Hlow by applying Hrec at t-a and combining the result with sqrt_pos using nra, prove Hupper pointwise from 0 <= Rsqr (f (t-a)-1/2), choose b = 2*a, rewrite t+2*a through two recurrence applications, and finish the period identity with sqrt_def, a checked ring identity, sqrt_pow2, and lra.",0,0,80,1171,Exact default-render matches only; alternate rendering/citation wrappers can undercount. Exposure does not establish use or correctness.
experiments/playbooks/ace_x3_mono.yaml,0e162d516b0b1b19ecdbd0e1274f7d0781ada826468d9d12482ae0ea0e5f6f74,0e162d516b0b1b19ecdbd0e1274f7d0781ada826468d9d12482ae0ea0e5f6f74,rocq-00608,strategy,"For any theorem containing nat subtraction in a difference such as c (m+i) - c k, test boundary values before induction: k=3, m=1, n=1, and c s := s*(s+1) satisfy the positivity, primality of 5, and 1+1<5 hypotheses but make the right product zero while the left product is 2. Repair the statement with an ordering hypothesis such as k < m+1 or use integer subtraction, then prove explicit divisibility lemmas rather than manufacturing witnesses with nia.",0,0,80,1171,Exact default-render matches only; alternate rendering/citation wrappers can undercount. Exposure does not establish use or correctness.
experiments/playbooks/ace_x3_mono.yaml,0e162d516b0b1b19ecdbd0e1274f7d0781ada826468d9d12482ae0ea0e5f6f74,0e162d516b0b1b19ecdbd0e1274f7d0781ada826468d9d12482ae0ea0e5f6f74,rocq-00609,lemmas,"For natural modular decomposition, Nat.div_mod_eq n 8 directly gives n = 8 * (n / 8) + n mod 8 without a nonzero-divisor premise.",0,0,80,1171,Exact default-render matches only; alternate rendering/citation wrappers can undercount. Exposure does not establish use or correctness.
experiments/playbooks/ace_x3_mono.yaml,0e162d516b0b1b19ecdbd0e1274f7d0781ada826468d9d12482ae0ea0e5f6f74,0e162d516b0b1b19ecdbd0e1274f7d0781ada826468d9d12482ae0ea0e5f6f74,rocq-00610,lemmas,"For a real product-zero factorization, first establish Hfac : x * y = 0 with nra or ring-based algebra, then use destruct (Rmult_integral _ _ Hfac) as [Hx | Hy] to obtain x = 0 or y = 0; use nra only after each root equality and all needed polynomial equations are in context, and do not guess names such as mul_eq_zero or Rmult_eq_zero.",0,0,80,1171,Exact default-render matches only; alternate rendering/citation wrappers can undercount. Exposure does not establish use or correctness.
experiments/playbooks/ace_x3_mono.yaml,0e162d516b0b1b19ecdbd0e1274f7d0781ada826468d9d12482ae0ea0e5f6f74,0e162d516b0b1b19ecdbd0e1274f7d0781ada826468d9d12482ae0ea0e5f6f74,rocq-00611,lemmas,"In the imported Reals logarithm library, the product rule is ln_mult, not ln_mul; use ln_mult with explicit positivity proofs, and use ln_pow for powers before simplifying logarithmic equations.",0,0,80,1171,Exact default-render matches only; alternate rendering/citation wrappers can undercount. Exposure does not establish use or correctness.
experiments/playbooks/ace_x3_mono.yaml,0e162d516b0b1b19ecdbd0e1274f7d0781ada826468d9d12482ae0ea0e5f6f74,0e162d516b0b1b19ecdbd0e1274f7d0781ada826468d9d12482ae0ea0e5f6f74,rocq-00612,tactics,"In the b = 2 branch with odd a, derive the three residue cases using Z.div_mod and Z.mod_pos_bound, then provide explicit divisibility witnesses for a, a + 2, or a - 2 as required.",0,0,80,1171,Exact default-render matches only; alternate rendering/citation wrappers can undercount. Exposure does not establish use or correctness.
experiments/playbooks/ace_x3_mono.yaml,0e162d516b0b1b19ecdbd0e1274f7d0781ada826468d9d12482ae0ea0e5f6f74,0e162d516b0b1b19ecdbd0e1274f7d0781ada826468d9d12482ae0ea0e5f6f74,rocq-00613,tactics,"For a bounded nat power equation, assert an explicit disjunction of numeral equalities with lia, destruct it using named nested bullets, and in every branch subst x; subst y or rewrite both equalities, then run simpl in Heq |- followed by lia.",0,0,80,1171,Exact default-render matches only; alternate rendering/citation wrappers can undercount. Exposure does not establish use or correctness.
experiments/playbooks/ace_x3_mono.yaml,0e162d516b0b1b19ecdbd0e1274f7d0781ada826468d9d12482ae0ea0e5f6f74,0e162d516b0b1b19ecdbd0e1274f7d0781ada826468d9d12482ae0ea0e5f6f74,rocq-00614,tactics,"For the exceptional y = 7 branch, use destruct (Nat.eq_dec y 7); in the equality branch run subst y; simpl in Heq; nia, and use lia in the other branch before deriving the finite cases.",0,0,80,1171,Exact default-render matches only; alternate rendering/citation wrappers can undercount. Exposure does not establish use or correctness.
experiments/playbooks/ace_x3_mono.yaml,0e162d516b0b1b19ecdbd0e1274f7d0781ada826468d9d12482ae0ea0e5f6f74,0e162d516b0b1b19ecdbd0e1274f7d0781ada826468d9d12482ae0ea0e5f6f74,rocq-00615,tactics,"For symbolic nat modulo consequences, rewrite n with Nat.div_mod_eq, rewrite the known remainder, explicitly instantiate Nat.mul_mod and Nat.add_mod, discharge nonzero-modulus premises with lia, reduce exact multiples with Nat.mod_same, and finish the concrete expression with cbn, simpl, easy, or reflexivity.",0,0,80,1171,Exact default-render matches only; alternate rendering/citation wrappers can undercount. Exposure does not establish use or correctness.
experiments/playbooks/ace_x3_mono.yaml,0e162d516b0b1b19ecdbd0e1274f7d0781ada826468d9d12482ae0ea0e5f6f74,0e162d516b0b1b19ecdbd0e1274f7d0781ada826468d9d12482ae0ea0e5f6f74,rocq-00616,tactics,"When a real arithmetic hypothesis contains a natural variable fixed by an equality, introduce the variables and hypotheses, use subst on the fixed natural variable, simplify the resulting hypothesis with simpl, and then invoke nra for the remaining concrete polynomial equalities over R.",0,0,80,1171,Exact default-render matches only; alternate rendering/citation wrappers can undercount. Exposure does not establish use or correctness.
experiments/playbooks/ace_x3_mono.yaml,0e162d516b0b1b19ecdbd0e1274f7d0781ada826468d9d12482ae0ea0e5f6f74,0e162d516b0b1b19ecdbd0e1274f7d0781ada826468d9d12482ae0ea0e5f6f74,rocq-00617,tactics,"For lt_wf_ind, inspect the displayed goal before introducing variables; solve or introduce any explicit natural-number argument first, then use a pattern such as induction k as [k H] using lt_wf_ind; intros Hk and apply H m Hmk Hmpos only once m < k and 0 < m are available.",0,0,80,1171,Exact default-render matches only; alternate rendering/citation wrappers can undercount. Exposure does not establish use or correctness.
experiments/playbooks/ace_x3_mono.yaml,0e162d516b0b1b19ecdbd0e1274f7d0781ada826468d9d12482ae0ea0e5f6f74,0e162d516b0b1b19ecdbd0e1274f7d0781ada826468d9d12482ae0ea0e5f6f74,rocq-00618,tactics,"For reciprocal absolute-value branches, derive Ha0 or Hb0 from positivity with lra, split on Rle_lt_dec 0 (a - 1 / a) or the analogous expression, rewrite the absolute value with the correctly oriented Rabs lemma, assert x * (1 / x) = 1 by (field; exact Hx0), distribute with Rmult_minus_distr_l, and use nra.",0,0,80,1171,Exact default-render matches only; alternate rendering/citation wrappers can undercount. Exposure does not establish use or correctness.
experiments/playbooks/ace_x3_mono.yaml,0e162d516b0b1b19ecdbd0e1274f7d0781ada826468d9d12482ae0ea0e5f6f74,0e162d516b0b1b19ecdbd0e1274f7d0781ada826468d9d12482ae0ea0e5f6f74,rocq-00619,tactics,"In equal-sign absolute-value branches, prove a factored difference such as (a - b) * (a + b - 1) = 0 and positivity of the second factor, then use nra; in opposite-sign branches derive (a + b) * (a + b) = 5, prove 0 <= a + b with lra, and conclude a + b = sqrt 5 using the square equation and sqrt positivity.",0,0,80,1171,Exact default-render matches only; alternate rendering/citation wrappers can undercount. Exposure does not establish use or correctness.
experiments/playbooks/ace_x3_mono.yaml,0e162d516b0b1b19ecdbd0e1274f7d0781ada826468d9d12482ae0ea0e5f6f74,0e162d516b0b1b19ecdbd0e1274f7d0781ada826468d9d12482ae0ea0e5f6f74,rocq-00620,tactics,"For Sets.Ensembles cardinality, apply card_add exactly 17 times, supply the same explicit nonmembership proofs used for finiteness, use card_empty at the base, and finish by simplifying or normalizing the successor chain to Z.to_nat 17 = 17; search or Check membership and cardinality definitions before committing to repeated obligations.",0,0,80,1171,Exact default-render matches only; alternate rendering/citation wrappers can undercount. Exposure does not establish use or correctness.
experiments/playbooks/ace_x3_mono.yaml,0e162d516b0b1b19ecdbd0e1274f7d0781ada826468d9d12482ae0ea0e5f6f74,0e162d516b0b1b19ecdbd0e1274f7d0781ada826468d9d12482ae0ea0e5f6f74,rocq-00621,tactics,"For posed real abbreviations involving PI and division, use pose (x := PI / 7) rather than unsupported set syntax; derive 3 / 2 < PI / 2 with PI2_3_2 and assert Hpi : 0 < PI by nra. For identities such as 5*x = PI - 2*x or 6*x = PI - x use (unfold x; field), prefer apply Rtrigo_facts.sin_pi_minus for universally quantified sine identities, use sin_gt_0 for positivity, and finish angle identities with ring and nra.",0,0,80,1171,Exact default-render matches only; alternate rendering/citation wrappers can undercount. Exposure does not establish use or correctness.
experiments/playbooks/ace_x3_mono.yaml,0e162d516b0b1b19ecdbd0e1274f7d0781ada826468d9d12482ae0ea0e5f6f74,0e162d516b0b1b19ecdbd0e1274f7d0781ada826468d9d12482ae0ea0e5f6f74,rocq-00622,tactics,"For a natural-number polynomial equation such as 3 * b^2 + 2 * b + 1 = 57, introduce b, its positivity, and the equation, run simpl in Heq to expose multiplication underlying b^2, and use nia; unlike lia, nia can combine the normalized nonlinear equation with positivity and eliminate the nonpositive algebraic root.",0,0,80,1171,Exact default-render matches only; alternate rendering/citation wrappers can undercount. Exposure does not establish use or correctness.
experiments/playbooks/ace_x3_mono.yaml,0e162d516b0b1b19ecdbd0e1274f7d0781ada826468d9d12482ae0ea0e5f6f74,0e162d516b0b1b19ecdbd0e1274f7d0781ada826468d9d12482ae0ea0e5f6f74,rocq-00623,tactics,"For logarithmic equations, introduce x, y, and all hypotheses; prove powers positive with exact (pow_lt y 3 Hy) and exact (pow_lt x 2 Hx); rewrite products using ln_mult and powers using ln_pow, simplify, and use lra to derive the linear equations and solve the target after rewriting ln (x * y) with ln_mult.",0,0,80,1171,Exact default-render matches only; alternate rendering/citation wrappers can undercount. Exposure does not establish use or correctness.
experiments/playbooks/ace_x3_mono.yaml,0e162d516b0b1b19ecdbd0e1274f7d0781ada826468d9d12482ae0ea0e5f6f74,0e162d516b0b1b19ecdbd0e1274f7d0781ada826468d9d12482ae0ea0e5f6f74,rocq-00624,tactics,"For real square-root algebra, state square nonnegativity as 0 <= Rsqr x, apply Rle_0_sqr, and unfold Rsqr; for sqrt identities use Rsqr_sqrt with an explicit 0 <= t hypothesis, sqrt_le_1_alt for comparing square roots, sqrt_square after rewriting 1/4 as (1/2)*(1/2), and sqrt_pow2 for squares.",0,0,80,1171,Exact default-render matches only; alternate rendering/citation wrappers can undercount. Exposure does not establish use or correctness.
experiments/playbooks/ace_x3_mono.yaml,0e162d516b0b1b19ecdbd0e1274f7d0781ada826468d9d12482ae0ea0e5f6f74,0e162d516b0b1b19ecdbd0e1274f7d0781ada826468d9d12482ae0ea0e5f6f74,rocq-00625,tactics,"In the recurrence proof, explicitly specialize every universal bound with pose proof (Hlow t) and pose proof (Hupper t) before nra; establish radicand nonnegativity only after posing these bounds, use Rmult_le_pos or nra, state 0 <= Rsqr (f (t-a)-1/2), apply Rle_0_sqr, unfold Rsqr, and prove sqrt (1/4) = 1/2 by sqrt_square plus lra for the side condition.",0,0,80,1171,Exact default-render matches only; alternate rendering/citation wrappers can undercount. Exposure does not establish use or correctness.
experiments/playbooks/ace_x3_mono.yaml,0e162d516b0b1b19ecdbd0e1274f7d0781ada826468d9d12482ae0ea0e5f6f74,0e162d516b0b1b19ecdbd0e1274f7d0781ada826468d9d12482ae0ea0e5f6f74,rocq-00626,pitfalls,"Do not rely on interval_cases, norm_num, omega, or by_contra unless their imports and availability have been verified; otherwise use available lia/nia, explicit finite disjunctions, and simplification.",0,0,80,1171,Exact default-render matches only; alternate rendering/citation wrappers can undercount. Exposure does not establish use or correctness.
experiments/playbooks/ace_x3_mono.yaml,0e162d516b0b1b19ecdbd0e1274f7d0781ada826468d9d12482ae0ea0e5f6f74,0e162d516b0b1b19ecdbd0e1274f7d0781ada826468d9d12482ae0ea0e5f6f74,rocq-00627,pitfalls,"A deeply nested destructuring intro pattern may be invalid syntax; introduce variables and hypotheses in simple steps, then destruct each named disjunction with explicit bullets.",0,0,80,1171,Exact default-render matches only; alternate rendering/citation wrappers can undercount. Exposure does not establish use or correctness.
experiments/playbooks/ace_x3_mono.yaml,0e162d516b0b1b19ecdbd0e1274f7d0781ada826468d9d12482ae0ea0e5f6f74,0e162d516b0b1b19ecdbd0e1274f7d0781ada826468d9d12482ae0ea0e5f6f74,rocq-00628,pitfalls,"Lia does not solve symbolic powers or products involving powers, and equality hypotheses are not automatically substituted; rewrite or subst the equalities and run simpl in Heq |- before lia.",0,0,80,1171,Exact default-render matches only; alternate rendering/citation wrappers can undercount. Exposure does not establish use or correctness.
experiments/playbooks/ace_x3_mono.yaml,0e162d516b0b1b19ecdbd0e1274f7d0781ada826468d9d12482ae0ea0e5f6f74,0e162d516b0b1b19ecdbd0e1274f7d0781ada826468d9d12482ae0ea0e5f6f74,rocq-00629,pitfalls,"Do not guess division or modulus lemma names such as Nat.mod_add_div, and avoid bare or overly general rewrites with Nat.mul_mod and Nat.add_mod; check the imported library, use Nat.div_mod_eq, explicitly instantiate modular rewrites, and prevent broad simplification from unfolding nat modulo.",0,0,80,1171,Exact default-render matches only; alternate rendering/citation wrappers can undercount. Exposure does not establish use or correctness.
experiments/playbooks/ace_x3_mono.yaml,0e162d516b0b1b19ecdbd0e1274f7d0781ada826468d9d12482ae0ea0e5f6f74,0e162d516b0b1b19ecdbd0e1274f7d0781ada826468d9d12482ae0ea0e5f6f74,rocq-00630,pitfalls,"An induction hypothesis for sum_n a n = INR n cannot be applied after removing a successor factor, because the prefix sum is INR (S n) minus that factor; derive the correctly strengthened prefix statement.",0,0,80,1171,Exact default-render matches only; alternate rendering/citation wrappers can undercount. Exposure does not establish use or correctness.
experiments/playbooks/ace_x3_mono.yaml,0e162d516b0b1b19ecdbd0e1274f7d0781ada826468d9d12482ae0ea0e5f6f74,0e162d516b0b1b19ecdbd0e1274f7d0781ada826468d9d12482ae0ea0e5f6f74,rocq-00631,pitfalls,"Do not expect lra or nra to prove arbitrary-length product bounds involving recursive sums and products; polynomial automation cannot invent AM–GM, smoothing, or the required nonlinear successor inequality.",0,0,80,1171,Exact default-render matches only; alternate rendering/citation wrappers can undercount. Exposure does not establish use or correctness.
experiments/playbooks/ace_x3_mono.yaml,0e162d516b0b1b19ecdbd0e1274f7d0781ada826468d9d12482ae0ea0e5f6f74,0e162d516b0b1b19ecdbd0e1274f7d0781ada826468d9d12482ae0ea0e5f6f74,rocq-00632,pitfalls,"Do not apply lt_wf_ind blindly: it may first generate an explicit natural-number argument goal, and an invalid induction pattern can produce No product or a mismatched induction hypothesis.",0,0,80,1171,Exact default-render matches only; alternate rendering/citation wrappers can undercount. Exposure does not establish use or correctness.
experiments/playbooks/ace_x3_mono.yaml,0e162d516b0b1b19ecdbd0e1274f7d0781ada826468d9d12482ae0ea0e5f6f74,0e162d516b0b1b19ecdbd0e1274f7d0781ada826468d9d12482ae0ea0e5f6f74,rocq-00633,pitfalls,"When proving a strict inequality such as k < a, do not confuse a < k with k <= a; rule out equality separately and isolate a = k or v = k exceptional cases before asking lia for strictness.",0,0,80,1171,Exact default-render matches only; alternate rendering/citation wrappers can undercount. Exposure does not establish use or correctness.
experiments/playbooks/ace_x3_mono.yaml,0e162d516b0b1b19ecdbd0e1274f7d0781ada826468d9d12482ae0ea0e5f6f74,0e162d516b0b1b19ecdbd0e1274f7d0781ada826468d9d12482ae0ea0e5f6f74,rocq-00634,pitfalls,"Do not apply an induction hypothesis at an argument or with hypotheses of the wrong quantified type; verify the strict-smaller relation and every positivity or bound premise, and never replace an unfinished descent or induction proof with admit.",0,0,80,1171,Exact default-render matches only; alternate rendering/citation wrappers can undercount. Exposure does not establish use or correctness.
experiments/playbooks/ace_x3_mono.yaml,0e162d516b0b1b19ecdbd0e1274f7d0781ada826468d9d12482ae0ea0e5f6f74,0e162d516b0b1b19ecdbd0e1274f7d0781ada826468d9d12482ae0ea0e5f6f74,rocq-00635,pitfalls,"For Ravi-substituted inequalities, square facts such as 0 <= (x-y)^2 are useless until connected to the target by a checked identity; do not confuse hypotheses of type 0 <= t with real terms, and verify every proposed decomposition with ring before attempting the final inequality.",0,0,80,1171,Exact default-render matches only; alternate rendering/citation wrappers can undercount. Exposure does not establish use or correctness.
experiments/playbooks/ace_x3_mono.yaml,0e162d516b0b1b19ecdbd0e1274f7d0781ada826468d9d12482ae0ea0e5f6f74,0e162d516b0b1b19ecdbd0e1274f7d0781ada826468d9d12482ae0ea0e5f6f74,rocq-00636,pitfalls,"Do not guess logarithm lemma names or use an unavailable positivity tactic: the verified names are ln_mult and ln_pow, and explicit pow_lt applications provide power positivity.",0,0,80,1171,Exact default-render matches only; alternate rendering/citation wrappers can undercount. Exposure does not establish use or correctness.
experiments/playbooks/ace_x3_mono.yaml,0e162d516b0b1b19ecdbd0e1274f7d0781ada826468d9d12482ae0ea0e5f6f74,0e162d516b0b1b19ecdbd0e1274f7d0781ada826468d9d12482ae0ea0e5f6f74,rocq-00637,pitfalls,"After ln_pow and simpl, exact may fail because a coefficient remains syntactically as (1 + 1 + 1) * ln y rather than 3 * ln y; use lra to bridge equivalent real arithmetic expressions instead of relying on definitional normalization.",0,0,80,1171,Exact default-render matches only; alternate rendering/citation wrappers can undercount. Exposure does not establish use or correctness.
experiments/playbooks/ace_x3_mono.yaml,0e162d516b0b1b19ecdbd0e1274f7d0781ada826468d9d12482ae0ea0e5f6f74,0e162d516b0b1b19ecdbd0e1274f7d0781ada826468d9d12482ae0ea0e5f6f74,rocq-00638,pitfalls,"For goals containing nat subtraction, never assume c (m+i) - c k represents an integer difference: if m+i <= k it is truncated to zero, so test concrete boundary cases before attempting induction or division-witness construction.",0,0,80,1171,Exact default-render matches only; alternate rendering/citation wrappers can undercount. Exposure does not establish use or correctness.
experiments/playbooks/ace_x3_noreflect.yaml,ce233fe0477b3552a508cab61c058e3c1319398aded8899cce45eb5033c8a19a,ce233fe0477b3552a508cab61c058e3c1319398aded8899cce45eb5033c8a19a,rocq-00001,strategy,"For differences of recursively defined nat sums, prefer a general induction lemma relating the two sums rather than evaluating a large numeral. If simplification does not expose the recursive subterm, use `change` to display the successor recurrence explicitly; after rewriting, normalize the final addition and truncated subtraction with `PeanoNat.Nat.add_comm` and `PeanoNat.Nat.add_sub`.
",0,0,80,1236,Exact default-render matches only; alternate rendering/citation wrappers can undercount. Exposure does not establish use or correctness.
experiments/playbooks/ace_x3_noreflect.yaml,ce233fe0477b3552a508cab61c058e3c1319398aded8899cce45eb5033c8a19a,ce233fe0477b3552a508cab61c058e3c1319398aded8899cce45eb5033c8a19a,rocq-00002,pitfalls,"Do not use `vm_compute` or `native_compute` to solve goals involving symbolic data or large recursive computations. For symbolic coprimality, first reduce bounded hypotheses to explicit numeral cases and compute each concrete gcd (or apply a dedicated coprimality lemma); for large recursive sums, prove and use an induction lemma instead.
",0,0,80,1236,Exact default-render matches only; alternate rendering/citation wrappers can undercount. Exposure does not establish use or correctness.
experiments/playbooks/ace_x3_noreflect.yaml,ce233fe0477b3552a508cab61c058e3c1319398aded8899cce45eb5033c8a19a,ce233fe0477b3552a508cab61c058e3c1319398aded8899cce45eb5033c8a19a,rocq-00003,tactics,"When applying an arithmetic lemma fails because the goal uses a notation such as `t^2` instead of the lemma's explicit product form, restate or change the goal to the matching expression (for example, `0 <= t * t`), then let `nra` or `nia` discharge the resulting polynomial and nat-arithmetic obligations.
",0,0,80,1236,Exact default-render matches only; alternate rendering/citation wrappers can undercount. Exposure does not establish use or correctness.
experiments/playbooks/ace_x3_noreflect.yaml,ce233fe0477b3552a508cab61c058e3c1319398aded8899cce45eb5033c8a19a,ce233fe0477b3552a508cab61c058e3c1319398aded8899cce45eb5033c8a19a,rocq-00004,tactics,"For equations with symbolic nat powers, first derive finite bounds by splitting with `Nat.le_gt_cases` and using `Nat.pow_le_mono_r` plus the equation to show a fixed power is at most the right-hand side; after simplifying the fixed power, use `lia` to obtain bounds on the variables, destruct those bounded naturals with repeated `destruct`, and let simplification plus `lia` solve the resulting finite cases.
",0,0,80,1236,Exact default-render matches only; alternate rendering/citation wrappers can undercount. Exposure does not establish use or correctness.
experiments/playbooks/ace_x3_noreflect.yaml,ce233fe0477b3552a508cab61c058e3c1319398aded8899cce45eb5033c8a19a,ce233fe0477b3552a508cab61c058e3c1319398aded8899cce45eb5033c8a19a,rocq-00005,lemmas,"For symbolic goals involving a known remainder, use `Nat.div_mod n d Hd` to rewrite `n` as `d * (n / d) + n mod d`; regroup the result so a lemma such as `Nat.Div0.mod_add` can eliminate the multiple of the target modulus.
",0,0,80,1236,Exact default-render matches only; alternate rendering/citation wrappers can undercount. Exposure does not establish use or correctness.
experiments/playbooks/ace_x3_noreflect.yaml,ce233fe0477b3552a508cab61c058e3c1319398aded8899cce45eb5033c8a19a,ce233fe0477b3552a508cab61c058e3c1319398aded8899cce45eb5033c8a19a,rocq-00006,tactics,"For closed finite computations over `seq`, `filter`, and `fold_right` with a locally defined boolean predicate, use `cbn [definition]` to unfold the predicate and reduce the concrete data, then finish with `reflexivity`.
",0,0,80,1236,Exact default-render matches only; alternate rendering/citation wrappers can undercount. Exposure does not establish use or correctness.
experiments/playbooks/ace_x3_noreflect.yaml,ce233fe0477b3552a508cab61c058e3c1319398aded8899cce45eb5033c8a19a,ce233fe0477b3552a508cab61c058e3c1319398aded8899cce45eb5033c8a19a,rocq-00007,lemmas,"For modulo expressions of the form `(c * a + d) mod (c * b)` with `d < c`, use `Nat.Div0.add_mul_mod_distr_l` to remove the multiple of the modulus and reduce the result to `c * (a mod b) + d`. If rewriting fails because the modulus is represented as a numeral or as `c` rather than syntactically `c * b`, use `change` to expose the matching form; prefer this algebraic rewrite over `Nat.add_mod` when simplification would unfold `Nat.divmod`.
",0,0,80,1236,Exact default-render matches only; alternate rendering/citation wrappers can undercount. Exposure does not establish use or correctness.
experiments/playbooks/ace_x3_noreflect.yaml,ce233fe0477b3552a508cab61c058e3c1319398aded8899cce45eb5033c8a19a,ce233fe0477b3552a508cab61c058e3c1319398aded8899cce45eb5033c8a19a,rocq-00008,tactics,"For a rational equality `N / D = 0` left after `field_simplify`, first prove `D <> 0`, then apply `f_equal (fun z : R => z * D)` to obtain a numerator equation and run `field_simplify` on it. If the denominator's factored and expanded forms differ, use `replace` with `ring` before applying the nonzero proof.
",0,0,80,1236,Exact default-render matches only; alternate rendering/citation wrappers can undercount. Exposure does not establish use or correctness.
experiments/playbooks/ace_x3_noreflect.yaml,ce233fe0477b3552a508cab61c058e3c1319398aded8899cce45eb5033c8a19a,ce233fe0477b3552a508cab61c058e3c1319398aded8899cce45eb5033c8a19a,rocq-00009,tactics,"For a function specified by a pointwise affine equation such as `h0 : forall x, f x = a * x + b`, rewrite each concrete occurrence with `(h0 n)` in the hypotheses and goal, then use `lra` to solve the resulting linear real equations.
",0,0,80,1236,Exact default-render matches only; alternate rendering/citation wrappers can undercount. Exposure does not establish use or correctness.
experiments/playbooks/ace_x3_noreflect.yaml,ce233fe0477b3552a508cab61c058e3c1319398aded8899cce45eb5033c8a19a,ce233fe0477b3552a508cab61c058e3c1319398aded8899cce45eb5033c8a19a,rocq-00010,pitfalls,"For induction hypotheses guarded by a nat bound such as `(3 <= m)%nat`, split only the predecessor cases needed to isolate impossible small indices; derive successor-bound consequences with `lia` or explicit nat lemmas rather than using `repeat constructor`, which can decompose the inequality into unrelated lower-bound goals and cause focus errors.
",0,0,80,1236,Exact default-render matches only; alternate rendering/citation wrappers can undercount. Exposure does not establish use or correctness.
experiments/playbooks/ace_x3_noreflect.yaml,ce233fe0477b3552a508cab61c058e3c1319398aded8899cce45eb5033c8a19a,ce233fe0477b3552a508cab61c058e3c1319398aded8899cce45eb5033c8a19a,rocq-00011,tactics,"When `positivity` is unavailable for real powers, prove positivity of `(2 ^ n : R)` by induction on `n` using `simpl` and `nra`, then obtain positivity of its inverse with `Rinv_0_lt_compat`; avoid relying on unimported automation such as `positivity` or `field_simplify`.
",0,0,80,1236,Exact default-render matches only; alternate rendering/citation wrappers can undercount. Exposure does not establish use or correctness.
experiments/playbooks/ace_x3_noreflect.yaml,ce233fe0477b3552a508cab61c058e3c1319398aded8899cce45eb5033c8a19a,ce233fe0477b3552a508cab61c058e3c1319398aded8899cce45eb5033c8a19a,rocq-00012,tactics,"To prove a closed real coercion such as `INR 48 = 48` when direct reflexivity fails, repeatedly rewrite with `S_INR`, reduce `INR 0` by replacing it with `0` by reflexivity, then close the resulting additive identity with `ring`.
",0,0,80,1236,Exact default-render matches only; alternate rendering/citation wrappers can undercount. Exposure does not establish use or correctness.
experiments/playbooks/ace_x3_noreflect.yaml,ce233fe0477b3552a508cab61c058e3c1319398aded8899cce45eb5033c8a19a,ce233fe0477b3552a508cab61c058e3c1319398aded8899cce45eb5033c8a19a,rocq-00013,tactics,"For strong induction over naturals, use `induction n using lt_wf_ind` to obtain `H : forall m, m < n -> P m`; invoke `H` with explicit proofs of the strict bound and any additional side conditions instead of expecting an ordinary predecessor induction hypothesis.
",0,0,80,1236,Exact default-render matches only; alternate rendering/citation wrappers can undercount. Exposure does not establish use or correctness.
experiments/playbooks/ace_x3_noreflect.yaml,ce233fe0477b3552a508cab61c058e3c1319398aded8899cce45eb5033c8a19a,ce233fe0477b3552a508cab61c058e3c1319398aded8899cce45eb5033c8a19a,rocq-00014,tactics,"For nested positive real powers under `ln`, rewrite from the outside in: apply `ln_Rpower` to the outer power, use `ln_mult` only after supplying positivity of the whole inner product, then expose and rewrite the inner powers and products. Rewriting an inner logarithm before the outer steps may fail because the required subterm is not yet syntactically exposed.
",0,0,80,1236,Exact default-render matches only; alternate rendering/citation wrappers can undercount. Exposure does not establish use or correctness.
experiments/playbooks/ace_x3_noreflect.yaml,ce233fe0477b3552a508cab61c058e3c1319398aded8899cce45eb5033c8a19a,ce233fe0477b3552a508cab61c058e3c1319398aded8899cce45eb5033c8a19a,rocq-00015,tactics,"When clearing denominators in a real equation containing inverse expressions or a squared rational term, first use `change` to express the square as an explicit product (for example, `(x - 1 / x) * (x - 1 / x) = 1 * 1`), then run `field_simplify` in the hypothesis and discharge generated nonzero-denominator goals from the assumptions; finish the resulting polynomial equation with `nra`.
",0,0,80,1236,Exact default-render matches only; alternate rendering/citation wrappers can undercount. Exposure does not establish use or correctness.
experiments/playbooks/ace_x3_noreflect.yaml,ce233fe0477b3552a508cab61c058e3c1319398aded8899cce45eb5033c8a19a,ce233fe0477b3552a508cab61c058e3c1319398aded8899cce45eb5033c8a19a,rocq-00016,tactics,"For symbolic nat power equations with a common base satisfying `1 < a`, use targeted `replace` steps to rewrite composite bases, normalize nested and multiplied powers with `Nat.pow_mul_r` and `Nat.pow_add_r`, and apply `Nat.pow_inj_r`; prove its power-equality side condition separately and finish the resulting exponent equation with `lia`.
",0,0,80,1236,Exact default-render matches only; alternate rendering/citation wrappers can undercount. Exposure does not establish use or correctness.
experiments/playbooks/ace_x3_noreflect.yaml,ce233fe0477b3552a508cab61c058e3c1319398aded8899cce45eb5033c8a19a,ce233fe0477b3552a508cab61c058e3c1319398aded8899cce45eb5033c8a19a,rocq-00017,pitfalls,"Avoid broad `simpl` on hypotheses containing large symbolic nat powers, since expressions such as `10 ^ (x + 2 * (2 * x))` can cause a stack overflow. Prefer targeted rewrites and `replace`; when several `Nat.pow_inj_r` branches occur inside an assertion, enclose each branch in braces so the surrounding goal remains available.
",0,0,80,1236,Exact default-render matches only; alternate rendering/citation wrappers can undercount. Exposure does not establish use or correctness.
experiments/playbooks/ace_x3_noreflect.yaml,ce233fe0477b3552a508cab61c058e3c1319398aded8899cce45eb5033c8a19a,ce233fe0477b3552a508cab61c058e3c1319398aded8899cce45eb5033c8a19a,rocq-00018,tactics,"For a quadratic specification `hf : forall x, f x = x^2 + a*x + b` with roots at two distinct symbolic points, rewrite the root equations using `(hf root)`, use `nra` to derive a factored product, prove the difference of the roots is nonzero from distinctness, and eliminate that factor with `mul_eq_zero`.
",0,0,80,1236,Exact default-render matches only; alternate rendering/citation wrappers can undercount. Exposure does not establish use or correctness.
experiments/playbooks/ace_x3_noreflect.yaml,ce233fe0477b3552a508cab61c058e3c1319398aded8899cce45eb5033c8a19a,ce233fe0477b3552a508cab61c058e3c1319398aded8899cce45eb5033c8a19a,rocq-00019,lemmas,"In real trigonometric proofs, use `Rtrigo_facts.cos_pi_minus x` for `cos (PI - x) = - cos x`, `sin_PI_x x` for `sin (PI - x) = sin x`, and combine `sin_gt_0 x` with `PI_RGT_0` to establish positivity when `0 < x < PI`.
",0,0,80,1236,Exact default-render matches only; alternate rendering/citation wrappers can undercount. Exposure does not establish use or correctness.
experiments/playbooks/ace_x3_noreflect.yaml,ce233fe0477b3552a508cab61c058e3c1319398aded8899cce45eb5033c8a19a,ce233fe0477b3552a508cab61c058e3c1319398aded8899cce45eb5033c8a19a,rocq-00020,lemmas,"To prove `0 < ln a` for a concrete real `a` with `1 < a`, first derive `ln 1 < ln a` using `ln_increasing` with positivity of 1 and the inequality `1 < a`, then rewrite `ln_1`; applying `ln_increasing` directly to the goal `0 < ln a` does not unify.
",0,0,80,1236,Exact default-render matches only; alternate rendering/citation wrappers can undercount. Exposure does not establish use or correctness.
experiments/playbooks/ace_x3_noreflect.yaml,ce233fe0477b3552a508cab61c058e3c1319398aded8899cce45eb5033c8a19a,ce233fe0477b3552a508cab61c058e3c1319398aded8899cce45eb5033c8a19a,rocq-00021,tactics,"When a nat variable is constrained by an equality to a numeral, use `subst` to replace it, then `simpl` in the defining hypothesis to evaluate closed nat products, powers, and `INR` coercions; rewrite the target with that hypothesis and finish the resulting real polynomial arithmetic with `nra`.
",0,0,80,1236,Exact default-render matches only; alternate rendering/citation wrappers can undercount. Exposure does not establish use or correctness.
experiments/playbooks/ace_x3_noreflect.yaml,ce233fe0477b3552a508cab61c058e3c1319398aded8899cce45eb5033c8a19a,ce233fe0477b3552a508cab61c058e3c1319398aded8899cce45eb5033c8a19a,rocq-00022,lemmas,"For a nat arithmetic hypothesis containing a square, such as `H : 3 * b^2 + 2 * b + 1 = 57`, rewrite with `Nat.pow_2_r` to expose `b * b`; `nia` can then solve the resulting quadratic equation, while `change` may fail because the original and expanded expressions are not definitionally convertible.
",0,0,80,1236,Exact default-render matches only; alternate rendering/citation wrappers can undercount. Exposure does not establish use or correctness.
experiments/playbooks/ace_x3_noreflect.yaml,ce233fe0477b3552a508cab61c058e3c1319398aded8899cce45eb5033c8a19a,ce233fe0477b3552a508cab61c058e3c1319398aded8899cce45eb5033c8a19a,rocq-00023,pitfalls,"When constructing a Z divisibility witness from `Z.Even`, the generated equality may be oriented as `p = 2 * r` while the divisibility goal expects `p = r * 2`; rewrite using the equality and finish the commutative rearrangement with `ring` rather than applying the equality directly.
",0,0,80,1236,Exact default-render matches only; alternate rendering/citation wrappers can undercount. Exposure does not establish use or correctness.
experiments/playbooks/ace_x3_noreflect.yaml,ce233fe0477b3552a508cab61c058e3c1319398aded8899cce45eb5033c8a19a,ce233fe0477b3552a508cab61c058e3c1319398aded8899cce45eb5033c8a19a,rocq-00024,tactics,"For finite Ensembles built from nested `Add`, unfold membership explicitly and destruct each `Union`/`Singleton` branch rather than relying on broad repeated destructs; for cardinality, first prove the required set equality with `Extensionality_Ensembles`, then unfold `Same_set` and `Included` and apply `card_add` successively, proving each new element is absent from the preceding set and closing with `card_empty`.
",0,0,80,1236,Exact default-render matches only; alternate rendering/citation wrappers can undercount. Exposure does not establish use or correctness.
experiments/playbooks/ace_x3_noreflect.yaml,ce233fe0477b3552a508cab61c058e3c1319398aded8899cce45eb5033c8a19a,ce233fe0477b3552a508cab61c058e3c1319398aded8899cce45eb5033c8a19a,rocq-00025,lemmas,"For real square-root goals, use `sqrt_pos` for `0 <= sqrt t`, `sqrt_neg_0` when `t <= 0`, `sqrt_def` to derive `sqrt t * sqrt t = t` from `0 <= t`, and `sqrt_square` to simplify `sqrt (u * u)` after proving `0 <= u`.
",0,0,80,1236,Exact default-render matches only; alternate rendering/citation wrappers can undercount. Exposure does not establish use or correctness.
experiments/playbooks/ace_x3_noreflect.yaml,ce233fe0477b3552a508cab61c058e3c1319398aded8899cce45eb5033c8a19a,ce233fe0477b3552a508cab61c058e3c1319398aded8899cce45eb5033c8a19a,rocq-00026,pitfalls,"For divisibility statements about recursively defined products, do not assume the induction witness can be reused or simply multiplied by the next factor: from `A * d = B`, the step to `A * a * d' = B * b` additionally requires a divisibility relation between `a` and `b`, which is not generally available. Prove a global product-divisibility invariant instead, or construct the new witness using an explicit divisibility lemma.
",0,0,80,1236,Exact default-render matches only; alternate rendering/citation wrappers can undercount. Exposure does not establish use or correctness.
experiments/playbooks/ace_x3_noreflect.yaml,ce233fe0477b3552a508cab61c058e3c1319398aded8899cce45eb5033c8a19a,ce233fe0477b3552a508cab61c058e3c1319398aded8899cce45eb5033c8a19a,rocq-00027,tactics,"When an induction hypothesis has `prod_from_1_to c (S n) * d` but the goal has the expanded form `prod_from_1_to c n * c (S n) * d`, first expose `prod_from_1_to` with `cbn [prod_from_1_to]` and use `replace` or an explicit recurrence equality to reassociate the products; `rewrite Hd` alone fails because the induction-hypothesis left-hand side is not syntactically present.
",0,0,80,1236,Exact default-render matches only; alternate rendering/citation wrappers can undercount. Exposure does not establish use or correctness.
experiments/playbooks/ace_x3_offline.yaml,1e4aec7dbbe80e7a320db17a7c18fe0859bfc00898837c297be248a05dbde067,1e4aec7dbbe80e7a320db17a7c18fe0859bfc00898837c297be248a05dbde067,rocq-00001,pitfalls,"When `Hf : forall x, f x = polynomial x` and `Hx : f x <= 0`, use `rewrite Hf in Hx` to expose the polynomial before invoking `nra`; merely specializing `Hf` does not connect it to `Hx`.
",5,0,1754,18240,Exact default-render matches only; alternate rendering/citation wrappers can undercount. Exposure does not establish use or correctness.
experiments/playbooks/ace_x3_offline.yaml,1e4aec7dbbe80e7a320db17a7c18fe0859bfc00898837c297be248a05dbde067,1e4aec7dbbe80e7a320db17a7c18fe0859bfc00898837c297be248a05dbde067,rocq-00002,tactics,"For an induction hypothesis relating recursive `sum_f` expressions, if `rewrite IH` fails after `simpl`, use `change` to expose the successor case explicitly as `sum_f ... n + f n = sum_f ... n + g n + S n`; then apply `rewrite IH; lia`.
",0,0,1754,18240,Exact default-render matches only; alternate rendering/citation wrappers can undercount. Exposure does not establish use or correctness.
experiments/playbooks/ace_x3_offline.yaml,1e4aec7dbbe80e7a320db17a7c18fe0859bfc00898837c297be248a05dbde067,1e4aec7dbbe80e7a320db17a7c18fe0859bfc00898837c297be248a05dbde067,rocq-00003,tactics,"For goals over `nat` with hypotheses such as `(n - 1) * n * (n + 1) = k` and a successor or exact-value conclusion, use `intros` followed by `nia`; it can handle the nonlinear products and truncated subtraction directly.
",4,3,1754,18240,Exact default-render matches only; alternate rendering/citation wrappers can undercount. Exposure does not establish use or correctness.
experiments/playbooks/ace_x3_offline.yaml,1e4aec7dbbe80e7a320db17a7c18fe0859bfc00898837c297be248a05dbde067,1e4aec7dbbe80e7a320db17a7c18fe0859bfc00898837c297be248a05dbde067,rocq-00004,tactics,"For closed `nat` equalities built from executable finite-list operations such as `seq`, `filter`, boolean predicates, and `fold_right`, try `vm_compute`; use `reflexivity` afterward if the resulting definitional equality is not closed automatically.
",1,1,1754,18240,Exact default-render matches only; alternate rendering/citation wrappers can undercount. Exposure does not establish use or correctness.
experiments/playbooks/ace_x3_offline.yaml,1e4aec7dbbe80e7a320db17a7c18fe0859bfc00898837c297be248a05dbde067,1e4aec7dbbe80e7a320db17a7c18fe0859bfc00898837c297be248a05dbde067,rocq-00005,pitfalls,"When applying a recurrence hypothesis whose predecessor uses truncated subtraction, first prove the exact natural-number equality (for example, `((2 * S k + 1) - 2)%nat = 2 * k + 1` by `simpl; lia`), then rewrite with that equality before applying the hypothesis so its indices unify.
",0,0,1754,18240,Exact default-render matches only; alternate rendering/citation wrappers can undercount. Exposure does not establish use or correctness.
experiments/playbooks/ace_x3_offline.yaml,1e4aec7dbbe80e7a320db17a7c18fe0859bfc00898837c297be248a05dbde067,1e4aec7dbbe80e7a320db17a7c18fe0859bfc00898837c297be248a05dbde067,rocq-00006,pitfalls,"Under an active `R_scope`, annotate natural-number indices, arithmetic, and order conditions with `%nat` (for example, `(1 < n)%nat`); reserve `INR` and unannotated arithmetic for real-valued conclusions to avoid coercion and comparison-type errors.
",6,0,1754,18240,Exact default-render matches only; alternate rendering/citation wrappers can undercount. Exposure does not establish use or correctness.
experiments/playbooks/ace_x3_offline.yaml,1e4aec7dbbe80e7a320db17a7c18fe0859bfc00898837c297be248a05dbde067,1e4aec7dbbe80e7a320db17a7c18fe0859bfc00898837c297be248a05dbde067,rocq-00007,lemmas,"For nat modulo goals, explicitly instantiate `Nat.div_mod_eq x y`; rewrite a hypothesis `x mod y = r` to obtain `x = y * (x / y) + r`, then use `nia` for the resulting arithmetic. When the dividend is normalized as `r + q * m`, use `Nat.Div0.mod_add` first and simplify the remaining `r mod m`.
",0,0,1754,18240,Exact default-render matches only; alternate rendering/citation wrappers can undercount. Exposure does not establish use or correctness.
experiments/playbooks/ace_x3_offline.yaml,1e4aec7dbbe80e7a320db17a7c18fe0859bfc00898837c297be248a05dbde067,1e4aec7dbbe80e7a320db17a7c18fe0859bfc00898837c297be248a05dbde067,rocq-00009,strategy,"For finite nonnegative real sequences with a fixed-sum product goal, prove the stronger normalized inequality `prod_n a n <= (sum_n a n / INR n)^n` first, preserving an arbitrary sum or average throughout the induction; specialize to `sum_n a n = INR n` only afterward.
",0,0,1754,18240,Exact default-render matches only; alternate rendering/citation wrappers can undercount. Exposure does not establish use or correctness.
experiments/playbooks/ace_x3_offline.yaml,1e4aec7dbbe80e7a320db17a7c18fe0859bfc00898837c297be248a05dbde067,1e4aec7dbbe80e7a320db17a7c18fe0859bfc00898837c297be248a05dbde067,rocq-00010,pitfalls,"Do not obtain a successor product bound by multiplying an induction hypothesis such as `prod_n a (S n) <= 1` by an arbitrary nonnegative factor: that factor may exceed `1`. An induction proof must retain a bound parameterized by the total sum or average.
",0,0,1754,18240,Exact default-render matches only; alternate rendering/citation wrappers can undercount. Exposure does not establish use or correctness.
experiments/playbooks/ace_x3_offline.yaml,1e4aec7dbbe80e7a320db17a7c18fe0859bfc00898837c297be248a05dbde067,1e4aec7dbbe80e7a320db17a7c18fe0859bfc00898837c297be248a05dbde067,rocq-00011,tactics,"Before using `nra` in AM-GM base or successor cases, unfold or rewrite the relevant `sum_n` and `prod_n` expressions, including base cases such as `sum_n a 0` and `prod_n a 1`, and prove any required `INR n <> 0` denominator condition; `nra` cannot reason through opaque recursive definitions or supply the global inequality.
",1,0,1754,18240,Exact default-render matches only; alternate rendering/citation wrappers can undercount. Exposure does not establish use or correctness.
experiments/playbooks/ace_x3_offline.yaml,1e4aec7dbbe80e7a320db17a7c18fe0859bfc00898837c297be248a05dbde067,1e4aec7dbbe80e7a320db17a7c18fe0859bfc00898837c297be248a05dbde067,rocq-00012,tactics,"For a real goal `0 <= t^2` where `Rle_0_sqr` does not unify directly, use `replace (t^2) with (t * t) by ring; apply Rle_0_sqr`; use `ring` separately for completing-square identities before finishing the resulting linear inequality with `lra`.
",2,0,1754,18240,Exact default-render matches only; alternate rendering/citation wrappers can undercount. Exposure does not establish use or correctness.
experiments/playbooks/ace_x3_offline.yaml,1e4aec7dbbe80e7a320db17a7c18fe0859bfc00898837c297be248a05dbde067,1e4aec7dbbe80e7a320db17a7c18fe0859bfc00898837c297be248a05dbde067,rocq-00013,lemmas,"For positivity of a recursive real product whose successor factor is `1 + / d`, prove `0 < d` with `Rmult_pos_pos`, obtain `0 < / d` via `Rinv_0_lt_compat`, prove the factor with `lra`, and finish the product with `apply Rmult_pos_pos; assumption`; `nra` does not infer positivity through opaque recursive products.
",0,0,1754,18240,Exact default-render matches only; alternate rendering/citation wrappers can undercount. Exposure does not establish use or correctness.
experiments/playbooks/ace_x3_offline.yaml,1e4aec7dbbe80e7a320db17a7c18fe0859bfc00898837c297be248a05dbde067,1e4aec7dbbe80e7a320db17a7c18fe0859bfc00898837c297be248a05dbde067,rocq-00014,lemmas,"For natural-number product bounds, use `Nat.mul_le_mono` to combine factor inequalities such as `3 <= y` and `2 <= z`, and use `Nat.mul_le_mono_nonneg_r` to multiply an established inequality by a nonnegative factor; provide the premises in the lemma's expected order instead of guessing a multiplication-monotonicity API.
",0,0,1754,18240,Exact default-render matches only; alternate rendering/citation wrappers can undercount. Exposure does not establish use or correctness.
experiments/playbooks/ace_x3_offline.yaml,1e4aec7dbbe80e7a320db17a7c18fe0859bfc00898837c297be248a05dbde067,1e4aec7dbbe80e7a320db17a7c18fe0859bfc00898837c297be248a05dbde067,rocq-00015,lemmas,"To lift a natural bound into `R`, expose the coercion and apply `le_INR`: for example, prove `2 <= INR c` with `change INR 2 <= INR c; apply le_INR; lia`; for strict positivity of a cast, apply `lt_0_INR` to the natural positivity hypothesis rather than using a nonexistent `.mpr` projection.
",1,0,1754,18240,Exact default-render matches only; alternate rendering/citation wrappers can undercount. Exposure does not establish use or correctness.
experiments/playbooks/ace_x3_offline.yaml,1e4aec7dbbe80e7a320db17a7c18fe0859bfc00898837c297be248a05dbde067,1e4aec7dbbe80e7a320db17a7c18fe0859bfc00898837c297be248a05dbde067,rocq-00016,pitfalls,"For real equations involving a single reciprocal `1 / x`, after proving `x <> 0`, multiply explicitly by `x` and expose the inverse identity with `unfold Rdiv` and `assert (x * / x = 1) by exact (Rinv_r x Hx)`; then use `ring` and `nra` on the resulting polynomial equation instead of relying on `field_simplify` to normalize it.
",0,0,1754,18240,Exact default-render matches only; alternate rendering/citation wrappers can undercount. Exposure does not establish use or correctness.
experiments/playbooks/ace_x3_offline.yaml,1e4aec7dbbe80e7a320db17a7c18fe0859bfc00898837c297be248a05dbde067,1e4aec7dbbe80e7a320db17a7c18fe0859bfc00898837c297be248a05dbde067,rocq-00017,tactics,"To turn `Rabs t = 1` into a sign disjunction, destruct `(Rle_or_lt 0 t)`; in the nonnegative branch rewrite with `Rabs_pos_eq t H`, and in the negative branch rewrite with `Rabs_left t H`, yielding `t = 1 \/ t = -1` by `lra`.
",0,0,1754,18240,Exact default-render matches only; alternate rendering/citation wrappers can undercount. Exposure does not establish use or correctness.
experiments/playbooks/ace_x3_offline.yaml,1e4aec7dbbe80e7a320db17a7c18fe0859bfc00898837c297be248a05dbde067,1e4aec7dbbe80e7a320db17a7c18fe0859bfc00898837c297be248a05dbde067,rocq-00018,pitfalls,"For bounded natural searches involving `Nat.lcm` or `Nat.gcd`, avoid broad `vm_compute`, `compute`, or `simpl [Nat.gcd]`, since recursive evaluation can stack-overflow; reduce only explicitly closed numeral cases, using `change` to expose a known numeral equality when needed.
",0,0,1754,18240,Exact default-render matches only; alternate rendering/citation wrappers can undercount. Exposure does not establish use or correctness.
experiments/playbooks/ace_x3_offline.yaml,1e4aec7dbbe80e7a320db17a7c18fe0859bfc00898837c297be248a05dbde067,1e4aec7dbbe80e7a320db17a7c18fe0859bfc00898837c297be248a05dbde067,rocq-00019,strategy,"When proving a least witness by finite exclusion, first split with `destruct (le_gt_dec bound m) as [Hge | Hlt]`; close the lower-bound branch immediately, handle the finitely many numeral cases explicitly under `Hlt`, and discharge any residual symbolic successor branch directly from `Hlt` rather than using blanket `all:` tactics or unstable numbered selectors.
",1,1,1754,18240,Exact default-render matches only; alternate rendering/citation wrappers can undercount. Exposure does not establish use or correctness.
experiments/playbooks/ace_x3_offline.yaml,1e4aec7dbbe80e7a320db17a7c18fe0859bfc00898837c297be248a05dbde067,1e4aec7dbbe80e7a320db17a7c18fe0859bfc00898837c297be248a05dbde067,rocq-00020,tactics,"For instantiated recurrence equations containing closed casts and natural sums, use `cbv [INR]` to evaluate the casts, then normalize each index explicitly with `replace (a + b)%nat with c%nat in H by reflexivity`; after these rewrites, `lra` can solve the resulting linear real-equation chain.
",0,1,1754,18240,Exact default-render matches only; alternate rendering/citation wrappers can undercount. Exposure does not establish use or correctness.
experiments/playbooks/ace_x3_offline.yaml,1e4aec7dbbe80e7a320db17a7c18fe0859bfc00898837c297be248a05dbde067,1e4aec7dbbe80e7a320db17a7c18fe0859bfc00898837c297be248a05dbde067,rocq-00021,tactics,"For an explicit `Ensemble` built from nested `Add`, first unfold `Add` and rewrite membership using the corresponding `Empty_set`, `Singleton`, and `Union` equivalences; once the resulting disjunctions and `False` cases are exposed, use `intuition; lia`. For cardinality, apply `card_add` layer by layer, prove each freshness premise by unfolding `In` and `Add` and inverting membership hypotheses, and finish the empty base with `card_empty`.
",1,0,1754,18240,Exact default-render matches only; alternate rendering/citation wrappers can undercount. Exposure does not establish use or correctness.
experiments/playbooks/ace_x3_offline.yaml,1e4aec7dbbe80e7a320db17a7c18fe0859bfc00898837c297be248a05dbde067,1e4aec7dbbe80e7a320db17a7c18fe0859bfc00898837c297be248a05dbde067,rocq-00022,lemmas,"For trigonometric goals involving complementary or doubled angles, use the library lemma with the exact goal orientation—such as `sin_PI_x` or `sin_2a`, rewriting with it before `reflexivity` when necessary. For positivity of `sin x`, apply `sin_gt_0` and prove the bounds `0 < x` and `x < PI` explicitly.
",0,0,1754,18240,Exact default-render matches only; alternate rendering/citation wrappers can undercount. Exposure does not establish use or correctness.
experiments/playbooks/ace_x3_offline.yaml,1e4aec7dbbe80e7a320db17a7c18fe0859bfc00898837c297be248a05dbde067,1e4aec7dbbe80e7a320db17a7c18fe0859bfc00898837c297be248a05dbde067,rocq-00023,lemmas,"For logarithmic inequalities and identities, derive `0 < ln a` from `1 < a` by applying `ln_increasing` to obtain `ln 1 < ln a` and rewriting with `ln_1`. For `ln (t ^ 2) = 2 * ln t`, use `ln_pow` with a proof that the base `t` is positive, normalize the casted exponent with `cbv [INR]`, and use the resulting instantiated equality directly.
",1,0,1754,18240,Exact default-render matches only; alternate rendering/citation wrappers can undercount. Exposure does not establish use or correctness.
experiments/playbooks/ace_x3_offline.yaml,1e4aec7dbbe80e7a320db17a7c18fe0859bfc00898837c297be248a05dbde067,1e4aec7dbbe80e7a320db17a7c18fe0859bfc00898837c297be248a05dbde067,rocq-00024,tactics,"For an unbounded quadratic equation over `nat` that `nia` cannot solve directly, split with `destruct (lt_dec b k)` to obtain a finite bound. In the other branch derive `k * k <= b * b` with `rewrite Nat.square_le_mono; lia`, then let `nia` derive the contradiction from the original equation.
",0,0,1754,18240,Exact default-render matches only; alternate rendering/citation wrappers can undercount. Exposure does not establish use or correctness.
experiments/playbooks/ace_x3_offline.yaml,1e4aec7dbbe80e7a320db17a7c18fe0859bfc00898837c297be248a05dbde067,1e4aec7dbbe80e7a320db17a7c18fe0859bfc00898837c297be248a05dbde067,rocq-00025,pitfalls,"A closed cast such as `INR 4` is not necessarily definitionally convertible to `(4 : R)`, so `change` may fail. First prove an explicit equality, for example with `cbv [INR]; ring`, and rewrite with that equality before applying real arithmetic.
",0,0,1754,18240,Exact default-render matches only; alternate rendering/citation wrappers can undercount. Exposure does not establish use or correctness.
experiments/playbooks/ace_x3_offline.yaml,1e4aec7dbbe80e7a320db17a7c18fe0859bfc00898837c297be248a05dbde067,1e4aec7dbbe80e7a320db17a7c18fe0859bfc00898837c297be248a05dbde067,rocq-00026,lemmas,"For a target or hypothesis containing `ln (a * b)`, explicitly rewrite it with `ln_mult a b Ha Hb` before calling `nra`; arithmetic automation does not expose this logarithmic product identity on its own.
",0,0,1754,18240,Exact default-render matches only; alternate rendering/citation wrappers can undercount. Exposure does not establish use or correctness.
experiments/playbooks/ace_x3_offline.yaml,1e4aec7dbbe80e7a320db17a7c18fe0859bfc00898837c297be248a05dbde067,1e4aec7dbbe80e7a320db17a7c18fe0859bfc00898837c297be248a05dbde067,rocq-00027,lemmas,"For real square-root goals, use `pow2_sqrt` to prove `sqrt t ^ 2 = t` from `0 <= t`, and use `sqrt_pow2` to prove `sqrt (t ^ 2) = t` from `0 <= t`; to compare a root with `1 / 2`, first rewrite `sqrt ((1 / 2 : R) ^ 2)` using `sqrt_pow2`, then apply `sqrt_le_1_alt`.
",0,0,1754,18240,Exact default-render matches only; alternate rendering/citation wrappers can undercount. Exposure does not establish use or correctness.
experiments/playbooks/ace_x3_offline_e3.yaml,d0d7ce24f6a6c7c0838140274271b5c705fc700def700eeda3e5b28353b1e016,d0d7ce24f6a6c7c0838140274271b5c705fc700def700eeda3e5b28353b1e016,rocq-00001,lemmas,"For a standalone square-nonnegativity fact over `R`, assert it explicitly with `assert (Hs : 0 <= (linear_expression)^2) by apply pow2_ge_0`; then let `nra` combine `Hs` with the polynomial hypotheses.
",15,0,80,1194,Exact default-render matches only; alternate rendering/citation wrappers can undercount. Exposure does not establish use or correctness.
experiments/playbooks/ace_x3_offline_e3.yaml,d0d7ce24f6a6c7c0838140274271b5c705fc700def700eeda3e5b28353b1e016,d0d7ce24f6a6c7c0838140274271b5c705fc700def700eeda3e5b28353b1e016,rocq-00002,tactics,"For recursive sums at large numerals, avoid unfolding with `cbv`; prove a general invariant by induction. If `rewrite IH` cannot find the recursive subterm after `simpl`, use `change` to expose exactly one successor layer while preserving recursive calls, then rewrite with `IH` and finish the arithmetic with `lia`.
",9,0,80,1194,Exact default-render matches only; alternate rendering/citation wrappers can undercount. Exposure does not establish use or correctness.
experiments/playbooks/ace_x3_offline_e3.yaml,d0d7ce24f6a6c7c0838140274271b5c705fc700def700eeda3e5b28353b1e016,d0d7ce24f6a6c7c0838140274271b5c705fc700def700eeda3e5b28353b1e016,rocq-00003,lemmas,"For integer parity goals, use `Zmod_even` to convert `Z.even x = true` or `false` into an explicit equation involving `x mod 2`; normalize sums with `Z.add_mod` (rewriting subtraction as addition of a negative term when needed) before calling `lia`, since `lia` does not normalize unreduced modulo expressions.
",2,0,80,1194,Exact default-render matches only; alternate rendering/citation wrappers can undercount. Exposure does not establish use or correctness.
experiments/playbooks/ace_x3_offline_e3.yaml,d0d7ce24f6a6c7c0838140274271b5c705fc700def700eeda3e5b28353b1e016,d0d7ce24f6a6c7c0838140274271b5c705fc700def700eeda3e5b28353b1e016,rocq-00005,lemmas,"To derive a nat remainder from another known remainder, first rewrite `n` using `Nat.div_mod_eq` as `k * (n / k) + n mod k`; substitute the known remainder, then distribute modulo with `Nat.add_mod` and `Nat.mul_mod` and discharge the resulting numerical side conditions, since `lia` does not itself eliminate unreduced expressions such as `n mod 8`.
",7,0,80,1194,Exact default-render matches only; alternate rendering/citation wrappers can undercount. Exposure does not establish use or correctness.
experiments/playbooks/ace_x3_offline_e3.yaml,d0d7ce24f6a6c7c0838140274271b5c705fc700def700eeda3e5b28353b1e016,d0d7ce24f6a6c7c0838140274271b5c705fc700def700eeda3e5b28353b1e016,rocq-00006,tactics,"For nat recurrences whose recursive calls decrease by different amounts, use `well_founded_induction_type Wf_nat.lt_wf` with a predicate quantified over the needed invariant or hypotheses, so the induction hypothesis applies to every smaller index; when the invariant is real-valued, write casts explicitly as `INR n`, rewrite successor casts with `S_INR`, and finish the arithmetic with `lra` or `nra`.
",2,2,80,1194,Exact default-render matches only; alternate rendering/citation wrappers can undercount. Exposure does not establish use or correctness.
experiments/playbooks/ace_x3_offline_e3.yaml,d0d7ce24f6a6c7c0838140274271b5c705fc700def700eeda3e5b28353b1e016,d0d7ce24f6a6c7c0838140274271b5c705fc700def700eeda3e5b28353b1e016,rocq-00007,pitfalls,"When `field_simplify in H` leaves a real hypothesis shaped like `P / D = 0`, do not pass it directly to `nra`; instead derive `Hmul : P / D * D = 0` with `pose proof (f_equal (fun z : R => z * D) H) as Hmul`, then run `field_simplify in Hmul` using `D <> 0` to obtain a polynomial equality.
",6,1,80,1194,Exact default-render matches only; alternate rendering/citation wrappers can undercount. Exposure does not establish use or correctness.
experiments/playbooks/ace_x3_offline_e3.yaml,d0d7ce24f6a6c7c0838140274271b5c705fc700def700eeda3e5b28353b1e016,d0d7ce24f6a6c7c0838140274271b5c705fc700def700eeda3e5b28353b1e016,rocq-00008,lemmas,"To prove a product of real denominators is nonzero, apply `Rmult_integral` recursively to split `A * B * C <> 0` into factor goals, then discharge each factor with its corresponding nonzero hypothesis.
",2,1,80,1194,Exact default-render matches only; alternate rendering/citation wrappers can undercount. Exposure does not establish use or correctness.
experiments/playbooks/ace_x3_offline_e3.yaml,d0d7ce24f6a6c7c0838140274271b5c705fc700def700eeda3e5b28353b1e016,d0d7ce24f6a6c7c0838140274271b5c705fc700def700eeda3e5b28353b1e016,rocq-00010,tactics,"For goals involving `f : R -> R` with `h0 : forall x, f x = a * x + b`, first rewrite `(h0 concrete_argument)` in each hypothesis and in the goal to eliminate `f`; then use `nra` on the resulting affine equations.
",4,0,80,1194,Exact default-render matches only; alternate rendering/citation wrappers can undercount. Exposure does not establish use or correctness.
experiments/playbooks/ace_x3_offline_e3.yaml,d0d7ce24f6a6c7c0838140274271b5c705fc700def700eeda3e5b28353b1e016,d0d7ce24f6a6c7c0838140274271b5c705fc700def700eeda3e5b28353b1e016,rocq-00011,tactics,"For a recurrence hypothesis such as `forall n, s (S (S n)) = s (S n) + s n` with concrete target and known indices, specialize it at each required predecessor numeral, run `simpl in` on the resulting hypotheses to normalize successor expressions, and finish the resulting finite real linear system with `lra` instead of using induction.
",4,0,80,1194,Exact default-render matches only; alternate rendering/citation wrappers can undercount. Exposure does not establish use or correctness.
experiments/playbooks/ace_x3_offline_e3.yaml,d0d7ce24f6a6c7c0838140274271b5c705fc700def700eeda3e5b28353b1e016,d0d7ce24f6a6c7c0838140274271b5c705fc700def700eeda3e5b28353b1e016,rocq-00012,strategy,"For recursive products with factors such as `1 + c / 2^m` that approach `1`, use an index-dependent induction invariant retaining the tail, for example `P m < B * (1 - q)` with `q := 1 / 2^m`; a fixed bound `P m < B` generally does not survive the successor multiplication.
",2,0,80,1194,Exact default-render matches only; alternate rendering/citation wrappers can undercount. Exposure does not establish use or correctness.
experiments/playbooks/ace_x3_offline_e3.yaml,d0d7ce24f6a6c7c0838140274271b5c705fc700def700eeda3e5b28353b1e016,d0d7ce24f6a6c7c0838140274271b5c705fc700def700eeda3e5b28353b1e016,rocq-00013,pitfalls,"In induction steps for recursive products containing multiplication or unevaluated divisions, do not call `lra` immediately. First expose the recursive factor, establish denominator nonzero and power/division bridge facts, and use multiplication monotonicity to apply the induction hypothesis; only then use `nra` on the resulting polynomial inequalities.
",2,0,80,1194,Exact default-render matches only; alternate rendering/citation wrappers can undercount. Exposure does not establish use or correctness.
experiments/playbooks/ace_x3_offline_e3.yaml,d0d7ce24f6a6c7c0838140274271b5c705fc700def700eeda3e5b28353b1e016,d0d7ce24f6a6c7c0838140274271b5c705fc700def700eeda3e5b28353b1e016,rocq-00014,tactics,"For real arithmetic goals mixing nat inequalities, `INR` casts, divisions, and products, first normalize casts and separately prove exact real bounds and positivity facts using cast lemmas, `S_INR`, or `exact_mod_cast`; clear divisions with an explicit multiplied equality and nonzero denominator facts, then invoke `nra` only on the resulting polynomial context.
",7,1,80,1194,Exact default-render matches only; alternate rendering/citation wrappers can undercount. Exposure does not establish use or correctness.
experiments/playbooks/ace_x3_offline_e3.yaml,d0d7ce24f6a6c7c0838140274271b5c705fc700def700eeda3e5b28353b1e016,d0d7ce24f6a6c7c0838140274271b5c705fc700def700eeda3e5b28353b1e016,rocq-00015,pitfalls,"From a real equation such as `u ^ 2 = 1`, do not expect `nra` to select a square-root branch. Factor it as `(u - 1) * (u + 1) = 0` and apply `Rmult_integral`, then use sign or other hypotheses to eliminate the undesired branch.
",8,0,80,1194,Exact default-render matches only; alternate rendering/citation wrappers can undercount. Exposure does not establish use or correctness.
experiments/playbooks/ace_x3_offline_e3.yaml,d0d7ce24f6a6c7c0838140274271b5c705fc700def700eeda3e5b28353b1e016,d0d7ce24f6a6c7c0838140274271b5c705fc700def700eeda3e5b28353b1e016,rocq-00016,tactics,"When using well-founded induction for a descent argument, include every needed side condition, such as `0 < m`, in the induction predicate so the hypothesis has the form `forall m, m < n -> 0 < m -> P m`; an induction hypothesis specialized only to the current positive index may not apply to recursive calls.
",2,0,80,1194,Exact default-render matches only; alternate rendering/citation wrappers can undercount. Exposure does not establish use or correctness.
experiments/playbooks/ace_x3_offline_e3.yaml,d0d7ce24f6a6c7c0838140274271b5c705fc700def700eeda3e5b28353b1e016,d0d7ce24f6a6c7c0838140274271b5c705fc700def700eeda3e5b28353b1e016,rocq-00017,pitfalls,"When exposing a power composition such as `1000 ^ 5 = (10 ^ 3) ^ 5`, replace the entire power expression with `replace (1000 ^ 5) with ((10 ^ 3) ^ 5) ... by reflexivity`; replacing only the base may evaluate the concrete power and destroy the structure needed by `rewrite <- (Nat.pow_mul_r 10 3 5)`.
",2,0,80,1194,Exact default-render matches only; alternate rendering/citation wrappers can undercount. Exposure does not establish use or correctness.
experiments/playbooks/ace_x3_offline_e3.yaml,d0d7ce24f6a6c7c0838140274271b5c705fc700def700eeda3e5b28353b1e016,d0d7ce24f6a6c7c0838140274271b5c705fc700def700eeda3e5b28353b1e016,rocq-00018,lemmas,"For equal powers over `nat`, apply `(Nat.pow_inj_r base)` to reduce the goal to exponent equality, then discharge the generated side condition `1 < base` (for example, with `lia` when `base` is 10) before supplying the exponent equality.
",2,0,80,1194,Exact default-render matches only; alternate rendering/citation wrappers can undercount. Exposure does not establish use or correctness.
experiments/playbooks/ace_x3_offline_e3.yaml,d0d7ce24f6a6c7c0838140274271b5c705fc700def700eeda3e5b28353b1e016,d0d7ce24f6a6c7c0838140274271b5c705fc700def700eeda3e5b28353b1e016,rocq-00019,tactics,"When specializing a hypothesis whose arguments are `nat` while `R_scope` is open, annotate concrete indices with `%nat` so overloaded numerals are inferred as naturals and match the hypothesis.
",8,0,80,1194,Exact default-render matches only; alternate rendering/citation wrappers can undercount. Exposure does not establish use or correctness.
experiments/playbooks/ace_x3_offline_e3.yaml,d0d7ce24f6a6c7c0838140274271b5c705fc700def700eeda3e5b28353b1e016,d0d7ce24f6a6c7c0838140274271b5c705fc700def700eeda3e5b28353b1e016,rocq-00020,lemmas,"For trigonometric products, derive `2 * sin x * cos y = sin (y + x) - sin (y - x)` by rewriting with `sin_plus` and `sin_minus` and closing with `ring`; instantiate this general identity at the needed angle pairs.
",2,0,80,1194,Exact default-render matches only; alternate rendering/citation wrappers can undercount. Exposure does not establish use or correctness.
experiments/playbooks/ace_x3_offline_e3.yaml,d0d7ce24f6a6c7c0838140274271b5c705fc700def700eeda3e5b28353b1e016,d0d7ce24f6a6c7c0838140274271b5c705fc700def700eeda3e5b28353b1e016,rocq-00021,tactics,"For side conditions `~ In U A x` when `A` is built with `Add`, unfold or simplify `Add`, `Union`, `Singleton`, and the relevant earlier set definitions to expose membership and equality cases; destruct those cases and close impossible integer equalities with `lia` or `discriminate`, handling `Empty_set` separately with `easy`.
",3,1,80,1194,Exact default-render matches only; alternate rendering/citation wrappers can undercount. Exposure does not establish use or correctness.
experiments/playbooks/ace_x3_offline_e3.yaml,d0d7ce24f6a6c7c0838140274271b5c705fc700def700eeda3e5b28353b1e016,d0d7ce24f6a6c7c0838140274271b5c705fc700def700eeda3e5b28353b1e016,rocq-00022,tactics,"For positive quotient goals such as `0 < a / (b * c)`, apply `Rdiv_pos_pos` with separate positivity proofs for the numerator and denominator rather than guessing a division lemma or relying on `positivity`.
",4,0,80,1194,Exact default-render matches only; alternate rendering/citation wrappers can undercount. Exposure does not establish use or correctness.
experiments/playbooks/ace_x3_offline_e3.yaml,d0d7ce24f6a6c7c0838140274271b5c705fc700def700eeda3e5b28353b1e016,d0d7ce24f6a6c7c0838140274271b5c705fc700def700eeda3e5b28353b1e016,rocq-00023,tactics,"For finite-set equalities built with `Add`, apply `Extensionality_Ensembles` and split the goal into two inclusions; simplify `Add`, `Union`, and `Singleton` once, then destruct the resulting finite disjunction explicitly instead of repeatedly inverting the original nested membership proof.
",2,0,80,1194,Exact default-render matches only; alternate rendering/citation wrappers can undercount. Exposure does not establish use or correctness.
experiments/playbooks/ace_x3_offline_e3.yaml,d0d7ce24f6a6c7c0838140274271b5c705fc700def700eeda3e5b28353b1e016,d0d7ce24f6a6c7c0838140274271b5c705fc700def700eeda3e5b28353b1e016,rocq-00024,lemmas,"To convert bounds on casts such as `4 < INR n` or `INR n < 13` into natural inequalities, use `INR_lt` in the appropriate direction and finish the resulting natural arithmetic with `lia`, rather than relying on unavailable cast automation.
",3,0,80,1194,Exact default-render matches only; alternate rendering/citation wrappers can undercount. Exposure does not establish use or correctness.
experiments/playbooks/ace_x3_offline_e3.yaml,d0d7ce24f6a6c7c0838140274271b5c705fc700def700eeda3e5b28353b1e016,d0d7ce24f6a6c7c0838140274271b5c705fc700def700eeda3e5b28353b1e016,rocq-00025,lemmas,"For logarithms of positive real factors, rewrite products with `ln_mult x y Hx Hy` and powers with `ln_pow x Hx n`; after `simpl` reduces numeric coefficients, use `lra` to solve the resulting linear equations.
",5,0,80,1194,Exact default-render matches only; alternate rendering/citation wrappers can undercount. Exposure does not establish use or correctness.
experiments/playbooks/ace_x3_offline_e3.yaml,d0d7ce24f6a6c7c0838140274271b5c705fc700def700eeda3e5b28353b1e016,d0d7ce24f6a6c7c0838140274271b5c705fc700def700eeda3e5b28353b1e016,rocq-00026,tactics,"For closed equalities of concrete numerals whose arithmetic reduces definitionally, try `reflexivity` first; it can normalize expressions such as `(1 + 2 + 7 + 14) = 24` without arithmetic lemmas or automation.
",14,0,80,1194,Exact default-render matches only; alternate rendering/citation wrappers can undercount. Exposure does not establish use or correctness.
experiments/playbooks/ace_x3_offline_e3.yaml,d0d7ce24f6a6c7c0838140274271b5c705fc700def700eeda3e5b28353b1e016,d0d7ce24f6a6c7c0838140274271b5c705fc700def700eeda3e5b28353b1e016,rocq-00027,lemmas,"For real square-root goals, prove radicand nonnegativity separately and use `sqrt_def` to obtain `sqrt r * sqrt r = r`, `sqrt_pow2 x H` to rewrite `sqrt (x ^ 2)` when `0 <= x`, and `sqrt_le_1_alt` to lift inequalities between nonnegative radicands to their square roots. When changing a radicand algebraically, first name an explicitly typed equality such as `assert (Hinner : new_radicand = old_expression) by nra`, then rewrite with it rather than relying on fragile `replace` syntax.
",6,0,80,1194,Exact default-render matches only; alternate rendering/citation wrappers can undercount. Exposure does not establish use or correctness.
experiments/playbooks/ace_x3_offline_e3.yaml,d0d7ce24f6a6c7c0838140274271b5c705fc700def700eeda3e5b28353b1e016,d0d7ce24f6a6c7c0838140274271b5c705fc700def700eeda3e5b28353b1e016,rocq-00029,tactics,"For nat equations containing truncated subtraction such as `n - 1`, destruct `n` before calling `nia`; simplify the `n = 0` branch and close contradictory hypotheses with `discriminate`, then simplify the successor branch so subtraction becomes ordinary arithmetic and let `nia` finish.
",1,0,80,1194,Exact default-render matches only; alternate rendering/citation wrappers can undercount. Exposure does not establish use or correctness.
experiments/playbooks/ace_x3_offline_e3.yaml,d0d7ce24f6a6c7c0838140274271b5c705fc700def700eeda3e5b28353b1e016,d0d7ce24f6a6c7c0838140274271b5c705fc700def700eeda3e5b28353b1e016,rocq-00030,pitfalls,"When an induction hypothesis proves `P < Q` but the target is `P < B`, do not apply it directly; use `Rlt_trans` with `Q` as the intermediate bound and prove `Q < B` separately, typically from reciprocal positivity and `nra`.
",1,0,80,1194,Exact default-render matches only; alternate rendering/citation wrappers can undercount. Exposure does not establish use or correctness.
experiments/playbooks/ace_x3_offline_e3.yaml,d0d7ce24f6a6c7c0838140274271b5c705fc700def700eeda3e5b28353b1e016,d0d7ce24f6a6c7c0838140274271b5c705fc700def700eeda3e5b28353b1e016,rocq-00031,tactics,"For an existential goal whose witness must satisfy several Ensemble properties, provide the complete witness with `refine (ex_intro _ witness _).` (or use `exists witness; repeat split`), then split the resulting conjunction; after `eexists`, prove the conjunction rather than supplying another witness.
",2,0,80,1194,Exact default-render matches only; alternate rendering/citation wrappers can undercount. Exposure does not establish use or correctness.
experiments/playbooks/ace_x3_offline_e3.yaml,d0d7ce24f6a6c7c0838140274271b5c705fc700def700eeda3e5b28353b1e016,d0d7ce24f6a6c7c0838140274271b5c705fc700def700eeda3e5b28353b1e016,rocq-00033,strategy,"For product-divisibility inductions, use an invariant expressing divisibility of the entire current product by an existential quotient equation, together with the bounds and coprimality facts needed for the next factor. In the successor step, prove divisibility of each newly introduced factor before applying multiplication-divisibility lemmas; do not expect `eexists; nia` or the induction hypothesis alone to establish divisibility of unrelated factors.
",0,1,80,1194,Exact default-render matches only; alternate rendering/citation wrappers can undercount. Exposure does not establish use or correctness.
experiments/playbooks/ace_x3_offline_e3.yaml,d0d7ce24f6a6c7c0838140274271b5c705fc700def700eeda3e5b28353b1e016,d0d7ce24f6a6c7c0838140274271b5c705fc700def700eeda3e5b28353b1e016,rocq-00034,pitfalls,"For trigonometric angle equalities containing rational divisions, first
prove a named auxiliary angle equality with `field` (since `ring` does
not clear rational denominators). Then rewrite angles into the form
`PI - x` and use `Rtrigo_facts.cos_pi_minus` for cosine and `sin_PI_x`
for sine.
",1,0,80,1194,Exact default-render matches only; alternate rendering/citation wrappers can undercount. Exposure does not establish use or correctness.
experiments/playbooks/ace_x3_offline_e3.yaml,d0d7ce24f6a6c7c0838140274271b5c705fc700def700eeda3e5b28353b1e016,d0d7ce24f6a6c7c0838140274271b5c705fc700def700eeda3e5b28353b1e016,rocq-00035,lemmas,"For logarithmic equations involving positive `Rpower` terms, apply
`f_equal ln` to both sides, rewrite powers with `ln_Rpower` and products
with `ln_mult` using the required positivity hypotheses, then use
`ln_neq_0` to cancel the common nonzero logarithm factor before calling
`nra` or `lra`.
",1,0,80,1194,Exact default-render matches only; alternate rendering/citation wrappers can undercount. Exposure does not establish use or correctness.
experiments/playbooks/ace_x3_offline_e3.yaml,d0d7ce24f6a6c7c0838140274271b5c705fc700def700eeda3e5b28353b1e016,d0d7ce24f6a6c7c0838140274271b5c705fc700def700eeda3e5b28353b1e016,rocq-00036,lemmas,"To transport a natural lower bound into an inequality between real
casts, prove the natural inequality first and apply `le_INR`; for
example, `2 <= b` gives `INR 2 <= INR b` without relying on
`exact_mod_cast`.
",2,0,80,1194,Exact default-render matches only; alternate rendering/citation wrappers can undercount. Exposure does not establish use or correctness.
experiments/playbooks/ace_x3_offline_e3.yaml,d0d7ce24f6a6c7c0838140274271b5c705fc700def700eeda3e5b28353b1e016,d0d7ce24f6a6c7c0838140274271b5c705fc700def700eeda3e5b28353b1e016,rocq-00037,tactics,"When `ln_pow` introduces casted coefficients such as `INR 2` or `INR 3`, normalize those casts in the hypotheses before calling `lra`, for example with `repeat rewrite S_INR in H` followed by `rewrite INR_0 in H` as needed; do not rely on `change`, since the casts may be propositionally but not definitionally equal to real numerals.
",1,0,80,1194,Exact default-render matches only; alternate rendering/citation wrappers can undercount. Exposure does not establish use or correctness.
experiments/playbooks/ace_x3_offline_e3.yaml,d0d7ce24f6a6c7c0838140274271b5c705fc700def700eeda3e5b28353b1e016,d0d7ce24f6a6c7c0838140274271b5c705fc700def700eeda3e5b28353b1e016,rocq-00038,strategy,"For finite AM-GM goals over `R` involving `sum_n` and `prod_n`, first search the imported library for a finite sums/products theorem. If none applies, prove or invoke a general AM-GM lemma (including explicit zero-index and positivity cases), or reduce via pairwise smoothing; do not ask `nra` to solve an arbitrary-factor inequality. In particular, an invariant such as `prod_n x n <= B` is not preserved when the successor factor is uncontrolled, so retain a strengthened sum/product invariant that controls the new factor and reserve `nra` for fixed polynomial side conditions.
",1,0,80,1194,Exact default-render matches only; alternate rendering/citation wrappers can undercount. Exposure does not establish use or correctness.
experiments/playbooks/ace_x3_offline_e3.yaml,d0d7ce24f6a6c7c0838140274271b5c705fc700def700eeda3e5b28353b1e016,d0d7ce24f6a6c7c0838140274271b5c705fc700def700eeda3e5b28353b1e016,rocq-00039,tactics,"When a quantified hypothesis has a successor-shaped conclusion but the target contains `f b`, instantiate it at the predecessor explicitly, for example `pose proof (h (b - 1) Hbpos) as Htmp`; then replace `S (b - 1)` by `b` in the specialized hypothesis with `replace ... by lia`, and rewrite known equations there. Directly applying the original hypothesis often fails because Coq does not infer the predecessor that makes its successor argument definitionally match the target.
",0,0,80,1194,Exact default-render matches only; alternate rendering/citation wrappers can undercount. Exposure does not establish use or correctness.
experiments/playbooks/ace_x3_offline_e3.yaml,d0d7ce24f6a6c7c0838140274271b5c705fc700def700eeda3e5b28353b1e016,d0d7ce24f6a6c7c0838140274271b5c705fc700def700eeda3e5b28353b1e016,rocq-00040,lemmas,"For positive real arguments, use the logarithm injectivity lemma (such as `ln_inv` with its positivity side conditions) to turn an equality `ln a = ln b` into `a = b`; this is useful after taking logarithms of positive expressions, for example to recover `(u)^2 = 27` from `ln ((u)^2) = ln 27`.
",1,0,80,1194,Exact default-render matches only; alternate rendering/citation wrappers can undercount. Exposure does not establish use or correctness.
experiments/playbooks/ace_x3_offline_e3.yaml,d0d7ce24f6a6c7c0838140274271b5c705fc700def700eeda3e5b28353b1e016,d0d7ce24f6a6c7c0838140274271b5c705fc700def700eeda3e5b28353b1e016,rocq-00042,tactics,"For a real translation recurrence of the form `forall x, f (x + a) = ...`, specialize it at `x - a` to obtain an equation for `f x`; normalize `(x - a) + a` to `x` with `replace ... by ring` before rewriting or applying the resulting equation.
",1,0,80,1194,Exact default-render matches only; alternate rendering/citation wrappers can undercount. Exposure does not establish use or correctness.
experiments/playbooks/ace_x3_offline_e3.yaml,d0d7ce24f6a6c7c0838140274271b5c705fc700def700eeda3e5b28353b1e016,d0d7ce24f6a6c7c0838140274271b5c705fc700def700eeda3e5b28353b1e016,rocq-00043,lemmas,"To normalize an absolute-value equation against a numeral without
rewriting numeral occurrences inside the expression, assert a fresh
equality such as `Rabs E = Rabs 1` and prove it with
`rewrite Rabs_R1; exact H`; then use the absolute-value form for
subsequent rewriting.
",0,0,80,1194,Exact default-render matches only; alternate rendering/citation wrappers can undercount. Exposure does not establish use or correctness.
experiments/playbooks/ace_x3_offline_e3.yaml,d0d7ce24f6a6c7c0838140274271b5c705fc700def700eeda3e5b28353b1e016,d0d7ce24f6a6c7c0838140274271b5c705fc700def700eeda3e5b28353b1e016,rocq-00044,pitfalls,"When `field_simplify in Hmul` generates several nonzero-denominator side conditions, expect them to be nested conjunctions; close them with `repeat split; assumption` rather than a single `assumption`, and avoid relying on unconfirmed option-list syntax such as `field_simplify [H1 H2]`.
",1,0,80,1194,Exact default-render matches only; alternate rendering/citation wrappers can undercount. Exposure does not establish use or correctness.
experiments/playbooks/ace_x3_offline_e3.yaml,d0d7ce24f6a6c7c0838140274271b5c705fc700def700eeda3e5b28353b1e016,d0d7ce24f6a6c7c0838140274271b5c705fc700def700eeda3e5b28353b1e016,rocq-00045,lemmas,"For case splits on a real inequality, use the available decision lemma `Rle_dec`, for example `destruct (Rle_dec u 0) as [Hu|Hu]`; do not guess the unavailable name `Rle_decidable`.
",1,0,80,1194,Exact default-render matches only; alternate rendering/citation wrappers can undercount. Exposure does not establish use or correctness.
experiments/playbooks/ace_x3_offline_e3.yaml,d0d7ce24f6a6c7c0838140274271b5c705fc700def700eeda3e5b28353b1e016,d0d7ce24f6a6c7c0838140274271b5c705fc700def700eeda3e5b28353b1e016,rocq-00046,lemmas,"To prove `0 < ln a` from `1 < a`, apply `ln_increasing` to obtain `ln 1 < ln a`, rewrite `ln_1`, and finish with `lra`; this supplies the positivity premise required by `ln_mult` or `ln_pow`.
",0,0,80,1194,Exact default-render matches only; alternate rendering/citation wrappers can undercount. Exposure does not establish use or correctness.
experiments/playbooks/ace_x3_offline_e3.yaml,d0d7ce24f6a6c7c0838140274271b5c705fc700def700eeda3e5b28353b1e016,d0d7ce24f6a6c7c0838140274271b5c705fc700def700eeda3e5b28353b1e016,rocq-00047,lemmas,"For pointwise rewriting of a finite real-valued sum, use `sum_eq`: after `apply sum_eq`, prove the required equality for every index (including its bound hypothesis), and rewrite each summand with the desired equality instead of introducing function extensionality.
",0,0,80,1194,Exact default-render matches only; alternate rendering/citation wrappers can undercount. Exposure does not establish use or correctness.
experiments/playbooks/ace_x3_offline_e3.yaml,d0d7ce24f6a6c7c0838140274271b5c705fc700def700eeda3e5b28353b1e016,d0d7ce24f6a6c7c0838140274271b5c705fc700def700eeda3e5b28353b1e016,rocq-00048,tactics,"For sums `sum_f f n`, if simplification changes the summand so that an induction hypothesis no longer matches, prove a general congruence lemma by induction: pointwise equality `forall k, f k = g k` implies `sum_f f n = sum_f g n`; use it to transport the original summand before applying the normalized invariant.
",0,0,80,1194,Exact default-render matches only; alternate rendering/citation wrappers can undercount. Exposure does not establish use or correctness.
experiments/playbooks/ace_x3_offline_e3.yaml,d0d7ce24f6a6c7c0838140274271b5c705fc700def700eeda3e5b28353b1e016,d0d7ce24f6a6c7c0838140274271b5c705fc700def700eeda3e5b28353b1e016,rocq-00049,tactics,"For nat product bounds, turn factor lower bounds into explicit product inequalities with `Nat.mul_le_mono_r` or `Nat.mul_le_mono_l` (for example, derive `4 * z <= x * y * z` from `4 <= x * y`) before calling `nia` on the product equation and the resulting inequalities.
",0,0,80,1194,Exact default-render matches only; alternate rendering/citation wrappers can undercount. Exposure does not establish use or correctness.
experiments/playbooks/ace_x3_offline_e3.yaml,d0d7ce24f6a6c7c0838140274271b5c705fc700def700eeda3e5b28353b1e016,d0d7ce24f6a6c7c0838140274271b5c705fc700def700eeda3e5b28353b1e016,rocq-00050,tactics,"For real algebraic identities containing divisions, unfold local definitions and use `field` to clear denominators; reserve `ring` for the resulting denominator-free polynomial identity.
",2,0,80,1194,Exact default-render matches only; alternate rendering/citation wrappers can undercount. Exposure does not establish use or correctness.
experiments/playbooks/ace_x3_offline_e3.yaml,d0d7ce24f6a6c7c0838140274271b5c705fc700def700eeda3e5b28353b1e016,d0d7ce24f6a6c7c0838140274271b5c705fc700def700eeda3e5b28353b1e016,rocq-00051,pitfalls,"After `simpl` has reduced a cast such as `INR (S n)` to a match on `n`, do not attempt `rewrite S_INR` or `rewrite INR_0`; destruct `n` or simplify the exposed match first, and normalize casts before simplification when a cast rewrite is needed.
",0,0,80,1194,Exact default-render matches only; alternate rendering/citation wrappers can undercount. Exposure does not establish use or correctness.
experiments/playbooks/ace_x3_offline_e3.yaml,d0d7ce24f6a6c7c0838140274271b5c705fc700def700eeda3e5b28353b1e016,d0d7ce24f6a6c7c0838140274271b5c705fc700def700eeda3e5b28353b1e016,rocq-00052,strategy,"For bounded natural cases involving symbolic `Nat.lcm` or large powers, do not evaluate the symbolic expression directly: first derive and rewrite the finitely many possible equalities for the bounded variable, then use `cbn`, `vm_compute`, or another evaluator only on the resulting closed branches. Handle contradictory numeric branches explicitly rather than applying broad automation to every branch.
",1,0,80,1194,Exact default-render matches only; alternate rendering/citation wrappers can undercount. Exposure does not establish use or correctness.
experiments/playbooks/ace_x3_offline_e3.yaml,d0d7ce24f6a6c7c0838140274271b5c705fc700def700eeda3e5b28353b1e016,d0d7ce24f6a6c7c0838140274271b5c705fc700def700eeda3e5b28353b1e016,rocq-00053,strategy,"For functional inequalities that imply a strictly decreasing sequence of values, do not ask `lia` to compare opaque terms such as `f (f n)` and `f n`; those comparisons require a separately proved invariant. Use well-founded or strong induction on the decreasing function value, strengthening the predicate with range existence and preimage-uniqueness information needed to expose and continue the descent.
",0,0,80,1194,Exact default-render matches only; alternate rendering/citation wrappers can undercount. Exposure does not establish use or correctness.
experiments/playbooks/ace_x3_offline_e3.yaml,d0d7ce24f6a6c7c0838140274271b5c705fc700def700eeda3e5b28353b1e016,d0d7ce24f6a6c7c0838140274271b5c705fc700def700eeda3e5b28353b1e016,rocq-00054,tactics,"For integer parity or residue calculations involving sums, products, or nested remainders, normalize with `Z.add_mod` and `Z.mul_mod`, then use `Z.mod_mod` explicitly to reduce nested modulo expressions before calling `lia` or performing numerical case analysis; `simpl` alone may leave symbolic modulo terms unreduced.
",0,0,80,1194,Exact default-render matches only; alternate rendering/citation wrappers can undercount. Exposure does not establish use or correctness.
experiments/playbooks/ace_x3_offline_e3.yaml,d0d7ce24f6a6c7c0838140274271b5c705fc700def700eeda3e5b28353b1e016,d0d7ce24f6a6c7c0838140274271b5c705fc700def700eeda3e5b28353b1e016,rocq-00055,tactics,"For nonlinear natural-number equations, first obtain a finite bound by splitting with `le_lt_dec`; in the large-value branch derive a lower bound on the nonlinear term (for example, a square bound) with `lia` or an explicit assertion, then let `nia` derive the contradiction. After proving an upper bound, destruct the bounded variable into concrete cases and solve each simplified equation with `lia`.
",0,1,80,1194,Exact default-render matches only; alternate rendering/citation wrappers can undercount. Exposure does not establish use or correctness.
experiments/playbooks/ace_x3_offline_e3.yaml,d0d7ce24f6a6c7c0838140274271b5c705fc700def700eeda3e5b28353b1e016,d0d7ce24f6a6c7c0838140274271b5c705fc700def700eeda3e5b28353b1e016,rocq-00056,pitfalls,"When supplying a tactic proof as a term inside `pose proof`, use `ltac:(lia)` for side conditions such as natural positivity; `(by lia)` is not accepted by Rocq in this context.
",0,0,80,1194,Exact default-render matches only; alternate rendering/citation wrappers can undercount. Exposure does not establish use or correctness.
experiments/playbooks/ace_x3_offline_e3.yaml,d0d7ce24f6a6c7c0838140274271b5c705fc700def700eeda3e5b28353b1e016,d0d7ce24f6a6c7c0838140274271b5c705fc700def700eeda3e5b28353b1e016,rocq-00057,tactics,"For an existential goal of the form `exists d : nat, A * d = B`, first
turn the target into `Nat.divide A B` (or explicitly prove the
divisibility equation) and extract the quotient as the witness; do not
expect `nia` to synthesize a witness from a nonlinear product equation.
",0,0,80,1194,Exact default-render matches only; alternate rendering/citation wrappers can undercount. Exposure does not establish use or correctness.
experiments/playbooks/ace_x3_offline_e3.yaml,d0d7ce24f6a6c7c0838140274271b5c705fc700def700eeda3e5b28353b1e016,d0d7ce24f6a6c7c0838140274271b5c705fc700def700eeda3e5b28353b1e016,rocq-00058,tactics,"For an integer known to lie between concrete endpoints, derive an
explicit disjunction enumerating all possible values with `assert (...)
by lia`, then split it with `repeat match goal with | H : _ \/ _ =>
destruct H end`. In each branch use the branch-local value and fully
instantiate divisibility goals, supplying witnesses with
`exists k; lia` before letting `lia` close the numerical cases.
",0,0,80,1194,Exact default-render matches only; alternate rendering/citation wrappers can undercount. Exposure does not establish use or correctness.
experiments/playbooks/ace_x3_offline_e3.yaml,d0d7ce24f6a6c7c0838140274271b5c705fc700def700eeda3e5b28353b1e016,d0d7ce24f6a6c7c0838140274271b5c705fc700def700eeda3e5b28353b1e016,rocq-00059,pitfalls,"Do not call `nra [H]` or pass a bracketed hypothesis list: `nra` uses
hypotheses already present in the context. After asserting side
conditions such as `Hpi : 0 < PI`, invoke plain `nra`.
",0,0,80,1194,Exact default-render matches only; alternate rendering/citation wrappers can undercount. Exposure does not establish use or correctness.
experiments/playbooks/ace_x3_strong.yaml,b596e7df194f131191e07a5e308be577cb89415cca15f26a8100ce3f1d312e85,b596e7df194f131191e07a5e308be577cb89415cca15f26a8100ce3f1d312e85,rocq-00001,tactics,"For real polynomial goals, explicitly assert square nonnegativity in the syntactic product form, e.g. `assert (Hsq : 0 <= t * t) by apply Rle_0_sqr`, before calling `nra`; `nra` may not infer this fact, and `Rle_0_sqr` does not directly match `t ^ 2`.
",6,0,80,1181,Exact default-render matches only; alternate rendering/citation wrappers can undercount. Exposure does not establish use or correctness.
experiments/playbooks/ace_x3_strong.yaml,b596e7df194f131191e07a5e308be577cb89415cca15f26a8100ce3f1d312e85,b596e7df194f131191e07a5e308be577cb89415cca15f26a8100ce3f1d312e85,rocq-00002,strategy,"To compare recursively defined sums whose summands differ systematically, prove a symbolic invariant such as `forall n, sum_f f n = sum_f g n + d n` by induction, then specialize it to the desired bound and finish with linear arithmetic. Prefer exposing exactly one recursive layer with `change` over large `vm_compute` evaluations or unrestricted `simpl`.
",3,0,80,1181,Exact default-render matches only; alternate rendering/citation wrappers can undercount. Exposure does not establish use or correctness.
experiments/playbooks/ace_x3_strong.yaml,b596e7df194f131191e07a5e308be577cb89415cca15f26a8100ce3f1d312e85,b596e7df194f131191e07a5e308be577cb89415cca15f26a8100ce3f1d312e85,rocq-00003,tactics,"For `nat` goals and hypotheses involving nonlinear products together with truncated subtraction, try `nia` after introducing the relevant variables and assumptions; it can reason about both polynomial arithmetic and natural-number subtraction semantics.
",5,1,80,1181,Exact default-render matches only; alternate rendering/citation wrappers can undercount. Exposure does not establish use or correctness.
experiments/playbooks/ace_x3_strong.yaml,b596e7df194f131191e07a5e308be577cb89415cca15f26a8100ce3f1d312e85,b596e7df194f131191e07a5e308be577cb89415cca15f26a8100ce3f1d312e85,rocq-00004,strategy,"For a natural-number equation involving a product of positive-base powers, such as `a ^ x * b ^ y = N`, first derive finite upper bounds on each exponent: show that an exponent beyond a chosen threshold would force its power above `N`, using power monotonicity and the fact that the other positive-base power is at least `1`. Then destruct the bounded exponents and solve the remaining concrete cases.
",1,0,80,1181,Exact default-render matches only; alternate rendering/citation wrappers can undercount. Exposure does not establish use or correctness.
experiments/playbooks/ace_x3_strong.yaml,b596e7df194f131191e07a5e308be577cb89415cca15f26a8100ce3f1d312e85,b596e7df194f131191e07a5e308be577cb89415cca15f26a8100ce3f1d312e85,rocq-00005,tactics,"For fixed-modulus `nat` goals from a hypothesis `H : n mod d = r`, reconstruct the dividend as `n = d * (n / d) + r` using `Nat.Div0.mod_eq` and `lia` when applicable. Rewrite the goal with this equality, then reduce the modulus with `Nat.Div0.add_mod`, `Nat.Div0.mul_mod`, and `simpl`.
",2,0,80,1181,Exact default-render matches only; alternate rendering/citation wrappers can undercount. Exposure does not establish use or correctness.
experiments/playbooks/ace_x3_strong.yaml,b596e7df194f131191e07a5e308be577cb89415cca15f26a8100ce3f1d312e85,b596e7df194f131191e07a5e308be577cb89415cca15f26a8100ce3f1d312e85,rocq-00006,tactics,"For closed equalities of finite `nat`-list computations, especially expressions built from `seq`, boolean `filter`, and `fold_right`, try `vm_compute; reflexivity` to evaluate the finite data and close the resulting definitional equality.
",1,0,80,1181,Exact default-render matches only; alternate rendering/citation wrappers can undercount. Exposure does not establish use or correctness.
experiments/playbooks/ace_x3_strong.yaml,b596e7df194f131191e07a5e308be577cb89415cca15f26a8100ce3f1d312e85,b596e7df194f131191e07a5e308be577cb89415cca15f26a8100ce3f1d312e85,rocq-00007,tactics,"For real polynomial equality goals whose hypotheses are already polynomial equalities, introduce the hypotheses and try `nra` directly. Do not add square-nonnegativity facts unless the argument actually requires an inequality consequence.
",11,2,80,1181,Exact default-render matches only; alternate rendering/citation wrappers can undercount. Exposure does not establish use or correctness.
experiments/playbooks/ace_x3_strong.yaml,b596e7df194f131191e07a5e308be577cb89415cca15f26a8100ce3f1d312e85,b596e7df194f131191e07a5e308be577cb89415cca15f26a8100ce3f1d312e85,rocq-00008,tactics,"To extract a polynomial equation from a real reciprocal hypothesis such as `1 / A + 1 / B - k / C = 0`, first use the nonzero denominator hypotheses to clear denominators by multiplying through by `A * B * C` and proving the cancellation identities with field/ring reasoning; then apply `nra` to the resulting numerator equation. If denominators were introduced with local `pose` aliases, unfold those aliases in the cleared equation before calling `nra`.
",3,0,80,1181,Exact default-render matches only; alternate rendering/citation wrappers can undercount. Exposure does not establish use or correctness.
experiments/playbooks/ace_x3_strong.yaml,b596e7df194f131191e07a5e308be577cb89415cca15f26a8100ce3f1d312e85,b596e7df194f131191e07a5e308be577cb89415cca15f26a8100ce3f1d312e85,rocq-00009,tactics,"For affine real-function goals with a specification `h_aff : forall x, f x = a * x + b` and concrete value hypotheses, pose or rewrite with the relevant instances such as `h_aff c` in both hypotheses and target before calling `nra`; this exposes polynomial constraints on `a` and `b`.
",1,0,80,1181,Exact default-render matches only; alternate rendering/citation wrappers can undercount. Exposure does not establish use or correctness.
experiments/playbooks/ace_x3_strong.yaml,b596e7df194f131191e07a5e308be577cb89415cca15f26a8100ce3f1d312e85,b596e7df194f131191e07a5e308be577cb89415cca15f26a8100ce3f1d312e85,rocq-00010,tactics,"For goals using a fixed-index recurrence over `R`, instantiate the recurrence at each needed consecutive `nat` index with `pose proof`, use `change` or simplification to display the resulting concrete equations, then combine them with the given sequence values using `lra`.
",2,0,80,1181,Exact default-render matches only; alternate rendering/citation wrappers can undercount. Exposure does not establish use or correctness.
experiments/playbooks/ace_x3_strong.yaml,b596e7df194f131191e07a5e308be577cb89415cca15f26a8100ce3f1d312e85,b596e7df194f131191e07a5e308be577cb89415cca15f26a8100ce3f1d312e85,rocq-00011,pitfalls,"When specializing a `nat`-indexed hypothesis at a concrete numeral while a numeric scope such as `R_scope` is open, annotate the index explicitly, for example `h (7%nat)`, to avoid overloaded-numeral elaboration failures.
",3,0,80,1181,Exact default-render matches only; alternate rendering/citation wrappers can undercount. Exposure does not establish use or correctness.
experiments/playbooks/ace_x3_strong.yaml,b596e7df194f131191e07a5e308be577cb89415cca15f26a8100ce3f1d312e85,b596e7df194f131191e07a5e308be577cb89415cca15f26a8100ce3f1d312e85,rocq-00012,pitfalls,"When rewriting a nat-indexed recurrence, arithmetically equal index forms may not match syntactically (for example, `S (S a)` versus `S a + 1`). First align the index explicitly with `replace ... by lia`, then instantiate the recurrence at the matching predecessor index and rewrite.
",1,0,80,1181,Exact default-render matches only; alternate rendering/citation wrappers can undercount. Exposure does not establish use or correctness.
experiments/playbooks/ace_x3_strong.yaml,b596e7df194f131191e07a5e308be577cb89415cca15f26a8100ce3f1d312e85,b596e7df194f131191e07a5e308be577cb89415cca15f26a8100ce3f1d312e85,rocq-00013,tactics,"Before applying real polynomial tactics to expressions containing coercions of closed nat numerals, normalize the coercion explicitly. Repeatedly rewrite successor coercions with `S_INR`, reduce `INR_0`, and use `ring` if needed to establish equalities such as `INR 49 = (49 : R)`.
",4,0,80,1181,Exact default-render matches only; alternate rendering/citation wrappers can undercount. Exposure does not establish use or correctness.
experiments/playbooks/ace_x3_strong.yaml,b596e7df194f131191e07a5e308be577cb89415cca15f26a8100ce3f1d312e85,b596e7df194f131191e07a5e308be577cb89415cca15f26a8100ce3f1d312e85,rocq-00014,pitfalls,"With only limited imports such as `Coq.Reals.Reals`, do not assume automation tactics like `positivity` or `norm_num` are available. Prove required positivity facts directly, for example by induction and `simpl`/`cbn` followed by `lra` or `nra`, and supply them explicitly.
",2,1,80,1181,Exact default-render matches only; alternate rendering/citation wrappers can undercount. Exposure does not establish use or correctness.
experiments/playbooks/ace_x3_strong.yaml,b596e7df194f131191e07a5e308be577cb89415cca15f26a8100ce3f1d312e85,b596e7df194f131191e07a5e308be577cb89415cca15f26a8100ce3f1d312e85,rocq-00015,strategy,"In well-founded descent proofs on nat whose recursive argument is valid only for positive indices, build that side condition into the induction predicate, for example `fun k => 0 < k -> f k = c -> k = c`. Use `well_founded_induction lt_wf` and apply the induction hypothesis only as `IH j Hjk` for a strictly smaller `j`; otherwise the proof can get stuck at the impossible zero case.
",0,0,80,1181,Exact default-render matches only; alternate rendering/citation wrappers can undercount. Exposure does not establish use or correctness.
experiments/playbooks/ace_x3_strong.yaml,b596e7df194f131191e07a5e308be577cb89415cca15f26a8100ce3f1d312e85,b596e7df194f131191e07a5e308be577cb89415cca15f26a8100ce3f1d312e85,rocq-00016,tactics,"To derive a nat equality from an equality of real casts, first apply `INR_eq`, then expose the arithmetic structure inside each cast from the outside inward. For example, rewrite `INR (u + v + w)` first with `plus_INR (u + v) w`, then with `plus_INR u v`, and rewrite exposed products with `mult_INR`; these lemmas do not recursively normalize beneath an opaque outer `INR`.
",0,0,80,1181,Exact default-render matches only; alternate rendering/citation wrappers can undercount. Exposure does not establish use or correctness.
experiments/playbooks/ace_x3_strong.yaml,b596e7df194f131191e07a5e308be577cb89415cca15f26a8100ce3f1d312e85,b596e7df194f131191e07a5e308be577cb89415cca15f26a8100ce3f1d312e85,rocq-00017,pitfalls,"When proving a weighted-square nonnegativity fact with `Rmult_le_pos`, parenthesize the square as `w * (t * t)`. The expression `w * t * t` parses as `(w * t) * t`, causing the lemma to require signs for `w * t` and `t` instead of the directly available facts `0 <= w` and `0 <= t * t`.
",0,0,80,1181,Exact default-render matches only; alternate rendering/citation wrappers can undercount. Exposure does not establish use or correctness.
experiments/playbooks/ace_x3_strong.yaml,b596e7df194f131191e07a5e308be577cb89415cca15f26a8100ce3f1d312e85,b596e7df194f131191e07a5e308be577cb89415cca15f26a8100ce3f1d312e85,rocq-00018,tactics,"For a nat equation containing `Nat.lcm a m`, obtain a divisibility witness from `Nat.divide_lcm_l`, destruct it as `Nat.lcm a m = k * a`, and rewrite the equation with that form. After expanding any fixed powers with `cbn [Nat.pow]`, use `nia` to bound the witness and split the resulting finite cases.
",0,0,80,1181,Exact default-render matches only; alternate rendering/citation wrappers can undercount. Exposure does not establish use or correctness.
experiments/playbooks/ace_x3_strong.yaml,b596e7df194f131191e07a5e308be577cb89415cca15f26a8100ce3f1d312e85,b596e7df194f131191e07a5e308be577cb89415cca15f26a8100ce3f1d312e85,rocq-00019,pitfalls,"Do not run unrestricted `simpl` on symbolic `Nat.lcm` expressions: its recursive computation may overflow the stack. For closed lcm values, establish the value separately; for variable lcm terms, reason through divisibility lemmas such as `Nat.divide_lcm_l` instead.
",0,0,80,1181,Exact default-render matches only; alternate rendering/citation wrappers can undercount. Exposure does not establish use or correctness.
experiments/playbooks/ace_x3_strong.yaml,b596e7df194f131191e07a5e308be577cb89415cca15f26a8100ce3f1d312e85,b596e7df194f131191e07a5e308be577cb89415cca15f26a8100ce3f1d312e85,rocq-00020,tactics,"For nat equalities of products of powers reducible to a common base, normalize the expression symbolically before arithmetic: use `Nat.pow_mul_r` and `Nat.pow_add_r` backwards to combine exponents, and `Nat.pow_mul_l` to expose powers of the common base. Prove `1 < base`, apply `Nat.pow_inj_r`, and solve the resulting exponent equation with `nia`.
",0,0,80,1181,Exact default-render matches only; alternate rendering/citation wrappers can undercount. Exposure does not establish use or correctness.
experiments/playbooks/ace_x3_strong.yaml,b596e7df194f131191e07a5e308be577cb89415cca15f26a8100ce3f1d312e85,b596e7df194f131191e07a5e308be577cb89415cca15f26a8100ce3f1d312e85,rocq-00021,lemmas,"For an integer absolute-value hypothesis `H : Z.abs t < n`, apply `Z.abs_lt` to obtain the linear bounds `- n < t` and `t < n`; `lia` can then derive shifted or combined interval bounds.
",0,0,80,1181,Exact default-render matches only; alternate rendering/citation wrappers can undercount. Exposure does not establish use or correctness.
experiments/playbooks/ace_x3_strong.yaml,b596e7df194f131191e07a5e308be577cb89415cca15f26a8100ce3f1d312e85,b596e7df194f131191e07a5e308be577cb89415cca15f26a8100ce3f1d312e85,rocq-00022,lemmas,"To prove a real quotient positivity goal `0 < a / b`, apply `Rdiv_lt_0_compat` and prove `0 < a` and `0 < b`; use this direct lemma rather than relying on guessed quotient-positivity lemma names.
",0,0,80,1181,Exact default-render matches only; alternate rendering/citation wrappers can undercount. Exposure does not establish use or correctness.
experiments/playbooks/ace_x3_strong.yaml,b596e7df194f131191e07a5e308be577cb89415cca15f26a8100ce3f1d312e85,b596e7df194f131191e07a5e308be577cb89415cca15f26a8100ce3f1d312e85,rocq-00023,tactics,"When a real polynomial hypothesis contains nat computations under casts and a hypothesis fixes the index, first `subst` the index and run `simpl in` the relevant hypotheses. This evaluates closed products, powers, and casts, exposing concrete real equations that `nra` can use.
",0,0,80,1181,Exact default-render matches only; alternate rendering/citation wrappers can undercount. Exposure does not establish use or correctness.
experiments/playbooks/ace_x3_strong.yaml,b596e7df194f131191e07a5e308be577cb89415cca15f26a8100ce3f1d312e85,b596e7df194f131191e07a5e308be577cb89415cca15f26a8100ce3f1d312e85,rocq-00024,tactics,"For membership goals or hypotheses over an explicitly enumerated `Ensemble` built by nested `Add`, unfold `Add` and reason through its `Union`/`Singleton` structure. Construct membership with the needed `Union_introl` or `Union_intror` steps ending in `In_singleton`; eliminate membership by repeated `Union_inv`, then use `Singleton_inv` and `subst` in singleton branches. Do not expect general automation to normalize a large nested `Add` tree reliably.
",0,0,80,1181,Exact default-render matches only; alternate rendering/citation wrappers can undercount. Exposure does not establish use or correctness.
experiments/playbooks/ace_x3_strong.yaml,b596e7df194f131191e07a5e308be577cb89415cca15f26a8100ce3f1d312e85,b596e7df194f131191e07a5e308be577cb89415cca15f26a8100ce3f1d312e85,rocq-00025,strategy,"To prove `cardinal nat` for a finite ensemble explicitly built from nested `Add`, first establish an extensional equality with the intended enumerated predicate if useful, then apply `card_add` once for each inserted element and `card_empty` at the base. Discharge each freshness premise `~ In nat smaller_set new_element` by structurally destructing membership in the smaller nested `Add` ensemble.
",0,0,80,1181,Exact default-render matches only; alternate rendering/citation wrappers can undercount. Exposure does not establish use or correctness.
experiments/playbooks/ace_x3_strong.yaml,b596e7df194f131191e07a5e308be577cb89415cca15f26a8100ce3f1d312e85,b596e7df194f131191e07a5e308be577cb89415cca15f26a8100ce3f1d312e85,rocq-00026,tactics,"For real logarithm equations involving products and powers, prove the required positivity hypotheses first, including positivity of a power via `pow_lt`. Then rewrite with `ln_mult` and `ln_pow` to expose an arithmetic equation in logarithms, for example rewriting `ln (x * y ^ n)` into `ln x + INR n * ln y`; similarly expand logarithms in the target before finishing with arithmetic reasoning.
",0,0,80,1181,Exact default-render matches only; alternate rendering/citation wrappers can undercount. Exposure does not establish use or correctness.
experiments/playbooks/ace_x3_strong.yaml,b596e7df194f131191e07a5e308be577cb89415cca15f26a8100ce3f1d312e85,b596e7df194f131191e07a5e308be577cb89415cca15f26a8100ce3f1d312e85,rocq-00027,lemmas,"For real goals containing `sqrt (u ^ 2)`, first establish `Hu : 0 <= u`, then rewrite with `sqrt_pow2 u Hu` to replace the square root by `u`. This is useful when prior algebra has rewritten a radicand into a square.
",0,0,80,1181,Exact default-render matches only; alternate rendering/citation wrappers can undercount. Exposure does not establish use or correctness.
experiments/playbooks/ace_x3_strong.yaml,b596e7df194f131191e07a5e308be577cb89415cca15f26a8100ce3f1d312e85,b596e7df194f131191e07a5e308be577cb89415cca15f26a8100ce3f1d312e85,rocq-00028,pitfalls,"`nia` can handle polynomial `nat` arithmetic, including many goals involving truncated subtraction after appropriate order cases are split, but it does not establish witnesses expressed using Euclidean division such as `x / 2`. First prove the needed divisibility or parity fact, then use and destruct the corresponding `Nat.divide` witness.
",0,0,80,1181,Exact default-render matches only; alternate rendering/citation wrappers can undercount. Exposure does not establish use or correctness.
experiments/playbooks/ace_x4_offline.yaml,f1dd5c3a657fc3316620cc3e86d9285f05fc8e11d3d3a9934b9a19ecdb57056c,f1dd5c3a657fc3316620cc3e86d9285f05fc8e11d3d3a9934b9a19ecdb57056c,rocq-00001,lemmas,"For real goals of the form `0 <= Rsqr t`, apply `Rle_0_sqr` directly. If the goal is instead expressed as `0 <= t ^ 2` and the lemma does not unify, assert `Hs : 0 <= Rsqr t`, unfold `Rsqr` in `Hs`, and use `Hs` (or finish with `nra`).
",2,0,80,1222,Exact default-render matches only; alternate rendering/citation wrappers can undercount. Exposure does not establish use or correctness.
experiments/playbooks/ace_x4_offline.yaml,f1dd5c3a657fc3316620cc3e86d9285f05fc8e11d3d3a9934b9a19ecdb57056c,f1dd5c3a657fc3316620cc3e86d9285f05fc8e11d3d3a9934b9a19ecdb57056c,rocq-00002,tactics,"In inductive proofs over recursive `sum_f` expressions, use `change` in the successor case to expose both recursive sums and their newly added terms, then rewrite with the induction hypothesis and finish the resulting arithmetic with `lia`.
",1,1,80,1222,Exact default-render matches only; alternate rendering/citation wrappers can undercount. Exposure does not establish use or correctness.
experiments/playbooks/ace_x4_offline.yaml,f1dd5c3a657fc3316620cc3e86d9285f05fc8e11d3d3a9934b9a19ecdb57056c,f1dd5c3a657fc3316620cc3e86d9285f05fc8e11d3d3a9934b9a19ecdb57056c,rocq-00004,lemmas,"For nat exponent bounds, use `Nat.pow_lower_bound` for lower bounds from a positive base and `Nat.pow_le_mono_r` for monotonicity when `1 < a` and the exponents are ordered. After substituting concrete exponent values or deriving bounds involving fixed powers, run `simpl` or `vm_compute` before invoking `lia`/`nia`, since arithmetic tactics do not generally evaluate unreduced nat powers.
",1,0,80,1222,Exact default-render matches only; alternate rendering/citation wrappers can undercount. Exposure does not establish use or correctness.
experiments/playbooks/ace_x4_offline.yaml,f1dd5c3a657fc3316620cc3e86d9285f05fc8e11d3d3a9934b9a19ecdb57056c,f1dd5c3a657fc3316620cc3e86d9285f05fc8e11d3d3a9934b9a19ecdb57056c,rocq-00005,lemmas,"For nat modulo goals such as `n mod 8 = 7 -> n mod 4 = 3`, assert the quotient-remainder decomposition `n = 8 * (n / 8) + n mod 8` using `Nat.div_mod` (discharging the divisor condition with `lia`), rewrite with the known remainder, and normalize with `Nat.add_mod` and `Nat.mul_mod`.
",2,0,80,1222,Exact default-render matches only; alternate rendering/citation wrappers can undercount. Exposure does not establish use or correctness.
experiments/playbooks/ace_x4_offline.yaml,f1dd5c3a657fc3316620cc3e86d9285f05fc8e11d3d3a9934b9a19ecdb57056c,f1dd5c3a657fc3316620cc3e86d9285f05fc8e11d3d3a9934b9a19ecdb57056c,rocq-00006,tactics,"For a closed finite nat computation of the form `fold_right ... (filter ... (seq ...))`, first try `cbv [custom_boolean_definition]; reflexivity`. Kernel reduction can evaluate the list recursion and boolean tests completely, avoiding induction, `vm_compute`, or arithmetic automation.
",1,0,80,1222,Exact default-render matches only; alternate rendering/citation wrappers can undercount. Exposure does not establish use or correctness.
experiments/playbooks/ace_x4_offline.yaml,f1dd5c3a657fc3316620cc3e86d9285f05fc8e11d3d3a9934b9a19ecdb57056c,f1dd5c3a657fc3316620cc3e86d9285f05fc8e11d3d3a9934b9a19ecdb57056c,rocq-00007,tactics,"For real goals where linear hypotheses determine variables but the conclusion contains powers or products, use `lra` to assert explicit values such as `x = 19` and `y = -12`, then finish the substituted polynomial goal with `nra`.
",8,1,80,1222,Exact default-render matches only; alternate rendering/citation wrappers can undercount. Exposure does not establish use or correctness.
experiments/playbooks/ace_x4_offline.yaml,f1dd5c3a657fc3316620cc3e86d9285f05fc8e11d3d3a9934b9a19ecdb57056c,f1dd5c3a657fc3316620cc3e86d9285f05fc8e11d3d3a9934b9a19ecdb57056c,rocq-00008,tactics,"For real rational expressions when `field_simp` is unavailable, clear denominators manually: unfold `Rdiv`, use transitivity to rearrange a product into a factor such as `A * / A`, solve the rearrangement with `ring`, then rewrite with `Rinv_r A HA` under a hypothesis `HA : A <> 0`.
",0,0,80,1222,Exact default-render matches only; alternate rendering/citation wrappers can undercount. Exposure does not establish use or correctness.
experiments/playbooks/ace_x4_offline.yaml,f1dd5c3a657fc3316620cc3e86d9285f05fc8e11d3d3a9934b9a19ecdb57056c,f1dd5c3a657fc3316620cc3e86d9285f05fc8e11d3d3a9934b9a19ecdb57056c,rocq-00009,pitfalls,"When applying `Nat.div_mod` in Rocq, an inline `(by lia)` proof for the nonzero-divisor argument may be rejected by the parser; first establish a named fact such as `assert (H40 : 40 <> 0) by lia`, then pass `H40` to each `Nat.div_mod` call.
",0,0,80,1222,Exact default-render matches only; alternate rendering/citation wrappers can undercount. Exposure does not establish use or correctness.
experiments/playbooks/ace_x4_offline.yaml,f1dd5c3a657fc3316620cc3e86d9285f05fc8e11d3d3a9934b9a19ecdb57056c,f1dd5c3a657fc3316620cc3e86d9285f05fc8e11d3d3a9934b9a19ecdb57056c,rocq-00010,tactics,"For affine hypotheses such as `h0 : forall x, f x = a * x + b` over `R`, rewrite each point-value hypothesis and the target with `rewrite (h0 n)`; when the resulting equations are linear in `a` and `b`, finish with `lra`.
",1,1,80,1222,Exact default-render matches only; alternate rendering/citation wrappers can undercount. Exposure does not establish use or correctness.
experiments/playbooks/ace_x4_offline.yaml,f1dd5c3a657fc3316620cc3e86d9285f05fc8e11d3d3a9934b9a19ecdb57056c,f1dd5c3a657fc3316620cc3e86d9285f05fc8e11d3d3a9934b9a19ecdb57056c,rocq-00011,tactics,"For recurrence hypotheses such as `h0 : forall n : nat, s (S (S n)) = s (S n) + s n`, instantiate the needed concrete equations with `pose proof (h0 k) as Hk`; after enough instances expose a linear system over `R`, let `lra` eliminate the intermediate sequence values.
",1,0,80,1222,Exact default-render matches only; alternate rendering/citation wrappers can undercount. Exposure does not establish use or correctness.
experiments/playbooks/ace_x4_offline.yaml,f1dd5c3a657fc3316620cc3e86d9285f05fc8e11d3d3a9934b9a19ecdb57056c,f1dd5c3a657fc3316620cc3e86d9285f05fc8e11d3d3a9934b9a19ecdb57056c,rocq-00012,strategy,"For recursive real-product bounds where direct induction leaves `nra` with nested reciprocals, strengthen the invariant to a multiplicative form such as `P k < C * (1 - / (2 ^ k))`. In the successor case, use `change` to expose the new product factor, rewrite successor powers and reciprocals (for example with `Rinv_mult`), and transport the induction inequality through an explicitly positive factor using `Rmult_lt_compat_r`; establish power positivity with `apply pow_lt; lra` and finish the arithmetic with `nra`.
",0,0,80,1222,Exact default-render matches only; alternate rendering/citation wrappers can undercount. Exposure does not establish use or correctness.
experiments/playbooks/ace_x4_offline.yaml,f1dd5c3a657fc3316620cc3e86d9285f05fc8e11d3d3a9934b9a19ecdb57056c,f1dd5c3a657fc3316620cc3e86d9285f05fc8e11d3d3a9934b9a19ecdb57056c,rocq-00013,tactics,"For `lt_eq_lt_dec n m`, destruct the nested comparison as `[[Hlt | Heq] | Hgt]`, which corresponds respectively to `n < m`, `n = m`, and `m < n`; a flat three-way destruct pattern does not match the decision procedure's nested sum structure.
",0,0,80,1222,Exact default-render matches only; alternate rendering/citation wrappers can undercount. Exposure does not establish use or correctness.
experiments/playbooks/ace_x4_offline.yaml,f1dd5c3a657fc3316620cc3e86d9285f05fc8e11d3d3a9934b9a19ecdb57056c,f1dd5c3a657fc3316620cc3e86d9285f05fc8e11d3d3a9934b9a19ecdb57056c,rocq-00014,lemmas,"For real reciprocal inequalities involving natural-number casts, provide explicitly real-shaped premises: prove positivity with `change (0 < INR k); apply lt_0_INR; lia`, and convert natural inequalities with `change (INR k <= INR x)` before applying lemmas such as `Rinv_le_contravar`.
",0,0,80,1222,Exact default-render matches only; alternate rendering/citation wrappers can undercount. Exposure does not establish use or correctness.
experiments/playbooks/ace_x4_offline.yaml,f1dd5c3a657fc3316620cc3e86d9285f05fc8e11d3d3a9934b9a19ecdb57056c,f1dd5c3a657fc3316620cc3e86d9285f05fc8e11d3d3a9934b9a19ecdb57056c,rocq-00015,tactics,"For goals involving `Rabs t` over `R`, split with `destruct (Rle_dec 0 t) as [Ht | Ht]`; rewrite the nonnegative branch with `Rabs_pos_eq`, and in the other branch derive `t < 0` before using `Rabs_left`. The appropriate decision procedure here is `Rle_dec`, not `le_lt_dec`.
",0,0,80,1222,Exact default-render matches only; alternate rendering/citation wrappers can undercount. Exposure does not establish use or correctness.
experiments/playbooks/ace_x4_offline.yaml,f1dd5c3a657fc3316620cc3e86d9285f05fc8e11d3d3a9934b9a19ecdb57056c,f1dd5c3a657fc3316620cc3e86d9285f05fc8e11d3d3a9934b9a19ecdb57056c,rocq-00016,strategy,"When `nra` cannot close a nonlinear nonnegativity goal, construct an explicit weighted sum-of-squares certificate from facts such as `0 <= Rsqr t`; use `ring` to expose the polynomial identity, then use positivity of the multiplier to transfer the certificate to the target expression.
",0,0,80,1222,Exact default-render matches only; alternate rendering/citation wrappers can undercount. Exposure does not establish use or correctness.
experiments/playbooks/ace_x4_offline.yaml,f1dd5c3a657fc3316620cc3e86d9285f05fc8e11d3d3a9934b9a19ecdb57056c,f1dd5c3a657fc3316620cc3e86d9285f05fc8e11d3d3a9934b9a19ecdb57056c,rocq-00017,lemmas,"For normalized nat-power equalities such as `10 ^ (5 * x) = 10 ^ 15`, use `Nat.pow_inj_r 10 (5 * x) 15` with `1 < 10` to obtain `5 * x = 15`; if the goal is instead `x = 3`, first assert the exponent equality and finish it with `lia`.
",0,0,80,1222,Exact default-render matches only; alternate rendering/citation wrappers can undercount. Exposure does not establish use or correctness.
experiments/playbooks/ace_x4_offline.yaml,f1dd5c3a657fc3316620cc3e86d9285f05fc8e11d3d3a9934b9a19ecdb57056c,f1dd5c3a657fc3316620cc3e86d9285f05fc8e11d3d3a9934b9a19ecdb57056c,rocq-00018,tactics,"For concrete hypotheses whose function arguments contain natural arithmetic, first run `cbn in H` (or a tested `norm_num in H`) to reduce nat additions and expose concrete values; normalize any resulting `INR` casts separately, then use plain `lra` on the resulting linear real system. Do not try to rewrite nat subterms using real equalities or rely on bracketed forms such as `nra [H1 ...]`.
",1,0,80,1222,Exact default-render matches only; alternate rendering/citation wrappers can undercount. Exposure does not establish use or correctness.
experiments/playbooks/ace_x4_offline.yaml,f1dd5c3a657fc3316620cc3e86d9285f05fc8e11d3d3a9934b9a19ecdb57056c,f1dd5c3a657fc3316620cc3e86d9285f05fc8e11d3d3a9934b9a19ecdb57056c,rocq-00019,lemmas,"For a real product equation `x * y = 0`, apply `Rmult_integral` to split it into `x = 0` or `y = 0`; eliminate the branch contradicting a relevant nonzero hypothesis and finish the remaining algebra with `nra`.
",1,0,80,1222,Exact default-render matches only; alternate rendering/citation wrappers can undercount. Exposure does not establish use or correctness.
experiments/playbooks/ace_x4_offline.yaml,f1dd5c3a657fc3316620cc3e86d9285f05fc8e11d3d3a9934b9a19ecdb57056c,f1dd5c3a657fc3316620cc3e86d9285f05fc8e11d3d3a9934b9a19ecdb57056c,rocq-00020,tactics,"For integer goals relating `Z.abs (x + c) < n` to an interval, expose the absolute-value cases with `Z.abs_spec` (or the available sign split), rewrite the resulting equality, and finish each linear branch with `lia`; use `change` first when the witness predicate is hidden behind an `Ensemble` function.
",0,0,80,1222,Exact default-render matches only; alternate rendering/citation wrappers can undercount. Exposure does not establish use or correctness.
experiments/playbooks/ace_x4_offline.yaml,f1dd5c3a657fc3316620cc3e86d9285f05fc8e11d3d3a9934b9a19ecdb57056c,f1dd5c3a657fc3316620cc3e86d9285f05fc8e11d3d3a9934b9a19ecdb57056c,rocq-00021,pitfalls,"Membership goals for nested `Ensemble` additions must be normalized explicitly: unfold `Add`, `Union`, and `Singleton` (or use `simpl` after unfolding) until membership is a disjunction of equalities, then solve the resulting integer equalities or contradictions with `intuition` and `lia`; generic `firstorder` does not reliably expose this shape.
",0,1,80,1222,Exact default-render matches only; alternate rendering/citation wrappers can undercount. Exposure does not establish use or correctness.
experiments/playbooks/ace_x4_offline.yaml,f1dd5c3a657fc3316620cc3e86d9285f05fc8e11d3d3a9934b9a19ecdb57056c,f1dd5c3a657fc3316620cc3e86d9285f05fc8e11d3d3a9934b9a19ecdb57056c,rocq-00022,lemmas,"For real equations with a common denominator, use `Rdiv_eq_reg_r d` to cancel it: from `A / d = B / d`, provide `d <> 0` and reduce the goal to `A = B`; normalize forms such as `A / (c * d)` and `(A / c) / d` first with `field`.
",0,0,80,1222,Exact default-render matches only; alternate rendering/citation wrappers can undercount. Exposure does not establish use or correctness.
experiments/playbooks/ace_x4_offline.yaml,f1dd5c3a657fc3316620cc3e86d9285f05fc8e11d3d3a9934b9a19ecdb57056c,f1dd5c3a657fc3316620cc3e86d9285f05fc8e11d3d3a9934b9a19ecdb57056c,rocq-00023,lemmas,"For nat inequalities with a common fixed exponent, use `Nat.pow_le_mono_l` to lift `a <= b` to `a ^ n <= b ^ n`; when multiplying such bounds by a fixed nonnegative coefficient, use `Nat.mul_le_mono_l`. Normalize concrete powers and products with `simpl` or `vm_compute` before finishing with `lia`.
",0,0,80,1222,Exact default-render matches only; alternate rendering/citation wrappers can undercount. Exposure does not establish use or correctness.
experiments/playbooks/ace_x4_offline.yaml,f1dd5c3a657fc3316620cc3e86d9285f05fc8e11d3d3a9934b9a19ecdb57056c,f1dd5c3a657fc3316620cc3e86d9285f05fc8e11d3d3a9934b9a19ecdb57056c,rocq-00024,tactics,"For equality of `Ensemble`s, apply `Extensionality_Ensembles`, then unfold `Same_set` and split the two inclusions with `intros`. In nested `Add` membership goals, unfold `Add` (and `In` if needed) and use `simpl` to expose the disjunction of equalities before solving it with `intuition` and arithmetic.
",0,0,80,1222,Exact default-render matches only; alternate rendering/citation wrappers can undercount. Exposure does not establish use or correctness.
experiments/playbooks/ace_x4_offline.yaml,f1dd5c3a657fc3316620cc3e86d9285f05fc8e11d3d3a9934b9a19ecdb57056c,f1dd5c3a657fc3316620cc3e86d9285f05fc8e11d3d3a9934b9a19ecdb57056c,rocq-00025,lemmas,"For positive real arguments, simplify logarithms of products and powers with `ln_mult x y Hx Hy` and `ln_pow x Hx n`. Establish positivity of a positive power with `pow_lt y n Hy` when that is the lemma shape expected by the development; after rewriting and `simpl`, use `lra` if arithmetic coefficients remain in an equivalent but noncanonical form.
",0,0,80,1222,Exact default-render matches only; alternate rendering/citation wrappers can undercount. Exposure does not establish use or correctness.
experiments/playbooks/ace_x4_offline.yaml,f1dd5c3a657fc3316620cc3e86d9285f05fc8e11d3d3a9934b9a19ecdb57056c,f1dd5c3a657fc3316620cc3e86d9285f05fc8e11d3d3a9934b9a19ecdb57056c,rocq-00026,lemmas,"For proving `sqrt u <= sqrt v` from `u <= v` with nonnegative radicands, use `sqrt_le_1_alt`; after rewriting a square with `sqrt_pow2`, this lemma directly consumes the upper-bound hypothesis, unlike `sqrt_le_1`, whose conclusion is a disjunction.
",0,0,80,1222,Exact default-render matches only; alternate rendering/citation wrappers can undercount. Exposure does not establish use or correctness.
experiments/playbooks/ace_x4_offline.yaml,f1dd5c3a657fc3316620cc3e86d9285f05fc8e11d3d3a9934b9a19ecdb57056c,f1dd5c3a657fc3316620cc3e86d9285f05fc8e11d3d3a9934b9a19ecdb57056c,rocq-00027,lemmas,"For a real radicand `r` known to satisfy `r <= 0`, rewrite `sqrt r` to zero with `sqrt_neg_0 _ Hr`, then discharge the resulting linear goal with `lra`.
",0,0,80,1222,Exact default-render matches only; alternate rendering/citation wrappers can undercount. Exposure does not establish use or correctness.
experiments/playbooks/ace_x4_offline.yaml,f1dd5c3a657fc3316620cc3e86d9285f05fc8e11d3d3a9934b9a19ecdb57056c,f1dd5c3a657fc3316620cc3e86d9285f05fc8e11d3d3a9934b9a19ecdb57056c,rocq-00028,tactics,"To prove `0 <= y - y^2` from bounds `0 <= y` and `y <= 1`, first derive `0 <= 1 - y`, apply `Rmult_le_pos` to obtain `0 <= y * (1 - y)`, and only then use `nra` to convert the product fact to the polynomial form.
",0,0,80,1222,Exact default-render matches only; alternate rendering/citation wrappers can undercount. Exposure does not establish use or correctness.
experiments/playbooks/ace_x5_offline.yaml,fc7b45d4d94426b3a80eb3927b4f1f1958918784b541b75e96ebf82e59310278,fc7b45d4d94426b3a80eb3927b4f1f1958918784b541b75e96ebf82e59310278,rocq-00001,tactics,"In an induction step involving a recursive sum such as `sum_f f (S n)`, use
`change` to expose the exact induction-hypothesis subterm, then `rewrite IH`
and finish the resulting linear nat arithmetic with `lia`. Do not use `cbn`
if it unfolds away the subterm needed by the induction hypothesis, and do not
substitute `ring` for `lia` on these nat successor identities.",1,1,160,2351,Exact default-render matches only; alternate rendering/citation wrappers can undercount. Exposure does not establish use or correctness.
experiments/playbooks/ace_x5_offline.yaml,fc7b45d4d94426b3a80eb3927b4f1f1958918784b541b75e96ebf82e59310278,fc7b45d4d94426b3a80eb3927b4f1f1958918784b541b75e96ebf82e59310278,rocq-00003,lemmas,"For a real goal of the form `0 <= t ^ 2`, do not expect `nra` to invent square nonnegativity. First prove the fact explicitly with `apply pow2_ge_0`, then use `nra` to combine it with the remaining polynomial inequalities.
",2,1,160,2351,Exact default-render matches only; alternate rendering/citation wrappers can undercount. Exposure does not establish use or correctness.
experiments/playbooks/ace_x5_offline.yaml,fc7b45d4d94426b3a80eb3927b4f1f1958918784b541b75e96ebf82e59310278,fc7b45d4d94426b3a80eb3927b4f1f1958918784b541b75e96ebf82e59310278,rocq-00004,tactics,"When a contradiction proof would suggest unavailable `by_contra` for a `nat` inequality, split with `destruct (le_gt_dec k n)` and solve the two ordered cases with `lia`.
",2,1,160,2351,Exact default-render matches only; alternate rendering/citation wrappers can undercount. Exposure does not establish use or correctness.
experiments/playbooks/ace_x5_offline.yaml,fc7b45d4d94426b3a80eb3927b4f1f1958918784b541b75e96ebf82e59310278,fc7b45d4d94426b3a80eb3927b4f1f1958918784b541b75e96ebf82e59310278,rocq-00005,pitfalls,"For a nat remainder hypothesis `H : n mod k = r`, first obtain a separate division-decomposition equality with `pose proof (Nat.div_mod_eq n k) as E; rewrite H in E`. Rewrite the target using that equality and use `Nat.add_mod` and `Nat.mul_mod` for modular consequences; avoid unrestricted rewriting by `Nat.div_mod_eq` and avoid `simpl` afterward, using `change` when the final modulo normal form needs to be exposed.
",2,0,160,2351,Exact default-render matches only; alternate rendering/citation wrappers can undercount. Exposure does not establish use or correctness.
experiments/playbooks/ace_x5_offline.yaml,fc7b45d4d94426b3a80eb3927b4f1f1958918784b541b75e96ebf82e59310278,fc7b45d4d94426b3a80eb3927b4f1f1958918784b541b75e96ebf82e59310278,rocq-00006,pitfalls,"When a linear nat or integer goal suggests `omega` but `omega` is unavailable, use the available `lia` tactic instead; this is especially useful after `Nat.div_mod_eq` has exposed quotient-and-remainder equalities.
",6,1,160,2351,Exact default-render matches only; alternate rendering/citation wrappers can undercount. Exposure does not establish use or correctness.
experiments/playbooks/ace_x5_offline.yaml,fc7b45d4d94426b3a80eb3927b4f1f1958918784b541b75e96ebf82e59310278,fc7b45d4d94426b3a80eb3927b4f1f1958918784b541b75e96ebf82e59310278,rocq-00007,strategy,"For recursive AM-GM arguments involving `sum_n` and `prod_n`, do not apply a fixed-sum theorem directly to an induction subproblem: `sum_n a (S (S n)) = INR (S (S n))` does not imply the corresponding fixed-sum equality at `S n`. Strengthen the induction invariant to a generalized inequality relating `prod_n a k` and `sum_n a k`, then instantiate it with the fixed-sum hypothesis at the end.
",0,0,160,2351,Exact default-render matches only; alternate rendering/citation wrappers can undercount. Exposure does not establish use or correctness.
experiments/playbooks/ace_x5_offline.yaml,fc7b45d4d94426b3a80eb3927b4f1f1958918784b541b75e96ebf82e59310278,fc7b45d4d94426b3a80eb3927b4f1f1958918784b541b75e96ebf82e59310278,rocq-00008,tactics,"In fixed-average product bounds over recursively defined sums and products, split off the cases `n = 0` and `n = 1` before the generalized induction. Unfold `sum_n` and `prod_n`, simplify the concrete `INR` values and zero additions, and use the supplied sum equality and nonnegativity; reserve the auxiliary AM-GM argument for positive sizes.
",1,0,160,2351,Exact default-render matches only; alternate rendering/citation wrappers can undercount. Exposure does not establish use or correctness.
experiments/playbooks/ace_x5_offline.yaml,fc7b45d4d94426b3a80eb3927b4f1f1958918784b541b75e96ebf82e59310278,fc7b45d4d94426b3a80eb3927b4f1f1958918784b541b75e96ebf82e59310278,rocq-00009,lemmas,"For reciprocal inequalities involving positive real powers or other
positive denominators, prove the denominator positivity explicitly
(for example, prove `0 < (2 ^ (e : nat) : R)` with `apply pow_lt; nra`,
then prove reciprocal positivity with
`apply Rinv_0_lt_compat; exact Hp`) instead of using unavailable
`positivity`. Apply `Rmult_lt_reg_r` with the denominator and
placeholders first, provide its positivity proof as the resulting
subgoal, and discharge all nonzero or arithmetic side goals generated
by `field_simplify` explicitly.
",3,0,160,2351,Exact default-render matches only; alternate rendering/citation wrappers can undercount. Exposure does not establish use or correctness.
experiments/playbooks/ace_x5_offline.yaml,fc7b45d4d94426b3a80eb3927b4f1f1958918784b541b75e96ebf82e59310278,fc7b45d4d94426b3a80eb3927b4f1f1958918784b541b75e96ebf82e59310278,rocq-00010,tactics,"When `interval_cases` is unavailable and a nat variable is bounded by a
small constant, enumerate its cases with
`repeat (destruct n as [|n]; simpl in *; try lia)`, leaving any remaining
bounded arithmetic to `lia` or `nia`.
",2,1,160,2351,Exact default-render matches only; alternate rendering/citation wrappers can undercount. Exposure does not establish use or correctness.
experiments/playbooks/ace_x5_offline.yaml,fc7b45d4d94426b3a80eb3927b4f1f1958918784b541b75e96ebf82e59310278,fc7b45d4d94426b3a80eb3927b4f1f1958918784b541b75e96ebf82e59310278,rocq-00011,pitfalls,"When a recurrence has a nat argument while `R_scope` is active, annotate
concrete calls explicitly, such as `Hrec (1%nat)` or
`Hrec (2 * n + 3)%nat`; otherwise a bare numeral may be inferred as a
real number and cause a type mismatch with the nat-indexed recurrence.
",2,0,160,2351,Exact default-render matches only; alternate rendering/citation wrappers can undercount. Exposure does not establish use or correctness.
experiments/playbooks/ace_x5_offline.yaml,fc7b45d4d94426b3a80eb3927b4f1f1958918784b541b75e96ebf82e59310278,fc7b45d4d94426b3a80eb3927b4f1f1958918784b541b75e96ebf82e59310278,rocq-00012,lemmas,"For a real absolute-value hypothesis `Rabs t = c`, after splitting with `Rle_dec 0 t`, rewrite the nonnegative branch with `Rabs_pos_eq _ Hnonneg` and the negative branch with `Rabs_left _ Hneg`; do not use the unavailable `Rabs_of_nonneg` or `Rabs_of_neg`.
",0,0,160,2351,Exact default-render matches only; alternate rendering/citation wrappers can undercount. Exposure does not establish use or correctness.
experiments/playbooks/ace_x5_offline.yaml,fc7b45d4d94426b3a80eb3927b4f1f1958918784b541b75e96ebf82e59310278,fc7b45d4d94426b3a80eb3927b4f1f1958918784b541b75e96ebf82e59310278,rocq-00013,pitfalls,"When `set x := ...` is rejected by the parser while introducing an auxiliary real variable, use a named `pose` definition instead, such as `pose (x := (a + c - b) / 2)`, and unfold the definition locally with `unfold x` when proving its properties.
",1,0,160,2351,Exact default-render matches only; alternate rendering/citation wrappers can undercount. Exposure does not establish use or correctness.
experiments/playbooks/ace_x5_offline.yaml,fc7b45d4d94426b3a80eb3927b4f1f1958918784b541b75e96ebf82e59310278,fc7b45d4d94426b3a80eb3927b4f1f1958918784b541b75e96ebf82e59310278,rocq-00014,lemmas,"For a square-root identity over `R`, prove `sqrt x * sqrt x = x` with `apply sqrt_def` followed by the side condition `0 <= x`, and prove nonnegativity of the root with `apply sqrt_pos`; do not guess unavailable lemmas such as `sqrt_sq` or rely on `norm_num`.
",2,0,160,2351,Exact default-render matches only; alternate rendering/citation wrappers can undercount. Exposure does not establish use or correctness.
experiments/playbooks/ace_x5_offline.yaml,fc7b45d4d94426b3a80eb3927b4f1f1958918784b541b75e96ebf82e59310278,fc7b45d4d94426b3a80eb3927b4f1f1958918784b541b75e96ebf82e59310278,rocq-00015,lemmas,"For a nat power equality, first normalize products of powers into one power by rewriting with Nat.pow_mul_r and Nat.pow_add_r, then use lia to normalize the exponents. If the result is a^u = a^v with 1 < a, apply Nat.pow_inj_r a u v with exactly those exponents to obtain u = v; for example, use Nat.pow_inj_r 10 (5 * x) 15 rather than mismatched exponents.
",0,0,160,2351,Exact default-render matches only; alternate rendering/citation wrappers can undercount. Exposure does not establish use or correctness.
experiments/playbooks/ace_x5_offline.yaml,fc7b45d4d94426b3a80eb3927b4f1f1958918784b541b75e96ebf82e59310278,fc7b45d4d94426b3a80eb3927b4f1f1958918784b541b75e96ebf82e59310278,rocq-00016,lemmas,"For a real zero-product hypothesis H : x * y = 0, use destruct (Rmult_integral x y H) as [Hx | Hy] to obtain x = 0 or y = 0; the generic mul_eq_zero name is unavailable in this environment.
",1,0,160,2351,Exact default-render matches only; alternate rendering/citation wrappers can undercount. Exposure does not establish use or correctness.
experiments/playbooks/ace_x5_offline.yaml,fc7b45d4d94426b3a80eb3927b4f1f1958918784b541b75e96ebf82e59310278,fc7b45d4d94426b3a80eb3927b4f1f1958918784b541b75e96ebf82e59310278,rocq-00017,tactics,"For a deeply nested finite set built with Add, introduce sequential intermediate definitions with pose rather than one deeply nested expression. When proving finiteness, keep the Empty_set base case in its own bullet with Empty_is_finite; for each freshness goal, introduce membership and repeatedly invert nested unions with Constructive_sets.Union_inv and singleton leaves with Constructive_sets.Singleton_inv, then solve the resulting constant equalities with lia. For cardinality, apply card_add once per element in nesting order and use card_empty only for the final empty-set branch.
",1,0,160,2351,Exact default-render matches only; alternate rendering/citation wrappers can undercount. Exposure does not establish use or correctness.
experiments/playbooks/ace_x5_offline.yaml,fc7b45d4d94426b3a80eb3927b4f1f1958918784b541b75e96ebf82e59310278,fc7b45d4d94426b3a80eb3927b4f1f1958918784b541b75e96ebf82e59310278,rocq-00018,pitfalls,"Trigonometric rewrites require the exact syntactic argument. After instantiating a product-to-sum or related helper, normalize angle expressions with replace ... with ... by lra before rewriting; use the available zero-sine lemma sin_0 rather than the unavailable name sin_zero.
",0,0,160,2351,Exact default-render matches only; alternate rendering/citation wrappers can undercount. Exposure does not establish use or correctness.
experiments/playbooks/ace_x5_offline.yaml,fc7b45d4d94426b3a80eb3927b4f1f1958918784b541b75e96ebf82e59310278,fc7b45d4d94426b3a80eb3927b4f1f1958918784b541b75e96ebf82e59310278,rocq-00019,pitfalls,"When a logarithmic fraction contains denominators such as ln 8 and 3 * ln 2, do not use change, exact, or direct field_simplify to identify them. First prove the denominator equality with field, rewrite the fraction to a common denominator, and cancel with Rdiv_eq_reg_r using an explicit proof that the denominator is nonzero.
",0,0,160,2351,Exact default-render matches only; alternate rendering/citation wrappers can undercount. Exposure does not establish use or correctness.
experiments/playbooks/ace_x5_offline.yaml,fc7b45d4d94426b3a80eb3927b4f1f1958918784b541b75e96ebf82e59310278,fc7b45d4d94426b3a80eb3927b4f1f1958918784b541b75e96ebf82e59310278,rocq-00020,tactics,"When `apply Extensionality_Ensembles` changes an ensemble equality into a `Same_set` goal, use `split` to prove the two inclusions; do not use unavailable `ext` or `functional_extensionality`, and do not `intro` before opening the `Same_set` conjunction.
",0,0,160,2351,Exact default-render matches only; alternate rendering/citation wrappers can undercount. Exposure does not establish use or correctness.
experiments/playbooks/ace_x5_offline.yaml,fc7b45d4d94426b3a80eb3927b4f1f1958918784b541b75e96ebf82e59310278,fc7b45d4d94426b3a80eb3927b4f1f1958918784b541b75e96ebf82e59310278,rocq-00021,lemmas,"For concrete real-number identities involving naturals such as `INR 4 = 4` or `INR 13 = 13`, repeatedly rewrite with `S_INR`, then use `INR_0` and finish with `lra`; `lia` does not close the resulting real arithmetic.
",0,0,160,2351,Exact default-render matches only; alternate rendering/citation wrappers can undercount. Exposure does not establish use or correctness.
experiments/playbooks/ace_x5_offline.yaml,fc7b45d4d94426b3a80eb3927b4f1f1958918784b541b75e96ebf82e59310278,fc7b45d4d94426b3a80eb3927b4f1f1958918784b541b75e96ebf82e59310278,rocq-00022,pitfalls,"When proving an auxiliary identity after rewriting `ln (x * y ^ n)` with `ln_mult` and `ln_pow`, `simpl` may leave casted coefficients such as `(1 + 1 + 1) * ln y`; if `reflexivity` fails on the resulting linear real equality, use `simpl; lra` instead.
",0,0,160,2351,Exact default-render matches only; alternate rendering/citation wrappers can undercount. Exposure does not establish use or correctness.
experiments/playbooks/ace_x5_offline.yaml,fc7b45d4d94426b3a80eb3927b4f1f1958918784b541b75e96ebf82e59310278,fc7b45d4d94426b3a80eb3927b4f1f1958918784b541b75e96ebf82e59310278,rocq-00023,lemmas,"For a goal `sqrt (u ^ 2) = u`, use `sqrt_lem_1` rather than a product-shaped square-root lemma, and explicitly prove its side conditions `0 <= u`, `0 <= u ^ 2`, and `u * u = u ^ 2` (often all discharged with `nra`).
",0,0,160,2351,Exact default-render matches only; alternate rendering/citation wrappers can undercount. Exposure does not establish use or correctness.
experiments/playbooks/ace_x5_offline.yaml,fc7b45d4d94426b3a80eb3927b4f1f1958918784b541b75e96ebf82e59310278,fc7b45d4d94426b3a80eb3927b4f1f1958918784b541b75e96ebf82e59310278,rocq-00024,pitfalls,"When a universal hypothesis such as `Hc : forall s, c s = ...` is needed at several indices, do not specialize it destructively; preserve `Hc` and derive local facts with `pose proof (Hc s) as Hcs` for each required `s`.
",0,0,160,2351,Exact default-render matches only; alternate rendering/citation wrappers can undercount. Exposure does not establish use or correctness.
experiments/playbooks/ace_x5_offline.yaml,fc7b45d4d94426b3a80eb3927b4f1f1958918784b541b75e96ebf82e59310278,fc7b45d4d94426b3a80eb3927b4f1f1958918784b541b75e96ebf82e59310278,rocq-00025,pitfalls,"For the factorization of `c (m + a) - c k` with `c s = s * (s + 1)`, first split on `le_gt_dec k (m + a)` because nat subtraction is truncated; only in the `k <= m + a` branch may the target be normalized to `(m + a - k) * (m + a + k + 1)`, with the ordering fact supplied before using arithmetic automation.
",0,0,160,2351,Exact default-render matches only; alternate rendering/citation wrappers can undercount. Exposure does not establish use or correctness.
experiments/playbooks/ace_x5_offline.yaml,fc7b45d4d94426b3a80eb3927b4f1f1958918784b541b75e96ebf82e59310278,fc7b45d4d94426b3a80eb3927b4f1f1958918784b541b75e96ebf82e59310278,rocq-00026,lemmas,"For an impossible membership claim in `Empty_set`, do not use the unknown
`Noone_in_empty`; introduce the membership proof and eliminate it directly
by inversion (or destruct it), using the available `Empty_set` definition.
",0,0,160,2351,Exact default-render matches only; alternate rendering/citation wrappers can undercount. Exposure does not establish use or correctness.
experiments/playbooks/ace_x5_offline_preaudit.yaml,07406471bc62e7278c192d5bf3dd66b5fd6a81284f1af57b4f611a726447cc52,07406471bc62e7278c192d5bf3dd66b5fd6a81284f1af57b4f611a726447cc52,rocq-00001,tactics,"In an induction step involving a recursive sum such as `sum_f f (S n)`, use `change` to expose the exact induction-hypothesis subterm, then `rewrite IH` and finish the resulting arithmetic with `lia`; avoid `cbn` when it unfolds away the subterm needed by the induction hypothesis, and avoid relying on unavailable `ring` for these verified linear successor identities.
",1,1,1,1,Exact default-render matches only; alternate rendering/citation wrappers can undercount. Exposure does not establish use or correctness.
experiments/playbooks/ace_x5_offline_preaudit.yaml,07406471bc62e7278c192d5bf3dd66b5fd6a81284f1af57b4f611a726447cc52,07406471bc62e7278c192d5bf3dd66b5fd6a81284f1af57b4f611a726447cc52,rocq-00002,pitfalls,"After exhaustive `destruct` on a `nat`, keep each branch's closing tactics under the bullet for that branch. If `simpl` reduces the target to a concrete equality, close it with `reflexivity`; if a concrete hypothesis is impossible, use `simpl in H; discriminate`.
",3,1,1,1,Exact default-render matches only; alternate rendering/citation wrappers can undercount. Exposure does not establish use or correctness.
experiments/playbooks/ace_x5_offline_preaudit.yaml,07406471bc62e7278c192d5bf3dd66b5fd6a81284f1af57b4f611a726447cc52,07406471bc62e7278c192d5bf3dd66b5fd6a81284f1af57b4f611a726447cc52,rocq-00003,lemmas,"For a real goal of the form `0 <= t ^ 2`, do not expect `nra` to invent square nonnegativity. First prove the fact explicitly with `apply pow2_ge_0`, then use `nra` to combine it with the remaining polynomial inequalities.
",2,1,1,1,Exact default-render matches only; alternate rendering/citation wrappers can undercount. Exposure does not establish use or correctness.
experiments/playbooks/ace_x5_offline_preaudit.yaml,07406471bc62e7278c192d5bf3dd66b5fd6a81284f1af57b4f611a726447cc52,07406471bc62e7278c192d5bf3dd66b5fd6a81284f1af57b4f611a726447cc52,rocq-00004,tactics,"When a contradiction proof would suggest unavailable `by_contra` for a `nat` inequality, split with `destruct (le_gt_dec k n)` and solve the two ordered cases with `lia`.
",2,1,1,1,Exact default-render matches only; alternate rendering/citation wrappers can undercount. Exposure does not establish use or correctness.
experiments/playbooks/ace_x5_offline_preaudit.yaml,07406471bc62e7278c192d5bf3dd66b5fd6a81284f1af57b4f611a726447cc52,07406471bc62e7278c192d5bf3dd66b5fd6a81284f1af57b4f611a726447cc52,rocq-00005,pitfalls,"For a nat remainder hypothesis `H : n mod k = r`, first obtain a separate division-decomposition equality with `pose proof (Nat.div_mod_eq n k) as E; rewrite H in E`. Rewrite the target using that equality and use `Nat.add_mod` and `Nat.mul_mod` for modular consequences; avoid unrestricted rewriting by `Nat.div_mod_eq` and avoid `simpl` afterward, using `change` when the final modulo normal form needs to be exposed.
",2,0,1,1,Exact default-render matches only; alternate rendering/citation wrappers can undercount. Exposure does not establish use or correctness.
experiments/playbooks/ace_x5_offline_preaudit.yaml,07406471bc62e7278c192d5bf3dd66b5fd6a81284f1af57b4f611a726447cc52,07406471bc62e7278c192d5bf3dd66b5fd6a81284f1af57b4f611a726447cc52,rocq-00006,pitfalls,"When a linear nat or integer goal suggests `omega` but `omega` is unavailable, use the available `lia` tactic instead; this is especially useful after `Nat.div_mod_eq` has exposed quotient-and-remainder equalities.
",6,1,1,1,Exact default-render matches only; alternate rendering/citation wrappers can undercount. Exposure does not establish use or correctness.
experiments/playbooks/ace_x5_offline_preaudit.yaml,07406471bc62e7278c192d5bf3dd66b5fd6a81284f1af57b4f611a726447cc52,07406471bc62e7278c192d5bf3dd66b5fd6a81284f1af57b4f611a726447cc52,rocq-00007,strategy,"For recursive AM-GM arguments involving `sum_n` and `prod_n`, do not apply a fixed-sum theorem directly to an induction subproblem: `sum_n a (S (S n)) = INR (S (S n))` does not imply the corresponding fixed-sum equality at `S n`. Strengthen the induction invariant to a generalized inequality relating `prod_n a k` and `sum_n a k`, then instantiate it with the fixed-sum hypothesis at the end.
",0,0,1,1,Exact default-render matches only; alternate rendering/citation wrappers can undercount. Exposure does not establish use or correctness.
experiments/playbooks/ace_x5_offline_preaudit.yaml,07406471bc62e7278c192d5bf3dd66b5fd6a81284f1af57b4f611a726447cc52,07406471bc62e7278c192d5bf3dd66b5fd6a81284f1af57b4f611a726447cc52,rocq-00008,tactics,"In fixed-average product bounds over recursively defined sums and products, split off the cases `n = 0` and `n = 1` before the generalized induction. Unfold `sum_n` and `prod_n`, simplify the concrete `INR` values and zero additions, and use the supplied sum equality and nonnegativity; reserve the auxiliary AM-GM argument for positive sizes.
",1,0,1,1,Exact default-render matches only; alternate rendering/citation wrappers can undercount. Exposure does not establish use or correctness.
experiments/playbooks/ace_x5_offline_preaudit.yaml,07406471bc62e7278c192d5bf3dd66b5fd6a81284f1af57b4f611a726447cc52,07406471bc62e7278c192d5bf3dd66b5fd6a81284f1af57b4f611a726447cc52,rocq-00009,lemmas,"For reciprocal inequalities involving positive real powers or other
positive denominators, prove the denominator positivity explicitly
(for example, prove `0 < (2 ^ (e : nat) : R)` with `apply pow_lt; nra`,
then prove reciprocal positivity with
`apply Rinv_0_lt_compat; exact Hp`) instead of using unavailable
`positivity`. Apply `Rmult_lt_reg_r` with the denominator and
placeholders first, provide its positivity proof as the resulting
subgoal, and discharge all nonzero or arithmetic side goals generated
by `field_simplify` explicitly.
",3,0,1,1,Exact default-render matches only; alternate rendering/citation wrappers can undercount. Exposure does not establish use or correctness.
experiments/playbooks/ace_x5_offline_preaudit.yaml,07406471bc62e7278c192d5bf3dd66b5fd6a81284f1af57b4f611a726447cc52,07406471bc62e7278c192d5bf3dd66b5fd6a81284f1af57b4f611a726447cc52,rocq-00010,tactics,"When `interval_cases` is unavailable and a nat variable is bounded by a
small constant, enumerate its cases with
`repeat (destruct n as [|n]; simpl in *; try lia)`, leaving any remaining
bounded arithmetic to `lia` or `nia`.
",2,1,1,1,Exact default-render matches only; alternate rendering/citation wrappers can undercount. Exposure does not establish use or correctness.
experiments/playbooks/ace_x5_offline_preaudit.yaml,07406471bc62e7278c192d5bf3dd66b5fd6a81284f1af57b4f611a726447cc52,07406471bc62e7278c192d5bf3dd66b5fd6a81284f1af57b4f611a726447cc52,rocq-00011,pitfalls,"When a recurrence has a nat argument while `R_scope` is active, annotate
concrete calls explicitly, such as `Hrec (1%nat)` or
`Hrec (2 * n + 3)%nat`; otherwise a bare numeral may be inferred as a
real number and cause a type mismatch with the nat-indexed recurrence.
",2,0,1,1,Exact default-render matches only; alternate rendering/citation wrappers can undercount. Exposure does not establish use or correctness.
experiments/playbooks/ace_x5_offline_preaudit.yaml,07406471bc62e7278c192d5bf3dd66b5fd6a81284f1af57b4f611a726447cc52,07406471bc62e7278c192d5bf3dd66b5fd6a81284f1af57b4f611a726447cc52,rocq-00012,lemmas,"For a real absolute-value hypothesis `Rabs t = c`, after splitting with `Rle_dec 0 t`, rewrite the nonnegative branch with `Rabs_pos_eq _ Hnonneg` and the negative branch with `Rabs_left _ Hneg`; do not use the unavailable `Rabs_of_nonneg` or `Rabs_of_neg`.
",0,0,1,1,Exact default-render matches only; alternate rendering/citation wrappers can undercount. Exposure does not establish use or correctness.
experiments/playbooks/ace_x5_offline_preaudit.yaml,07406471bc62e7278c192d5bf3dd66b5fd6a81284f1af57b4f611a726447cc52,07406471bc62e7278c192d5bf3dd66b5fd6a81284f1af57b4f611a726447cc52,rocq-00013,pitfalls,"When `set x := ...` is rejected by the parser while introducing an auxiliary real variable, use a named `pose` definition instead, such as `pose (x := (a + c - b) / 2)`, and unfold the definition locally with `unfold x` when proving its properties.
",1,0,1,1,Exact default-render matches only; alternate rendering/citation wrappers can undercount. Exposure does not establish use or correctness.
experiments/playbooks/ace_x5_offline_preaudit.yaml,07406471bc62e7278c192d5bf3dd66b5fd6a81284f1af57b4f611a726447cc52,07406471bc62e7278c192d5bf3dd66b5fd6a81284f1af57b4f611a726447cc52,rocq-00014,lemmas,"For a square-root identity over `R`, prove `sqrt x * sqrt x = x` with `apply sqrt_def` followed by the side condition `0 <= x`, and prove nonnegativity of the root with `apply sqrt_pos`; do not guess unavailable lemmas such as `sqrt_sq` or rely on `norm_num`.
",2,0,1,1,Exact default-render matches only; alternate rendering/citation wrappers can undercount. Exposure does not establish use or correctness.
experiments/playbooks/ace_x5_offline_preaudit.yaml,07406471bc62e7278c192d5bf3dd66b5fd6a81284f1af57b4f611a726447cc52,07406471bc62e7278c192d5bf3dd66b5fd6a81284f1af57b4f611a726447cc52,rocq-00015,lemmas,"For a nat power equality, first normalize products of powers into one power by rewriting with Nat.pow_mul_r and Nat.pow_add_r, then use lia to normalize the exponents. If the result is a^u = a^v with 1 < a, apply Nat.pow_inj_r a u v with exactly those exponents to obtain u = v; for example, use Nat.pow_inj_r 10 (5 * x) 15 rather than mismatched exponents.
",0,0,1,1,Exact default-render matches only; alternate rendering/citation wrappers can undercount. Exposure does not establish use or correctness.
experiments/playbooks/ace_x5_offline_preaudit.yaml,07406471bc62e7278c192d5bf3dd66b5fd6a81284f1af57b4f611a726447cc52,07406471bc62e7278c192d5bf3dd66b5fd6a81284f1af57b4f611a726447cc52,rocq-00016,lemmas,"For a real zero-product hypothesis H : x * y = 0, use destruct (Rmult_integral x y H) as [Hx | Hy] to obtain x = 0 or y = 0; the generic mul_eq_zero name is unavailable in this environment.
",1,0,1,1,Exact default-render matches only; alternate rendering/citation wrappers can undercount. Exposure does not establish use or correctness.
experiments/playbooks/ace_x5_offline_preaudit.yaml,07406471bc62e7278c192d5bf3dd66b5fd6a81284f1af57b4f611a726447cc52,07406471bc62e7278c192d5bf3dd66b5fd6a81284f1af57b4f611a726447cc52,rocq-00017,tactics,"For a deeply nested finite set built with Add, introduce sequential intermediate definitions with pose rather than one deeply nested expression. When proving finiteness, keep the Empty_set base case in its own bullet with Empty_is_finite; for each freshness goal, introduce membership and repeatedly invert nested unions with Constructive_sets.Union_inv and singleton leaves with Constructive_sets.Singleton_inv, then solve the resulting constant equalities with lia. For cardinality, apply card_add once per element in nesting order and use card_empty only for the final empty-set branch.
",1,0,1,1,Exact default-render matches only; alternate rendering/citation wrappers can undercount. Exposure does not establish use or correctness.
experiments/playbooks/ace_x5_offline_preaudit.yaml,07406471bc62e7278c192d5bf3dd66b5fd6a81284f1af57b4f611a726447cc52,07406471bc62e7278c192d5bf3dd66b5fd6a81284f1af57b4f611a726447cc52,rocq-00018,pitfalls,"Trigonometric rewrites require the exact syntactic argument. After instantiating a product-to-sum or related helper, normalize angle expressions with replace ... with ... by lra before rewriting; use the available zero-sine lemma sin_0 rather than the unavailable name sin_zero.
",0,0,1,1,Exact default-render matches only; alternate rendering/citation wrappers can undercount. Exposure does not establish use or correctness.
experiments/playbooks/ace_x5_offline_preaudit.yaml,07406471bc62e7278c192d5bf3dd66b5fd6a81284f1af57b4f611a726447cc52,07406471bc62e7278c192d5bf3dd66b5fd6a81284f1af57b4f611a726447cc52,rocq-00019,pitfalls,"When a logarithmic fraction contains denominators such as ln 8 and 3 * ln 2, do not use change, exact, or direct field_simplify to identify them. First prove the denominator equality with field, rewrite the fraction to a common denominator, and cancel with Rdiv_eq_reg_r using an explicit proof that the denominator is nonzero.
",0,0,1,1,Exact default-render matches only; alternate rendering/citation wrappers can undercount. Exposure does not establish use or correctness.
experiments/playbooks/ace_x5_offline_preaudit.yaml,07406471bc62e7278c192d5bf3dd66b5fd6a81284f1af57b4f611a726447cc52,07406471bc62e7278c192d5bf3dd66b5fd6a81284f1af57b4f611a726447cc52,rocq-00020,tactics,"When `apply Extensionality_Ensembles` changes an ensemble equality into a `Same_set` goal, use `split` to prove the two inclusions; do not use unavailable `ext` or `functional_extensionality`, and do not `intro` before opening the `Same_set` conjunction.
",0,0,1,1,Exact default-render matches only; alternate rendering/citation wrappers can undercount. Exposure does not establish use or correctness.
experiments/playbooks/ace_x5_offline_preaudit.yaml,07406471bc62e7278c192d5bf3dd66b5fd6a81284f1af57b4f611a726447cc52,07406471bc62e7278c192d5bf3dd66b5fd6a81284f1af57b4f611a726447cc52,rocq-00021,lemmas,"For concrete real-number identities involving naturals such as `INR 4 = 4` or `INR 13 = 13`, repeatedly rewrite with `S_INR`, then use `INR_0` and finish with `lra`; `lia` does not close the resulting real arithmetic.
",0,0,1,1,Exact default-render matches only; alternate rendering/citation wrappers can undercount. Exposure does not establish use or correctness.
experiments/playbooks/ace_x5_offline_preaudit.yaml,07406471bc62e7278c192d5bf3dd66b5fd6a81284f1af57b4f611a726447cc52,07406471bc62e7278c192d5bf3dd66b5fd6a81284f1af57b4f611a726447cc52,rocq-00022,pitfalls,"When proving an auxiliary identity after rewriting `ln (x * y ^ n)` with `ln_mult` and `ln_pow`, `simpl` may leave casted coefficients such as `(1 + 1 + 1) * ln y`; if `reflexivity` fails on the resulting linear real equality, use `simpl; lra` instead.
",0,0,1,1,Exact default-render matches only; alternate rendering/citation wrappers can undercount. Exposure does not establish use or correctness.
experiments/playbooks/ace_x5_offline_preaudit.yaml,07406471bc62e7278c192d5bf3dd66b5fd6a81284f1af57b4f611a726447cc52,07406471bc62e7278c192d5bf3dd66b5fd6a81284f1af57b4f611a726447cc52,rocq-00023,lemmas,"For a goal `sqrt (u ^ 2) = u`, use `sqrt_lem_1` rather than a product-shaped square-root lemma, and explicitly prove its side conditions `0 <= u`, `0 <= u ^ 2`, and `u * u = u ^ 2` (often all discharged with `nra`).
",0,0,1,1,Exact default-render matches only; alternate rendering/citation wrappers can undercount. Exposure does not establish use or correctness.
experiments/playbooks/ace_x5_offline_preaudit.yaml,07406471bc62e7278c192d5bf3dd66b5fd6a81284f1af57b4f611a726447cc52,07406471bc62e7278c192d5bf3dd66b5fd6a81284f1af57b4f611a726447cc52,rocq-00024,pitfalls,"When a universal hypothesis such as `Hc : forall s, c s = ...` is needed at several indices, do not specialize it destructively; preserve `Hc` and derive local facts with `pose proof (Hc s) as Hcs` for each required `s`.
",0,0,1,1,Exact default-render matches only; alternate rendering/citation wrappers can undercount. Exposure does not establish use or correctness.
experiments/playbooks/ace_x5_offline_preaudit.yaml,07406471bc62e7278c192d5bf3dd66b5fd6a81284f1af57b4f611a726447cc52,07406471bc62e7278c192d5bf3dd66b5fd6a81284f1af57b4f611a726447cc52,rocq-00025,pitfalls,"For the factorization of `c (m + a) - c k` with `c s = s * (s + 1)`, first split on `le_gt_dec k (m + a)` because nat subtraction is truncated; only in the `k <= m + a` branch may the target be normalized to `(m + a - k) * (m + a + k + 1)`, with the ordering fact supplied before using arithmetic automation.
",0,0,1,1,Exact default-render matches only; alternate rendering/citation wrappers can undercount. Exposure does not establish use or correctness.
experiments/playbooks/ace_x6_repairs.yaml,1d2bc63044f333f8db1037d9c26107aec64bad49df61b27114ce2b9e74fd3c5a,1d2bc63044f333f8db1037d9c26107aec64bad49df61b27114ce2b9e74fd3c5a,rocq-00001,tactics,"In an induction step involving a recursive sum such as `sum_f f (S n)`, use
`change` to expose the exact induction-hypothesis subterm, then `rewrite IH`
and finish the resulting linear nat arithmetic with `lia`. Do not use `cbn`
if it unfolds away the subterm needed by the induction hypothesis, and do not
substitute `ring` for `lia` on these nat successor identities.",1,1,0,0,Exact default-render matches only; alternate rendering/citation wrappers can undercount. Exposure does not establish use or correctness.
experiments/playbooks/ace_x6_repairs.yaml,1d2bc63044f333f8db1037d9c26107aec64bad49df61b27114ce2b9e74fd3c5a,1d2bc63044f333f8db1037d9c26107aec64bad49df61b27114ce2b9e74fd3c5a,rocq-00003,lemmas,"For a real goal of the form `0 <= t ^ 2`, do not expect `nra` to invent square nonnegativity. First prove the fact explicitly with `apply pow2_ge_0`, then use `nra` to combine it with the remaining polynomial inequalities.
",2,1,0,0,Exact default-render matches only; alternate rendering/citation wrappers can undercount. Exposure does not establish use or correctness.
experiments/playbooks/ace_x6_repairs.yaml,1d2bc63044f333f8db1037d9c26107aec64bad49df61b27114ce2b9e74fd3c5a,1d2bc63044f333f8db1037d9c26107aec64bad49df61b27114ce2b9e74fd3c5a,rocq-00004,tactics,"When a contradiction proof would suggest unavailable `by_contra` for a `nat` inequality, split with `destruct (le_gt_dec k n)` and solve the two ordered cases with `lia`.
",2,1,0,0,Exact default-render matches only; alternate rendering/citation wrappers can undercount. Exposure does not establish use or correctness.
experiments/playbooks/ace_x6_repairs.yaml,1d2bc63044f333f8db1037d9c26107aec64bad49df61b27114ce2b9e74fd3c5a,1d2bc63044f333f8db1037d9c26107aec64bad49df61b27114ce2b9e74fd3c5a,rocq-00005,pitfalls,"For a nat remainder hypothesis `H : n mod k = r`, first obtain a separate division-decomposition equality with `pose proof (Nat.div_mod_eq n k) as E; rewrite H in E`. Rewrite the target using that equality and use `Nat.add_mod` and `Nat.mul_mod` for modular consequences; avoid unrestricted rewriting by `Nat.div_mod_eq` and avoid `simpl` afterward, using `change` when the final modulo normal form needs to be exposed.
",2,0,0,0,Exact default-render matches only; alternate rendering/citation wrappers can undercount. Exposure does not establish use or correctness.
experiments/playbooks/ace_x6_repairs.yaml,1d2bc63044f333f8db1037d9c26107aec64bad49df61b27114ce2b9e74fd3c5a,1d2bc63044f333f8db1037d9c26107aec64bad49df61b27114ce2b9e74fd3c5a,rocq-00006,pitfalls,"When a linear nat or integer goal suggests `omega` but `omega` is unavailable, use the available `lia` tactic instead; this is especially useful after `Nat.div_mod_eq` has exposed quotient-and-remainder equalities.
",6,1,0,0,Exact default-render matches only; alternate rendering/citation wrappers can undercount. Exposure does not establish use or correctness.
experiments/playbooks/ace_x6_repairs.yaml,1d2bc63044f333f8db1037d9c26107aec64bad49df61b27114ce2b9e74fd3c5a,1d2bc63044f333f8db1037d9c26107aec64bad49df61b27114ce2b9e74fd3c5a,rocq-00007,strategy,"For recursive AM-GM arguments involving `sum_n` and `prod_n`, do not apply a fixed-sum theorem directly to an induction subproblem: `sum_n a (S (S n)) = INR (S (S n))` does not imply the corresponding fixed-sum equality at `S n`. Strengthen the induction invariant to a generalized inequality relating `prod_n a k` and `sum_n a k`, then instantiate it with the fixed-sum hypothesis at the end.
",0,0,0,0,Exact default-render matches only; alternate rendering/citation wrappers can undercount. Exposure does not establish use or correctness.
experiments/playbooks/ace_x6_repairs.yaml,1d2bc63044f333f8db1037d9c26107aec64bad49df61b27114ce2b9e74fd3c5a,1d2bc63044f333f8db1037d9c26107aec64bad49df61b27114ce2b9e74fd3c5a,rocq-00008,tactics,"In fixed-average product bounds over recursively defined sums and products, split off the cases `n = 0` and `n = 1` before the generalized induction. Unfold `sum_n` and `prod_n`, simplify the concrete `INR` values and zero additions, and use the supplied sum equality and nonnegativity; reserve the auxiliary AM-GM argument for positive sizes.
",1,0,0,0,Exact default-render matches only; alternate rendering/citation wrappers can undercount. Exposure does not establish use or correctness.
experiments/playbooks/ace_x6_repairs.yaml,1d2bc63044f333f8db1037d9c26107aec64bad49df61b27114ce2b9e74fd3c5a,1d2bc63044f333f8db1037d9c26107aec64bad49df61b27114ce2b9e74fd3c5a,rocq-00009,lemmas,"For reciprocal inequalities involving positive real powers or other
positive denominators, prove the denominator positivity explicitly
(for example, prove `0 < (2 ^ (e : nat) : R)` with `apply pow_lt; nra`,
then prove reciprocal positivity with
`apply Rinv_0_lt_compat; exact Hp`) instead of using unavailable
`positivity`. Apply `Rmult_lt_reg_r` with the denominator and
placeholders first, provide its positivity proof as the resulting
subgoal, and discharge all nonzero or arithmetic side goals generated
by `field_simplify` explicitly.
",3,0,0,0,Exact default-render matches only; alternate rendering/citation wrappers can undercount. Exposure does not establish use or correctness.
experiments/playbooks/ace_x6_repairs.yaml,1d2bc63044f333f8db1037d9c26107aec64bad49df61b27114ce2b9e74fd3c5a,1d2bc63044f333f8db1037d9c26107aec64bad49df61b27114ce2b9e74fd3c5a,rocq-00010,tactics,"When `interval_cases` is unavailable and a nat variable is bounded by a
small constant, enumerate its cases with
`repeat (destruct n as [|n]; simpl in *; try lia)`, leaving any remaining
bounded arithmetic to `lia` or `nia`.
",2,1,0,0,Exact default-render matches only; alternate rendering/citation wrappers can undercount. Exposure does not establish use or correctness.
experiments/playbooks/ace_x6_repairs.yaml,1d2bc63044f333f8db1037d9c26107aec64bad49df61b27114ce2b9e74fd3c5a,1d2bc63044f333f8db1037d9c26107aec64bad49df61b27114ce2b9e74fd3c5a,rocq-00011,pitfalls,"When a recurrence has a nat argument while `R_scope` is active, annotate
concrete calls explicitly, such as `Hrec (1%nat)` or
`Hrec (2 * n + 3)%nat`; otherwise a bare numeral may be inferred as a
real number and cause a type mismatch with the nat-indexed recurrence.
",2,0,0,0,Exact default-render matches only; alternate rendering/citation wrappers can undercount. Exposure does not establish use or correctness.
experiments/playbooks/ace_x6_repairs.yaml,1d2bc63044f333f8db1037d9c26107aec64bad49df61b27114ce2b9e74fd3c5a,1d2bc63044f333f8db1037d9c26107aec64bad49df61b27114ce2b9e74fd3c5a,rocq-00012,lemmas,"For a real absolute-value hypothesis `Rabs t = c`, after splitting with `Rle_dec 0 t`, rewrite the nonnegative branch with `Rabs_pos_eq _ Hnonneg` and the negative branch with `Rabs_left _ Hneg`; do not use the unavailable `Rabs_of_nonneg` or `Rabs_of_neg`.
",0,0,0,0,Exact default-render matches only; alternate rendering/citation wrappers can undercount. Exposure does not establish use or correctness.
experiments/playbooks/ace_x6_repairs.yaml,1d2bc63044f333f8db1037d9c26107aec64bad49df61b27114ce2b9e74fd3c5a,1d2bc63044f333f8db1037d9c26107aec64bad49df61b27114ce2b9e74fd3c5a,rocq-00013,pitfalls,"When `set x := ...` is rejected by the parser while introducing an auxiliary real variable, use a named `pose` definition instead, such as `pose (x := (a + c - b) / 2)`, and unfold the definition locally with `unfold x` when proving its properties.
",1,0,0,0,Exact default-render matches only; alternate rendering/citation wrappers can undercount. Exposure does not establish use or correctness.
experiments/playbooks/ace_x6_repairs.yaml,1d2bc63044f333f8db1037d9c26107aec64bad49df61b27114ce2b9e74fd3c5a,1d2bc63044f333f8db1037d9c26107aec64bad49df61b27114ce2b9e74fd3c5a,rocq-00014,lemmas,"For a square-root identity over `R`, prove `sqrt x * sqrt x = x` with `apply sqrt_def` followed by the side condition `0 <= x`, and prove nonnegativity of the root with `apply sqrt_pos`; do not guess unavailable lemmas such as `sqrt_sq` or rely on `norm_num`.
",2,0,0,0,Exact default-render matches only; alternate rendering/citation wrappers can undercount. Exposure does not establish use or correctness.
experiments/playbooks/ace_x6_repairs.yaml,1d2bc63044f333f8db1037d9c26107aec64bad49df61b27114ce2b9e74fd3c5a,1d2bc63044f333f8db1037d9c26107aec64bad49df61b27114ce2b9e74fd3c5a,rocq-00015,lemmas,"For a nat power equality, first normalize products of powers into one power by rewriting with Nat.pow_mul_r and Nat.pow_add_r, then use lia to normalize the exponents. If the result is a^u = a^v with 1 < a, apply Nat.pow_inj_r a u v with exactly those exponents to obtain u = v; for example, use Nat.pow_inj_r 10 (5 * x) 15 rather than mismatched exponents.
",0,0,0,0,Exact default-render matches only; alternate rendering/citation wrappers can undercount. Exposure does not establish use or correctness.
experiments/playbooks/ace_x6_repairs.yaml,1d2bc63044f333f8db1037d9c26107aec64bad49df61b27114ce2b9e74fd3c5a,1d2bc63044f333f8db1037d9c26107aec64bad49df61b27114ce2b9e74fd3c5a,rocq-00016,lemmas,"For a real zero-product hypothesis H : x * y = 0, use destruct (Rmult_integral x y H) as [Hx | Hy] to obtain x = 0 or y = 0; the generic mul_eq_zero name is unavailable in this environment.
",1,0,0,0,Exact default-render matches only; alternate rendering/citation wrappers can undercount. Exposure does not establish use or correctness.
experiments/playbooks/ace_x6_repairs.yaml,1d2bc63044f333f8db1037d9c26107aec64bad49df61b27114ce2b9e74fd3c5a,1d2bc63044f333f8db1037d9c26107aec64bad49df61b27114ce2b9e74fd3c5a,rocq-00017,tactics,"For a deeply nested finite set built with Add, introduce sequential intermediate definitions with pose rather than one deeply nested expression. When proving finiteness, keep the Empty_set base case in its own bullet with Empty_is_finite; for each freshness goal, introduce membership and repeatedly invert nested unions with Constructive_sets.Union_inv and singleton leaves with Constructive_sets.Singleton_inv, then solve the resulting constant equalities with lia. For cardinality, apply card_add once per element in nesting order and use card_empty only for the final empty-set branch.
",1,0,0,0,Exact default-render matches only; alternate rendering/citation wrappers can undercount. Exposure does not establish use or correctness.
experiments/playbooks/ace_x6_repairs.yaml,1d2bc63044f333f8db1037d9c26107aec64bad49df61b27114ce2b9e74fd3c5a,1d2bc63044f333f8db1037d9c26107aec64bad49df61b27114ce2b9e74fd3c5a,rocq-00018,pitfalls,"Trigonometric rewrites require the exact syntactic argument. After instantiating a product-to-sum or related helper, normalize angle expressions with replace ... with ... by lra before rewriting; use the available zero-sine lemma sin_0 rather than the unavailable name sin_zero.
",0,0,0,0,Exact default-render matches only; alternate rendering/citation wrappers can undercount. Exposure does not establish use or correctness.
experiments/playbooks/ace_x6_repairs.yaml,1d2bc63044f333f8db1037d9c26107aec64bad49df61b27114ce2b9e74fd3c5a,1d2bc63044f333f8db1037d9c26107aec64bad49df61b27114ce2b9e74fd3c5a,rocq-00019,pitfalls,"When a logarithmic fraction contains denominators such as ln 8 and 3 * ln 2, do not use change, exact, or direct field_simplify to identify them. First prove the denominator equality with field, rewrite the fraction to a common denominator, and cancel with Rdiv_eq_reg_r using an explicit proof that the denominator is nonzero.
",0,0,0,0,Exact default-render matches only; alternate rendering/citation wrappers can undercount. Exposure does not establish use or correctness.
experiments/playbooks/ace_x6_repairs.yaml,1d2bc63044f333f8db1037d9c26107aec64bad49df61b27114ce2b9e74fd3c5a,1d2bc63044f333f8db1037d9c26107aec64bad49df61b27114ce2b9e74fd3c5a,rocq-00020,tactics,"When `apply Extensionality_Ensembles` changes an ensemble equality into a `Same_set` goal, use `split` to prove the two inclusions; do not use unavailable `ext` or `functional_extensionality`, and do not `intro` before opening the `Same_set` conjunction.
",0,0,0,0,Exact default-render matches only; alternate rendering/citation wrappers can undercount. Exposure does not establish use or correctness.
experiments/playbooks/ace_x6_repairs.yaml,1d2bc63044f333f8db1037d9c26107aec64bad49df61b27114ce2b9e74fd3c5a,1d2bc63044f333f8db1037d9c26107aec64bad49df61b27114ce2b9e74fd3c5a,rocq-00021,lemmas,"For concrete real-number identities involving naturals such as `INR 4 = 4` or `INR 13 = 13`, repeatedly rewrite with `S_INR`, then use `INR_0` and finish with `lra`; `lia` does not close the resulting real arithmetic.
",0,0,0,0,Exact default-render matches only; alternate rendering/citation wrappers can undercount. Exposure does not establish use or correctness.
experiments/playbooks/ace_x6_repairs.yaml,1d2bc63044f333f8db1037d9c26107aec64bad49df61b27114ce2b9e74fd3c5a,1d2bc63044f333f8db1037d9c26107aec64bad49df61b27114ce2b9e74fd3c5a,rocq-00022,pitfalls,"When proving an auxiliary identity after rewriting `ln (x * y ^ n)` with `ln_mult` and `ln_pow`, `simpl` may leave casted coefficients such as `(1 + 1 + 1) * ln y`; if `reflexivity` fails on the resulting linear real equality, use `simpl; lra` instead.
",0,0,0,0,Exact default-render matches only; alternate rendering/citation wrappers can undercount. Exposure does not establish use or correctness.
experiments/playbooks/ace_x6_repairs.yaml,1d2bc63044f333f8db1037d9c26107aec64bad49df61b27114ce2b9e74fd3c5a,1d2bc63044f333f8db1037d9c26107aec64bad49df61b27114ce2b9e74fd3c5a,rocq-00023,lemmas,"For a goal `sqrt (u ^ 2) = u`, use `sqrt_lem_1` rather than a product-shaped square-root lemma, and explicitly prove its side conditions `0 <= u`, `0 <= u ^ 2`, and `u * u = u ^ 2` (often all discharged with `nra`).
",0,0,0,0,Exact default-render matches only; alternate rendering/citation wrappers can undercount. Exposure does not establish use or correctness.
experiments/playbooks/ace_x6_repairs.yaml,1d2bc63044f333f8db1037d9c26107aec64bad49df61b27114ce2b9e74fd3c5a,1d2bc63044f333f8db1037d9c26107aec64bad49df61b27114ce2b9e74fd3c5a,rocq-00024,pitfalls,"When a universal hypothesis such as `Hc : forall s, c s = ...` is needed at several indices, do not specialize it destructively; preserve `Hc` and derive local facts with `pose proof (Hc s) as Hcs` for each required `s`.
",0,0,0,0,Exact default-render matches only; alternate rendering/citation wrappers can undercount. Exposure does not establish use or correctness.
experiments/playbooks/ace_x6_repairs.yaml,1d2bc63044f333f8db1037d9c26107aec64bad49df61b27114ce2b9e74fd3c5a,1d2bc63044f333f8db1037d9c26107aec64bad49df61b27114ce2b9e74fd3c5a,rocq-00025,pitfalls,"For the factorization of `c (m + a) - c k` with `c s = s * (s + 1)`, first split on `le_gt_dec k (m + a)` because nat subtraction is truncated; only in the `k <= m + a` branch may the target be normalized to `(m + a - k) * (m + a + k + 1)`, with the ordering fact supplied before using arithmetic automation.
",0,0,0,0,Exact default-render matches only; alternate rendering/citation wrappers can undercount. Exposure does not establish use or correctness.
experiments/playbooks/ace_x6_repairs.yaml,1d2bc63044f333f8db1037d9c26107aec64bad49df61b27114ce2b9e74fd3c5a,1d2bc63044f333f8db1037d9c26107aec64bad49df61b27114ce2b9e74fd3c5a,rocq-00026,lemmas,"For an impossible membership claim in `Empty_set`, do not use the unknown
`Noone_in_empty`; introduce the membership proof and eliminate it directly
by inversion (or destruct it), using the available `Empty_set` definition.
",0,0,0,0,Exact default-render matches only; alternate rendering/citation wrappers can undercount. Exposure does not establish use or correctness.
experiments/playbooks/ace_x6_repairs.yaml,1d2bc63044f333f8db1037d9c26107aec64bad49df61b27114ce2b9e74fd3c5a,1d2bc63044f333f8db1037d9c26107aec64bad49df61b27114ce2b9e74fd3c5a,rocq-00027,pitfalls,"When `change` is rejected by the parser, parenthesize the entire replacement proposition, not merely a typed subterm. For example, write `change (INR (S 48) = 49).` rather than `change INR (S 48) = 49.`; similarly, for a hypothesis use `change (P) in H.`. If the displayed goal is already definitionally simplified, `simpl` is an accepted alternative.
",0,0,0,0,Exact default-render matches only; alternate rendering/citation wrappers can undercount. Exposure does not establish use or correctness.
experiments/playbooks/ace_x6_repairs.yaml,1d2bc63044f333f8db1037d9c26107aec64bad49df61b27114ce2b9e74fd3c5a,1d2bc63044f333f8db1037d9c26107aec64bad49df61b27114ce2b9e74fd3c5a,rocq-00028,pitfalls,"If an inline `assert ... by` is rejected syntactically, check that it has exactly one closing parenthesis before `by` and one final period: `assert (H : P) by tac.`. For a multi-step proof, avoid nested punctuation and instead write `assert (H : P). { tac1. tac2. }`; only use `H` after that block closes.
",0,0,0,0,Exact default-render matches only; alternate rendering/citation wrappers can undercount. Exposure does not establish use or correctness.
experiments/playbooks/ace_x6_repairs.yaml,1d2bc63044f333f8db1037d9c26107aec64bad49df61b27114ce2b9e74fd3c5a,1d2bc63044f333f8db1037d9c26107aec64bad49df61b27114ce2b9e74fd3c5a,rocq-00029,pitfalls,"When `field_simplify [H1, H2] in H` is rejected, do not supply the bracketed hypothesis list. Use `field_simplify in H.` and then prove or discharge the generated nonzero side conditions explicitly (for example with already available assumptions).
",0,0,0,0,Exact default-render matches only; alternate rendering/citation wrappers can undercount. Exposure does not establish use or correctness.
experiments/playbooks/ace_x6_repairs.yaml,1d2bc63044f333f8db1037d9c26107aec64bad49df61b27114ce2b9e74fd3c5a,1d2bc63044f333f8db1037d9c26107aec64bad49df61b27114ce2b9e74fd3c5a,rocq-00030,tactics,"If `norm_num` is reported unknown, close a concrete arithmetic comparison over reals with `lra`, and close a definitional concrete equality such as `2 = 1 + 1` with `reflexivity`. Do not retry `norm_num`, since it is unavailable in this environment.
",0,0,0,0,Exact default-render matches only; alternate rendering/citation wrappers can undercount. Exposure does not establish use or correctness.
experiments/playbooks/ace_x6_repairs.yaml,1d2bc63044f333f8db1037d9c26107aec64bad49df61b27114ce2b9e74fd3c5a,1d2bc63044f333f8db1037d9c26107aec64bad49df61b27114ce2b9e74fd3c5a,rocq-00031,tactics,"For a goal oriented like `1 = Rabs 1`, do not `apply Rabs_R1`: it is an equality, not a rule whose conclusion unifies through `apply`. Rewrite the occurrence instead with `rewrite Rabs_R1.`, which normalizes the right-hand side and closes the equality.
",0,0,0,0,Exact default-render matches only; alternate rendering/citation wrappers can undercount. Exposure does not establish use or correctness.
experiments/playbooks/ace_x6_repairs.yaml,1d2bc63044f333f8db1037d9c26107aec64bad49df61b27114ce2b9e74fd3c5a,1d2bc63044f333f8db1037d9c26107aec64bad49df61b27114ce2b9e74fd3c5a,rocq-00032,pitfalls,"If rewriting backward with `Nat.even_succ` finds no match in a boolean parity goal containing `Nat.even (m + 1)` and `Nat.even (S (m + 1))`, use the forward direction: `rewrite Nat.even_succ.`. The successor occurrence is what the lemma expands, so `rewrite <- Nat.even_succ` searches for the wrong normal form.
",0,0,0,0,Exact default-render matches only; alternate rendering/citation wrappers can undercount. Exposure does not establish use or correctness.
experiments/playbooks/ace_x_mono.yaml,fa985e7057c8089e87ba5cc1c2b3b380f60c80096de150caa8ad9d744cb0f063,fa985e7057c8089e87ba5cc1c2b3b380f60c80096de150caa8ad9d744cb0f063,rocq-00506,strategy,"For a real polynomial bound involving an existential witness, introduce all hypotheses, destruct the existential to obtain x and Hx, rewrite Hx with (Hf x), explicitly prove square nonnegativity with Rle_0_sqr and product signs with Rmult_le_pos, expose identities with ring, and invoke nra only after these facts are present.",1,0,7,36,Exact default-render matches only; alternate rendering/citation wrappers can undercount. Exposure does not establish use or correctness.
experiments/playbooks/ace_x_mono.yaml,fa985e7057c8089e87ba5cc1c2b3b380f60c80096de150caa8ad9d744cb0f063,fa985e7057c8089e87ba5cc1c2b3b380f60c80096de150caa8ad9d744cb0f063,rocq-00507,strategy,"For integer primality or evenness arguments using prime_divisors, parenthesize divisibility assertions such as (d | x), construct the exact witness with assert (Hxd : (d | x)), prove it using Z.mod_divide with explicit nonzero-modulus and modulo-equality facts, then call prime_divisors; arithmetic automation does not invent the witness, and divisor branches can be closed with lia together with 2 <= x.",0,0,7,36,Exact default-render matches only; alternate rendering/citation wrappers can undercount. Exposure does not establish use or correctness.
experiments/playbooks/ace_x_mono.yaml,fa985e7057c8089e87ba5cc1c2b3b380f60c80096de150caa8ad9d744cb0f063,fa985e7057c8089e87ba5cc1c2b3b380f60c80096de150caa8ad9d744cb0f063,rocq-00508,strategy,"After substituting b = 2, split on a mod 3 = 0, = 1, or = 2; in each residue case construct divisibility of a, a+2, or a-2 by 3 using Z.mod_divide and the appropriate modulo rewrite, call prime_divisors with the explicit witness, and use lia in every divisor branch to derive a = 5.",0,0,7,36,Exact default-render matches only; alternate rendering/citation wrappers can undercount. Exposure does not establish use or correctness.
experiments/playbooks/ace_x_mono.yaml,fa985e7057c8089e87ba5cc1c2b3b380f60c80096de150caa8ad9d744cb0f063,fa985e7057c8089e87ba5cc1c2b3b380f60c80096de150caa8ad9d744cb0f063,rocq-00509,strategy,"After substituting a = 5 and reducing the expression to 17, prove prime 17 with prime_intro; for each concrete n satisfying 1 <= n < 17, use explicitly braced nested Z.eq_dec cases, prove rel_prime k 17 with proj1 (Zgcd_1_rel_prime k 17), and finish each concrete gcd with vm_compute followed by reflexivity; close the remaining impossible case with exfalso; lia.",0,0,7,36,Exact default-render matches only; alternate rendering/citation wrappers can undercount. Exposure does not establish use or correctness.
experiments/playbooks/ace_x_mono.yaml,fa985e7057c8089e87ba5cc1c2b3b380f60c80096de150caa8ad9d744cb0f063,fa985e7057c8089e87ba5cc1c2b3b380f60c80096de150caa8ad9d744cb0f063,rocq-00510,strategy,"With only Arith imported, avoid by_contra, interval_cases, le_gt_dec, and omega; for natural bounds use Nat.le_gt_cases with explicitly scoped inequalities, and enumerate bounded naturals by repeated destruct commands interleaved with lia, or use repeat first [ lia | destruct x ] followed by analogous enumeration for y.",1,0,7,36,Exact default-render matches only; alternate rendering/citation wrappers can undercount. Exposure does not establish use or correctness.
experiments/playbooks/ace_x_mono.yaml,fa985e7057c8089e87ba5cc1c2b3b380f60c80096de150caa8ad9d744cb0f063,fa985e7057c8089e87ba5cc1c2b3b380f60c80096de150caa8ad9d744cb0f063,rocq-00511,strategy,"For a hypothesis H equating a product such as 2^x * 3^y to a fixed numeral, split with Nat.le_gt_cases to prove x <= 10 and y <= 6; in each greater branch derive a successor lower bound with lia, apply Nat.pow_le_mono_r, use Nat.pow_nonzero and Nat.le_mul_r to compare the powered factor with the product, rewrite with H, simplify the fixed power, and finish by lia before enumerating finite cases.",0,0,7,36,Exact default-render matches only; alternate rendering/citation wrappers can undercount. Exposure does not establish use or correctness.
experiments/playbooks/ace_x_mono.yaml,fa985e7057c8089e87ba5cc1c2b3b380f60c80096de150caa8ad9d744cb0f063,fa985e7057c8089e87ba5cc1c2b3b380f60c80096de150caa8ad9d744cb0f063,rocq-00512,strategy,"For finite-product AM-GM induction, search the imported environment for the actual finite AM-GM theorem; if none is available, prove a stronger sum/product theorem with an invariant quantified over an arbitrary prefix sum, handle n = 0 separately, and do not specialize the induction hypothesis to sum_n a n = INR n because that condition is not preserved when appending a term.",0,0,7,36,Exact default-render matches only; alternate rendering/citation wrappers can undercount. Exposure does not establish use or correctness.
experiments/playbooks/ace_x_mono.yaml,fa985e7057c8089e87ba5cc1c2b3b380f60c80096de150caa8ad9d744cb0f063,fa985e7057c8089e87ba5cc1c2b3b380f60c80096de150caa8ad9d744cb0f063,rocq-00513,strategy,"For the product bound involving real powers, retain the true reciprocal invariant prod_1_to_n m < 5 / 2 * (1 - / ((2 : R) ^ m)); replacing the reciprocal by (2 : R)^m changes the proposition and makes the strengthening false.",0,0,7,36,Exact default-render matches only; alternate rendering/citation wrappers can undercount. Exposure does not establish use or correctness.
experiments/playbooks/ace_x_mono.yaml,fa985e7057c8089e87ba5cc1c2b3b380f60c80096de150caa8ad9d744cb0f063,fa985e7057c8089e87ba5cc1c2b3b380f60c80096de150caa8ad9d744cb0f063,rocq-00514,strategy,"For nat goals containing a fixed product equation, retain conjunction destructuring, positivity proofs, exclusion of factor 2, and Nat.le_gt_cases splits; after substituting a factor equal to 1 and splitting the ordering of the remaining factors, try nia directly on the original sum goal before asserting guessed bounds such as i <= 44, m <= 44, or m <= 500.",0,0,7,36,Exact default-render matches only; alternate rendering/citation wrappers can undercount. Exposure does not establish use or correctness.
experiments/playbooks/ace_x_mono.yaml,fa985e7057c8089e87ba5cc1c2b3b380f60c80096de150caa8ad9d744cb0f063,fa985e7057c8089e87ba5cc1c2b3b380f60c80096de150caa8ad9d744cb0f063,rocq-00515,strategy,"For nat power equations with decimal constants, bridge decimal numerals to powers of 10 with explicit reflexive equalities, rewrite those bridges into the hypothesis, normalize exponents with Nat.pow_add_r and Nat.pow_mul_r, apply Nat.pow_inj_r with 1 < 10, and finish the exponent equation with lia.",0,0,7,36,Exact default-render matches only; alternate rendering/citation wrappers can undercount. Exposure does not establish use or correctness.
experiments/playbooks/ace_x_mono.yaml,fa985e7057c8089e87ba5cc1c2b3b380f60c80096de150caa8ad9d744cb0f063,fa985e7057c8089e87ba5cc1c2b3b380f60c80096de150caa8ad9d744cb0f063,rocq-00516,strategy,"For bounded integer product equations, give every repeated Z.eq_dec destruct distinct hypothesis names such as E4 and NE4; in p = 14 and p = 16 branches prove divisibility by 2 with witnesses 7 and 8, apply prime_divisors, destruct its four-way disjunction, and use lia. For p = 17, substitute and split q with Z.le_gt_cases q 13; for the final branch clear Heq, derive p = 18 with lia, substitute, split q with Z.le_gt_cases q 12, and finish both branches with lia.",0,0,7,36,Exact default-render matches only; alternate rendering/citation wrappers can undercount. Exposure does not establish use or correctness.
experiments/playbooks/ace_x_mono.yaml,fa985e7057c8089e87ba5cc1c2b3b380f60c80096de150caa8ad9d744cb0f063,fa985e7057c8089e87ba5cc1c2b3b380f60c80096de150caa8ad9d744cb0f063,rocq-00517,tactics,"Establish bounds for a mod 2 and b mod 2 with Z.mod_pos_bound, split on whether each remainder is zero, and in the both-odd branch rewrite (a+b) mod 2 with Z.add_mod, show it is zero, and apply the even-prime helper to a+b; use lia for the resulting integer arithmetic.",0,0,7,36,Exact default-render matches only; alternate rendering/citation wrappers can undercount. Exposure does not establish use or correctness.
experiments/playbooks/ace_x_mono.yaml,fa985e7057c8089e87ba5cc1c2b3b380f60c80096de150caa8ad9d744cb0f063,fa985e7057c8089e87ba5cc1c2b3b380f60c80096de150caa8ad9d744cb0f063,rocq-00518,tactics,"For a nat remainder implication such as n mod 8 = 7 -> n mod 4 = 3, introduce n and Hn, obtain Hdecomp : n = 8 * (n / 8) + n mod 8 from Nat.div_mod n 8, rewrite with Hdecomp and Hn, reduce the target using Nat.add_mod and Nat.mul_mod, and discharge every nonzero modulus side condition explicitly, commonly with lia, before reflexivity or simplification.",0,0,7,36,Exact default-render matches only; alternate rendering/citation wrappers can undercount. Exposure does not establish use or correctness.
experiments/playbooks/ace_x_mono.yaml,fa985e7057c8089e87ba5cc1c2b3b380f60c80096de150caa8ad9d744cb0f063,fa985e7057c8089e87ba5cc1c2b3b380f60c80096de150caa8ad9d744cb0f063,rocq-00519,tactics,"To prove a local lemma Hmod of the form 27 * x mod 40 = 17 -> x mod 40 = 11, multiply the congruence by 3, use Nat.mul_mod twice, rewrite 3 * (27 * x) as 81 * x, and reduce the result to ((1 * (x mod 40)) mod 40 = 11).",0,0,7,36,Exact default-render matches only; alternate rendering/citation wrappers can undercount. Exposure does not establish use or correctness.
experiments/playbooks/ace_x_mono.yaml,fa985e7057c8089e87ba5cc1c2b3b380f60c80096de150caa8ad9d744cb0f063,fa985e7057c8089e87ba5cc1c2b3b380f60c80096de150caa8ad9d744cb0f063,rocq-00520,tactics,"When a nat modulo expression has shape (1 * (x mod m)) mod m = r, preserve that syntax: first rewrite explicitly with Nat.mul_1_l, then rewrite with Nat.mod_mod in H by lia to discharge m <> 0; do not replace these targeted rewrites with simpl or change.",0,0,7,36,Exact default-render matches only; alternate rendering/citation wrappers can undercount. Exposure does not establish use or correctness.
experiments/playbooks/ace_x_mono.yaml,fa985e7057c8089e87ba5cc1c2b3b380f60c80096de150caa8ad9d744cb0f063,fa985e7057c8089e87ba5cc1c2b3b380f60c80096de150caa8ad9d744cb0f063,rocq-00521,tactics,"After applying a modulo implication separately to u and v, use Nat.div_mod to write each variable as 40 * (variable / 40) + variable mod 40, rewrite both remainders to 11, and use lia with u < 40, 40 < v, and v < 80 to force u = 11 and v = 51.",0,0,7,36,Exact default-render matches only; alternate rendering/citation wrappers can undercount. Exposure does not establish use or correctness.
experiments/playbooks/ace_x_mono.yaml,fa985e7057c8089e87ba5cc1c2b3b380f60c80096de150caa8ad9d744cb0f063,fa985e7057c8089e87ba5cc1c2b3b380f60c80096de150caa8ad9d744cb0f063,rocq-00522,tactics,"In the successor case of a stronger sum/product AM-GM induction, rewrite the prefix sum using the recursive equation for sum_n, derive prefix nonnegativity from Ha, supply positivity and denominator facts, then use field_simplify if it is imported or otherwise explicit algebra followed by nra on the resulting polynomial inequality.",0,0,7,36,Exact default-render matches only; alternate rendering/citation wrappers can undercount. Exposure does not establish use or correctness.
experiments/playbooks/ace_x_mono.yaml,fa985e7057c8089e87ba5cc1c2b3b380f60c80096de150caa8ad9d744cb0f063,fa985e7057c8089e87ba5cc1c2b3b380f60c80096de150caa8ad9d744cb0f063,rocq-00523,tactics,"For the reciprocal product invariant, prove positivity separately with pow_lt and Rinv_pos; prove product positivity by induction using Rmult_lt_0_compat, and invoke nra only after reciprocal-factor positivity facts are in context; for a final square such as t^2, rewrite it as t * t and prove strict positivity with Rmult_lt_0_compat rather than asking nra to infer it.",0,0,7,36,Exact default-render matches only; alternate rendering/citation wrappers can undercount. Exposure does not establish use or correctness.
experiments/playbooks/ace_x_mono.yaml,fa985e7057c8089e87ba5cc1c2b3b380f60c80096de150caa8ad9d744cb0f063,fa985e7057c8089e87ba5cc1c2b3b380f60c80096de150caa8ad9d744cb0f063,rocq-00524,tactics,"In the successor case, unfold only the recursive product, rewrite (2 : R) ^ (m + 1) with pow_add, normalize factors such as 2 * 1 immediately with change or a targeted rewrite, and use Rinv_mult to split / ((2 : R) ^ m * 2) into / ((2 : R) ^ m) * / 2 before finishing with nra.",0,0,7,36,Exact default-render matches only; alternate rendering/citation wrappers can undercount. Exposure does not establish use or correctness.
experiments/playbooks/ace_x_mono.yaml,fa985e7057c8089e87ba5cc1c2b3b380f60c80096de150caa8ad9d744cb0f063,fa985e7057c8089e87ba5cc1c2b3b380f60c80096de150caa8ad9d744cb0f063,rocq-00525,tactics,"For product-bound base cases, split with Nat.le_gt_cases 3 n and handle n = 1 and n = 2 directly; keep inequalities explicitly typed, for example (3 <= m)%nat, and do not introduce Rpower or INR when the definition uses ordinary real power with a natural exponent.",0,0,7,36,Exact default-render matches only; alternate rendering/citation wrappers can undercount. Exposure does not establish use or correctness.
experiments/playbooks/ace_x_mono.yaml,fa985e7057c8089e87ba5cc1c2b3b380f60c80096de150caa8ad9d744cb0f063,fa985e7057c8089e87ba5cc1c2b3b380f60c80096de150caa8ad9d744cb0f063,rocq-00526,tactics,"For logarithmic equations involving logb, introduce x, Hx, and Heq, unfold logb everywhere, prove positivity of 2 and 3 with lra, derive 0 < ln 2 and 0 < ln x via ln_increasing and ln_1, prove ln 8 = 3 * ln 2 with ln_mult and ring, define t with set (t := ln x / ln 2), and use Rdiv_lt_0_compat to prove t > 0.",0,0,7,36,Exact default-render matches only; alternate rendering/citation wrappers can undercount. Exposure does not establish use or correctness.
experiments/playbooks/ace_x_mono.yaml,fa985e7057c8089e87ba5cc1c2b3b380f60c80096de150caa8ad9d744cb0f063,fa985e7057c8089e87ba5cc1c2b3b380f60c80096de150caa8ad9d744cb0f063,rocq-00527,tactics,"When cancelling a real denominator in a logarithmic equation, normalize both sides to the exact form r1 / r = r2 / r, use the symmetric orientation of any replacement equality when required, and apply Rdiv_eq_reg_r r with an explicit r <> 0 proof; avoid broad field_simplify on logarithmic hypotheses.",0,0,7,36,Exact default-render matches only; alternate rendering/citation wrappers can undercount. Exposure does not establish use or correctness.
experiments/playbooks/ace_x_mono.yaml,fa985e7057c8089e87ba5cc1c2b3b380f60c80096de150caa8ad9d744cb0f063,fa985e7057c8089e87ba5cc1c2b3b380f60c80096de150caa8ad9d744cb0f063,rocq-00528,tactics,"To relate logarithmic quotients, rewrite ln 8 explicitly, express both sides over the common denominator 3 * ln 2, cancel ln 2 with Rdiv_eq_reg_r, and separately rewrite t / 3 as t * / 3 before applying ln_mult and ln_Rinv; use nra only after these syntactic bridges are present.",0,0,7,36,Exact default-render matches only; alternate rendering/citation wrappers can undercount. Exposure does not establish use or correctness.
experiments/playbooks/ace_x_mono.yaml,fa985e7057c8089e87ba5cc1c2b3b380f60c80096de150caa8ad9d744cb0f063,fa985e7057c8089e87ba5cc1c2b3b380f60c80096de150caa8ad9d744cb0f063,rocq-00529,tactics,"For a final logarithm comparison, apply ln_pow to t and 3, rewrite t^2 and 3^3 into the nested multiplication syntax appearing in the hypotheses with ring, use nra to derive ln (t^2) = ln (3^3), replace 3^3 by 27, and apply ln_inv only after explicitly proving 0 < t^2.",0,0,7,36,Exact default-render matches only; alternate rendering/citation wrappers can undercount. Exposure does not establish use or correctness.
experiments/playbooks/ace_x_mono.yaml,fa985e7057c8089e87ba5cc1c2b3b380f60c80096de150caa8ad9d744cb0f063,fa985e7057c8089e87ba5cc1c2b3b380f60c80096de150caa8ad9d744cb0f063,rocq-00530,tactics,"After logarithm rewrites, extract the coefficient equality with apply (Rmult_eq_reg_r (ln n)); [ lra | exact Hlnn ], or an equivalent explicitly braced form; do not pass Hlnn where the equality goal is expected.",0,0,7,36,Exact default-render matches only; alternate rendering/citation wrappers can undercount. Exposure does not establish use or correctness.
experiments/playbooks/ace_x_mono.yaml,fa985e7057c8089e87ba5cc1c2b3b380f60c80096de150caa8ad9d744cb0f063,fa985e7057c8089e87ba5cc1c2b3b380f60c80096de150caa8ad9d744cb0f063,rocq-00531,tactics,"With only Reals and ZArith, clear denominators in equations containing / INR explicitly: prove positivity and nonzeroness of D = INR a * INR b * INR c, multiply by D using available real multiplication and cancellation lemmas, rewrite inverse products with the appropriate Rinv lemmas, and use ring or nra only after all inverses have disappeared.",0,0,7,36,Exact default-render matches only; alternate rendering/citation wrappers can undercount. Exposure does not establish use or correctness.
experiments/playbooks/ace_x_mono.yaml,fa985e7057c8089e87ba5cc1c2b3b380f60c80096de150caa8ad9d744cb0f063,fa985e7057c8089e87ba5cc1c2b3b380f60c80096de150caa8ad9d744cb0f063,rocq-00532,tactics,"From the denominator-cleared relation 36 * (INR b * INR c + INR c + 1) = 25 * INR a * INR b * INR c, transfer 2 <= a, 2 <= b, and 2 <= c with le_INR, assert and prove a < 3 by a separate polynomial contradiction, substitute a = 2, derive b < 4 similarly, and finish from 2 <= b by natural arithmetic.",0,0,7,36,Exact default-render matches only; alternate rendering/citation wrappers can undercount. Exposure does not establish use or correctness.
experiments/playbooks/ace_x_mono.yaml,fa985e7057c8089e87ba5cc1c2b3b380f60c80096de150caa8ad9d744cb0f063,fa985e7057c8089e87ba5cc1c2b3b380f60c80096de150caa8ad9d744cb0f063,rocq-00533,tactics,"For real zero-product case splits in a minimally imported environment, use destruct (Rmult_integral _ _ H) as [Hx | Hy] rather than guessing mul_eq_zero or Rmult_eq_zero; this gives the two real equality branches needed by subsequent nra reasoning.",1,0,7,36,Exact default-render matches only; alternate rendering/citation wrappers can undercount. Exposure does not establish use or correctness.
experiments/playbooks/ace_x_mono.yaml,fa985e7057c8089e87ba5cc1c2b3b380f60c80096de150caa8ad9d744cb0f063,fa985e7057c8089e87ba5cc1c2b3b380f60c80096de150caa8ad9d744cb0f063,rocq-00534,tactics,"To prove positivity of PI in this Reals environment, obtain Hpi6 : 0 < PI / 6 with PI6_RGT_0, then derive Hpi : 0 < PI by nra; do not depend on the unavailable PI_pos lemma.",0,0,7,36,Exact default-render matches only; alternate rendering/citation wrappers can undercount. Exposure does not establish use or correctness.
experiments/playbooks/ace_x_mono.yaml,fa985e7057c8089e87ba5cc1c2b3b380f60c80096de150caa8ad9d744cb0f063,fa985e7057c8089e87ba5cc1c2b3b380f60c80096de150caa8ad9d744cb0f063,rocq-00535,tactics,"For trigonometric angle identities, first replace an angle by the exact sum or difference needed, rewrite with sin_plus, sin_minus, cos_minus, cos_PI, and sin_PI as appropriate, and only then use ring for the resulting polynomial identity; ring may fail if asked to establish the initial replacement itself.",0,0,7,36,Exact default-render matches only; alternate rendering/citation wrappers can undercount. Exposure does not establish use or correctness.
experiments/playbooks/ace_x_mono.yaml,fa985e7057c8089e87ba5cc1c2b3b380f60c80096de150caa8ad9d744cb0f063,fa985e7057c8089e87ba5cc1c2b3b380f60c80096de150caa8ad9d744cb0f063,rocq-00536,tactics,"When applying sin_gt_0, use explicit brace blocks for its arithmetic subgoals rather than compact bullet or semicolon syntax; prove the angle bounds with nra using Hpi, then use Rtrigo_facts.sin_pi_minus followed by reflexivity for identities such as sin (6 * PI / 7) = sin (PI / 7).",0,0,7,36,Exact default-render matches only; alternate rendering/citation wrappers can undercount. Exposure does not establish use or correctness.
experiments/playbooks/ace_x_mono.yaml,fa985e7057c8089e87ba5cc1c2b3b380f60c80096de150caa8ad9d744cb0f063,fa985e7057c8089e87ba5cc1c2b3b380f60c80096de150caa8ad9d744cb0f063,rocq-00537,pitfalls,"For a closed natural-number computation such as (1 + 2 + 7 + 14) = 24, try reflexivity first: kernel reduction evaluates the numeral additions directly, so do not introduce nonexistent hypotheses or invoke arithmetic automation.",0,0,7,36,Exact default-render matches only; alternate rendering/citation wrappers can undercount. Exposure does not establish use or correctness.
experiments/playbooks/ace_x_mono.yaml,fa985e7057c8089e87ba5cc1c2b3b380f60c80096de150caa8ad9d744cb0f063,fa985e7057c8089e87ba5cc1c2b3b380f60c80096de150caa8ad9d744cb0f063,rocq-00538,pitfalls,"A disjunction-producing destruct creates focused subgoals whose bullets must be scoped exactly; use explicit { ... } blocks for every equality case, and do not issue further destruct commands after a branch-closing tactic has already left that branch.",1,0,7,36,Exact default-render matches only; alternate rendering/citation wrappers can undercount. Exposure does not establish use or correctness.
experiments/playbooks/ace_x_mono.yaml,fa985e7057c8089e87ba5cc1c2b3b380f60c80096de150caa8ad9d744cb0f063,fa985e7057c8089e87ba5cc1c2b3b380f60c80096de150caa8ad9d744cb0f063,rocq-00540,pitfalls,"For local real abbreviations, use the exact Ltac syntax set (x := term), set (y := term), or set (z := term); malformed forms such as set x := term and pose (x : R := term) are rejected in this environment.",0,0,7,36,Exact default-render matches only; alternate rendering/citation wrappers can undercount. Exposure does not establish use or correctness.
experiments/playbooks/ace_x_mono.yaml,fa985e7057c8089e87ba5cc1c2b3b380f60c80096de150caa8ad9d744cb0f063,fa985e7057c8089e87ba5cc1c2b3b380f60c80096de150caa8ad9d744cb0f063,rocq-00541,pitfalls,"Before rewriting a reciprocal expression, normalize the exact syntax first: terms such as / (2 ^ m * (2 * 1)) do not match a rewrite aimed at / (2 ^ m * 2); simplify or change the term, then apply Rinv_mult.",0,0,7,36,Exact default-render matches only; alternate rendering/citation wrappers can undercount. Exposure does not establish use or correctness.
experiments/playbooks/ace_x_mono.yaml,fa985e7057c8089e87ba5cc1c2b3b380f60c80096de150caa8ad9d744cb0f063,fa985e7057c8089e87ba5cc1c2b3b380f60c80096de150caa8ad9d744cb0f063,rocq-00542,pitfalls,"When transferring a nat remainder between moduli, do not guess a specialized remainder-transfer lemma if it is unavailable; use the general Nat.div_mod decomposition together with modular arithmetic lemmas.",0,0,7,36,Exact default-render matches only; alternate rendering/citation wrappers can undercount. Exposure does not establish use or correctness.
experiments/playbooks/ace_x_mono.yaml,fa985e7057c8089e87ba5cc1c2b3b380f60c80096de150caa8ad9d744cb0f063,fa985e7057c8089e87ba5cc1c2b3b380f60c80096de150caa8ad9d744cb0f063,rocq-00543,pitfalls,"Nat.mul_1_l is propositionally rewriteable but may not be definitionally convertible for change, and Nat.mod_mod needs an explicit nonzero-modulus proof such as by lia; use targeted theorem rewrites and supply the side condition.",0,0,7,36,Exact default-render matches only; alternate rendering/citation wrappers can undercount. Exposure does not establish use or correctness.
experiments/playbooks/ace_x_mono.yaml,fa985e7057c8089e87ba5cc1c2b3b380f60c80096de150caa8ad9d744cb0f063,fa985e7057c8089e87ba5cc1c2b3b380f60c80096de150caa8ad9d744cb0f063,rocq-00544,pitfalls,"For inequalities involving INR, do not rely on witness inference or guessed lt_INR syntax: inspect the imported theorem's type and apply it with explicit natural arguments and an explicitly stated inequality in the required direction.",0,0,7,36,Exact default-render matches only; alternate rendering/citation wrappers can undercount. Exposure does not establish use or correctness.
experiments/playbooks/ace_x_mono.yaml,fa985e7057c8089e87ba5cc1c2b3b380f60c80096de150caa8ad9d744cb0f063,fa985e7057c8089e87ba5cc1c2b3b380f60c80096de150caa8ad9d744cb0f063,rocq-00545,pitfalls,"Do not use change ... in H or change ... at H as a general numeral-to-power conversion mechanism when the parser or conversion is unreliable; instead assert explicit reflexive equalities such as 100 ^ (2*x) = (10 ^ 2) ^ (2*x) and 1000 ^ 5 = (10 ^ 3) ^ 5, then rewrite them into H before applying power lemmas or exact.",0,0,7,36,Exact default-render matches only; alternate rendering/citation wrappers can undercount. Exposure does not establish use or correctness.
experiments/playbooks/ace_x_mono.yaml,fa985e7057c8089e87ba5cc1c2b3b380f60c80096de150caa8ad9d744cb0f063,fa985e7057c8089e87ba5cc1c2b3b380f60c80096de150caa8ad9d744cb0f063,rocq-00546,pitfalls,"Trigonometric lemma names and namespaces are import-sensitive: use Rtrigo_facts.sin_pi_minus for sine reflection, and search the environment instead of guessing unqualified names such as sin_pi_minus or PI_pos.",0,0,7,36,Exact default-render matches only; alternate rendering/citation wrappers can undercount. Exposure does not establish use or correctness.
experiments/playbooks/ace_x_noreflect.yaml,d56da056b5ed4ac0a557c34b9843ba6ab3b31f8c333cba816b1500faaeabf508,d56da056b5ed4ac0a557c34b9843ba6ab3b31f8c333cba816b1500faaeabf508,rocq-00001,pitfalls,"When `apply Rle_0_sqr` fails on a goal written as `0 <= t^2`, restate the auxiliary fact as `0 <= t * t`; the product form can match the lemma where the exponent form does not.
",0,0,96,1357,Exact default-render matches only; alternate rendering/citation wrappers can undercount. Exposure does not establish use or correctness.
experiments/playbooks/ace_x_noreflect.yaml,d56da056b5ed4ac0a557c34b9843ba6ab3b31f8c333cba816b1500faaeabf508,d56da056b5ed4ac0a557c34b9843ba6ab3b31f8c333cba816b1500faaeabf508,rocq-00002,pitfalls,"Under the shown `ZArith` and `Znumtheory` imports, use `lia` rather than `omega`; `omega` is not a recognized tactic in this environment.
",0,0,96,1357,Exact default-render matches only; alternate rendering/citation wrappers can undercount. Exposure does not establish use or correctness.
experiments/playbooks/ace_x_noreflect.yaml,d56da056b5ed4ac0a557c34b9843ba6ab3b31f8c333cba816b1500faaeabf508,d56da056b5ed4ac0a557c34b9843ba6ab3b31f8c333cba816b1500faaeabf508,rocq-00003,pitfalls,"Do not rely on `interval_cases` for bounded integer case splits in this environment; instead derive an explicit finite disjunction with `lia` and destruct it.
",0,0,96,1357,Exact default-render matches only; alternate rendering/citation wrappers can undercount. Exposure does not establish use or correctness.
experiments/playbooks/ace_x_noreflect.yaml,d56da056b5ed4ac0a557c34b9843ba6ab3b31f8c333cba816b1500faaeabf508,d56da056b5ed4ac0a557c34b9843ba6ab3b31f8c333cba816b1500faaeabf508,rocq-00004,pitfalls,"Avoid `try lia` or broad `all: ...` immediately before planned bullets: automation may close every branch, so subsequent tactics fail with “No such goal” or a wrong-bullet focus error; use explicit branch bullets when one branch needs a special rewrite.
",0,0,96,1357,Exact default-render matches only; alternate rendering/citation wrappers can undercount. Exposure does not establish use or correctness.
experiments/playbooks/ace_x_noreflect.yaml,d56da056b5ed4ac0a557c34b9843ba6ab3b31f8c333cba816b1500faaeabf508,d56da056b5ed4ac0a557c34b9843ba6ab3b31f8c333cba816b1500faaeabf508,rocq-00005,pitfalls,"For an inductive equality involving natural subtraction, strengthen the invariant with the corresponding order fact: prove a conjunction such as `A n <= B n /\ B n - A n = n`, since `lia` needs the lower bound to control truncated subtraction.
",0,0,96,1357,Exact default-render matches only; alternate rendering/citation wrappers can undercount. Exposure does not establish use or correctness.
experiments/playbooks/ace_x_noreflect.yaml,d56da056b5ed4ac0a557c34b9843ba6ab3b31f8c333cba816b1500faaeabf508,d56da056b5ed4ac0a557c34b9843ba6ab3b31f8c333cba816b1500faaeabf508,rocq-00006,tactics,"When induction hypotheses contain summand functions that `simpl` normalizes in the successor goal, run `simpl in Hle.` and `simpl in Hsub.` as separate commands before `split; lia.`; the combined form `simpl in Hle Hsub.` is rejected in this environment.
",0,0,96,1357,Exact default-render matches only; alternate rendering/citation wrappers can undercount. Exposure does not establish use or correctness.
experiments/playbooks/ace_x_noreflect.yaml,d56da056b5ed4ac0a557c34b9843ba6ab3b31f8c333cba816b1500faaeabf508,d56da056b5ed4ac0a557c34b9843ba6ab3b31f8c333cba816b1500faaeabf508,rocq-00007,tactics,"For a natural-number goal involving polynomial products, concrete numeral equalities, and truncated subtraction such as `(n - 1) * n * (n + 1) = k`, first introduce the variables and hypotheses and try `nia`; it can solve the resulting nonlinear arithmetic directly.
",0,0,96,1357,Exact default-render matches only; alternate rendering/citation wrappers can undercount. Exposure does not establish use or correctness.
experiments/playbooks/ace_x_noreflect.yaml,d56da056b5ed4ac0a557c34b9843ba6ab3b31f8c333cba816b1500faaeabf508,d56da056b5ed4ac0a557c34b9843ba6ab3b31f8c333cba816b1500faaeabf508,rocq-00008,pitfalls,"With only `Require Import Arith`, `norm_num` is unavailable; after substituting numeral cases, use `simpl` or `cbn` followed by `lia` instead.
",0,0,96,1357,Exact default-render matches only; alternate rendering/citation wrappers can undercount. Exposure does not establish use or correctness.
experiments/playbooks/ace_x_noreflect.yaml,d56da056b5ed4ac0a557c34b9843ba6ab3b31f8c333cba816b1500faaeabf508,d56da056b5ed4ac0a557c34b9843ba6ab3b31f8c333cba816b1500faaeabf508,rocq-00009,lemmas,"For `Nat.pow_le_mono_r_iff a b c H`, avoid `.2` projection syntax in this environment: bind it with `pose proof (...) as Hiff`, then apply `(proj2 Hiff)` to convert `a ^ b <= a ^ c` into `b <= c`.
",0,0,96,1357,Exact default-render matches only; alternate rendering/citation wrappers can undercount. Exposure does not establish use or correctness.
experiments/playbooks/ace_x_noreflect.yaml,d56da056b5ed4ac0a557c34b9843ba6ab3b31f8c333cba816b1500faaeabf508,d56da056b5ed4ac0a557c34b9843ba6ab3b31f8c333cba816b1500faaeabf508,rocq-00010,strategy,"When a bounded disjunction creates many arithmetic branches, avoid large `all:` or `repeat` scripts: they can cause stack overflow or consume branch-specific equalities; use explicit branch bullets and finish each substituted branch with `simpl`/`cbn` and `lia`, using `reflexivity` where the target is purely numerical.
",0,0,96,1357,Exact default-render matches only; alternate rendering/citation wrappers can undercount. Exposure does not establish use or correctness.
experiments/playbooks/ace_x_noreflect.yaml,d56da056b5ed4ac0a557c34b9843ba6ab3b31f8c333cba816b1500faaeabf508,d56da056b5ed4ac0a557c34b9843ba6ab3b31f8c333cba816b1500faaeabf508,rocq-00011,tactics,"For a natural-number remainder implication such as n mod 8 = 7 -> n mod 4 = 3, introduce the hypothesis, assert n = 8 * (n / 8) + n mod 8 using Nat.div_mod (discharging 8 <> 0 with lia), rewrite the known remainder, then use Nat.add_mod and Nat.mul_mod followed by simpl or reflexivity to normalize the resulting modular expression.
",0,0,96,1357,Exact default-render matches only; alternate rendering/citation wrappers can undercount. Exposure does not establish use or correctness.
experiments/playbooks/ace_x_noreflect.yaml,d56da056b5ed4ac0a557c34b9843ba6ab3b31f8c333cba816b1500faaeabf508,d56da056b5ed4ac0a557c34b9843ba6ab3b31f8c333cba816b1500faaeabf508,rocq-00012,tactics,"For a fully concrete equality built from computable list operations such as `seq`, `filter`, `fold_right`, boolean tests, and natural-number arithmetic, use `vm_compute` to evaluate the expression, then finish with `reflexivity` if the normalized goal remains a numeral equality.
",0,0,96,1357,Exact default-render matches only; alternate rendering/citation wrappers can undercount. Exposure does not establish use or correctness.
experiments/playbooks/ace_x_noreflect.yaml,d56da056b5ed4ac0a557c34b9843ba6ab3b31f8c333cba816b1500faaeabf508,d56da056b5ed4ac0a557c34b9843ba6ab3b31f8c333cba816b1500faaeabf508,rocq-00013,tactics,"For an invariant equating a real-valued function at a nat index with an arithmetic expression in the induction variable, write the nat variable explicitly as `INR k` (for example, `f ((2 * k + 1)%nat) = 2 * INR k + 2`) rather than leaving `k` ambiguous between `nat` and `R`.
",0,0,96,1357,Exact default-render matches only; alternate rendering/citation wrappers can undercount. Exposure does not establish use or correctness.
experiments/playbooks/ace_x_noreflect.yaml,d56da056b5ed4ac0a557c34b9843ba6ab3b31f8c333cba816b1500faaeabf508,d56da056b5ed4ac0a557c34b9843ba6ab3b31f8c333cba816b1500faaeabf508,rocq-00014,lemmas,"To prove `Nat.odd (2 * k + 3)%nat = true`, first replace `2 * k + 3` by `S (S (2 * k + 1))`, unfold `Nat.odd`, change the goal to `negb (Nat.even (2 * k + 1)) = true`, and then rewrite with `Nat.even_odd`.
",0,0,96,1357,Exact default-render matches only; alternate rendering/citation wrappers can undercount. Exposure does not establish use or correctness.
experiments/playbooks/ace_x_noreflect.yaml,d56da056b5ed4ac0a557c34b9843ba6ab3b31f8c333cba816b1500faaeabf508,d56da056b5ed4ac0a557c34b9843ba6ab3b31f8c333cba816b1500faaeabf508,rocq-00015,tactics,"For a natural-number remainder goal where an expression can be rearranged into `n * q + r`, first use `replace ... with (n * q + r) by lia`, then apply `Nat.add_mod` and `Nat.mul_mod`; discharge nonzero-modulus side goals with `lia`, and use `reflexivity` after `simpl` when the final target is a concrete equality such as `2 = 2`.
",0,0,96,1357,Exact default-render matches only; alternate rendering/citation wrappers can undercount. Exposure does not establish use or correctness.
experiments/playbooks/ace_x_noreflect.yaml,d56da056b5ed4ac0a557c34b9843ba6ab3b31f8c333cba816b1500faaeabf508,d56da056b5ed4ac0a557c34b9843ba6ab3b31f8c333cba816b1500faaeabf508,rocq-00016,pitfalls,"After `field_simplify in Heq` on a real rational equation, expect a side goal asserting that the expanded product denominator is nonzero; prove it by replacing the expanded polynomial with the product of the original denominators using `ring`, then destruct with nested `Rmult_integral`, using distinct names such as `Hab`, `Hc`, `Ha`, and `Hb` rather than reusing the hypothesis name.
",0,0,96,1357,Exact default-render matches only; alternate rendering/citation wrappers can undercount. Exposure does not establish use or correctness.
experiments/playbooks/ace_x_noreflect.yaml,d56da056b5ed4ac0a557c34b9843ba6ab3b31f8c333cba816b1500faaeabf508,d56da056b5ed4ac0a557c34b9843ba6ab3b31f8c333cba816b1500faaeabf508,rocq-00017,tactics,"To extract a numerator equation from `Heq : N / D = 0` when `D <> 0`, assert `N = (N / D) * D` and discharge it with `(field; assumption)`, then `rewrite Heq` in that assertion and simplify before using `nra`.
",0,0,96,1357,Exact default-render matches only; alternate rendering/citation wrappers can undercount. Exposure does not establish use or correctness.
experiments/playbooks/ace_x_noreflect.yaml,d56da056b5ed4ac0a557c34b9843ba6ab3b31f8c333cba816b1500faaeabf508,d56da056b5ed4ac0a557c34b9843ba6ab3b31f8c333cba816b1500faaeabf508,rocq-00018,lemmas,"To multiply a natural-number congruence before rewriting, use `rewrite <- (Nat.Div0.mul_mod_idemp_r k expr modulus)` to transform `(k * expr) mod modulus` into `(k * (expr mod modulus)) mod modulus`; the hypothesis about `expr mod modulus` can then rewrite successfully.
",0,0,96,1357,Exact default-render matches only; alternate rendering/citation wrappers can undercount. Exposure does not establish use or correctness.
experiments/playbooks/ace_x_noreflect.yaml,d56da056b5ed4ac0a557c34b9843ba6ab3b31f8c333cba816b1500faaeabf508,d56da056b5ed4ac0a557c34b9843ba6ab3b31f8c333cba816b1500faaeabf508,rocq-00019,tactics,"For solving a congruence such as `(27 * n) mod 40 = 17`, multiply by an explicit modular inverse, rewrite via `Nat.Div0.mul_mod_idemp_r`, use `replace` with an arithmetic decomposition like `3 * (27 * n) = n + (2 * n) * 40` by `nia`, then apply `Nat.Div0.mod_add` and `simpl` to obtain `n mod 40 = 11`.
",0,0,96,1357,Exact default-render matches only; alternate rendering/citation wrappers can undercount. Exposure does not establish use or correctness.
experiments/playbooks/ace_x_noreflect.yaml,d56da056b5ed4ac0a557c34b9843ba6ab3b31f8c333cba816b1500faaeabf508,d56da056b5ed4ac0a557c34b9843ba6ab3b31f8c333cba816b1500faaeabf508,rocq-00020,tactics,"For a real affine-function hypothesis `h0 : forall x, f x = a * x + b` together with equations such as `f u = v`, rewrite with `rewrite (h0 u) in Hu` and rewrite the target with `rewrite (h0 w)`; then use `lra` to solve the resulting linear arithmetic.
",0,0,96,1357,Exact default-render matches only; alternate rendering/citation wrappers can undercount. Exposure does not establish use or correctness.
experiments/playbooks/ace_x_noreflect.yaml,d56da056b5ed4ac0a557c34b9843ba6ab3b31f8c333cba816b1500faaeabf508,d56da056b5ed4ac0a557c34b9843ba6ab3b31f8c333cba816b1500faaeabf508,rocq-00021,pitfalls,"Do not expect `lra` or `nra` to derive a product bound such as `prod_n a n <= 1` from a fixed-sum hypothesis; the missing step is a genuine AM–GM/product inequality and must be supplied as a proved lemma or imported theorem.
",0,0,96,1357,Exact default-render matches only; alternate rendering/citation wrappers can undercount. Exposure does not establish use or correctness.
experiments/playbooks/ace_x_noreflect.yaml,d56da056b5ed4ac0a557c34b9843ba6ab3b31f8c333cba816b1500faaeabf508,d56da056b5ed4ac0a557c34b9843ba6ab3b31f8c333cba816b1500faaeabf508,rocq-00022,strategy,"For an AM–GM theorem over `R`, probe the available library for a concrete inequality before designing induction; with only `Require Import Coq.Reals.Reals`, no AM–GM lemma was found, so plan to prove an auxiliary inequality or add the appropriate import rather than repeatedly extending a sum/product induction.
",0,0,96,1357,Exact default-render matches only; alternate rendering/citation wrappers can undercount. Exposure does not establish use or correctness.
experiments/playbooks/ace_x_noreflect.yaml,d56da056b5ed4ac0a557c34b9843ba6ab3b31f8c333cba816b1500faaeabf508,d56da056b5ed4ac0a557c34b9843ba6ab3b31f8c333cba816b1500faaeabf508,rocq-00023,pitfalls,"In successor-index side conditions, avoid the unavailable `Nat.lt_succ_diag`; give the bound as a direct subgoal and let `lia` solve it, for example `apply Ha; lia` or `(fun i Hi => Ha i ltac:(lia))`.
",0,0,96,1357,Exact default-render matches only; alternate rendering/citation wrappers can undercount. Exposure does not establish use or correctness.
experiments/playbooks/ace_x_noreflect.yaml,d56da056b5ed4ac0a557c34b9843ba6ab3b31f8c333cba816b1500faaeabf508,d56da056b5ed4ac0a557c34b9843ba6ab3b31f8c333cba816b1500faaeabf508,rocq-00024,tactics,"For a nat-indexed recurrence `h0 : forall n, s (S (S n)) = s (S n) + s n` and concrete numeral hypotheses that determine a lower term, instantiate `h0` at each successive index needed for backward elimination, run `simpl` in each instantiated hypothesis to expose numeral indices, then use `lra` to solve the resulting real linear system.
",0,0,96,1357,Exact default-render matches only; alternate rendering/citation wrappers can undercount. Exposure does not establish use or correctness.
experiments/playbooks/ace_x_noreflect.yaml,d56da056b5ed4ac0a557c34b9843ba6ab3b31f8c333cba816b1500faaeabf508,d56da056b5ed4ac0a557c34b9843ba6ab3b31f8c333cba816b1500faaeabf508,rocq-00025,tactics,"For a real positivity goal shaped like `0 < A * (1 + q)` or `0 < 1 + q / 2`, explicitly assert `0 < q` (often with `apply Rinv_pos; nra`) and then finish with `nra`; nonlinear arithmetic will not invent the reciprocal's positivity.
",0,0,96,1357,Exact default-render matches only; alternate rendering/citation wrappers can undercount. Exposure does not establish use or correctness.
experiments/playbooks/ace_x_noreflect.yaml,d56da056b5ed4ac0a557c34b9843ba6ab3b31f8c333cba816b1500faaeabf508,d56da056b5ed4ac0a557c34b9843ba6ab3b31f8c333cba816b1500faaeabf508,rocq-00026,pitfalls,"When applying an induction hypothesis to a rational-product inequality, preserve the exact parenthesization and denominator nesting produced by `simpl`; expressions that are mathematically equal but differ syntactically, such as `2 * (2 * (2 ^ m))` and `(2 * 2) * (2 ^ m)`, can make `exact IH` fail, so use a targeted `rewrite` or formulate the auxiliary assertion in the IH's precise shape.
",0,0,96,1357,Exact default-render matches only; alternate rendering/citation wrappers can undercount. Exposure does not establish use or correctness.
experiments/playbooks/ace_x_noreflect.yaml,d56da056b5ed4ac0a557c34b9843ba6ab3b31f8c333cba816b1500faaeabf508,d56da056b5ed4ac0a557c34b9843ba6ab3b31f8c333cba816b1500faaeabf508,rocq-00027,tactics,"To extract factor parity from `He : Nat.even (a * b * c) = false`, rewrite with `Nat.even_mul` for each multiplication, destruct `Nat.even a` with an equation, and after the false branch use `reflexivity`; after the true branch, simplify `He` and derive a contradiction with `discriminate`.
",0,0,96,1357,Exact default-render matches only; alternate rendering/citation wrappers can undercount. Exposure does not establish use or correctness.
experiments/playbooks/ace_x_noreflect.yaml,d56da056b5ed4ac0a557c34b9843ba6ab3b31f8c333cba816b1500faaeabf508,d56da056b5ed4ac0a557c34b9843ba6ab3b31f8c333cba816b1500faaeabf508,rocq-00028,pitfalls,"`le_gt_dec x y` produces a strict hypothesis such as `x > y`, which is definitionally oriented as `y < x`; when a bound application expects `y <= x`, do not use `exact`, but use `lia` to convert the strict comparison.
",0,0,96,1357,Exact default-render matches only; alternate rendering/citation wrappers can undercount. Exposure does not establish use or correctness.
experiments/playbooks/ace_x_noreflect.yaml,d56da056b5ed4ac0a557c34b9843ba6ab3b31f8c333cba816b1500faaeabf508,d56da056b5ed4ac0a557c34b9843ba6ab3b31f8c333cba816b1500faaeabf508,rocq-00029,tactics,"When a bound is proved for a reordered sum such as `x + z + y` but the goal has `x + y + z`, first assert the reordered inequality with `apply` and the explicitly permuted arguments, then finish the original goal with `nia` or `lia`; syntactic associativity and commutativity are not handled by unification.
",0,0,96,1357,Exact default-render matches only; alternate rendering/citation wrappers can undercount. Exposure does not establish use or correctness.
experiments/playbooks/ace_x_noreflect.yaml,d56da056b5ed4ac0a557c34b9843ba6ab3b31f8c333cba816b1500faaeabf508,d56da056b5ed4ac0a557c34b9843ba6ab3b31f8c333cba816b1500faaeabf508,rocq-00030,pitfalls,"When a numeral is passed to a hypothesis whose argument is nat-indexed but real arithmetic is also in scope, annotate it explicitly with `%nat`, for example `assert (Hstep := Hrec (1%nat))` or `rewrite (Hpair (48%nat)) in Hsum`; otherwise Rocq may infer the numeral as `R`.
",0,0,96,1357,Exact default-render matches only; alternate rendering/citation wrappers can undercount. Exposure does not establish use or correctness.
experiments/playbooks/ace_x_noreflect.yaml,d56da056b5ed4ac0a557c34b9843ba6ab3b31f8c333cba816b1500faaeabf508,d56da056b5ed4ac0a557c34b9843ba6ab3b31f8c333cba816b1500faaeabf508,rocq-00031,tactics,"For induction proofs relating `sum_f_R0` at successive natural bounds, use `rewrite (tech5 f N)` to expose the final summand, then normalize index expressions with targeted `replace ... by lia`; when real casts of successors occur, rewrite with `S_INR` before finishing the linear arithmetic with `lra`.
",0,0,96,1357,Exact default-render matches only; alternate rendering/citation wrappers can undercount. Exposure does not establish use or correctness.
experiments/playbooks/ace_x_noreflect.yaml,d56da056b5ed4ac0a557c34b9843ba6ab3b31f8c333cba816b1500faaeabf508,d56da056b5ed4ac0a557c34b9843ba6ab3b31f8c333cba816b1500faaeabf508,rocq-00032,pitfalls,"After rewriting a sum identity into a hypothesis such as `2 * S - (INR 48 + 1) = 137`, do not run `simpl in Hsum` on a large concrete bound because it expands the entire sum and can make `lra` fail; instead prove a small cast equality such as `INR (48%nat) + 1 = 49`, rewrite it, and leave the sum abstract for `lra`.
",0,0,96,1357,Exact default-render matches only; alternate rendering/citation wrappers can undercount. Exposure does not establish use or correctness.
experiments/playbooks/ace_x_noreflect.yaml,d56da056b5ed4ac0a557c34b9843ba6ab3b31f8c333cba816b1500faaeabf508,d56da056b5ed4ac0a557c34b9843ba6ab3b31f8c333cba816b1500faaeabf508,rocq-00033,pitfalls,"When a well-founded induction hypothesis has shape `H : forall m, m < k -> 0 < m -> P m`, avoid `apply H; lia` on a target `P t`; first instantiate it with `pose proof (H t Hlt) as Ht`, then discharge its remaining premise explicitly with `exact (Ht Hpos)` or `apply Ht; lia`.
",0,0,96,1357,Exact default-render matches only; alternate rendering/citation wrappers can undercount. Exposure does not establish use or correctness.
experiments/playbooks/ace_x_noreflect.yaml,d56da056b5ed4ac0a557c34b9843ba6ab3b31f8c333cba816b1500faaeabf508,d56da056b5ed4ac0a557c34b9843ba6ab3b31f8c333cba816b1500faaeabf508,rocq-00034,tactics,"Preserve universally quantified hypotheses when several instances are needed: use `pose proof (h₀ t) as Ht` rather than `specialize (h₀ t)`, since `specialize` permanently replaces `h₀ : forall n, 0 < f n` by the single proposition `0 < f t` and makes later applications such as `h₀ u` ill-typed.
",0,0,96,1357,Exact default-render matches only; alternate rendering/citation wrappers can undercount. Exposure does not establish use or correctness.
experiments/playbooks/ace_x_noreflect.yaml,d56da056b5ed4ac0a557c34b9843ba6ab3b31f8c333cba816b1500faaeabf508,d56da056b5ed4ac0a557c34b9843ba6ab3b31f8c333cba816b1500faaeabf508,rocq-00035,pitfalls,"When `field_simplify_eq` leaves a conjunction such as `INR c <> 0 /\ INR b <> 0 /\ INR a <> 0`, solve it explicitly with `repeat split; intro Hz; lra` using the corresponding positive-cast hypotheses; `try nra` may leave the conjunction unresolved.
",0,0,96,1357,Exact default-render matches only; alternate rendering/citation wrappers can undercount. Exposure does not establish use or correctness.
experiments/playbooks/ace_x_noreflect.yaml,d56da056b5ed4ac0a557c34b9843ba6ab3b31f8c333cba816b1500faaeabf508,d56da056b5ed4ac0a557c34b9843ba6ab3b31f8c333cba816b1500faaeabf508,rocq-00036,tactics,"`lt_INR` and `le_INR` expect both sides in cast form; for a real bound like `2 < INR a` or `4 <= INR b`, first use `change INR 2 < INR a` or `change INR 4 <= INR b`, then apply the lemma and finish the natural comparison with `lia`.
",0,0,96,1357,Exact default-render matches only; alternate rendering/citation wrappers can undercount. Exposure does not establish use or correctness.
experiments/playbooks/ace_x_noreflect.yaml,d56da056b5ed4ac0a557c34b9843ba6ab3b31f8c333cba816b1500faaeabf508,d56da056b5ed4ac0a557c34b9843ba6ab3b31f8c333cba816b1500faaeabf508,rocq-00037,tactics,"For a real hypothesis `Rabs t = 1`, split on `Rlt_dec 0 t`; in the positive branch prove `t >= 0` with `lra` and rewrite using `Rabs_right`, while in the other branch prove `t <= 0` and rewrite using `Rabs_left1`, then use `lra` to obtain `t = 1` or `t = -1`.
",0,0,96,1357,Exact default-render matches only; alternate rendering/citation wrappers can undercount. Exposure does not establish use or correctness.
experiments/playbooks/ace_x_noreflect.yaml,d56da056b5ed4ac0a557c34b9843ba6ab3b31f8c333cba816b1500faaeabf508,d56da056b5ed4ac0a557c34b9843ba6ab3b31f8c333cba816b1500faaeabf508,rocq-00038,pitfalls,"When clearing a reciprocal from an equation such as `x - 1 / x = c`, `field_simplify` may leave an awkward or unusable transformed goal; instead assert `(x - 1 / x) * x = c * x` by rewriting the equation, separately prove `(1 / x) * x = 1` with `field` and `x <> 0`, and finish the polynomial consequence with `nra`.
",0,0,96,1357,Exact default-render matches only; alternate rendering/citation wrappers can undercount. Exposure does not establish use or correctness.
experiments/playbooks/ace_x_noreflect.yaml,d56da056b5ed4ac0a557c34b9843ba6ab3b31f8c333cba816b1500faaeabf508,d56da056b5ed4ac0a557c34b9843ba6ab3b31f8c333cba816b1500faaeabf508,rocq-00039,tactics,"To show two distinct reals satisfying the same quadratic relation are impossible, derive an explicit factorization such as `(a - b) * (a + b - 1) = 0` with `nra`, destruct it using `Rmult_integral`, and use `Hab : a <> b` to eliminate the first factor before ruling out the second by positivity or `nra`.
",0,0,96,1357,Exact default-render matches only; alternate rendering/citation wrappers can undercount. Exposure does not establish use or correctness.
experiments/playbooks/ace_x_noreflect.yaml,d56da056b5ed4ac0a557c34b9843ba6ab3b31f8c333cba816b1500faaeabf508,d56da056b5ed4ac0a557c34b9843ba6ab3b31f8c333cba816b1500faaeabf508,rocq-00040,pitfalls,"After Ravi substitution for the triangle sides, do not expect `nra` (even with positivity and several square-nonnegativity hypotheses) to prove the remaining quartic inequality; establish the weighted Cauchy auxiliary inequality explicitly and connect it to the target with a verified polynomial identity.
",0,0,96,1357,Exact default-render matches only; alternate rendering/citation wrappers can undercount. Exposure does not establish use or correctness.
experiments/playbooks/ace_x_noreflect.yaml,d56da056b5ed4ac0a557c34b9843ba6ab3b31f8c333cba816b1500faaeabf508,d56da056b5ed4ac0a557c34b9843ba6ab3b31f8c333cba816b1500faaeabf508,rocq-00041,tactics,"When local-definition syntax such as `set x := ...` or typed `pose (x : R := ...)` is rejected, introduce Ravi variables with `assert (exists x y z : R, ...)`, provide witnesses, solve the side conditions, and then unpack them with `destruct`.
",0,0,96,1357,Exact default-render matches only; alternate rendering/citation wrappers can undercount. Exposure does not establish use or correctness.
experiments/playbooks/ace_x_noreflect.yaml,d56da056b5ed4ac0a557c34b9843ba6ab3b31f8c333cba816b1500faaeabf508,d56da056b5ed4ac0a557c34b9843ba6ab3b31f8c333cba816b1500faaeabf508,rocq-00042,tactics,"For concrete natural-number lcm equations such as `Nat.lcm 12 17`, avoid global computation tactics; rewrite the term with `replace (Nat.lcm 12 17) with 204 by reflexivity`, then normalize powers with repeated `rewrite Nat.pow_succ_r'` and `rewrite Nat.pow_0_r` before using `lia`.
",0,0,96,1357,Exact default-render matches only; alternate rendering/citation wrappers can undercount. Exposure does not establish use or correctness.
experiments/playbooks/ace_x_noreflect.yaml,d56da056b5ed4ac0a557c34b9843ba6ab3b31f8c333cba816b1500faaeabf508,d56da056b5ed4ac0a557c34b9843ba6ab3b31f8c333cba816b1500faaeabf508,rocq-00043,pitfalls,"When normalizing numeral bases in a natural-power hypothesis, avoid globally rewriting equalities such as `100 = 10 ^ 2`, because the left side can match inside a larger numeral like `1000`; instead use exact-subterm replacements such as `replace (100 ^ (2 * x)) with ((10 ^ 2) ^ (2 * x)) in H by reflexivity`.
",0,0,96,1357,Exact default-render matches only; alternate rendering/citation wrappers can undercount. Exposure does not establish use or correctness.
experiments/playbooks/ace_x_noreflect.yaml,d56da056b5ed4ac0a557c34b9843ba6ab3b31f8c333cba816b1500faaeabf508,d56da056b5ed4ac0a557c34b9843ba6ab3b31f8c333cba816b1500faaeabf508,rocq-00044,tactics,"For a nat equation of powers that can be normalized to one common base, rewrite occurrences with `Nat.pow_mul_r` and combine products with `rewrite <- (Nat.pow_add_r base ...)`; then apply `Nat.pow_inj_r` (supplying `1 < base`) to turn the power equality into an equality of exponents for `lia` or `nia`.
",0,0,96,1357,Exact default-render matches only; alternate rendering/citation wrappers can undercount. Exposure does not establish use or correctness.
experiments/playbooks/ace_x_noreflect.yaml,d56da056b5ed4ac0a557c34b9843ba6ab3b31f8c333cba816b1500faaeabf508,d56da056b5ed4ac0a557c34b9843ba6ab3b31f8c333cba816b1500faaeabf508,rocq-00045,strategy,"When a large nested `Ensemble` witness causes parser errors when written directly in `exists`, `refine`, or `ex_intro`, construct it incrementally with Ltac bindings such as `let S1 := constr:(Add Z S0 n) in`, then instantiate the existential with `refine (ex_intro _ S17 _)`.
",0,0,96,1357,Exact default-render matches only; alternate rendering/citation wrappers can undercount. Exposure does not establish use or correctness.
experiments/playbooks/ace_x_noreflect.yaml,d56da056b5ed4ac0a557c34b9843ba6ab3b31f8c333cba816b1500faaeabf508,d56da056b5ed4ac0a557c34b9843ba6ab3b31f8c333cba816b1500faaeabf508,rocq-00046,pitfalls,"For a Finite/cardinal proof built by repeated `Finite`/`cardinal` constructors over `Add`, expect one non-membership obligation for every inserted element; `simpl; intuition; lia` may not discharge recursive `In Z (Add ...) y` goals, so unfold the membership definition and explicitly destruct the resulting disjunction of equalities before proving the numeral inequalities.
",0,0,96,1357,Exact default-render matches only; alternate rendering/citation wrappers can undercount. Exposure does not establish use or correctness.
experiments/playbooks/ace_x_noreflect.yaml,d56da056b5ed4ac0a557c34b9843ba6ab3b31f8c333cba816b1500faaeabf508,d56da056b5ed4ac0a557c34b9843ba6ab3b31f8c333cba816b1500faaeabf508,rocq-00047,pitfalls,"For rational angle equalities involving expressions such as `PI / 7`, use `field` rather than `ring`; `ring` can reject the goal as not being a valid ring equation because division remains in the expression.
",0,0,96,1357,Exact default-render matches only; alternate rendering/citation wrappers can undercount. Exposure does not establish use or correctness.
experiments/playbooks/ace_x_noreflect.yaml,d56da056b5ed4ac0a557c34b9843ba6ab3b31f8c333cba816b1500faaeabf508,d56da056b5ed4ac0a557c34b9843ba6ab3b31f8c333cba816b1500faaeabf508,rocq-00048,tactics,"To prove product-to-sum-style identities, rewrite angle expressions into `x + y` and `x - y`, apply `sin_plus` and `sin_minus`, and finish with `ring`; analogous angle-reflection identities use `sin_minus` or `cos_minus` together with `sin_PI` and `cos_PI`.
",0,0,96,1357,Exact default-render matches only; alternate rendering/citation wrappers can undercount. Exposure does not establish use or correctness.
experiments/playbooks/ace_x_noreflect.yaml,d56da056b5ed4ac0a557c34b9843ba6ab3b31f8c333cba816b1500faaeabf508,d56da056b5ed4ac0a557c34b9843ba6ab3b31f8c333cba816b1500faaeabf508,rocq-00049,pitfalls,"In this environment, invoke `nra` without a bracketed hypothesis list such as `nra [H1, H2]`; previously asserted arithmetic hypotheses are already in context, so use plain `nra`. Also, after `apply sin_gt_0`, solve its two ordered side goals with explicit bullets rather than `split`.
",0,0,96,1357,Exact default-render matches only; alternate rendering/citation wrappers can undercount. Exposure does not establish use or correctness.
experiments/playbooks/ace_x_noreflect.yaml,d56da056b5ed4ac0a557c34b9843ba6ab3b31f8c333cba816b1500faaeabf508,d56da056b5ed4ac0a557c34b9843ba6ab3b31f8c333cba816b1500faaeabf508,rocq-00050,tactics,"For a real equation depending on a nat variable fixed to a numeral, use `subst n`, then `simpl in` the hypothesis containing `INR` casts and natural powers, and finish the resulting polynomial real arithmetic with `nra`.
",0,0,96,1357,Exact default-render matches only; alternate rendering/citation wrappers can undercount. Exposure does not establish use or correctness.
experiments/playbooks/ace_x_noreflect.yaml,d56da056b5ed4ac0a557c34b9843ba6ab3b31f8c333cba816b1500faaeabf508,d56da056b5ed4ac0a557c34b9843ba6ab3b31f8c333cba816b1500faaeabf508,rocq-00051,tactics,"To prove a goal such as `0 < ln x` from `1 < x`, first rewrite it with `rewrite <- ln_1`, then apply `(ln_increasing 1 x)` and discharge `0 < 1` and `1 < x`.
",0,0,96,1357,Exact default-render matches only; alternate rendering/citation wrappers can undercount. Exposure does not establish use or correctness.
experiments/playbooks/ace_x_noreflect.yaml,d56da056b5ed4ac0a557c34b9843ba6ab3b31f8c333cba816b1500faaeabf508,d56da056b5ed4ac0a557c34b9843ba6ab3b31f8c333cba816b1500faaeabf508,rocq-00052,lemmas,"For positivity of a real product in this environment, use `apply Rmult_lt_0_compat` and provide strict positivity proofs for both factors; `Rmult_pos` and the `positivity` tactic are unavailable.
",0,0,96,1357,Exact default-render matches only; alternate rendering/citation wrappers can undercount. Exposure does not establish use or correctness.
experiments/playbooks/ace_x_offline.yaml,1ac8a092f4a797fd6979c456c6cb92d53d93cf77abbeabcd6e688ec6bef42aec,1ac8a092f4a797fd6979c456c6cb92d53d93cf77abbeabcd6e688ec6bef42aec,rocq-00001,lemmas,"Use `pow2_ge_0` to prove nonnegativity of a square, for example `assert (Hs : 0 <= (4 * x + 5)^2) by apply pow2_ge_0`.
",3,0,202,2844,Exact default-render matches only; alternate rendering/citation wrappers can undercount. Exposure does not establish use or correctness.
experiments/playbooks/ace_x_offline.yaml,1ac8a092f4a797fd6979c456c6cb92d53d93cf77abbeabcd6e688ec6bef42aec,1ac8a092f4a797fd6979c456c6cb92d53d93cf77abbeabcd6e688ec6bef42aec,rocq-00002,tactics,"For a real quadratic inequality, keep the main goal focused, assert a suitable completed-square fact inline, and then use `nra` to combine the square nonnegativity with the polynomial hypothesis.
",3,0,202,2844,Exact default-render matches only; alternate rendering/citation wrappers can undercount. Exposure does not establish use or correctness.
experiments/playbooks/ace_x_offline.yaml,1ac8a092f4a797fd6979c456c6cb92d53d93cf77abbeabcd6e688ec6bef42aec,1ac8a092f4a797fd6979c456c6cb92d53d93cf77abbeabcd6e688ec6bef42aec,rocq-00003,pitfalls,"After `assert`, a bullet focuses the generated assertion subgoal; once that branch is closed, an additional tactic may produce `No such goal` or leave the main goal improperly managed, so prefer `assert (...) by ...` inline when continuing with `nra`.
",10,0,202,2844,Exact default-render matches only; alternate rendering/citation wrappers can undercount. Exposure does not establish use or correctness.
experiments/playbooks/ace_x_offline.yaml,1ac8a092f4a797fd6979c456c6cb92d53d93cf77abbeabcd6e688ec6bef42aec,1ac8a092f4a797fd6979c456c6cb92d53d93cf77abbeabcd6e688ec6bef42aec,rocq-00004,lemmas,"For a hypothesis `H : prime n`, obtain the lower bound with `exact (prime_ge_2 _ H)`; this is preferable to bare `apply prime_ge_2` when proving several facts such as `2 <= a`, `2 <= b`, or `2 <= a - b`.
",0,0,202,2844,Exact default-render matches only; alternate rendering/citation wrappers can undercount. Exposure does not establish use or correctness.
experiments/playbooks/ace_x_offline.yaml,1ac8a092f4a797fd6979c456c6cb92d53d93cf77abbeabcd6e688ec6bef42aec,1ac8a092f4a797fd6979c456c6cb92d53d93cf77abbeabcd6e688ec6bef42aec,rocq-00005,pitfalls,"`lia` can derive order consequences from bounds on prime expressions, but it cannot prove parity, divisibility, or primality; after establishing `p | n` with `p` prime, use `prime_divisors` or `prime_mult` together with bounds to force the possible value.
",1,0,202,2844,Exact default-render matches only; alternate rendering/citation wrappers can undercount. Exposure does not establish use or correctness.
experiments/playbooks/ace_x_offline.yaml,1ac8a092f4a797fd6979c456c6cb92d53d93cf77abbeabcd6e688ec6bef42aec,1ac8a092f4a797fd6979c456c6cb92d53d93cf77abbeabcd6e688ec6bef42aec,rocq-00006,strategy,"For integer goals involving several prime expressions, normalize algebraic targets with `ring` or `change`, then prove parity or modulo facts in separate steps and search the imported libraries for the actual divisibility/parity lemma names instead of guessing them; finish any numeral primality goal with a library fact or `prime_intro` plus computation.
",0,0,202,2844,Exact default-render matches only; alternate rendering/citation wrappers can undercount. Exposure does not establish use or correctness.
experiments/playbooks/ace_x_offline.yaml,1ac8a092f4a797fd6979c456c6cb92d53d93cf77abbeabcd6e688ec6bef42aec,1ac8a092f4a797fd6979c456c6cb92d53d93cf77abbeabcd6e688ec6bef42aec,rocq-00007,tactics,"When `simpl` unfolds a recursive definition in an induction step and makes `rewrite IH` fail because the expected subterm is gone, use `change` to restate the goal with the recursive call explicit, then rewrite with the induction hypothesis.
",0,0,202,2844,Exact default-render matches only; alternate rendering/citation wrappers can undercount. Exposure does not establish use or correctness.
experiments/playbooks/ace_x_offline.yaml,1ac8a092f4a797fd6979c456c6cb92d53d93cf77abbeabcd6e688ec6bef42aec,1ac8a092f4a797fd6979c456c6cb92d53d93cf77abbeabcd6e688ec6bef42aec,rocq-00008,lemmas,"For truncated `nat` subtraction rearrangements, use `PeanoNat.Nat.add_sub_swap` with an explicit hypothesis proving its required order condition, then discharge the remaining arithmetic with `lia`.
",0,0,202,2844,Exact default-render matches only; alternate rendering/citation wrappers can undercount. Exposure does not establish use or correctness.
experiments/playbooks/ace_x_offline.yaml,1ac8a092f4a797fd6979c456c6cb92d53d93cf77abbeabcd6e688ec6bef42aec,1ac8a092f4a797fd6979c456c6cb92d53d93cf77abbeabcd6e688ec6bef42aec,rocq-00009,strategy,"For large recursive computations that make `vm_compute` time out, state a general identity quantified over the recursion index and prove it by induction; specialize the identity only after the induction proof is complete.
",0,0,202,2844,Exact default-render matches only; alternate rendering/citation wrappers can undercount. Exposure does not establish use or correctness.
experiments/playbooks/ace_x_offline.yaml,1ac8a092f4a797fd6979c456c6cb92d53d93cf77abbeabcd6e688ec6bef42aec,1ac8a092f4a797fd6979c456c6cb92d53d93cf77abbeabcd6e688ec6bef42aec,rocq-00011,lemmas,"For bounding natural-number products involving powers, use `Nat.pow_lower_bound` to obtain `1 <= b^e`, then combine `Nat.mul_le_mono_l` or `Nat.mul_le_mono_r` with explicit rewrites by `Nat.mul_1_r` and `Nat.mul_1_l` rather than expecting `simpl` or `replace` to normalize the unit factors.
",0,0,202,2844,Exact default-render matches only; alternate rendering/citation wrappers can undercount. Exposure does not establish use or correctness.
experiments/playbooks/ace_x_offline.yaml,1ac8a092f4a797fd6979c456c6cb92d53d93cf77abbeabcd6e688ec6bef42aec,1ac8a092f4a797fd6979c456c6cb92d53d93cf77abbeabcd6e688ec6bef42aec,rocq-00012,tactics,"When `interval_cases` is unavailable for a bounded `nat` variable, perform exhaustive decomposition with `all: try destruct n as [|n].`; the `try` guard is essential because earlier destructs may already have eliminated or renamed the variable.
",4,0,202,2844,Exact default-render matches only; alternate rendering/citation wrappers can undercount. Exposure does not establish use or correctness.
experiments/playbooks/ace_x_offline.yaml,1ac8a092f4a797fd6979c456c6cb92d53d93cf77abbeabcd6e688ec6bef42aec,1ac8a092f4a797fd6979c456c6cb92d53d93cf77abbeabcd6e688ec6bef42aec,rocq-00013,pitfalls,"Do not call `lia` or large-scale computation on unreduced recursive powers; first normalize successor exponents with `repeat rewrite Nat.pow_succ_r' in Heq`, then use `simpl in Heq` followed by `lia` or `easy` on the resulting concrete cases.
",1,0,202,2844,Exact default-render matches only; alternate rendering/citation wrappers can undercount. Exposure does not establish use or correctness.
experiments/playbooks/ace_x_offline.yaml,1ac8a092f4a797fd6979c456c6cb92d53d93cf77abbeabcd6e688ec6bef42aec,1ac8a092f4a797fd6979c456c6cb92d53d93cf77abbeabcd6e688ec6bef42aec,rocq-00014,lemmas,"When chaining `Nat.div_mod` with `Nat.mod_add`, prove a separate nonzero witness for each divisor: use `H8 : 8 <> 0` for `Nat.div_mod n 8 H8` and `H4 : 4 <> 0` for `Nat.mod_add ... 4 H4`; these side conditions are not interchangeable.
",0,0,202,2844,Exact default-render matches only; alternate rendering/citation wrappers can undercount. Exposure does not establish use or correctness.
experiments/playbooks/ace_x_offline.yaml,1ac8a092f4a797fd6979c456c6cb92d53d93cf77abbeabcd6e688ec6bef42aec,1ac8a092f4a797fd6979c456c6cb92d53d93cf77abbeabcd6e688ec6bef42aec,rocq-00015,pitfalls,"Do not write invalid `(by lia)` syntax inside a `pose proof` argument when supplying a lemma side condition; instead create a named proof with `assert (H4 : 4 <> 0) by discriminate` or use a valid inline term such as `(ltac:(lia))` when supported.
",1,0,202,2844,Exact default-render matches only; alternate rendering/citation wrappers can undercount. Exposure does not establish use or correctness.
experiments/playbooks/ace_x_offline.yaml,1ac8a092f4a797fd6979c456c6cb92d53d93cf77abbeabcd6e688ec6bef42aec,1ac8a092f4a797fd6979c456c6cb92d53d93cf77abbeabcd6e688ec6bef42aec,rocq-00016,tactics,"For a closed `nat` theorem built from finite recursive functions such as `seq`, `filter`, modular tests, and `fold_right`, try `vm_compute` first; if it reduces the goal to a numeral equality such as `270 = 270`, finish with `reflexivity` instead of introducing number-theoretic lemmas.
",1,1,202,2844,Exact default-render matches only; alternate rendering/citation wrappers can undercount. Exposure does not establish use or correctness.
experiments/playbooks/ace_x_offline.yaml,1ac8a092f4a797fd6979c456c6cb92d53d93cf77abbeabcd6e688ec6bef42aec,1ac8a092f4a797fd6979c456c6cb92d53d93cf77abbeabcd6e688ec6bef42aec,rocq-00017,pitfalls,"For invariants equating a real-valued recursive function with its natural index, write the cast explicitly, such as `f n = INR n + 1`; normalize recursive casts with `rewrite (minus_INR n m)` after proving `m <= n`, since `lia` alone does not rewrite `INR (n - m)`.
",0,0,202,2844,Exact default-render matches only; alternate rendering/citation wrappers can undercount. Exposure does not establish use or correctness.
experiments/playbooks/ace_x_offline.yaml,1ac8a092f4a797fd6979c456c6cb92d53d93cf77abbeabcd6e688ec6bef42aec,1ac8a092f4a797fd6979c456c6cb92d53d93cf77abbeabcd6e688ec6bef42aec,rocq-00018,tactics,"When proving a natural-indexed invariant by `well_founded_ind`, apply it with the well-founded relation and predicate while leaving implicit type and relation parameters inferred; in recursive branches, apply the induction hypothesis with the relation and positivity side conditions supplied as separate proofs.
",1,0,202,2844,Exact default-render matches only; alternate rendering/citation wrappers can undercount. Exposure does not establish use or correctness.
experiments/playbooks/ace_x_offline.yaml,1ac8a092f4a797fd6979c456c6cb92d53d93cf77abbeabcd6e688ec6bef42aec,1ac8a092f4a797fd6979c456c6cb92d53d93cf77abbeabcd6e688ec6bef42aec,rocq-00019,strategy,"For an odd natural branch represented by `Nat.even k = false`, first derive `Nat.odd k = true`, then destruct `Nat.odd_spec` to expose the `2 * q + 1` structure; handle the zero-witness case using the strict lower bound and prove subtraction, positivity, and recurrence side conditions explicitly before normalizing with `minus_INR` and `ring`.
",0,0,202,2844,Exact default-render matches only; alternate rendering/citation wrappers can undercount. Exposure does not establish use or correctness.
experiments/playbooks/ace_x_offline.yaml,1ac8a092f4a797fd6979c456c6cb92d53d93cf77abbeabcd6e688ec6bef42aec,1ac8a092f4a797fd6979c456c6cb92d53d93cf77abbeabcd6e688ec6bef42aec,rocq-00021,tactics,"For a symbolic `nat` modulo goal, first use `replace ... by nia` to rewrite the expression as `d * q + r`, then apply `Nat.add_mod` and `Nat.mul_mod` so the multiple of `d` vanishes; finish the resulting closed numeral side goals with `simpl`, `easy`, or `reflexivity`.
",0,0,202,2844,Exact default-render matches only; alternate rendering/citation wrappers can undercount. Exposure does not establish use or correctness.
experiments/playbooks/ace_x_offline.yaml,1ac8a092f4a797fd6979c456c6cb92d53d93cf77abbeabcd6e688ec6bef42aec,1ac8a092f4a797fd6979c456c6cb92d53d93cf77abbeabcd6e688ec6bef42aec,rocq-00023,tactics,"For `Heq : N / D = 0`, run `field_simplify in Heq` while retaining its denominator side goal, prove `D <> 0`, and use a separate identity proved by `field` to rewrite the equation into `N = 0` before calling `nra`.
",0,0,202,2844,Exact default-render matches only; alternate rendering/citation wrappers can undercount. Exposure does not establish use or correctness.
experiments/playbooks/ace_x_offline.yaml,1ac8a092f4a797fd6979c456c6cb92d53d93cf77abbeabcd6e688ec6bef42aec,1ac8a092f4a797fd6979c456c6cb92d53d93cf77abbeabcd6e688ec6bef42aec,rocq-00024,lemmas,"To prove a product of real denominators is nonzero, rewrite the product into the target expanded denominator with `ring`, then apply `Rmult_integral` repeatedly; each resulting zero factor contradicts the corresponding denominator hypothesis.
",2,0,202,2844,Exact default-render matches only; alternate rendering/citation wrappers can undercount. Exposure does not establish use or correctness.
experiments/playbooks/ace_x_offline.yaml,1ac8a092f4a797fd6979c456c6cb92d53d93cf77abbeabcd6e688ec6bef42aec,1ac8a092f4a797fd6979c456c6cb92d53d93cf77abbeabcd6e688ec6bef42aec,rocq-00025,tactics,"For bounded `nat` variables in recursive or modular arithmetic goals, use `repeat (destruct n as [|n]; simpl in H; try lia)` where `H` is the bound hypothesis; simplifying `H` after each split exposes impossible cases and lets `lia` finish the finite enumeration.
",2,1,202,2844,Exact default-render matches only; alternate rendering/citation wrappers can undercount. Exposure does not establish use or correctness.
experiments/playbooks/ace_x_offline.yaml,1ac8a092f4a797fd6979c456c6cb92d53d93cf77abbeabcd6e688ec6bef42aec,1ac8a092f4a797fd6979c456c6cb92d53d93cf77abbeabcd6e688ec6bef42aec,rocq-00026,pitfalls,"An exhaustive `repeat (...; try lia)` decomposition may close every goal, so do not append `lia`, `simpl`, or another finishing tactic unless a goal remains; otherwise Rocq reports `No such goal`.
",0,0,202,2844,Exact default-render matches only; alternate rendering/citation wrappers can undercount. Exposure does not establish use or correctness.
experiments/playbooks/ace_x_offline.yaml,1ac8a092f4a797fd6979c456c6cb92d53d93cf77abbeabcd6e688ec6bef42aec,1ac8a092f4a797fd6979c456c6cb92d53d93cf77abbeabcd6e688ec6bef42aec,rocq-00027,tactics,"When a hypothesis gives a pointwise affine or polynomial definition such as `h0 : forall t, f t = ...`, instantiate it at every relevant argument with `rewrite (h0 t) at ...` in the hypotheses and target; this exposes real polynomial equalities that `nra` can solve.
",6,0,202,2844,Exact default-render matches only; alternate rendering/citation wrappers can undercount. Exposure does not establish use or correctness.
experiments/playbooks/ace_x_offline.yaml,1ac8a092f4a797fd6979c456c6cb92d53d93cf77abbeabcd6e688ec6bef42aec,1ac8a092f4a797fd6979c456c6cb92d53d93cf77abbeabcd6e688ec6bef42aec,rocq-00028,pitfalls,"`nra` cannot derive a general AM-GM-style bound such as `prod_n x n <= 1` from nonnegativity and a fixed-sum hypothesis; it handles polynomial consequences only, so use an explicit finite AM-GM lemma or prove the product-sum inequality separately.
",0,0,202,2844,Exact default-render matches only; alternate rendering/citation wrappers can undercount. Exposure does not establish use or correctness.
experiments/playbooks/ace_x_offline.yaml,1ac8a092f4a797fd6979c456c6cb92d53d93cf77abbeabcd6e688ec6bef42aec,1ac8a092f4a797fd6979c456c6cb92d53d93cf77abbeabcd6e688ec6bef42aec,rocq-00029,strategy,"When an induction hypothesis proves a product bound only for a prefix whose sum equals its length, do not use it for a prefix with arbitrary sum; first search the imported environment with type or pattern queries for a finite AM-GM theorem, or establish the generalized auxiliary bound `prod_n x n <= (sum_n x n / INR n)^n` under nonnegativity and positive length, then specialize the sum and normalize casts.
",0,0,202,2844,Exact default-render matches only; alternate rendering/citation wrappers can undercount. Exposure does not establish use or correctness.
experiments/playbooks/ace_x_offline.yaml,1ac8a092f4a797fd6979c456c6cb92d53d93cf77abbeabcd6e688ec6bef42aec,1ac8a092f4a797fd6979c456c6cb92d53d93cf77abbeabcd6e688ec6bef42aec,rocq-00030,tactics,"For a real-valued recurrence such as `h0 : forall n, s (S (S n)) = s (S n) + s n`, instantiate it at every concrete index along the dependency chain with `pose proof (h0 7) as H7` (and similarly for the other indices), run `simpl in H7` to expose numeral-indexed equations, then use `nra` with the resulting system and known values.
",1,0,202,2844,Exact default-render matches only; alternate rendering/citation wrappers can undercount. Exposure does not establish use or correctness.
experiments/playbooks/ace_x_offline.yaml,1ac8a092f4a797fd6979c456c6cb92d53d93cf77abbeabcd6e688ec6bef42aec,1ac8a092f4a797fd6979c456c6cb92d53d93cf77abbeabcd6e688ec6bef42aec,rocq-00032,strategy,"For an induction invariant beginning at a lower bound such as `(3 <= m)%nat`, isolate the exact starting index as an explicit base case before applying the induction hypothesis; in a successor branch, destruct enough predecessors to separate `m = 0` and solve that case directly, then apply the IH only after proving its actual bound.
",0,0,202,2844,Exact default-render matches only; alternate rendering/citation wrappers can undercount. Exposure does not establish use or correctness.
experiments/playbooks/ace_x_offline.yaml,1ac8a092f4a797fd6979c456c6cb92d53d93cf77abbeabcd6e688ec6bef42aec,1ac8a092f4a797fd6979c456c6cb92d53d93cf77abbeabcd6e688ec6bef42aec,rocq-00033,pitfalls,"When rewriting successor exponents or successor-index arithmetic in a `nat` proof, annotate overloaded expressions explicitly, for example `replace (S k) with (k + 1)%nat by lia`; otherwise Rocq may infer an unintended type or reject the rewrite.
",3,0,202,2844,Exact default-render matches only; alternate rendering/citation wrappers can undercount. Exposure does not establish use or correctness.
experiments/playbooks/ace_x_offline.yaml,1ac8a092f4a797fd6979c456c6cb92d53d93cf77abbeabcd6e688ec6bef42aec,1ac8a092f4a797fd6979c456c6cb92d53d93cf77abbeabcd6e688ec6bef42aec,rocq-00034,tactics,"For a multi-step assertion such as positivity of an inverse, use a braced focused proof with `assert (Hx : 0 < x) by ...; assert (Hix : 0 < / x) by { apply Rinv_pos; exact Hx }`, closing every subgoal before leaving the enclosing bullet or brace.
",0,0,202,2844,Exact default-render matches only; alternate rendering/citation wrappers can undercount. Exposure does not establish use or correctness.
experiments/playbooks/ace_x_offline.yaml,1ac8a092f4a797fd6979c456c6cb92d53d93cf77abbeabcd6e688ec6bef42aec,1ac8a092f4a797fd6979c456c6cb92d53d93cf77abbeabcd6e688ec6bef42aec,rocq-00035,tactics,"For a fixed natural product bound, derive explicit monotonicity witnesses before using nia: obtain x + 1 <= y and x + 2 <= z from strict ordering, use Nat.mul_le_mono to prove x * (x + 1) * (x + 2) <= x * y * z, and only then use le_gt_dec plus nia to establish a finite bound on x (similarly use y * (y + 1) <= x * y * z for y).
",2,0,202,2844,Exact default-render matches only; alternate rendering/citation wrappers can undercount. Exposure does not establish use or correctness.
experiments/playbooks/ace_x_offline.yaml,1ac8a092f4a797fd6979c456c6cb92d53d93cf77abbeabcd6e688ec6bef42aec,1ac8a092f4a797fd6979c456c6cb92d53d93cf77abbeabcd6e688ec6bef42aec,rocq-00037,tactics,"For concrete real finite sums expressed with `sum_f_R0`, unfold the sum, rewrite each summand using a previously proved closed form, then run `simpl` followed by `ring_simplify` before finishing the resulting linear equation with `lra`; `nra` and `lra` do not normalize the recursive sum or hidden `INR` arithmetic by themselves.
",0,0,202,2844,Exact default-render matches only; alternate rendering/citation wrappers can undercount. Exposure does not establish use or correctness.
experiments/playbooks/ace_x_offline.yaml,1ac8a092f4a797fd6979c456c6cb92d53d93cf77abbeabcd6e688ec6bef42aec,1ac8a092f4a797fd6979c456c6cb92d53d93cf77abbeabcd6e688ec6bef42aec,rocq-00038,strategy,"For a recurrence hypothesis shaped like `u (n + 1) = ...`, first prove a reusable cast-explicit closed form by induction with explicit `(0%nat)` annotations and `plus_INR`, then prove separate successor-index bridges such as rewriting `2 * (k + 1)` as `(2 * k + 1) + 1` before applying the closed form to even-index terms.
",0,0,202,2844,Exact default-render matches only; alternate rendering/citation wrappers can undercount. Exposure does not establish use or correctness.
experiments/playbooks/ace_x_offline.yaml,1ac8a092f4a797fd6979c456c6cb92d53d93cf77abbeabcd6e688ec6bef42aec,1ac8a092f4a797fd6979c456c6cb92d53d93cf77abbeabcd6e688ec6bef42aec,rocq-00039,tactics,"For a dependent predicate in `well_founded_ind`, instantiate the returned predicate at the desired argument and supply its equality and side hypotheses explicitly, for example `refine ((well_founded_ind lt_wf P _ (f a)) a eq_refl Han)`, rather than stopping after applying it to `f a`.
",0,0,202,2844,Exact default-render matches only; alternate rendering/citation wrappers can undercount. Exposure does not establish use or correctness.
experiments/playbooks/ace_x_offline.yaml,1ac8a092f4a797fd6979c456c6cb92d53d93cf77abbeabcd6e688ec6bef42aec,1ac8a092f4a797fd6979c456c6cb92d53d93cf77abbeabcd6e688ec6bef42aec,rocq-00040,pitfalls,"If a local abbreviation is `c := f u`, a hypothesis `h₀ : forall x, 0 < f x` proves `0 < c` only after unfolding or simplifying `c` and applying `h₀ u`; applying `h₀ c` instead proves `0 < f c`, which is a different statement.
",0,0,202,2844,Exact default-render matches only; alternate rendering/citation wrappers can undercount. Exposure does not establish use or correctness.
experiments/playbooks/ace_x_offline.yaml,1ac8a092f4a797fd6979c456c6cb92d53d93cf77abbeabcd6e688ec6bef42aec,1ac8a092f4a797fd6979c456c6cb92d53d93cf77abbeabcd6e688ec6bef42aec,rocq-00041,strategy,"When a real equation contains `INR` casts of natural variables, first derive explicit real inequalities using cast monotonicity and reciprocal/product bounds, convert them into nat bounds such as `2 <= b <= 3`, and only then finish with nat case splitting; do not expect `nia` to perform the mixed real-and-natural reasoning.
",1,0,202,2844,Exact default-render matches only; alternate rendering/citation wrappers can undercount. Exposure does not establish use or correctness.
experiments/playbooks/ace_x_offline.yaml,1ac8a092f4a797fd6979c456c6cb92d53d93cf77abbeabcd6e688ec6bef42aec,1ac8a092f4a797fd6979c456c6cb92d53d93cf77abbeabcd6e688ec6bef42aec,rocq-00042,pitfalls,"If `field_simplify` is unavailable in the imported environment, do not build the proof around it; prove denominator nonzeroness separately and derive only the needed cross-multiplied equality with available lemmas such as `Rdiv_eq_reg_r`, `field`, or `ring`.
",2,0,202,2844,Exact default-render matches only; alternate rendering/citation wrappers can undercount. Exposure does not establish use or correctness.
experiments/playbooks/ace_x_offline.yaml,1ac8a092f4a797fd6979c456c6cb92d53d93cf77abbeabcd6e688ec6bef42aec,1ac8a092f4a797fd6979c456c6cb92d53d93cf77abbeabcd6e688ec6bef42aec,rocq-00043,tactics,"For real goals involving `Rabs (x - 1 / x)`, split with `destruct (Rle_dec 0 (x - 1 / x))`; in the nonnegative branch rewrite with `Rabs_right` using `(Rle_ge _ _ Hsign)`, and in the nonpositive branch prove the required inequality with `lra` before rewriting with `Rabs_left1`.
",0,0,202,2844,Exact default-render matches only; alternate rendering/citation wrappers can undercount. Exposure does not establish use or correctness.
experiments/playbooks/ace_x_offline.yaml,1ac8a092f4a797fd6979c456c6cb92d53d93cf77abbeabcd6e688ec6bef42aec,1ac8a092f4a797fd6979c456c6cb92d53d93cf77abbeabcd6e688ec6bef42aec,rocq-00044,pitfalls,"To cross-multiply real equations containing `1 / x`, do not rely on `field_simplify` or a blind `Rinv_l` rewrite: first rewrite with `Rdiv_1_l`, normalize the product using `replace ... by ring`, and only then apply `rewrite (Rinv_l x Hx0)` after proving `x <> 0`.
",0,1,202,2844,Exact default-render matches only; alternate rendering/citation wrappers can undercount. Exposure does not establish use or correctness.
experiments/playbooks/ace_x_offline.yaml,1ac8a092f4a797fd6979c456c6cb92d53d93cf77abbeabcd6e688ec6bef42aec,1ac8a092f4a797fd6979c456c6cb92d53d93cf77abbeabcd6e688ec6bef42aec,rocq-00045,lemmas,"To conclude a nonnegative square-root equality from `0 <= y`, `0 <= z`, and `y^2 = z`, use `apply eq_sym; apply sqrt_lem_1`; the resulting side conditions are typically discharged by `lra` for nonnegativity and `nra` for the square equation.
",0,0,202,2844,Exact default-render matches only; alternate rendering/citation wrappers can undercount. Exposure does not establish use or correctness.
experiments/playbooks/ace_x_offline.yaml,1ac8a092f4a797fd6979c456c6cb92d53d93cf77abbeabcd6e688ec6bef42aec,1ac8a092f4a797fd6979c456c6cb92d53d93cf77abbeabcd6e688ec6bef42aec,rocq-00046,strategy,"For real inequalities under triangle hypotheses, introduce x := (b + c - a) / 2, y := (a + c - b) / 2, and z := (a + b - c) / 2; prove their positivity and Ravi equalities with lra, establish the needed expansion and sum-of-squares identities with ring, then combine weighted square facts using Rmult_le_pos before finishing the polynomial consequence with nra.
",0,0,202,2844,Exact default-render matches only; alternate rendering/citation wrappers can undercount. Exposure does not establish use or correctness.
experiments/playbooks/ace_x_offline.yaml,1ac8a092f4a797fd6979c456c6cb92d53d93cf77abbeabcd6e688ec6bef42aec,1ac8a092f4a797fd6979c456c6cb92d53d93cf77abbeabcd6e688ec6bef42aec,rocq-00047,tactics,"For a bounded `nat` hypothesis involving recursive functions such as `Nat.lcm`, `Nat.gcd`, division, or powers, use a finite, explicitly controlled case split; in each numeral branch first reduce the hypothesis with `simpl`, `vm_compute`, or explicit rewrites, then close the resulting false numeral equality with `discriminate`, `congruence`, or `nia` rather than invoking `lia` or `nia` on the unreduced expression.
",0,0,202,2844,Exact default-render matches only; alternate rendering/citation wrappers can undercount. Exposure does not establish use or correctness.
experiments/playbooks/ace_x_offline.yaml,1ac8a092f4a797fd6979c456c6cb92d53d93cf77abbeabcd6e688ec6bef42aec,1ac8a092f4a797fd6979c456c6cb92d53d93cf77abbeabcd6e688ec6bef42aec,rocq-00048,strategy,"To prove a lower bound on a positive natural `m`, split with `le_gt_dec bound m`; return the bound immediately in the large branch, while in the `m < bound` branch perform only the finite cases justified by that bound and derive `False` from the defining equality after computing each concrete case, avoiding open-ended `repeat` or `all: destruct` sequences that can overflow.
",1,0,202,2844,Exact default-render matches only; alternate rendering/citation wrappers can undercount. Exposure does not establish use or correctness.
experiments/playbooks/ace_x_offline.yaml,1ac8a092f4a797fd6979c456c6cb92d53d93cf77abbeabcd6e688ec6bef42aec,1ac8a092f4a797fd6979c456c6cb92d53d93cf77abbeabcd6e688ec6bef42aec,rocq-00049,lemmas,"For natural powers, use `Nat.pow_mul_l` to rewrite `(a^b)^c` as `a^(b*c)`, `Nat.pow_add_r` to combine equal-base products, and `Nat.pow_inj_r` to deduce exponent equality from `1 < a` and `a^m = a^n`; do not guess unavailable names such as `Nat.pow_mul`.
",0,0,202,2844,Exact default-render matches only; alternate rendering/citation wrappers can undercount. Exposure does not establish use or correctness.
experiments/playbooks/ace_x_offline.yaml,1ac8a092f4a797fd6979c456c6cb92d53d93cf77abbeabcd6e688ec6bef42aec,1ac8a092f4a797fd6979c456c6cb92d53d93cf77abbeabcd6e688ec6bef42aec,rocq-00050,tactics,"When a goal such as `x = 3` follows from a power equation, first assert the exact exponent equality, for example `assert (Hx : 5 * x = 15)`, prove it with `apply (Nat.pow_inj_r 10 (5 * x) 15)` and the normalized equal-power hypothesis, then finish the original arithmetic goal with `nia`.
",0,0,202,2844,Exact default-render matches only; alternate rendering/citation wrappers can undercount. Exposure does not establish use or correctness.
experiments/playbooks/ace_x_offline.yaml,1ac8a092f4a797fd6979c456c6cb92d53d93cf77abbeabcd6e688ec6bef42aec,1ac8a092f4a797fd6979c456c6cb92d53d93cf77abbeabcd6e688ec6bef42aec,rocq-00051,tactics,"For concrete recurrence systems mixing natural indices with real values, instantiate every needed equation using explicit `%nat` arguments, then run `cbv in H1`, `cbv in H2`, and so on separately before invoking `nra`; `cbv` exposes numeral `INR` casts and natural additions that `change` does not normalize.
",0,0,202,2844,Exact default-render matches only; alternate rendering/citation wrappers can undercount. Exposure does not establish use or correctness.
experiments/playbooks/ace_x_offline.yaml,1ac8a092f4a797fd6979c456c6cb92d53d93cf77abbeabcd6e688ec6bef42aec,1ac8a092f4a797fd6979c456c6cb92d53d93cf77abbeabcd6e688ec6bef42aec,rocq-00052,pitfalls,"Do not use `change` to turn expressions containing `INR` casts, natural additions, and overloaded numerals into real polynomial equations unless they are definitionally equal; annotate index arguments with `%nat` and use `cbv` or explicit cast lemmas instead, because `change` performs no ring or cast normalization.
",0,1,202,2844,Exact default-render matches only; alternate rendering/citation wrappers can undercount. Exposure does not establish use or correctness.
experiments/playbooks/ace_x_offline.yaml,1ac8a092f4a797fd6979c456c6cb92d53d93cf77abbeabcd6e688ec6bef42aec,1ac8a092f4a797fd6979c456c6cb92d53d93cf77abbeabcd6e688ec6bef42aec,rocq-00053,tactics,"For mixed nat-to-real arithmetic when a hypothesis fixes a natural variable, first use `subst` on that variable, then run `simpl` in the hypothesis containing the resulting closed casts, products, or powers; after this normalization, use `nra` for the remaining real polynomial goal.
",0,0,202,2844,Exact default-render matches only; alternate rendering/citation wrappers can undercount. Exposure does not establish use or correctness.
experiments/playbooks/ace_x_offline.yaml,1ac8a092f4a797fd6979c456c6cb92d53d93cf77abbeabcd6e688ec6bef42aec,1ac8a092f4a797fd6979c456c6cb92d53d93cf77abbeabcd6e688ec6bef42aec,rocq-00054,lemmas,"For positive real logarithm expressions, use `pow_lt x n Hx` to prove `0 < x ^ n`, then apply `ln_mult` to products and `ln_pow x Hx n` to powers; do not assume a `pow_pos` theorem has the needed argument shape.
",0,0,202,2844,Exact default-render matches only; alternate rendering/citation wrappers can undercount. Exposure does not establish use or correctness.
experiments/playbooks/ace_x_offline_e3.yaml,07ee107de724c34272a3698690372dd6bdb4d7fc51494e9e354d1a030abe17d4,07ee107de724c34272a3698690372dd6bdb4d7fc51494e9e354d1a030abe17d4,rocq-00001,tactics,"For real polynomial bounds requiring square nonnegativity, assert `0 <= Rsqr t` with `Rle_0_sqr`, then `unfold Rsqr` in that hypothesis before calling `nra`; writing `(t)^2` directly may not unify with the lemma, and `nra` does not supply the missing square-nonnegativity fact.
",14,0,20,244,Exact default-render matches only; alternate rendering/citation wrappers can undercount. Exposure does not establish use or correctness.
experiments/playbooks/ace_x_offline_e3.yaml,07ee107de724c34272a3698690372dd6bdb4d7fc51494e9e354d1a030abe17d4,07ee107de724c34272a3698690372dd6bdb4d7fc51494e9e354d1a030abe17d4,rocq-00002,tactics,"For goals involving `Z.divide` in integer primality arguments, construct the witness explicitly with `exists k; lia` (or the appropriate quotient expression), then destruct `prime_divisors`; do not expect `lia` alone to synthesize divisibility witnesses or prove `prime`.
",5,0,20,244,Exact default-render matches only; alternate rendering/citation wrappers can undercount. Exposure does not establish use or correctness.
experiments/playbooks/ace_x_offline_e3.yaml,07ee107de724c34272a3698690372dd6bdb4d7fc51494e9e354d1a030abe17d4,07ee107de724c34272a3698690372dd6bdb4d7fc51494e9e354d1a030abe17d4,rocq-00003,lemmas,"In this Rocq environment, use `Zeven_ex_iff n` by rewriting and supplying a witness explicitly, for example `rewrite (Zeven_ex_iff (a - b)); exists (ka - kb); lia`; avoid unsupported projection syntax such as `(Zeven_ex_iff n).2`.
",0,0,20,244,Exact default-render matches only; alternate rendering/citation wrappers can undercount. Exposure does not establish use or correctness.
experiments/playbooks/ace_x_offline_e3.yaml,07ee107de724c34272a3698690372dd6bdb4d7fc51494e9e354d1a030abe17d4,07ee107de724c34272a3698690372dd6bdb4d7fc51494e9e354d1a030abe17d4,rocq-00004,pitfalls,"When arithmetic establishes that a prime expression is a concrete numeral, normalize it with `replace (...) with 17 by lia` (or an explicit `assert`) and then apply `prime_dec 17`; `change prime 17` may be rejected, and a hypothesis such as `prime (a - b)` must be rewritten before it can serve as `prime (a - 2)`.
",1,0,20,244,Exact default-render matches only; alternate rendering/citation wrappers can undercount. Exposure does not establish use or correctness.
experiments/playbooks/ace_x_offline_e3.yaml,07ee107de724c34272a3698690372dd6bdb4d7fc51494e9e354d1a030abe17d4,07ee107de724c34272a3698690372dd6bdb4d7fc51494e9e354d1a030abe17d4,rocq-00005,tactics,"For a theorem about a recursively defined `sum_f`, first prove a general invariant by induction on `n`; close the base case with `reflexivity`, use `change` in the successor case to expose `sum_f f n + f n`, rewrite with the induction hypothesis, and finish the resulting arithmetic with `lia`.
",4,0,20,244,Exact default-render matches only; alternate rendering/citation wrappers can undercount. Exposure does not establish use or correctness.
experiments/playbooks/ace_x_offline_e3.yaml,07ee107de724c34272a3698690372dd6bdb4d7fc51494e9e354d1a030abe17d4,07ee107de724c34272a3698690372dd6bdb4d7fc51494e9e354d1a030abe17d4,rocq-00008,tactics,"For a natural-number equation such as `2^x * 3^y = N`, derive explicit exponent bounds with `Nat.pow_le_mono_r`; after proving an inequality like `2^11 <= 2^x <= 2^x * 3^y`, rewrite the product equality, replace the fixed power by its numeral with `replace ... by reflexivity`, and use `lia`.
",2,0,20,244,Exact default-render matches only; alternate rendering/citation wrappers can undercount. Exposure does not establish use or correctness.
experiments/playbooks/ace_x_offline_e3.yaml,07ee107de724c34272a3698690372dd6bdb4d7fc51494e9e354d1a030abe17d4,07ee107de724c34272a3698690372dd6bdb4d7fc51494e9e354d1a030abe17d4,rocq-00009,lemmas,"Use `Nat.pow_le_mono_r` for monotonicity of powers in the exponent; do not guess names such as `Nat.pow_le_pow_right`, `Nat.le_of_pow_le_pow`, or `Nat.pow_le`, which may be unavailable in the Rocq environment.
",2,0,20,244,Exact default-render matches only; alternate rendering/citation wrappers can undercount. Exposure does not establish use or correctness.
experiments/playbooks/ace_x_offline_e3.yaml,07ee107de724c34272a3698690372dd6bdb4d7fc51494e9e354d1a030abe17d4,07ee107de724c34272a3698690372dd6bdb4d7fc51494e9e354d1a030abe17d4,rocq-00010,strategy,"After converting small natural bounds into explicit disjunctions, split them robustly with `repeat match goal with | Hc : _ \\/ _ |- _ => destruct Hc as [Hc|Hc] end`, then rewrite the defining equality in each concrete branch and finish with `easy` or `lia`; avoid `interval_cases`, fragile nested disjunction intro patterns, and stack-intensive global automation.
",8,2,20,244,Exact default-render matches only; alternate rendering/citation wrappers can undercount. Exposure does not establish use or correctness.
experiments/playbooks/ace_x_offline_e3.yaml,07ee107de724c34272a3698690372dd6bdb4d7fc51494e9e354d1a030abe17d4,07ee107de724c34272a3698690372dd6bdb4d7fc51494e9e354d1a030abe17d4,rocq-00011,tactics,"For a nat goal of the form `n mod (k * m) = r -> n mod m = s`, rewrite `n` with `Nat.div_mod_eq n (k * m)`, rewrite the known remainder, regroup the quotient term with `replace ... by lia`, then use `Nat.Div0.add_mod` and `Nat.Div0.mod_mul` before finishing with `simpl` or `reflexivity`.
",1,0,20,244,Exact default-render matches only; alternate rendering/citation wrappers can undercount. Exposure does not establish use or correctness.
experiments/playbooks/ace_x_offline_e3.yaml,07ee107de724c34272a3698690372dd6bdb4d7fc51494e9e354d1a030abe17d4,07ee107de724c34272a3698690372dd6bdb4d7fc51494e9e354d1a030abe17d4,rocq-00012,pitfalls,"In this Rocq environment, modular arithmetic lemmas are provided under `Nat.Div0`; use `Nat.Div0.add_mod` and `Nat.Div0.mod_mul` rather than guessing aliases such as `Nat.mod_add_div`, and use `Nat.div_mod_eq` for the canonical quotient-remainder decomposition.
",8,0,20,244,Exact default-render matches only; alternate rendering/citation wrappers can undercount. Exposure does not establish use or correctness.
experiments/playbooks/ace_x_offline_e3.yaml,07ee107de724c34272a3698690372dd6bdb4d7fc51494e9e354d1a030abe17d4,07ee107de724c34272a3698690372dd6bdb4d7fc51494e9e354d1a030abe17d4,rocq-00013,tactics,"For a closed equality of concrete natural expressions built from executable finite-data functions such as `seq`, `filter`, `fold_right`, `Nat.mod`, and boolean tests, try `vm_compute` first; if it leaves a reflexive normalized equality, finish with `reflexivity` rather than manually proving divisor or arithmetic lemmas.
",8,6,20,244,Exact default-render matches only; alternate rendering/citation wrappers can undercount. Exposure does not establish use or correctness.
experiments/playbooks/ace_x_offline_e3.yaml,07ee107de724c34272a3698690372dd6bdb4d7fc51494e9e354d1a030abe17d4,07ee107de724c34272a3698690372dd6bdb4d7fc51494e9e354d1a030abe17d4,rocq-00014,tactics,"For an invariant relating a real-valued function to a nat index, state the conclusion with an explicit cast such as `f n = INR n + 1`; in successor cases rewrite casts with `S_INR` and finish the resulting real arithmetic with `ring`.
",6,0,20,244,Exact default-render matches only; alternate rendering/citation wrappers can undercount. Exposure does not establish use or correctness.
experiments/playbooks/ace_x_offline_e3.yaml,07ee107de724c34272a3698690372dd6bdb4d7fc51494e9e354d1a030abe17d4,07ee107de724c34272a3698690372dd6bdb4d7fc51494e9e354d1a030abe17d4,rocq-00015,lemmas,"In this Rocq environment, normalize successor casts using `S_INR` and the base cast using `INR_0`; for a concrete cast such as `INR 2017`, repeatedly rewrite with `S_INR` and then use `ring` rather than relying on definitional reduction or `Nat.cast_succ`.
",8,0,20,244,Exact default-render matches only; alternate rendering/citation wrappers can undercount. Exposure does not establish use or correctness.
experiments/playbooks/ace_x_offline_e3.yaml,07ee107de724c34272a3698690372dd6bdb4d7fc51494e9e354d1a030abe17d4,07ee107de724c34272a3698690372dd6bdb4d7fc51494e9e354d1a030abe17d4,rocq-00017,tactics,"For real-arithmetic goals whose hypotheses are polynomial equalities and whose conclusion is another polynomial equality, introduce the hypotheses with `intros` and try `nra` directly; when the equations determine the variables, auxiliary square-nonnegativity assertions are unnecessary.
",42,9,20,244,Exact default-render matches only; alternate rendering/citation wrappers can undercount. Exposure does not establish use or correctness.
experiments/playbooks/ace_x_offline_e3.yaml,07ee107de724c34272a3698690372dd6bdb4d7fc51494e9e354d1a030abe17d4,07ee107de724c34272a3698690372dd6bdb4d7fc51494e9e354d1a030abe17d4,rocq-00018,lemmas,"For a nat modulo goal shaped like (c * a + d) mod c = d, use Nat.Div0.add_mul_mod_distr_l instantiated explicitly as (a, 1, c, d), prove the side condition d < c separately, and follow pose proof with simpl to reduce modulo 1 and c * 1.
",1,0,20,244,Exact default-render matches only; alternate rendering/citation wrappers can undercount. Exposure does not establish use or correctness.
experiments/playbooks/ace_x_offline_e3.yaml,07ee107de724c34272a3698690372dd6bdb4d7fc51494e9e354d1a030abe17d4,07ee107de724c34272a3698690372dd6bdb4d7fc51494e9e354d1a030abe17d4,rocq-00019,pitfalls,"Do not force Nat.Div0.add_mul_mod_distr_l through change or apply against a manually stated target: syntactic unification can fail even when c is definitionally c * 1; instead supply all arguments explicitly with pose proof and finish by exacting the existing modular hypothesis.
",1,0,20,244,Exact default-render matches only; alternate rendering/citation wrappers can undercount. Exposure does not establish use or correctness.
experiments/playbooks/ace_x_offline_e3.yaml,07ee107de724c34272a3698690372dd6bdb4d7fc51494e9e354d1a030abe17d4,07ee107de724c34272a3698690372dd6bdb4d7fc51494e9e354d1a030abe17d4,rocq-00020,tactics,"For a real equation that becomes `N / D = 0` after `field_simplify in Heq`, first prove `D <> 0`, establish `N / D * D = N` with `field` and that fact, rewrite this cancellation into the multiplied equation, and only then use `nra` on the resulting numerator equality; do not apply `nra` while the quotient remains.
",1,1,20,244,Exact default-render matches only; alternate rendering/citation wrappers can undercount. Exposure does not establish use or correctness.
experiments/playbooks/ace_x_offline_e3.yaml,07ee107de724c34272a3698690372dd6bdb4d7fc51494e9e354d1a030abe17d4,07ee107de724c34272a3698690372dd6bdb4d7fc51494e9e354d1a030abe17d4,rocq-00021,lemmas,"To prove a real product is nonzero from nonzero factors, apply `Rmult_integral` successively, destruct each resulting disjunction, and derive contradictions from the corresponding factor hypotheses; for an expanded denominator, use `replace ... by ring` to expose the product before proving its nonzeroness.
",7,0,20,244,Exact default-render matches only; alternate rendering/citation wrappers can undercount. Exposure does not establish use or correctness.
experiments/playbooks/ace_x_offline_e3.yaml,07ee107de724c34272a3698690372dd6bdb4d7fc51494e9e354d1a030abe17d4,07ee107de724c34272a3698690372dd6bdb4d7fc51494e9e354d1a030abe17d4,rocq-00023,pitfalls,"For bounded nat congruences such as `(27 * u) mod 40 = 17`, do not call unavailable `omega` or expect `lia` to reason directly about `mod`; pose `Nat.div_mod_eq (27 * u) 40` (and similarly for other variables), rewrite the congruence hypotheses to expose the quotient-remainder equations, and then use `lia` with the bounds.
",3,0,20,244,Exact default-render matches only; alternate rendering/citation wrappers can undercount. Exposure does not establish use or correctness.
experiments/playbooks/ace_x_offline_e3.yaml,07ee107de724c34272a3698690372dd6bdb4d7fc51494e9e354d1a030abe17d4,07ee107de724c34272a3698690372dd6bdb4d7fc51494e9e354d1a030abe17d4,rocq-00024,tactics,"For real polynomial goals involving function applications and an affine hypothesis such as `h0 : forall x, f x = a * x + b`, first rewrite each needed occurrence with its specialization, for example `rewrite (h0 7) in h1`, `rewrite (h0 6) in h2`, and `rewrite (h0 3)` in the goal, then call `nra`.
",10,0,20,244,Exact default-render matches only; alternate rendering/citation wrappers can undercount. Exposure does not establish use or correctness.
experiments/playbooks/ace_x_offline_e3.yaml,07ee107de724c34272a3698690372dd6bdb4d7fc51494e9e354d1a030abe17d4,07ee107de724c34272a3698690372dd6bdb4d7fc51494e9e354d1a030abe17d4,rocq-00026,tactics,"In a recursive AM-GM induction, use an invariant such as `0 <= prod_n a n` together with `prod_n a n <= (sum_n a n / INR n)^n` for positive `n`; unfold exactly one recursive layer, rewrite the prefix sum and product using the induction hypothesis, and reserve `nra` for the resulting polynomial subgoals after all recursive terms have been eliminated.
",1,0,20,244,Exact default-render matches only; alternate rendering/citation wrappers can undercount. Exposure does not establish use or correctness.
experiments/playbooks/ace_x_offline_e3.yaml,07ee107de724c34272a3698690372dd6bdb4d7fc51494e9e354d1a030abe17d4,07ee107de724c34272a3698690372dd6bdb4d7fc51494e9e354d1a030abe17d4,rocq-00027,pitfalls,"A hypothesis merely stating `prod_n a n <= 1` cannot justify `prod_n a (S n) <= 1`, since multiplying by a new nonnegative factor may increase the product; do not repeat `nra` while `sum_n` or `prod_n` remain opaque, but strengthen the invariant and supply the prefix-sum and nonnegativity facts first.
",3,0,20,244,Exact default-render matches only; alternate rendering/citation wrappers can undercount. Exposure does not establish use or correctness.
experiments/playbooks/ace_x_offline_e3.yaml,07ee107de724c34272a3698690372dd6bdb4d7fc51494e9e354d1a030abe17d4,07ee107de724c34272a3698690372dd6bdb4d7fc51494e9e354d1a030abe17d4,rocq-00028,tactics,"For a real recurrence hypothesis such as `h0 : forall n, s (S (S n)) = s (S n) + s n` with concrete-index equations in the context, specialize it at the needed predecessor indices, simplify each specialization with `simpl`, and use `lra` to eliminate the recurrence terms and solve the resulting linear system.
",4,0,20,244,Exact default-render matches only; alternate rendering/citation wrappers can undercount. Exposure does not establish use or correctness.
experiments/playbooks/ace_x_offline_e3.yaml,07ee107de724c34272a3698690372dd6bdb4d7fc51494e9e354d1a030abe17d4,07ee107de724c34272a3698690372dd6bdb4d7fc51494e9e354d1a030abe17d4,rocq-00029,pitfalls,"When `apply Rle_trans with (...)` creates a hypothesis-shaped first subgoal and an arithmetic second subgoal, avoid nested bullets; after normalizing the terms, use the compact form `apply Rle_trans with (...); [ assumption | nra ]` so both focused subgoals are discharged exactly once.
",0,0,20,244,Exact default-render matches only; alternate rendering/citation wrappers can undercount. Exposure does not establish use or correctness.
experiments/playbooks/ace_x_offline_e3.yaml,07ee107de724c34272a3698690372dd6bdb4d7fc51494e9e354d1a030abe17d4,07ee107de724c34272a3698690372dd6bdb4d7fc51494e9e354d1a030abe17d4,rocq-00030,tactics,"For real inequalities involving powers, inverses, and products, normalize the exact syntactic shape before rewriting: use `rewrite <- (tech_pow_Rmult 2 (S (S m))); ring` for powers, prove associativity equalities with `ring`, and use `field_simplify_eq; nra` for inverse identities rather than applying `tech_pow_Rmult` or `field_simplify` to an unmatched expression.
",2,0,20,244,Exact default-render matches only; alternate rendering/citation wrappers can undercount. Exposure does not establish use or correctness.
experiments/playbooks/ace_x_offline_e3.yaml,07ee107de724c34272a3698690372dd6bdb4d7fc51494e9e354d1a030abe17d4,07ee107de724c34272a3698690372dd6bdb4d7fc51494e9e354d1a030abe17d4,rocq-00031,strategy,"For nonlinear nat goals with a fixed product and an unordered-variable bound, first prove a general lemma for `x < y < z` and the product equality, then sort the variables with nested `le_gt_dec` calls and apply the lemma to each of the six permutations.
",2,1,20,244,Exact default-render matches only; alternate rendering/citation wrappers can undercount. Exposure does not establish use or correctness.
experiments/playbooks/ace_x_offline_e3.yaml,07ee107de724c34272a3698690372dd6bdb4d7fc51494e9e354d1a030abe17d4,07ee107de724c34272a3698690372dd6bdb4d7fc51494e9e354d1a030abe17d4,rocq-00032,tactics,"When applying an ordered-product lemma to a permuted equality, normalize the product with `rewrite <- Hp; ring`; `Nat.mul_assoc` alone only changes parentheses and cannot perform the required commutation, after which use `lia` or `nia` for the remaining arithmetic.
",2,0,20,244,Exact default-render matches only; alternate rendering/citation wrappers can undercount. Exposure does not establish use or correctness.
experiments/playbooks/ace_x_offline_e3.yaml,07ee107de724c34272a3698690372dd6bdb4d7fc51494e9e354d1a030abe17d4,07ee107de724c34272a3698690372dd6bdb4d7fc51494e9e354d1a030abe17d4,rocq-00034,tactics,"For a successor step in a recursive finite-sum invariant, normalize `2 * S n + 1` to `S (S (2 * n + 1))` with `replace` or `change` before rewriting with the recurrence or applying `tech5`; then specialize the recurrence at `2 * n + 3`, prove the resulting nat-index equalities with `lia`, rewrite casts using `S_INR`, and reserve `nra` for the final algebra.
",1,0,20,244,Exact default-render matches only; alternate rendering/citation wrappers can undercount. Exposure does not establish use or correctness.
experiments/playbooks/ace_x_offline_e3.yaml,07ee107de724c34272a3698690372dd6bdb4d7fc51494e9e354d1a030abe17d4,07ee107de724c34272a3698690372dd6bdb4d7fc51494e9e354d1a030abe17d4,rocq-00035,pitfalls,"In the base case of a recurrence relating consecutive indexed values, specialize a hypothesis of the form `u (S (S n)) = ...` at the index that produces the required terms (for a goal involving `u 1` and `u 2`, use `hrec 1`, not `hrec 0`); an off-by-one specialization leaves an unusable recurrence.
",2,0,20,244,Exact default-render matches only; alternate rendering/citation wrappers can undercount. Exposure does not establish use or correctness.
experiments/playbooks/ace_x_offline_e3.yaml,07ee107de724c34272a3698690372dd6bdb4d7fc51494e9e354d1a030abe17d4,07ee107de724c34272a3698690372dd6bdb4d7fc51494e9e354d1a030abe17d4,rocq-00036,strategy,"After specializing a recursive-sum invariant at a concrete index, preserve its compact sum expression and use `change` to expose the exact endpoint before rewriting the given sum equation, such as changing the hypothesis to an equation ending at `97` before `rewrite hsum`; broad `simpl` unfolds the sum and leaves `nra` with many irrelevant function terms.
",1,0,20,244,Exact default-render matches only; alternate rendering/citation wrappers can undercount. Exposure does not establish use or correctness.
experiments/playbooks/ace_x_offline_e3.yaml,07ee107de724c34272a3698690372dd6bdb4d7fc51494e9e354d1a030abe17d4,07ee107de724c34272a3698690372dd6bdb4d7fc51494e9e354d1a030abe17d4,rocq-00037,strategy,"For functional induction goals aiming at `f n = n`, treat a proved lower bound `n <= f n` as only half of the result: strengthen the invariant as needed, formalize the iterated predecessor descent using well-foundedness of `Nat.lt`, and prove the upper bound through uniqueness of the relevant preimage before applying `Nat.le_antisymm`.
",1,0,20,244,Exact default-render matches only; alternate rendering/citation wrappers can undercount. Exposure does not establish use or correctness.
experiments/playbooks/ace_x_offline_e3.yaml,07ee107de724c34272a3698690372dd6bdb4d7fc51494e9e354d1a030abe17d4,07ee107de724c34272a3698690372dd6bdb4d7fc51494e9e354d1a030abe17d4,rocq-00038,lemmas,"Use `Nat.lt_wf_0` to justify well-founded induction or termination of a strictly decreasing sequence of positive natural values; `lia` can discharge the local successor arithmetic after the descent and induction hypotheses are exposed, but cannot construct the descent argument itself.
",3,0,20,244,Exact default-render matches only; alternate rendering/citation wrappers can undercount. Exposure does not establish use or correctness.
experiments/playbooks/ace_x_offline_e3.yaml,07ee107de724c34272a3698690372dd6bdb4d7fc51494e9e354d1a030abe17d4,07ee107de724c34272a3698690372dd6bdb4d7fc51494e9e354d1a030abe17d4,rocq-00040,strategy,"For real coefficient equations containing reciprocal terms and nat-cast denominators, derive explicit case bounds before invoking `nra`: assume a lower bound such as `a >= 3`, bound each reciprocal term separately, contradict the normalized coefficient equation, and after fixing variables finish the remaining nat equalities without nonlinear automation over divisions.
",2,0,20,244,Exact default-render matches only; alternate rendering/citation wrappers can undercount. Exposure does not establish use or correctness.
experiments/playbooks/ace_x_offline_e3.yaml,07ee107de724c34272a3698690372dd6bdb4d7fc51494e9e354d1a030abe17d4,07ee107de724c34272a3698690372dd6bdb4d7fc51494e9e354d1a030abe17d4,rocq-00041,pitfalls,"For real sign case splits, use `Rle_dec 0 t` rather than `le_gt_dec` when the latter is unavailable; for `Rabs_right`, wrap the application in a helper proved from a syntactically matching hypothesis such as `0 <= t` (using `lra` if necessary) before rewriting `Rabs t`.
",3,0,20,244,Exact default-render matches only; alternate rendering/citation wrappers can undercount. Exposure does not establish use or correctness.
experiments/playbooks/ace_x_offline_e3.yaml,07ee107de724c34272a3698690372dd6bdb4d7fc51494e9e354d1a030abe17d4,07ee107de724c34272a3698690372dd6bdb4d7fc51494e9e354d1a030abe17d4,rocq-00042,tactics,"When `field_simplify in Heq` leaves `(x ^ 2 - 1) / x = -1`, do not apply `Rdiv_diag_uniq` directly: rewrite with `Rdiv_def` to `(-(x ^ 2 - 1)) / x = 1`, then apply `Rdiv_diag_uniq` and finish the resulting polynomial equality with `nra`, discharging `x <> 0` separately.
",0,0,20,244,Exact default-render matches only; alternate rendering/citation wrappers can undercount. Exposure does not establish use or correctness.
experiments/playbooks/ace_x_offline_e3.yaml,07ee107de724c34272a3698690372dd6bdb4d7fc51494e9e354d1a030abe17d4,07ee107de724c34272a3698690372dd6bdb4d7fc51494e9e354d1a030abe17d4,rocq-00044,tactics,"For polynomial identities involving Ravi variables defined by fractional expressions, first prove explicit linear equalities such as `a = y + z`, `b = z + x`, and `c = x + y` with `lra`; rewrite using those equalities and call `ring` rather than unfolding the definitions of `x`, `y`, and `z`, which leaves divisions that may not normalize.
",2,0,20,244,Exact default-render matches only; alternate rendering/citation wrappers can undercount. Exposure does not establish use or correctness.
experiments/playbooks/ace_x_offline_e3.yaml,07ee107de724c34272a3698690372dd6bdb4d7fc51494e9e354d1a030abe17d4,07ee107de724c34272a3698690372dd6bdb4d7fc51494e9e354d1a030abe17d4,rocq-00045,strategy,"For a target derived from a weighted-square decomposition, prove each `0 <= Rsqr t` fact with `Rle_0_sqr`, unfold `Rsqr` in those hypotheses, multiply by the required positive weights with `nra`, and use a `replace ... with (...) by ring` decomposition before the final `nra`.
",2,0,20,244,Exact default-render matches only; alternate rendering/citation wrappers can undercount. Exposure does not establish use or correctness.
experiments/playbooks/ace_x_offline_e3.yaml,07ee107de724c34272a3698690372dd6bdb4d7fc51494e9e354d1a030abe17d4,07ee107de724c34272a3698690372dd6bdb4d7fc51494e9e354d1a030abe17d4,rocq-00046,tactics,"For finite nat case branches whose hypothesis contains symbolic `Nat.lcm` or powers, first use the branch equality to `subst` the variable, then run `vm_compute in Heq` (and `discriminate Heq` if needed); `lia` cannot evaluate an opaque lcm while the variable remains symbolic.
",0,0,20,244,Exact default-render matches only; alternate rendering/citation wrappers can undercount. Exposure does not establish use or correctness.
experiments/playbooks/ace_x_offline_e3.yaml,07ee107de724c34272a3698690372dd6bdb4d7fc51494e9e354d1a030abe17d4,07ee107de724c34272a3698690372dd6bdb4d7fc51494e9e354d1a030abe17d4,rocq-00048,tactics,"For natural powers, use `rewrite <- (Nat.pow_add_r a m n)` to combine a product `a ^ m * a ^ n` into `a ^ (m + n)`, and use `Nat.pow_mul_r` only when the term has the nested-power shape `(a ^ b) ^ c` (or the corresponding forward rewrite to `a ^ (b * c)`); rewrite lemmas require the exact syntactic subterm.
",2,0,20,244,Exact default-render matches only; alternate rendering/citation wrappers can undercount. Exposure does not establish use or correctness.
experiments/playbooks/ace_x_offline_e3.yaml,07ee107de724c34272a3698690372dd6bdb4d7fc51494e9e354d1a030abe17d4,07ee107de724c34272a3698690372dd6bdb4d7fc51494e9e354d1a030abe17d4,rocq-00049,pitfalls,"When specializing a hypothesis whose index or other argument is `nat` while `R_scope` is open, annotate every concrete numeral with `%nat` (for example, `Hdiag 2%nat` or `Hsym (14%nat) (10%nat)`); otherwise bare numerals may be inferred as reals and specialization fails.
",3,0,20,244,Exact default-render matches only; alternate rendering/citation wrappers can undercount. Exposure does not establish use or correctness.
experiments/playbooks/ace_x_offline_e3.yaml,07ee107de724c34272a3698690372dd6bdb4d7fc51494e9e354d1a030abe17d4,07ee107de724c34272a3698690372dd6bdb4d7fc51494e9e354d1a030abe17d4,rocq-00050,tactics,"For a real-arithmetic goal where a nat index is fixed to a numeral by a hypothesis such as `n = 3%nat`, use `subst n`, then `simpl in` the hypothesis containing casts or natural powers (for example `Hs`), and finish the resulting concrete polynomial equations with `nra`.
",2,0,20,244,Exact default-render matches only; alternate rendering/citation wrappers can undercount. Exposure does not establish use or correctness.
experiments/playbooks/ace_x_offline_e3.yaml,07ee107de724c34272a3698690372dd6bdb4d7fc51494e9e354d1a030abe17d4,07ee107de724c34272a3698690372dd6bdb4d7fc51494e9e354d1a030abe17d4,rocq-00051,lemmas,"For real logarithm identities, use the environment's available lemmas `ln_increasing` (often after rewriting the target with `ln_1`), `ln_pow`, `ln_mult`, and `ln_inv`; establish the strict positivity and nonzeroness side conditions explicitly instead of guessing names such as `ln_pos` or `ln_inj`.
",7,0,20,244,Exact default-render matches only; alternate rendering/citation wrappers can undercount. Exposure does not establish use or correctness.
experiments/playbooks/ace_x_offline_e3.yaml,07ee107de724c34272a3698690372dd6bdb4d7fc51494e9e354d1a030abe17d4,07ee107de724c34272a3698690372dd6bdb4d7fc51494e9e354d1a030abe17d4,rocq-00053,pitfalls,"For an induction invariant mixing a real inequality with a nat bound, such as `P n \/ (n < 3)%nat`, select the desired branch with `left` or `right` before calling `nra`; parenthesize the nat comparison itself with `%nat`, and use successive `destruct n` cases rather than guessing comparison lemmas such as `lt_ge_dec` or `le_gt_dec`.
",0,0,20,244,Exact default-render matches only; alternate rendering/citation wrappers can undercount. Exposure does not establish use or correctness.
experiments/playbooks/ace_x_offline_e3.yaml,07ee107de724c34272a3698690372dd6bdb4d7fc51494e9e354d1a030abe17d4,07ee107de724c34272a3698690372dd6bdb4d7fc51494e9e354d1a030abe17d4,rocq-00054,tactics,"When a natural-power hypothesis contains concrete numerals such as `1000` or `100`, first assert identities like `H1000 : 10 ^ 3 = 1000` and rewrite them backwards in the hypothesis to expose `(10 ^ 3) ^ 5`; then apply `Nat.pow_mul_r` backwards, use `Nat.pow_add_r` backwards to combine equal-base powers, and finish exponent equalities with `lia` and `Nat.pow_inj_r`.
",1,0,20,244,Exact default-render matches only; alternate rendering/citation wrappers can undercount. Exposure does not establish use or correctness.
experiments/campaigns/ace_economy_20260916/book.yaml,af399ace24aab264c2305deab106774d7c93dab58b1a2b42e7e7b81db3817498,af399ace24aab264c2305deab106774d7c93dab58b1a2b42e7e7b81db3817498,rocq-00001,pitfalls,"When `Hf : forall x, f x = polynomial x` and `Hx : f x <= 0`, use `rewrite Hf in Hx` to expose the polynomial before invoking `nra`; merely specializing `Hf` does not connect it to `Hx`.
",5,0,971,13564,Exact default-render matches only; alternate rendering/citation wrappers can undercount. Exposure does not establish use or correctness.
experiments/campaigns/ace_economy_20260916/book.yaml,af399ace24aab264c2305deab106774d7c93dab58b1a2b42e7e7b81db3817498,af399ace24aab264c2305deab106774d7c93dab58b1a2b42e7e7b81db3817498,rocq-00002,tactics,"For an induction hypothesis relating recursive `sum_f` expressions, if `rewrite IH` fails after `simpl`, use `change` to expose the successor case explicitly as `sum_f ... n + f n = sum_f ... n + g n + S n`; then apply `rewrite IH; lia`.
",0,0,971,13564,Exact default-render matches only; alternate rendering/citation wrappers can undercount. Exposure does not establish use or correctness.
experiments/campaigns/ace_economy_20260916/book.yaml,af399ace24aab264c2305deab106774d7c93dab58b1a2b42e7e7b81db3817498,af399ace24aab264c2305deab106774d7c93dab58b1a2b42e7e7b81db3817498,rocq-00003,tactics,"For goals over `nat` with hypotheses such as `(n - 1) * n * (n + 1) = k` and a successor or exact-value conclusion, use `intros` followed by `nia`; it can handle the nonlinear products and truncated subtraction directly.
",4,3,971,13564,Exact default-render matches only; alternate rendering/citation wrappers can undercount. Exposure does not establish use or correctness.
experiments/campaigns/ace_economy_20260916/book.yaml,af399ace24aab264c2305deab106774d7c93dab58b1a2b42e7e7b81db3817498,af399ace24aab264c2305deab106774d7c93dab58b1a2b42e7e7b81db3817498,rocq-00004,tactics,"For closed `nat` equalities built from executable finite-list operations such as `seq`, `filter`, boolean predicates, and `fold_right`, try `vm_compute`; use `reflexivity` afterward if the resulting definitional equality is not closed automatically.
",1,1,971,13564,Exact default-render matches only; alternate rendering/citation wrappers can undercount. Exposure does not establish use or correctness.
experiments/campaigns/ace_economy_20260916/book.yaml,af399ace24aab264c2305deab106774d7c93dab58b1a2b42e7e7b81db3817498,af399ace24aab264c2305deab106774d7c93dab58b1a2b42e7e7b81db3817498,rocq-00005,pitfalls,"When applying a recurrence hypothesis whose predecessor uses truncated subtraction, first prove the exact natural-number equality (for example, `((2 * S k + 1) - 2)%nat = 2 * k + 1` by `simpl; lia`), then rewrite with that equality before applying the hypothesis so its indices unify.
",0,0,971,13564,Exact default-render matches only; alternate rendering/citation wrappers can undercount. Exposure does not establish use or correctness.
experiments/campaigns/ace_economy_20260916/book.yaml,af399ace24aab264c2305deab106774d7c93dab58b1a2b42e7e7b81db3817498,af399ace24aab264c2305deab106774d7c93dab58b1a2b42e7e7b81db3817498,rocq-00006,pitfalls,"Under an active `R_scope`, annotate natural-number indices, arithmetic, and order conditions with `%nat` (for example, `(1 < n)%nat`); reserve `INR` and unannotated arithmetic for real-valued conclusions to avoid coercion and comparison-type errors.
",6,0,971,13564,Exact default-render matches only; alternate rendering/citation wrappers can undercount. Exposure does not establish use or correctness.
experiments/campaigns/ace_economy_20260916/book.yaml,af399ace24aab264c2305deab106774d7c93dab58b1a2b42e7e7b81db3817498,af399ace24aab264c2305deab106774d7c93dab58b1a2b42e7e7b81db3817498,rocq-00007,lemmas,"For nat modulo goals, explicitly instantiate `Nat.div_mod_eq x y`; rewrite a hypothesis `x mod y = r` to obtain `x = y * (x / y) + r`, then use `nia` for the resulting arithmetic. When the dividend is normalized as `r + q * m`, use `Nat.Div0.mod_add` first and simplify the remaining `r mod m`.
",0,0,971,13564,Exact default-render matches only; alternate rendering/citation wrappers can undercount. Exposure does not establish use or correctness.
experiments/campaigns/ace_economy_20260916/book.yaml,af399ace24aab264c2305deab106774d7c93dab58b1a2b42e7e7b81db3817498,af399ace24aab264c2305deab106774d7c93dab58b1a2b42e7e7b81db3817498,rocq-00009,strategy,"For finite nonnegative real sequences with a fixed-sum product goal, prove the stronger normalized inequality `prod_n a n <= (sum_n a n / INR n)^n` first, preserving an arbitrary sum or average throughout the induction; specialize to `sum_n a n = INR n` only afterward.
",0,0,971,13564,Exact default-render matches only; alternate rendering/citation wrappers can undercount. Exposure does not establish use or correctness.
experiments/campaigns/ace_economy_20260916/book.yaml,af399ace24aab264c2305deab106774d7c93dab58b1a2b42e7e7b81db3817498,af399ace24aab264c2305deab106774d7c93dab58b1a2b42e7e7b81db3817498,rocq-00010,pitfalls,"Do not obtain a successor product bound by multiplying an induction hypothesis such as `prod_n a (S n) <= 1` by an arbitrary nonnegative factor: that factor may exceed `1`. An induction proof must retain a bound parameterized by the total sum or average.
",0,0,971,13564,Exact default-render matches only; alternate rendering/citation wrappers can undercount. Exposure does not establish use or correctness.
experiments/campaigns/ace_economy_20260916/book.yaml,af399ace24aab264c2305deab106774d7c93dab58b1a2b42e7e7b81db3817498,af399ace24aab264c2305deab106774d7c93dab58b1a2b42e7e7b81db3817498,rocq-00011,tactics,"Before using `nra` in AM-GM base or successor cases, unfold or rewrite the relevant `sum_n` and `prod_n` expressions, including base cases such as `sum_n a 0` and `prod_n a 1`, and prove any required `INR n <> 0` denominator condition; `nra` cannot reason through opaque recursive definitions or supply the global inequality.
",1,0,971,13564,Exact default-render matches only; alternate rendering/citation wrappers can undercount. Exposure does not establish use or correctness.
experiments/campaigns/ace_economy_20260916/book.yaml,af399ace24aab264c2305deab106774d7c93dab58b1a2b42e7e7b81db3817498,af399ace24aab264c2305deab106774d7c93dab58b1a2b42e7e7b81db3817498,rocq-00012,tactics,"For a real goal `0 <= t^2` where `Rle_0_sqr` does not unify directly, use `replace (t^2) with (t * t) by ring; apply Rle_0_sqr`; use `ring` separately for completing-square identities before finishing the resulting linear inequality with `lra`.
",2,0,971,13564,Exact default-render matches only; alternate rendering/citation wrappers can undercount. Exposure does not establish use or correctness.
experiments/campaigns/ace_economy_20260916/book.yaml,af399ace24aab264c2305deab106774d7c93dab58b1a2b42e7e7b81db3817498,af399ace24aab264c2305deab106774d7c93dab58b1a2b42e7e7b81db3817498,rocq-00013,lemmas,"For positivity of a recursive real product whose successor factor is `1 + / d`, prove `0 < d` with `Rmult_pos_pos`, obtain `0 < / d` via `Rinv_0_lt_compat`, prove the factor with `lra`, and finish the product with `apply Rmult_pos_pos; assumption`; `nra` does not infer positivity through opaque recursive products.
",0,0,971,13564,Exact default-render matches only; alternate rendering/citation wrappers can undercount. Exposure does not establish use or correctness.
experiments/campaigns/ace_economy_20260916/book.yaml,af399ace24aab264c2305deab106774d7c93dab58b1a2b42e7e7b81db3817498,af399ace24aab264c2305deab106774d7c93dab58b1a2b42e7e7b81db3817498,rocq-00014,lemmas,"For natural-number product bounds, use `Nat.mul_le_mono` to combine factor inequalities such as `3 <= y` and `2 <= z`, and use `Nat.mul_le_mono_nonneg_r` to multiply an established inequality by a nonnegative factor; provide the premises in the lemma's expected order instead of guessing a multiplication-monotonicity API.
",0,0,971,13564,Exact default-render matches only; alternate rendering/citation wrappers can undercount. Exposure does not establish use or correctness.
experiments/campaigns/ace_economy_20260916/book.yaml,af399ace24aab264c2305deab106774d7c93dab58b1a2b42e7e7b81db3817498,af399ace24aab264c2305deab106774d7c93dab58b1a2b42e7e7b81db3817498,rocq-00015,lemmas,"To lift a natural bound into `R`, expose the coercion and apply `le_INR`: for example, prove `2 <= INR c` with `change INR 2 <= INR c; apply le_INR; lia`; for strict positivity of a cast, apply `lt_0_INR` to the natural positivity hypothesis rather than using a nonexistent `.mpr` projection.
",1,0,971,13564,Exact default-render matches only; alternate rendering/citation wrappers can undercount. Exposure does not establish use or correctness.
experiments/campaigns/ace_economy_20260916/book.yaml,af399ace24aab264c2305deab106774d7c93dab58b1a2b42e7e7b81db3817498,af399ace24aab264c2305deab106774d7c93dab58b1a2b42e7e7b81db3817498,rocq-00016,pitfalls,"For real equations involving a single reciprocal `1 / x`, after proving `x <> 0`, multiply explicitly by `x` and expose the inverse identity with `unfold Rdiv` and `assert (x * / x = 1) by exact (Rinv_r x Hx)`; then use `ring` and `nra` on the resulting polynomial equation instead of relying on `field_simplify` to normalize it.
",0,0,971,13564,Exact default-render matches only; alternate rendering/citation wrappers can undercount. Exposure does not establish use or correctness.
experiments/campaigns/ace_economy_20260916/book.yaml,af399ace24aab264c2305deab106774d7c93dab58b1a2b42e7e7b81db3817498,af399ace24aab264c2305deab106774d7c93dab58b1a2b42e7e7b81db3817498,rocq-00017,tactics,"To turn `Rabs t = 1` into a sign disjunction, destruct `(Rle_or_lt 0 t)`; in the nonnegative branch rewrite with `Rabs_pos_eq t H`, and in the negative branch rewrite with `Rabs_left t H`, yielding `t = 1 \/ t = -1` by `lra`.
",0,0,971,13564,Exact default-render matches only; alternate rendering/citation wrappers can undercount. Exposure does not establish use or correctness.
experiments/campaigns/ace_economy_20260916/book.yaml,af399ace24aab264c2305deab106774d7c93dab58b1a2b42e7e7b81db3817498,af399ace24aab264c2305deab106774d7c93dab58b1a2b42e7e7b81db3817498,rocq-00018,pitfalls,"For bounded natural searches involving `Nat.lcm` or `Nat.gcd`, avoid broad `vm_compute`, `compute`, or `simpl [Nat.gcd]`, since recursive evaluation can stack-overflow; reduce only explicitly closed numeral cases, using `change` to expose a known numeral equality when needed.
",0,0,971,13564,Exact default-render matches only; alternate rendering/citation wrappers can undercount. Exposure does not establish use or correctness.
experiments/campaigns/ace_economy_20260916/book.yaml,af399ace24aab264c2305deab106774d7c93dab58b1a2b42e7e7b81db3817498,af399ace24aab264c2305deab106774d7c93dab58b1a2b42e7e7b81db3817498,rocq-00019,strategy,"When proving a least witness by finite exclusion, first split with `destruct (le_gt_dec bound m) as [Hge | Hlt]`; close the lower-bound branch immediately, handle the finitely many numeral cases explicitly under `Hlt`, and discharge any residual symbolic successor branch directly from `Hlt` rather than using blanket `all:` tactics or unstable numbered selectors.
",1,1,971,13564,Exact default-render matches only; alternate rendering/citation wrappers can undercount. Exposure does not establish use or correctness.
experiments/campaigns/ace_economy_20260916/book.yaml,af399ace24aab264c2305deab106774d7c93dab58b1a2b42e7e7b81db3817498,af399ace24aab264c2305deab106774d7c93dab58b1a2b42e7e7b81db3817498,rocq-00020,tactics,"For instantiated recurrence equations containing closed casts and natural sums, use `cbv [INR]` to evaluate the casts, then normalize each index explicitly with `replace (a + b)%nat with c%nat in H by reflexivity`; after these rewrites, `lra` can solve the resulting linear real-equation chain.
",0,1,971,13564,Exact default-render matches only; alternate rendering/citation wrappers can undercount. Exposure does not establish use or correctness.
experiments/campaigns/ace_economy_20260916/book.yaml,af399ace24aab264c2305deab106774d7c93dab58b1a2b42e7e7b81db3817498,af399ace24aab264c2305deab106774d7c93dab58b1a2b42e7e7b81db3817498,rocq-00021,tactics,"For an explicit `Ensemble` built from nested `Add`, first unfold `Add` and rewrite membership using the corresponding `Empty_set`, `Singleton`, and `Union` equivalences; once the resulting disjunctions and `False` cases are exposed, use `intuition; lia`. For cardinality, apply `card_add` layer by layer, prove each freshness premise by unfolding `In` and `Add` and inverting membership hypotheses, and finish the empty base with `card_empty`.
",1,0,971,13564,Exact default-render matches only; alternate rendering/citation wrappers can undercount. Exposure does not establish use or correctness.
experiments/campaigns/ace_economy_20260916/book.yaml,af399ace24aab264c2305deab106774d7c93dab58b1a2b42e7e7b81db3817498,af399ace24aab264c2305deab106774d7c93dab58b1a2b42e7e7b81db3817498,rocq-00022,lemmas,"For trigonometric goals involving complementary or doubled angles, use the library lemma with the exact goal orientation—such as `sin_PI_x` or `sin_2a`, rewriting with it before `reflexivity` when necessary. For positivity of `sin x`, apply `sin_gt_0` and prove the bounds `0 < x` and `x < PI` explicitly.
",0,0,971,13564,Exact default-render matches only; alternate rendering/citation wrappers can undercount. Exposure does not establish use or correctness.
experiments/campaigns/ace_economy_20260916/book.yaml,af399ace24aab264c2305deab106774d7c93dab58b1a2b42e7e7b81db3817498,af399ace24aab264c2305deab106774d7c93dab58b1a2b42e7e7b81db3817498,rocq-00023,lemmas,"For logarithmic inequalities and identities, derive `0 < ln a` from `1 < a` by applying `ln_increasing` to obtain `ln 1 < ln a` and rewriting with `ln_1`. For `ln (t ^ 2) = 2 * ln t`, use `ln_pow` with a proof that the base `t` is positive, normalize the casted exponent with `cbv [INR]`, and use the resulting instantiated equality directly.
",1,0,971,13564,Exact default-render matches only; alternate rendering/citation wrappers can undercount. Exposure does not establish use or correctness.
experiments/campaigns/ace_economy_20260916/book.yaml,af399ace24aab264c2305deab106774d7c93dab58b1a2b42e7e7b81db3817498,af399ace24aab264c2305deab106774d7c93dab58b1a2b42e7e7b81db3817498,rocq-00024,tactics,"For an unbounded quadratic equation over `nat` that `nia` cannot solve directly, split with `destruct (lt_dec b k)` to obtain a finite bound. In the other branch derive `k * k <= b * b` with `rewrite Nat.square_le_mono; lia`, then let `nia` derive the contradiction from the original equation.
",0,0,971,13564,Exact default-render matches only; alternate rendering/citation wrappers can undercount. Exposure does not establish use or correctness.
experiments/campaigns/ace_economy_20260916/book.yaml,af399ace24aab264c2305deab106774d7c93dab58b1a2b42e7e7b81db3817498,af399ace24aab264c2305deab106774d7c93dab58b1a2b42e7e7b81db3817498,rocq-00025,pitfalls,"A closed cast such as `INR 4` is not necessarily definitionally convertible to `(4 : R)`, so `change` may fail. First prove an explicit equality, for example with `cbv [INR]; ring`, and rewrite with that equality before applying real arithmetic.
",0,0,971,13564,Exact default-render matches only; alternate rendering/citation wrappers can undercount. Exposure does not establish use or correctness.
experiments/campaigns/ace_economy_20260916/book.yaml,af399ace24aab264c2305deab106774d7c93dab58b1a2b42e7e7b81db3817498,af399ace24aab264c2305deab106774d7c93dab58b1a2b42e7e7b81db3817498,rocq-00026,lemmas,"For a target or hypothesis containing `ln (a * b)`, prove positivity of both factors explicitly; when a factor is an `Rpower`, unfold `Rpower` and apply `exp_pos`, rather than reusing positivity of the enclosing product. Then rewrite with `ln_mult a b Ha Hb` before calling `nra`; arithmetic automation does not expose this logarithmic product identity or supply its positivity premises.",0,0,971,13564,Exact default-render matches only; alternate rendering/citation wrappers can undercount. Exposure does not establish use or correctness.
experiments/campaigns/ace_economy_20260916/book.yaml,af399ace24aab264c2305deab106774d7c93dab58b1a2b42e7e7b81db3817498,af399ace24aab264c2305deab106774d7c93dab58b1a2b42e7e7b81db3817498,rocq-00027,lemmas,"For real square-root goals, use `pow2_sqrt` to prove `sqrt t ^ 2 = t` from `0 <= t`, and use `sqrt_pow2` to prove `sqrt (t ^ 2) = t` from `0 <= t`; to compare a root with `1 / 2`, first rewrite `sqrt ((1 / 2 : R) ^ 2)` using `sqrt_pow2`, then apply `sqrt_le_1_alt`.
",0,0,971,13564,Exact default-render matches only; alternate rendering/citation wrappers can undercount. Exposure does not establish use or correctness.
experiments/campaigns/ace_economy_20260916/book.yaml,af399ace24aab264c2305deab106774d7c93dab58b1a2b42e7e7b81db3817498,af399ace24aab264c2305deab106774d7c93dab58b1a2b42e7e7b81db3817498,rocq-00028,pitfalls,"After rewriting a defining polynomial equation into multiple root hypotheses, prove a factor such as `b <> 0` by assuming it is zero, substituting with `subst`, applying the given disequality, and using `nra` on the exposed equations to derive the contradiction.",0,0,971,13564,Exact default-render matches only; alternate rendering/citation wrappers can undercount. Exposure does not establish use or correctness.
experiments/campaigns/ace_sanitized_20260917/book.yaml,6657abb9b9ccea4a3da6a53ba0d74aaa15fb8433a2776c3daccb068dc0d6bddb,6657abb9b9ccea4a3da6a53ba0d74aaa15fb8433a2776c3daccb068dc0d6bddb,rocq-00001,pitfalls,"When `Hf : forall x, f x = polynomial x` and `Hx : f x <= 0`, use `rewrite Hf in Hx` to expose the polynomial before invoking `nra`; merely specializing `Hf` does not connect it to `Hx`.
",5,0,8,107,Exact default-render matches only; alternate rendering/citation wrappers can undercount. Exposure does not establish use or correctness.
experiments/campaigns/ace_sanitized_20260917/book.yaml,6657abb9b9ccea4a3da6a53ba0d74aaa15fb8433a2776c3daccb068dc0d6bddb,6657abb9b9ccea4a3da6a53ba0d74aaa15fb8433a2776c3daccb068dc0d6bddb,rocq-00002,tactics,"For an induction hypothesis relating recursive `sum_f` expressions, if `rewrite IH` fails after `simpl`, use `change` to expose the successor case explicitly as `sum_f ... n + f n = sum_f ... n + g n + S n`; then apply `rewrite IH; lia`.
",0,0,8,107,Exact default-render matches only; alternate rendering/citation wrappers can undercount. Exposure does not establish use or correctness.
experiments/campaigns/ace_sanitized_20260917/book.yaml,6657abb9b9ccea4a3da6a53ba0d74aaa15fb8433a2776c3daccb068dc0d6bddb,6657abb9b9ccea4a3da6a53ba0d74aaa15fb8433a2776c3daccb068dc0d6bddb,rocq-00003,tactics,"For goals over `nat` with hypotheses such as `(n - 1) * n * (n + 1) = k` and a successor or exact-value conclusion, use `intros` followed by `nia`; it can handle the nonlinear products and truncated subtraction directly.
",4,3,8,107,Exact default-render matches only; alternate rendering/citation wrappers can undercount. Exposure does not establish use or correctness.
experiments/campaigns/ace_sanitized_20260917/book.yaml,6657abb9b9ccea4a3da6a53ba0d74aaa15fb8433a2776c3daccb068dc0d6bddb,6657abb9b9ccea4a3da6a53ba0d74aaa15fb8433a2776c3daccb068dc0d6bddb,rocq-00004,tactics,"For closed `nat` equalities built from executable finite-list operations such as `seq`, `filter`, boolean predicates, and `fold_right`, try `vm_compute`; use `reflexivity` afterward if the resulting definitional equality is not closed automatically.
",1,1,8,107,Exact default-render matches only; alternate rendering/citation wrappers can undercount. Exposure does not establish use or correctness.
experiments/campaigns/ace_sanitized_20260917/book.yaml,6657abb9b9ccea4a3da6a53ba0d74aaa15fb8433a2776c3daccb068dc0d6bddb,6657abb9b9ccea4a3da6a53ba0d74aaa15fb8433a2776c3daccb068dc0d6bddb,rocq-00005,pitfalls,"When applying a recurrence hypothesis whose predecessor uses truncated subtraction, first prove the exact natural-number equality (for example, `((2 * S k + 1) - 2)%nat = 2 * k + 1` by `simpl; lia`), then rewrite with that equality before applying the hypothesis so its indices unify.
",0,0,8,107,Exact default-render matches only; alternate rendering/citation wrappers can undercount. Exposure does not establish use or correctness.
experiments/campaigns/ace_sanitized_20260917/book.yaml,6657abb9b9ccea4a3da6a53ba0d74aaa15fb8433a2776c3daccb068dc0d6bddb,6657abb9b9ccea4a3da6a53ba0d74aaa15fb8433a2776c3daccb068dc0d6bddb,rocq-00006,pitfalls,"Under an active `R_scope`, annotate natural-number indices, arithmetic, and order conditions with `%nat` (for example, `(1 < n)%nat`); reserve `INR` and unannotated arithmetic for real-valued conclusions to avoid coercion and comparison-type errors.
",6,0,8,107,Exact default-render matches only; alternate rendering/citation wrappers can undercount. Exposure does not establish use or correctness.
experiments/campaigns/ace_sanitized_20260917/book.yaml,6657abb9b9ccea4a3da6a53ba0d74aaa15fb8433a2776c3daccb068dc0d6bddb,6657abb9b9ccea4a3da6a53ba0d74aaa15fb8433a2776c3daccb068dc0d6bddb,rocq-00007,lemmas,"For nat modulo goals, explicitly instantiate `Nat.div_mod_eq x y`; rewrite a hypothesis `x mod y = r` to obtain `x = y * (x / y) + r`, then use `nia` for the resulting arithmetic. When the dividend is normalized as `r + q * m`, use `Nat.Div0.mod_add` first and simplify the remaining `r mod m`.
",0,0,8,107,Exact default-render matches only; alternate rendering/citation wrappers can undercount. Exposure does not establish use or correctness.
experiments/campaigns/ace_sanitized_20260917/book.yaml,6657abb9b9ccea4a3da6a53ba0d74aaa15fb8433a2776c3daccb068dc0d6bddb,6657abb9b9ccea4a3da6a53ba0d74aaa15fb8433a2776c3daccb068dc0d6bddb,rocq-00009,strategy,"For finite nonnegative real sequences with a fixed-sum product goal, prove the stronger normalized inequality `prod_n a n <= (sum_n a n / INR n)^n` first, preserving an arbitrary sum or average throughout the induction; specialize to `sum_n a n = INR n` only afterward.
",0,0,8,107,Exact default-render matches only; alternate rendering/citation wrappers can undercount. Exposure does not establish use or correctness.
experiments/campaigns/ace_sanitized_20260917/book.yaml,6657abb9b9ccea4a3da6a53ba0d74aaa15fb8433a2776c3daccb068dc0d6bddb,6657abb9b9ccea4a3da6a53ba0d74aaa15fb8433a2776c3daccb068dc0d6bddb,rocq-00010,pitfalls,"Do not obtain a successor product bound by multiplying an induction hypothesis such as `prod_n a (S n) <= 1` by an arbitrary nonnegative factor: that factor may exceed `1`. An induction proof must retain a bound parameterized by the total sum or average.
",0,0,8,107,Exact default-render matches only; alternate rendering/citation wrappers can undercount. Exposure does not establish use or correctness.
experiments/campaigns/ace_sanitized_20260917/book.yaml,6657abb9b9ccea4a3da6a53ba0d74aaa15fb8433a2776c3daccb068dc0d6bddb,6657abb9b9ccea4a3da6a53ba0d74aaa15fb8433a2776c3daccb068dc0d6bddb,rocq-00011,tactics,"Before using `nra` in AM-GM base or successor cases, unfold or rewrite the relevant `sum_n` and `prod_n` expressions, including base cases such as `sum_n a 0` and `prod_n a 1`, and prove any required `INR n <> 0` denominator condition; `nra` cannot reason through opaque recursive definitions or supply the global inequality.
",1,0,8,107,Exact default-render matches only; alternate rendering/citation wrappers can undercount. Exposure does not establish use or correctness.
experiments/campaigns/ace_sanitized_20260917/book.yaml,6657abb9b9ccea4a3da6a53ba0d74aaa15fb8433a2776c3daccb068dc0d6bddb,6657abb9b9ccea4a3da6a53ba0d74aaa15fb8433a2776c3daccb068dc0d6bddb,rocq-00012,tactics,"For a real goal `0 <= t^2` where `Rle_0_sqr` does not unify directly, use `replace (t^2) with (t * t) by ring; apply Rle_0_sqr`; use `ring` separately for completing-square identities before finishing the resulting linear inequality with `lra`.
",2,0,8,107,Exact default-render matches only; alternate rendering/citation wrappers can undercount. Exposure does not establish use or correctness.
experiments/campaigns/ace_sanitized_20260917/book.yaml,6657abb9b9ccea4a3da6a53ba0d74aaa15fb8433a2776c3daccb068dc0d6bddb,6657abb9b9ccea4a3da6a53ba0d74aaa15fb8433a2776c3daccb068dc0d6bddb,rocq-00013,lemmas,"For positivity of a recursive real product whose successor factor is `1 + / d`, prove `0 < d` with `Rmult_pos_pos`, obtain `0 < / d` via `Rinv_0_lt_compat`, prove the factor with `lra`, and finish the product with `apply Rmult_pos_pos; assumption`; `nra` does not infer positivity through opaque recursive products.
",0,0,8,107,Exact default-render matches only; alternate rendering/citation wrappers can undercount. Exposure does not establish use or correctness.
experiments/campaigns/ace_sanitized_20260917/book.yaml,6657abb9b9ccea4a3da6a53ba0d74aaa15fb8433a2776c3daccb068dc0d6bddb,6657abb9b9ccea4a3da6a53ba0d74aaa15fb8433a2776c3daccb068dc0d6bddb,rocq-00014,lemmas,"For natural-number product bounds, use `Nat.mul_le_mono` to combine factor inequalities such as `3 <= y` and `2 <= z`, and use `Nat.mul_le_mono_nonneg_r` to multiply an established inequality by a nonnegative factor; provide the premises in the lemma's expected order instead of guessing a multiplication-monotonicity API.
",0,0,8,107,Exact default-render matches only; alternate rendering/citation wrappers can undercount. Exposure does not establish use or correctness.
experiments/campaigns/ace_sanitized_20260917/book.yaml,6657abb9b9ccea4a3da6a53ba0d74aaa15fb8433a2776c3daccb068dc0d6bddb,6657abb9b9ccea4a3da6a53ba0d74aaa15fb8433a2776c3daccb068dc0d6bddb,rocq-00015,lemmas,"To lift a natural bound into `R`, expose the coercion and apply `le_INR`: for example, prove `2 <= INR c` with `change INR 2 <= INR c; apply le_INR; lia`; for strict positivity of a cast, apply `lt_0_INR` to the natural positivity hypothesis rather than using a nonexistent `.mpr` projection.
",1,0,8,107,Exact default-render matches only; alternate rendering/citation wrappers can undercount. Exposure does not establish use or correctness.
experiments/campaigns/ace_sanitized_20260917/book.yaml,6657abb9b9ccea4a3da6a53ba0d74aaa15fb8433a2776c3daccb068dc0d6bddb,6657abb9b9ccea4a3da6a53ba0d74aaa15fb8433a2776c3daccb068dc0d6bddb,rocq-00016,pitfalls,"For real equations involving a single reciprocal `1 / x`, after proving `x <> 0`, multiply explicitly by `x` and expose the inverse identity with `unfold Rdiv` and `assert (x * / x = 1) by exact (Rinv_r x Hx)`; then use `ring` and `nra` on the resulting polynomial equation instead of relying on `field_simplify` to normalize it.
",0,0,8,107,Exact default-render matches only; alternate rendering/citation wrappers can undercount. Exposure does not establish use or correctness.
experiments/campaigns/ace_sanitized_20260917/book.yaml,6657abb9b9ccea4a3da6a53ba0d74aaa15fb8433a2776c3daccb068dc0d6bddb,6657abb9b9ccea4a3da6a53ba0d74aaa15fb8433a2776c3daccb068dc0d6bddb,rocq-00017,tactics,"To turn `Rabs t = 1` into a sign disjunction, destruct `(Rle_or_lt 0 t)`; in the nonnegative branch rewrite with `Rabs_pos_eq t H`, and in the negative branch rewrite with `Rabs_left t H`, yielding `t = 1 \/ t = -1` by `lra`.
",0,0,8,107,Exact default-render matches only; alternate rendering/citation wrappers can undercount. Exposure does not establish use or correctness.
experiments/campaigns/ace_sanitized_20260917/book.yaml,6657abb9b9ccea4a3da6a53ba0d74aaa15fb8433a2776c3daccb068dc0d6bddb,6657abb9b9ccea4a3da6a53ba0d74aaa15fb8433a2776c3daccb068dc0d6bddb,rocq-00018,pitfalls,"For bounded natural searches involving `Nat.lcm` or `Nat.gcd`, avoid broad `vm_compute`, `compute`, or `simpl [Nat.gcd]`, since recursive evaluation can stack-overflow; reduce only explicitly closed numeral cases, using `change` to expose a known numeral equality when needed.
",0,0,8,107,Exact default-render matches only; alternate rendering/citation wrappers can undercount. Exposure does not establish use or correctness.
experiments/campaigns/ace_sanitized_20260917/book.yaml,6657abb9b9ccea4a3da6a53ba0d74aaa15fb8433a2776c3daccb068dc0d6bddb,6657abb9b9ccea4a3da6a53ba0d74aaa15fb8433a2776c3daccb068dc0d6bddb,rocq-00019,strategy,"When proving a least witness by finite exclusion, first split with `destruct (le_gt_dec bound m) as [Hge | Hlt]`; close the lower-bound branch immediately, handle the finitely many numeral cases explicitly under `Hlt`, and discharge any residual symbolic successor branch directly from `Hlt` rather than using blanket `all:` tactics or unstable numbered selectors.
",1,1,8,107,Exact default-render matches only; alternate rendering/citation wrappers can undercount. Exposure does not establish use or correctness.
experiments/campaigns/ace_sanitized_20260917/book.yaml,6657abb9b9ccea4a3da6a53ba0d74aaa15fb8433a2776c3daccb068dc0d6bddb,6657abb9b9ccea4a3da6a53ba0d74aaa15fb8433a2776c3daccb068dc0d6bddb,rocq-00020,tactics,"For instantiated recurrence equations containing closed casts and natural sums, use `cbv [INR]` to evaluate the casts, then normalize each index explicitly with `replace (a + b)%nat with c%nat in H by reflexivity`; after these rewrites, `lra` can solve the resulting linear real-equation chain.
",0,1,8,107,Exact default-render matches only; alternate rendering/citation wrappers can undercount. Exposure does not establish use or correctness.
experiments/campaigns/ace_sanitized_20260917/book.yaml,6657abb9b9ccea4a3da6a53ba0d74aaa15fb8433a2776c3daccb068dc0d6bddb,6657abb9b9ccea4a3da6a53ba0d74aaa15fb8433a2776c3daccb068dc0d6bddb,rocq-00021,tactics,"For an explicit `Ensemble` built from nested `Add`, first unfold `Add` and rewrite membership using the corresponding `Empty_set`, `Singleton`, and `Union` equivalences; once the resulting disjunctions and `False` cases are exposed, use `intuition; lia`. For cardinality, apply `card_add` layer by layer, prove each freshness premise by unfolding `In` and `Add` and inverting membership hypotheses, and finish the empty base with `card_empty`.
",1,0,8,107,Exact default-render matches only; alternate rendering/citation wrappers can undercount. Exposure does not establish use or correctness.
experiments/campaigns/ace_sanitized_20260917/book.yaml,6657abb9b9ccea4a3da6a53ba0d74aaa15fb8433a2776c3daccb068dc0d6bddb,6657abb9b9ccea4a3da6a53ba0d74aaa15fb8433a2776c3daccb068dc0d6bddb,rocq-00022,lemmas,"For trigonometric goals involving complementary or doubled angles, use the library lemma with the exact goal orientation—such as `sin_PI_x` or `sin_2a`, rewriting with it before `reflexivity` when necessary. For positivity of `sin x`, apply `sin_gt_0` and prove the bounds `0 < x` and `x < PI` explicitly.
",0,0,8,107,Exact default-render matches only; alternate rendering/citation wrappers can undercount. Exposure does not establish use or correctness.
experiments/campaigns/ace_sanitized_20260917/book.yaml,6657abb9b9ccea4a3da6a53ba0d74aaa15fb8433a2776c3daccb068dc0d6bddb,6657abb9b9ccea4a3da6a53ba0d74aaa15fb8433a2776c3daccb068dc0d6bddb,rocq-00023,lemmas,"For logarithmic inequalities and identities, derive `0 < ln a` from `1 < a` by applying `ln_increasing` to obtain `ln 1 < ln a` and rewriting with `ln_1`. For `ln (t ^ 2) = 2 * ln t`, use `ln_pow` with a proof that the base `t` is positive, normalize the casted exponent with `cbv [INR]`, and use the resulting instantiated equality directly.
",1,0,8,107,Exact default-render matches only; alternate rendering/citation wrappers can undercount. Exposure does not establish use or correctness.
experiments/campaigns/ace_sanitized_20260917/book.yaml,6657abb9b9ccea4a3da6a53ba0d74aaa15fb8433a2776c3daccb068dc0d6bddb,6657abb9b9ccea4a3da6a53ba0d74aaa15fb8433a2776c3daccb068dc0d6bddb,rocq-00024,tactics,"For an unbounded quadratic equation over `nat` that `nia` cannot solve directly, split with `destruct (lt_dec b k)` to obtain a finite bound. In the other branch derive `k * k <= b * b` with `rewrite Nat.square_le_mono; lia`, then let `nia` derive the contradiction from the original equation.
",0,0,8,107,Exact default-render matches only; alternate rendering/citation wrappers can undercount. Exposure does not establish use or correctness.
experiments/campaigns/ace_sanitized_20260917/book.yaml,6657abb9b9ccea4a3da6a53ba0d74aaa15fb8433a2776c3daccb068dc0d6bddb,6657abb9b9ccea4a3da6a53ba0d74aaa15fb8433a2776c3daccb068dc0d6bddb,rocq-00025,pitfalls,"A closed cast such as `INR 4` is not necessarily definitionally convertible to `(4 : R)`, so `change` may fail. First prove an explicit equality, for example with `cbv [INR]; ring`, and rewrite with that equality before applying real arithmetic.
",0,0,8,107,Exact default-render matches only; alternate rendering/citation wrappers can undercount. Exposure does not establish use or correctness.
experiments/campaigns/ace_sanitized_20260917/book.yaml,6657abb9b9ccea4a3da6a53ba0d74aaa15fb8433a2776c3daccb068dc0d6bddb,6657abb9b9ccea4a3da6a53ba0d74aaa15fb8433a2776c3daccb068dc0d6bddb,rocq-00026,lemmas,"For a target or hypothesis containing `ln (a * b)`, prove positivity of both factors explicitly; when a factor is an `Rpower`, unfold `Rpower` and apply `exp_pos`, rather than reusing positivity of the enclosing product. Then rewrite with `ln_mult a b Ha Hb` before calling `nra`; arithmetic automation does not expose this logarithmic product identity or supply its positivity premises.",0,0,8,107,Exact default-render matches only; alternate rendering/citation wrappers can undercount. Exposure does not establish use or correctness.
experiments/campaigns/ace_sanitized_20260917/book.yaml,6657abb9b9ccea4a3da6a53ba0d74aaa15fb8433a2776c3daccb068dc0d6bddb,6657abb9b9ccea4a3da6a53ba0d74aaa15fb8433a2776c3daccb068dc0d6bddb,rocq-00027,lemmas,"For real square-root goals, use `pow2_sqrt` to prove `sqrt t ^ 2 = t` from `0 <= t`, and use `sqrt_pow2` to prove `sqrt (t ^ 2) = t` from `0 <= t`; to compare a root with `1 / 2`, first rewrite `sqrt ((1 / 2 : R) ^ 2)` using `sqrt_pow2`, then apply `sqrt_le_1_alt`.
",0,0,8,107,Exact default-render matches only; alternate rendering/citation wrappers can undercount. Exposure does not establish use or correctness.
experiments/campaigns/ace_sanitized_20260917/book.yaml,6657abb9b9ccea4a3da6a53ba0d74aaa15fb8433a2776c3daccb068dc0d6bddb,6657abb9b9ccea4a3da6a53ba0d74aaa15fb8433a2776c3daccb068dc0d6bddb,rocq-00028,pitfalls,"After rewriting a defining polynomial equation into multiple root hypotheses, prove a factor such as `b <> 0` by assuming it is zero, substituting with `subst`, applying the given disequality, and using `nra` on the exposed equations to derive the contradiction.",0,0,8,107,Exact default-render matches only; alternate rendering/citation wrappers can undercount. Exposure does not establish use or correctness.
experiments/campaigns/ace_sanitized_20260917/book.yaml,6657abb9b9ccea4a3da6a53ba0d74aaa15fb8433a2776c3daccb068dc0d6bddb,6657abb9b9ccea4a3da6a53ba0d74aaa15fb8433a2776c3daccb068dc0d6bddb,rocq-00029,tactics,"When `prime_divisors` yields a nested binary disjunction in an integer-arithmetic proof, destruct it with a right-nested pattern matching the actual two-branch structure, for example `destruct (...) as [H | [H | [H | H]]].`; then use `nia` in each resulting branch, preserving the active bullet.",0,0,8,107,Exact default-render matches only; alternate rendering/citation wrappers can undercount. Exposure does not establish use or correctness.
experiments/campaigns/ace_sanitized_20260917/book.yaml,6657abb9b9ccea4a3da6a53ba0d74aaa15fb8433a2776c3daccb068dc0d6bddb,6657abb9b9ccea4a3da6a53ba0d74aaa15fb8433a2776c3daccb068dc0d6bddb,rocq-00030,pitfalls,"For real equations with several reciprocal terms sharing polynomial denominators, prove every denominator nonzero, multiply the equation by their common product, and establish each cancellation separately: unfold `Rdiv`, use a parenthesized `replace ... by ring`, rewrite with the matching `Rinv_r`, and finish with `ring`; obtain the multiplied equation with `f_equal` instead of relying on `field_simplify`.",0,0,8,107,Exact default-render matches only; alternate rendering/citation wrappers can undercount. Exposure does not establish use or correctness.
