path,theorem,partition,strategy,status,category,checks,cost,cost_source,unknown_charge,administrative_censoring,evidence
experiments/output/ace_economy_refinement_20260916/final05/configs/validation__agentic_reset_compact__induction_prod1p1onk3le3m1onn__seed1,induction_prod1p1onk3le3m1onn,validation,prove_theorem_grounded,done,unproved_prerequisite,14,0.052260919999999995,dated billing receipts,False,False,audit/cells/00001df915248f6b4ef9387b21514f8a0457cced28b05f58a7fd129013dcc24b.json
experiments/output/ace_polish_validation/configs/imo_1964_p2__candidate-r64__gpt-5.6-luna__seed0,imo_1964_p2,validation,prove_theorem_grounded,done,syntax,16,0.04756526,"cache tokens, current tariff; unrecorded retries unknown",False,False,audit/cells/0003172da73d433d2be032e0cefd206ae6fbf71adbc8b7d649c105ed75bed593.json
experiments/output/ace_attribution_20260912/swaps/configs/mathd_algebra_282__luna-terra-book-medium__gpt-5.6-luna__seed0,mathd_algebra_282,validation,prove_theorem_grounded,done,incomplete_proof,6,0.037860279999999996,dated billing receipts,False,False,audit/cells/000e8af610343ca5bbac571168cfb290567dc45a1997fc756fe1e37230998841.json
experiments/output/ace_mechanisms_20260910/training/configs/imo_1983_p6__training-R__gpt-5.6-luna__seed0,imo_1983_p6,train,prove_theorem_grounded,done,arithmetic_or_search,6,0.01533414,dated billing receipts,False,False,audit/cells/00133cac8f45bf9971f2944546fce15248cd3416062794e50fbd2bb721cd893a.json
experiments/output/ace_x_validation_ace_x5_offline_rv2_agentic/configs/amc12a_2020_p21__ace-fc7b45d4-core-medium__gpt-5.6-luna__seed1,amc12a_2020_p21,validation,prove_theorem_ace,done,incomplete_proof,23,0.10120430000000001,"cache tokens, current tariff; unrecorded retries unknown",False,False,audit/cells/0024ea36f68ded593c4e7d5162f1441a121abfe72bcb5a1f091214b53f219107.json
experiments/output/ace_attribution_20260912/swaps/configs/amc12a_2019_p21__luna-terra-book-medium__gpt-5.6-luna__seed0,amc12a_2019_p21,validation,prove_theorem_grounded,done,syntax,6,0.03550668,dated billing receipts,False,False,audit/cells/002974f8181ecdec1fc5f2a9c7b35dc8cae8005eca34b96b9d4ca7ead0a3344b.json
experiments/output/ace_models_20260910/proof/configs/amc12b_2002_p11__prover-low-1e4aec7dbbe80e7a__gpt-5.6-luna__seed0,amc12b_2002_p11,train,prove_theorem_grounded,done,syntax,10,0.037374779999999996,dated billing receipts,False,False,audit/cells/002b24bc2679720f8392bdfb372f3c9b45b39c8c0cbc541a87276e555c0f131d.json
experiments/output/ace_economy_20260916/validation/configs/validation__ace__aime_1991_p6__seed0,aime_1991_p6,validation,prove_theorem_grounded,done,incomplete_proof,10,0.02759944,dated billing receipts,False,False,audit/cells/002f4555bd96c3eda2f01ff858243f8da84fe146bb7516a88fd99a1e59a2c9ee.json
experiments/output/x_train_agentic/configs/imo_1967_p3__core-medium__gpt-5.6-luna__seed0,imo_1967_p3,train,prove_theorem_agentic,done,incomplete_proof,20,0.03907522000000001,"cache tokens, current tariff; unrecorded retries unknown",False,False,audit/cells/004a3d2386fa343584d41beec75bdab2aedb0b0edd83e94e7074de06f789adca.json
experiments/output/ace_online_x3-online-s1_agentic/configs/amc12a_2019_p21__ace-fea46d5a-core-medium__gpt-5.6-luna__seed1,amc12a_2019_p21,validation,prove_theorem_ace,done,incomplete_proof,15,0.06958688,"cache tokens, current tariff; unrecorded retries unknown",False,False,audit/cells/006fb3d87604c864f9874b22e63f25e8284fd6034d0f6bc1e84c03212d7419dd.json
experiments/output/ace_economy_refinement_20260916/final14/configs/validation__agentic_compact__amc12_2001_p21__seed0,amc12_2001_p21,validation,prove_theorem_grounded,done,other_or_unobserved,10,0.023797099999999998,dated billing receipts,False,False,audit/cells/009f892978bfe2e8aafd07b030c1e167df36075a8673dd27ad7d9e8224887fed.json
experiments/output/ace_adaptation_x-offline-e3/configs/step97_generator_algebra_amgm_sum1toneqn_prod1tonleq1,algebra_amgm_sum1toneqn_prod1tonleq1,train,prove_theorem_ace,done,incomplete_proof,18,0.027246820000000005,"cache tokens, current tariff; unrecorded retries unknown",False,False,audit/cells/00a5e4380641df414d81dd53c82c3a04185e913e62a6d76a76ce970f035a034b.json
experiments/output/ace_sanitized_20260917/validation/configs/validation__agentic_coverage__proof__mathd_numbertheory_303__seed0,mathd_numbertheory_303,validation,prove_theorem_grounded,done,unproved_prerequisite,11,0.06768464,dated billing receipts,False,False,audit/cells/00a8b41a6237e534d3828db4998644bc6780f08f50c77eb5de2cd6e7dcec6168.json
experiments/output/x_validation_agentic/configs/aime_1991_p6__core-medium__gpt-5.6-luna__seed1,aime_1991_p6,validation,prove_theorem_agentic,done,arithmetic_or_search,24,0.04971588,"cache tokens, current tariff; unrecorded retries unknown",False,False,audit/cells/00ac0b93732a26a80cbfabeb542db84a2547f7f8dd8cfe7d12728f4a33e2cdc5.json
experiments/output/ace_x_validation_ace_x5_offline_rv3_agentic/configs/aime_1991_p9__ace-fc7b45d4-core-medium__gpt-5.6-luna__seed0,aime_1991_p9,validation,prove_theorem_ace,done,unproved_prerequisite,15,0.03546724,"cache tokens, current tariff; unrecorded retries unknown",False,False,audit/cells/00def046e1fde5fe1613c682b542eeb3a9f46e9294d9c446317a946c04b74b72.json
experiments/output/ace_online_x-online-s1_agentic/configs/mathd_numbertheory_43__ace-2eccf559-core-medium__gpt-5.6-luna__seed1,mathd_numbertheory_43,validation,prove_theorem_ace,done,syntax,20,0.05407988,"cache tokens, current tariff; unrecorded retries unknown",False,False,audit/cells/011b706ed5cfe501c049eca77c3b9db44a901ee78ec3638446030b7a18fb7317.json
experiments/output/ace_economy_refinement_20260916/final09/configs/validation__agentic__amc12a_2020_p21__seed1,amc12a_2020_p21,validation,prove_theorem_grounded,done,unproved_prerequisite,9,0.0387382,dated billing receipts,False,False,audit/cells/0128ca8a05bcdafe02f813359d21b967f118ef312769d99535c5ad5760729c71.json
experiments/output/ace_economy_20260916/validation/configs/validation__budget__algebra_others_exirrpowirrrat__seed1,algebra_others_exirrpowirrrat,validation,prove_theorem_grounded,done,other_or_unobserved,17,0.12432098,dated billing receipts,False,False,audit/cells/014003294441c4c16fcd2fcb5c605a6272eecd231f9c05732567c6492ccbdaad.json
experiments/output/ace_economy_refinement_20260916/final17/configs/validation__agentic_compact__imo_1964_p2__seed1,imo_1964_p2,validation,prove_theorem_grounded,done,arithmetic_or_search,16,0.04193376,dated billing receipts,False,False,audit/cells/01589f84025a4b9e6fef50fc375df2aae191d35ec066e9b183b158cbf050cb4f.json
experiments/output/ace_economy_refinement_20260916/final04/configs/validation__ace__mathd_numbertheory_37__seed0,mathd_numbertheory_37,validation,prove_theorem_grounded,done,other_or_unobserved,14,0.02637908,dated billing receipts,False,False,audit/cells/015f0bcd6c663ab6a09a2c821313120293a394699ef03adfe96718b3e33a2bd5.json
experiments/output/ace_economy_20260916/validation/configs/validation__ace__mathd_algebra_282__seed0,mathd_algebra_282,validation,prove_theorem_grounded,done,incomplete_proof,20,0.027444200000000002,dated billing receipts,False,False,audit/cells/017b7d45e0f9c4466375b20c1dbb88c9fd5ff87dfb56e28de5e4eb6d6668fc2f.json
experiments/output/ace_adaptation_x3-offline-e3/configs/step81_generator_mathd_algebra_185,mathd_algebra_185,train,prove_theorem_ace,done,other_or_unobserved,21,0.046416439999999996,"cache tokens, current tariff; unrecorded retries unknown",False,False,audit/cells/0188db82f9d47bf6947944911541f0cf704ab6bdf36009c615ea1cd6af994321.json
experiments/output/ace_adaptation_x3-mono/configs/step07_curator_amc12a_2017_p7,amc12a_2017_p7,train,rewrite_playbook,done,no_verifier_evidence,0,0.009323159999999999,"cache tokens, current tariff; unrecorded retries unknown",False,False,audit/cells/0196e99c07a6b80961d9cd1dd8175a0705ee1b6c58c893b7265b141c763669ca.json
experiments/output/x_validation_agentic/configs/algebra_others_exirrpowirrrat__core-medium__gpt-5.6-luna__seed1,algebra_others_exirrpowirrrat,validation,prove_theorem_agentic,done,arithmetic_or_search,11,0.03514782,"cache tokens, current tariff; unrecorded retries unknown",False,False,audit/cells/019f559f8f96ca9922553757557a9190ed0656fd6ab9f37df74a2b288e3017f3.json
experiments/output/ace_attribution_20260912/effort/configs/amc12b_2004_p3__terra-none-low__gpt-5.6-terra__seed0,amc12b_2004_p3,train,prove_theorem_grounded,done,verifier_resource,9,0.2033486,dated billing receipts,False,False,audit/cells/01ac026cacdfd3b41e7abe5e800ffd30d8063d357caeda0a8e68eabc423d2bc4.json
experiments/output/ace_learning_20260914/validation/configs/validation__B__proof__mathd_numbertheory_405__seed0,mathd_numbertheory_405,validation,prove_theorem_grounded,done,other_or_unobserved,9,0.03663122,dated billing receipts,False,False,audit/cells/01c35eb4a79bce8e8ef54a419d7e1e66b30257ce67453ba5ba893c8f46f8e973.json
experiments/output/ace_revision_20260913/training/configs/training__control__proof__imo_1967_p3__seed0,imo_1967_p3,train,prove_theorem_grounded,done,arithmetic_or_search,8,0.0408687,dated billing receipts,False,False,audit/cells/01d91693df7827d618239001d4d6a01d50c5188ca1a2efda474acf870e69fdfe.json
experiments/output/ace_capacity_20260912/mechanisms/configs/algebra_amgm_sum1toneqn_prod1tonleq1__E-level0__gpt-5.6-luna__seed0,algebra_amgm_sum1toneqn_prod1tonleq1,train,prove_theorem_grounded,done,unproved_prerequisite,7,0.0359761,"cache tokens, current tariff; unrecorded retries unknown",False,False,audit/cells/01ec9d9563fc534b12ae362ced431817da7de9e0e724f7eb319e5f3bbdb11d78.json
experiments/output/ace_adaptation_x-offline/configs/step14_generator_algebra_amgm_sum1toneqn_prod1tonleq1,algebra_amgm_sum1toneqn_prod1tonleq1,train,prove_theorem_ace,done,incomplete_proof,18,0.024141260000000005,"cache tokens, current tariff; unrecorded retries unknown",False,False,audit/cells/01f401076b57e58f3f768847794aa113fcb5aa2640aa87a2ab68914536bcb7f2.json
experiments/output/ace_models_20260910/proof/configs/mathd_algebra_224__selection-xhigh-68338b80d7121921__gpt-5.6-luna__seed0,mathd_algebra_224,train,prove_theorem_grounded,done,other_or_unobserved,2,0.03049576,dated billing receipts,False,False,audit/cells/021d3172d626b94f795128035ebb4d01a1804f4c87df213f835625e5b93d4895.json
experiments/output/ace_adaptation_review-repair-s1/configs/step19_generator_aime_1984_p1,aime_1984_p1,train,prove_theorem_ace,done,other_or_unobserved,22,0.05238148000000001,"cache tokens, current tariff; unrecorded retries unknown",False,False,audit/cells/023cc07886b61e4b02aa1f9dc5d4f0818fd8d515e25bec84b0cb405f83caa7bf.json
experiments/output/ace_economy_budget_20260916/validation/configs/validation__agentic__aime_1991_p6__seed1,aime_1991_p6,validation,prove_theorem_grounded,done,unproved_prerequisite,13,0.11292405999999999,dated billing receipts,False,False,audit/cells/0240259025b37ba27074b6c2ade36460b405b2e6b3840112e113b2304180cb7c.json
experiments/output/ace_economy_20260916/validation/configs/validation__session__aime_1991_p6__seed0,aime_1991_p6,validation,prove_theorem_grounded,done,incomplete_proof,4,0.0314391,dated billing receipts,False,False,audit/cells/024c93963e10e2d99e0c398d2b4085f7d51136c124580c909c3f9790a6c2db32.json
experiments/output/ace_economy_refinement_20260916/final08/configs/validation__ace__amc12a_2008_p4__seed1,amc12a_2008_p4,validation,prove_theorem_grounded,done,other_or_unobserved,23,0.03914784,dated billing receipts,False,False,audit/cells/0255cac52705b4698f7ba1f9fc5cf2a7630abe20b0495c781da2ec36861d691c.json
experiments/output/ace_economy_refinement_20260916/final14/configs/validation__ace__amc12_2001_p21__seed0,amc12_2001_p21,validation,prove_theorem_grounded,done,incomplete_proof,6,0.0235264,dated billing receipts,False,False,audit/cells/0294908b3fba9440b62ac203778741d1eb5dc2ae6713c2267e0229fb0d6ac3b3.json
experiments/output/ace_economy_20260916/validation/configs/validation__views__mathd_numbertheory_303__seed1,mathd_numbertheory_303,validation,prove_theorem_grounded,done,arithmetic_or_search,4,0.03778268,dated billing receipts,False,False,audit/cells/02954e1d175043f433f57a041e2c0a32415a6a43bf4bbc6b6845d5846fc1b019.json
experiments/output/ace_x_validation_agentic/configs/aime_1991_p6__ace-1ac8a092-k10-core-medium__gpt-5.6-luna__seed1,aime_1991_p6,validation,prove_theorem_ace,done,unproved_prerequisite,17,0.06719299999999997,"cache tokens, current tariff; unrecorded retries unknown",False,False,audit/cells/029c09d4278e28b08746c9beedde470155b45882fc9c4e3eae8abc5120a0ffce.json
experiments/output/ace_x_validation_agentic/configs/induction_prod1p1onk3le3m1onn__ace-1ac8a092-k10-core-medium__gpt-5.6-luna__seed0,induction_prod1p1onk3le3m1onn,validation,prove_theorem_ace,done,other_or_unobserved,21,0.07225988,"cache tokens, current tariff; unrecorded retries unknown",False,False,audit/cells/02a26b699c30739edd20917e1f7964a070916935edc3376c2626ccaeecd383bf.json
experiments/output/ace_polish_validation/configs/amc12a_2019_p21__candidate-r64__gpt-5.6-luna__seed1,amc12a_2019_p21,validation,prove_theorem_grounded,done,other_or_unobserved,10,0.03865504,"cache tokens, current tariff; unrecorded retries unknown",False,False,audit/cells/02a9d9d0e855760df1a37551ca4c892f24db22b8c502ca29b03f50eac23bb64f.json
experiments/output/ace_capacity_20260912/mechanisms/configs/algebra_amgm_sum1toneqn_prod1tonleq1__B-level0__gpt-5.6-terra__seed0,algebra_amgm_sum1toneqn_prod1tonleq1,train,prove_theorem_grounded,done,unknown_reference,8,0.4111046,"cache tokens, current tariff; unrecorded retries unknown",False,False,audit/cells/02aa338721ba94ec0f7a357624cb0f7506bda04c8e07aa0621a8554981079930.json
experiments/output/ace_economy_refinement_20260916/final10/configs/validation__agentic_compact__mathd_numbertheory_405__seed0,mathd_numbertheory_405,validation,prove_theorem_grounded,done,other_or_unobserved,9,0.04165094,dated billing receipts,False,False,audit/cells/02ad158f64d030e51eef8efd6313409254df76010d0135785192128b7f27289a.json
experiments/output/ace_x_validation_ace_x3_offline_rv2_agentic/configs/amc12a_2020_p21__ace-1e4aec7d-core-medium__gpt-5.6-luna__seed0,amc12a_2020_p21,validation,prove_theorem_ace,done,other_or_unobserved,23,0.053699880000000005,"cache tokens, current tariff; unrecorded retries unknown",False,False,audit/cells/02ae9b9f66231218871a8d351d66c8e2f95e0abc5dd4247a985fa6e26c4f4153.json
experiments/output/ace_mechanisms_20260910/training/configs/aime_1990_p4__training-S__gpt-5.6-luna__seed0,aime_1990_p4,train,prove_theorem_grounded,done,other_or_unobserved,9,0.01719286,dated billing receipts,False,False,audit/cells/02c9527e5561b69bc0bd7035f83db0070a7e478fe873346047a1c995f58e51d1.json
experiments/output/ace_x_validation_ace_x3_offline_rv3_agentic/configs/mathd_numbertheory_530__ace-1e4aec7d-core-medium__gpt-5.6-luna__seed1,mathd_numbertheory_530,validation,prove_theorem_ace,done,other_or_unobserved,10,0.03631558,"cache tokens, current tariff; unrecorded retries unknown",False,False,audit/cells/02d73ebfc257a9aad91e65ec46133a9526421ca8304459c7d2e58ac42cd388af.json
experiments/output/ace_economy_refinement_20260916/pilot/configs/train__ace_reset__imo_1967_p3__seed0,imo_1967_p3,train,prove_theorem_grounded,done,other_or_unobserved,11,0.04687202,dated billing receipts,False,False,audit/cells/030f1dda2a6f4a29e794b16020452afd7fd17da09c6a05b0add921c77c50719d.json
experiments/output/ace_economy_20260916/validation/configs/validation__session__mathd_numbertheory_37__seed1,mathd_numbertheory_37,validation,prove_theorem_grounded,done,incomplete_proof,14,0.02177648,dated billing receipts,False,False,audit/cells/0341647631c441b47ca8bb9893388f2f8cd346889419638b42e3c1fa848009e7.json
experiments/output/ace_adaptation_x-offline-e3/configs/step107_curator_induction_pord1p1on2powklt5on2,induction_pord1p1on2powklt5on2,train,,failed,platform_failure,0,0.0,"cache tokens, current tariff; unrecorded retries unknown",False,False,audit/cells/034f9f85900e39498e4f5ae409bb6b4762d556abdf0da09695aa675a65036cdf.json
experiments/output/ace_x_validation_ace_x3_noreflect_agentic/configs/amc12_2001_p21__ace-1ac8a092-core-medium__gpt-5.6-luna__seed0,amc12_2001_p21,validation,,failed,platform_failure,9,0.025165840000000002,"cache tokens, current tariff; unrecorded retries unknown",False,False,audit/cells/035fe81b170b1babbb2c729a225405619e47c47ece72ad8c4d02a542caa09e6f.json
experiments/output/ace_economy_refinement_20260916/final14/configs/validation__agentic_reset_compact__amc12_2001_p21__seed1,amc12_2001_p21,validation,prove_theorem_grounded,done,other_or_unobserved,10,0.01806104,dated billing receipts,False,False,audit/cells/037827ce413fa04b4b271a114b8e1fd78eca4aca3563fdab90a591b388c7ba59.json
experiments/output/ace_mechanisms_20260910/training/configs/amc12b_2004_p3__training-S__gpt-5.6-luna__seed0,amc12b_2004_p3,train,prove_theorem_grounded,done,other_or_unobserved,11,0.03213298,dated billing receipts,False,False,audit/cells/03826ae9a63151b2756ab59792317d42a893894a131be04371923b74b32b9f9e.json
experiments/output/x_validation_stall_seenstate4_agentic/configs/induction_prod1p1onk3le3m1onn__core-medium-stall-seenstate4__gpt-5.6-luna__seed0,induction_prod1p1onk3le3m1onn,validation,prove_theorem_agentic_stall,done,unknown_reference,18,0.053595559999999993,"cache tokens, current tariff; unrecorded retries unknown",False,False,audit/cells/0396ff1e7242ffbab5b467232760a9555ff6a40ef294a46285226d62b0e68e1a.json
experiments/output/ace_economy_20260916/validation/configs/validation__agentic__mathd_numbertheory_405__seed1,mathd_numbertheory_405,validation,prove_theorem_grounded,done,other_or_unobserved,8,0.03531186,dated billing receipts,False,False,audit/cells/03c43c7edcfb42844cb996c05449cef1a2d668552a2cd1579d85a7a0031bb19f.json
experiments/output/ace_economy_20260916/validation/configs/validation__agentic__mathd_numbertheory_405__seed0,mathd_numbertheory_405,validation,prove_theorem_grounded,done,other_or_unobserved,7,0.041923,dated billing receipts,False,False,audit/cells/03e685ea2edd1c8c633b14732bb6f52943e0169be2b574c4a0759fae98af4367.json
experiments/output/ace_online_x-online-warm-s0_agentic/configs/mathd_numbertheory_530__ace-a773234c-core-medium__gpt-5.6-luna__seed0,mathd_numbertheory_530,validation,prove_theorem_ace,done,unproved_prerequisite,10,0.04176022,"cache tokens, current tariff; unrecorded retries unknown",False,False,audit/cells/03e6c0bc354318f751abe69fc73e962c955c59b57b67c47624566402edb24701.json
experiments/output/ace_online_x-online-warm-s1_agentic/configs/imo_1969_p2__ace-da20d8e6-core-medium__gpt-5.6-luna__seed1,imo_1969_p2,validation,prove_theorem_ace,done,incomplete_proof,23,0.027911259999999997,"cache tokens, current tariff; unrecorded retries unknown",False,False,audit/cells/042bbb93a42f0b8fda23120293f0427f325ab7060717a450367bf941affc5773.json
experiments/output/ace_economy_refinement_20260916/final06/configs/validation__ace_compact__imo_1969_p2__seed0,imo_1969_p2,validation,prove_theorem_grounded,done,arithmetic_or_search,8,0.03930976,dated billing receipts,False,False,audit/cells/048a432f74d27a2f9535f4cb0c828076b7bf9534a70c167d60992d64f34e64e7.json
experiments/output/coverage_cycle_20260911/training/H/configs/amc12b_2004_p3__training-H__gpt-5.6-luna__seed0,amc12b_2004_p3,train,prove_theorem_grounded,done,syntax,16,0.04488092,dated billing receipts,False,False,audit/cells/04a7bdd71bd2bce2f032a298f413c0485770300c9a08c566618717b1874e63b1.json
experiments/output/ace_sanitized_20260917/validation/configs/validation__ace_selected__proof__imo_1964_p2__seed1,imo_1964_p2,validation,prove_theorem_grounded,done,other_or_unobserved,13,0.03940464,dated billing receipts,False,False,audit/cells/04b7bdfadce6e18e18a53a07d12ba75e6a0caeecb6dff50dc3c54378a9cab4fe.json
experiments/output/ace_revision_20260913/validation/configs/validation__candidate__proof__imo_1969_p2__seed1,imo_1969_p2,validation,prove_theorem_grounded,done,incomplete_proof,25,0.0328807,dated billing receipts,False,False,audit/cells/04c23ae3b03dbcde29ccb30937c4c94e02da0303c45d392c0e1c0c2091f9b4e6.json
experiments/output/ace_economy_budget_20260916/validation/configs/validation__agentic__amc12_2001_p21__seed1,amc12_2001_p21,validation,prove_theorem_grounded,done,other_or_unobserved,8,0.01247418,dated billing receipts,False,False,audit/cells/04eb76e9c4c0733b71004b99736dfa908f240755a6d751c186853e51b1e7bd15.json
experiments/output/ace_x_validation_ace_x3_offline_rv2_agentic/configs/algebra_others_exirrpowirrrat__ace-1e4aec7d-core-medium__gpt-5.6-luna__seed0,algebra_others_exirrpowirrrat,validation,prove_theorem_ace,done,incomplete_proof,19,0.038705399999999994,"cache tokens, current tariff; unrecorded retries unknown",False,False,audit/cells/04edd2635599dfd784aadc7709613c25fc3e53f7368369f7bd7e0b1c53ed2462.json
experiments/output/ace_capacity_20260912/mechanisms/configs/algebra_amgm_sum1toneqn_prod1tonleq1__B-level0__gpt-5.6-luna__seed0,algebra_amgm_sum1toneqn_prod1tonleq1,train,prove_theorem_grounded,done,other_or_unobserved,5,0.033473699999999995,"cache tokens, current tariff; unrecorded retries unknown",False,False,audit/cells/04f4085979bfbd8a4ca0ca47a42c8769dd1eb76aaa13571929c4d786db3db528.json
experiments/output/ace_polish_validation/configs/mathd_algebra_282__candidate-r64__gpt-5.6-luna__seed0,mathd_algebra_282,validation,prove_theorem_grounded,done,incomplete_proof,19,0.030941499999999997,"cache tokens, current tariff; unrecorded retries unknown",False,False,audit/cells/04fa6a5b21aadca089b1c382c08094a28e094bf69edaf3d96b37f469d5c4aca7.json
experiments/output/ace_contenders_20260910/configs/aime_1991_p9__validation-reflector-xhigh__gpt-5.6-luna__seed0,aime_1991_p9,validation,prove_theorem_grounded,done,no_verifier_evidence,0,0.02650316,dated billing receipts,False,False,audit/cells/0523730ad8f7dfff6bc397772fa42c74460455699fb4b2dd3611a39366294404.json
experiments/output/ace_bounded_validation/configs/mathd_numbertheory_37__integrated-r64__gpt-5.6-luna__seed0,mathd_numbertheory_37,validation,prove_theorem_grounded,done,other_or_unobserved,12,0.021166559999999997,"cache tokens, current tariff; unrecorded retries unknown",False,False,audit/cells/052c3a79a0266c3be611facd73490615f38f4bf1d432051c5ea2bdc4297c5bbd.json
experiments/output/ace_sanitized_20260917/validation/configs/validation__agentic_coverage__proof__imo_1969_p2__seed1,imo_1969_p2,validation,prove_theorem_grounded,done,incomplete_proof,27,0.055929719999999995,dated billing receipts,False,False,audit/cells/0536981accc596dc9a6677c476834bdd0cb8391befd5a19e077f9f4c1629218e.json
experiments/output/ace_sanitized_20260917/validation/configs/validation__ace_coverage__proof__amc12a_2020_p21__seed1,amc12a_2020_p21,validation,prove_theorem_grounded,done,other_or_unobserved,10,0.04168932,dated billing receipts,False,False,audit/cells/055cc643c9ba7e34d11de09958abebae437462c705e4a70d0ffe831b8bf3c020.json
experiments/output/ace_sanitized_20260917/validation/configs/validation__ace_selected__proof__aime_1984_p7__seed1,aime_1984_p7,validation,prove_theorem_grounded,done,other_or_unobserved,10,0.041301159999999996,dated billing receipts,False,False,audit/cells/0570f84fce36b8deefa595c0c11e3fa3f47d2d29eca982c6ae2df84aa40f5f3f.json
experiments/output/ace_models_20260910/proof/configs/imo_1977_p6__prover-xhigh-10cc02b07a1c6c29__gpt-5.6-luna__seed0,imo_1977_p6,train,prove_theorem_grounded,done,no_verifier_evidence,0,0.0267033,dated billing receipts,False,False,audit/cells/05d82eccdb047ca5ebb8d7952c24f1ea1127cfb1b75b4f0ec4e6c18d4ffbec58.json
experiments/output/ace_capacity_20260912/headroom2/configs/imo_1967_p3__E-level2__gpt-5.6-terra__seed0,imo_1967_p3,train,prove_theorem_grounded,done,other_or_unobserved,24,1.2341089999999997,"cache tokens, current tariff; unrecorded retries unknown",False,False,audit/cells/05e49f86d392d3989fd2a53f3b217bacbd50b83ad984005ab14c7fbfcbd2bbae.json
experiments/output/ace_attribution_20260912/validation/luna-none/configs/mathd_numbertheory_405__luna-none-medium__gpt-5.6-luna__seed0,mathd_numbertheory_405,validation,prove_theorem_grounded,done,other_or_unobserved,8,0.03685584,dated billing receipts,False,False,audit/cells/05e9448571660f0487fcf1228ebc2581dd89dceb1c0103dfc708e833a3bcb179.json
experiments/output/ace_control_cycle_validation/configs/mathd_numbertheory_530__validation-r64__gpt-5.6-luna__seed0,mathd_numbertheory_530,validation,prove_theorem_grounded,done,other_or_unobserved,12,0.07012354,"cache tokens, current tariff; unrecorded retries unknown",False,False,audit/cells/05ecd8b3d0cd210e08c24871a6b495806eea0be829daf1c5e80b16454948f8d6.json
experiments/output/ace_control_cycle_training/configs/amc12b_2002_p11__trained-r64__gpt-5.6-luna__seed0,amc12b_2002_p11,train,prove_theorem_grounded,done,unknown_reference,8,0.06465464,"cache tokens, current tariff; unrecorded retries unknown",False,False,audit/cells/05fa2c209bdd98d58553d712218051758dc6b09d1220dc5695cc881d6397a7df.json
experiments/output/ace_polish_pilots/configs/mathd_algebra_185__output_recovery-on-r64__gpt-5.6-luna__seed0,mathd_algebra_185,train,prove_theorem_grounded,done,arithmetic_or_search,10,0.04300938,"cache tokens, current tariff; unrecorded retries unknown",False,False,audit/cells/05fc57663b4cecf87b2b6dd205e1ae491fd83ac551cb1bf399361814b30866ac.json
experiments/output/ace_adaptation_x-offline-e3/configs/step111_curator_mathd_numbertheory_221,mathd_numbertheory_221,train,,failed,platform_failure,0,0.0,"cache tokens, current tariff; unrecorded retries unknown",False,False,audit/cells/061585d58431e125015e7f92f5873b191436bfd733e34a39804b97605c4eb08d.json
experiments/output/ace_economy_refinement_20260916/final06/configs/validation__agentic_compact__imo_1969_p2__seed1,imo_1969_p2,validation,prove_theorem_grounded,done,other_or_unobserved,9,0.04361102,dated billing receipts,False,False,audit/cells/061db17425456d42df7917ab978e2ee800464194b230688b4039ccd53aad5f26.json
experiments/output/ace_learning_20260914/validation/configs/validation__B__proof__mathd_numbertheory_43__seed1,mathd_numbertheory_43,validation,prove_theorem_grounded,done,other_or_unobserved,15,0.02644408,dated billing receipts,False,False,audit/cells/06259734d5175b6f1069db0a8ded9c516b37193f29d56324a2570a2cf1cea529.json
experiments/output/acet_x_validation_ace_x6_repairs_k3_r2_agentic/configs/mathd_numbertheory_303__acet-1d2bc630-30d3e288-k3-r2-core-medium__gpt-5.6-luna__seed0,mathd_numbertheory_303,validation,prove_theorem_ace_triggered,done,arithmetic_or_search,19,0.062023760000000004,"cache tokens, current tariff; unrecorded retries unknown",False,False,audit/cells/06705aa818dfff40b7728eca606538cac1ec0a8f0977d4c27297cf89b807b849.json
experiments/output/acet_x_validation_ace_x6_repairs_k3_r2_agentic/configs/amc12a_2020_p21__acet-1d2bc630-30d3e288-k3-r2-core-medium__gpt-5.6-luna__seed1,amc12a_2020_p21,validation,prove_theorem_ace_triggered,done,incomplete_proof,20,0.04425724,"cache tokens, current tariff; unrecorded retries unknown",False,False,audit/cells/067e18322b57e6c6d7d9f4666bd6f1d9d424f4f66a49813035b5c2a70b77f5b2.json
experiments/output/ace_adaptation_x-mono/configs/step20_curator_imo_1977_p6,imo_1977_p6,train,rewrite_playbook,done,no_verifier_evidence,0,0.01297692,"cache tokens, current tariff; unrecorded retries unknown",False,False,audit/cells/067faef1d0293917c35b751990672d860bc8f8820dd2135dfbcb62c64f4ec425.json
experiments/output/ace_x_validation_ace_x3_offline_agentic/configs/mathd_numbertheory_405__ace-1ac8a092-core-medium__gpt-5.6-luna__seed0,mathd_numbertheory_405,validation,prove_theorem_ace,done,incomplete_proof,28,0.08421168000000001,"cache tokens, current tariff; unrecorded retries unknown",False,False,audit/cells/06b4fde2d3fbc9c6e184b40cbcd78e8d5809df82290be720e855355b175ce532.json
experiments/output/ace_economy_refinement_20260916/final00/configs/validation__agentic_reset_compact__mathd_algebra_282__seed1,mathd_algebra_282,validation,prove_theorem_grounded,done,incomplete_proof,35,0.03832812,dated billing receipts,False,False,audit/cells/06d3a50646a13e6556e3ac591c0cac7546f8e8100eafd2b02622315ebf529d0b.json
experiments/output/ace_review_development/configs/aime_1991_p6__repair1-r64__gpt-5.6-luna__seed0,aime_1991_p6,validation,prove_theorem_ace,done,incomplete_proof,46,0.10141510000000002,"cache tokens, current tariff; unrecorded retries unknown",False,False,audit/cells/06ef31477bf897ed590e8b4c0d382b780b5607d0679fc4bf500b978aef872cd2.json
experiments/output/ace_revision_20260913/validation/configs/validation__control__proof__amc12_2001_p21__seed0,amc12_2001_p21,validation,prove_theorem_grounded,done,incomplete_proof,17,0.04113708,dated billing receipts,False,False,audit/cells/0707b8568d3748ce8da9a164f8934706b620962b393a9baf53e509dda3bbbdbf.json
experiments/output/ace_learning_20260914/training/configs/training__B__proof__mathd_algebra_224__seed0,mathd_algebra_224,train,prove_theorem_grounded,done,other_or_unobserved,8,0.03378328,dated billing receipts,False,False,audit/cells/071c81debc7ffa9992b95e48ae1388c5b98dcc0956f0475c02b95048181c0682.json
experiments/output/ace_polish_validation/configs/amc12a_2020_p21__candidate-r64__gpt-5.6-luna__seed0,amc12a_2020_p21,validation,prove_theorem_grounded,done,syntax,9,0.035189700000000004,"cache tokens, current tariff; unrecorded retries unknown",False,False,audit/cells/072109ffba1ed9ddd40cd39469c51634d4339e2eb9f6036f4dbd672bc3d6e2b0.json
experiments/output/ace_bounded_validation/configs/imo_1964_p2__integrated-r64__gpt-5.6-luna__seed0,imo_1964_p2,validation,prove_theorem_grounded,done,arithmetic_or_search,13,0.03931691999999999,"cache tokens, current tariff; unrecorded retries unknown",False,False,audit/cells/0730dcae48c48428087c0224b74876d92ce8c3979a793ed2a83fec65fd0777bf.json
experiments/output/ace_economy_session_20260916/validation/configs/validation__agentic_session__mathd_numbertheory_43__seed1,mathd_numbertheory_43,validation,prove_theorem_grounded,done,other_or_unobserved,8,0.02802642,dated billing receipts,False,False,audit/cells/0748427f334788c4b1d37f2fb589ec694bd49663b4e20e0214e3f0ffb5053ac4.json
experiments/output/ace_x_validation_agentic/configs/mathd_numbertheory_37__ace-1ac8a092-k10-core-medium__gpt-5.6-luna__seed1,mathd_numbertheory_37,validation,prove_theorem_ace,done,arithmetic_or_search,14,0.033239300000000006,"cache tokens, current tariff; unrecorded retries unknown",False,False,audit/cells/075167db1d8765764a5ba5449f25a54706f23da5994bf3666ff30fae5147fcfc.json
experiments/output/ace_economy_refinement_20260916/final11/configs/validation__agentic_compact__mathd_numbertheory_530__seed1,mathd_numbertheory_530,validation,prove_theorem_grounded,done,unproved_prerequisite,7,0.04011664,dated billing receipts,False,False,audit/cells/07a9dfef9eade538549cba41988eed4db1d72d19de6c0af208f111347346bde2.json
experiments/output/ace_contenders_20260910/configs/mathd_algebra_185__training-reflector-medium__gpt-5.6-luna__seed0,mathd_algebra_185,train,prove_theorem_grounded,done,no_verifier_evidence,0,0.02511204,dated billing receipts,False,False,audit/cells/07f316f6331bc8bcfaad2e871b9b2db42052544880fffc7b4fda88687a7a2210.json
experiments/output/ace_online_x-online-warm-s1_agentic/configs/mathd_numbertheory_43__ace-e90ad631-core-medium__gpt-5.6-luna__seed1,mathd_numbertheory_43,validation,prove_theorem_ace,done,other_or_unobserved,17,0.025164080000000002,"cache tokens, current tariff; unrecorded retries unknown",False,False,audit/cells/080e73ffc1398680df750c665825885cf371164366cf1f1643256f14f5e4d0a5.json
experiments/output/ace_mechanisms_20260910/validation/configs/amc12a_2020_p21__validation-E__gpt-5.6-luna__seed1,amc12a_2020_p21,validation,prove_theorem_grounded,done,no_verifier_evidence,0,0.02474258,dated billing receipts,False,False,audit/cells/08115a683cc3714e410babac5787fb231181f14fef56f2c0b6b566df41b8d62d.json
experiments/output/ace_online_x4-online-s0_agentic/configs/mathd_numbertheory_530__ace-552ad93d-core-medium__gpt-5.6-luna__seed0,mathd_numbertheory_530,validation,prove_theorem_ace,done,other_or_unobserved,13,0.04465752,"cache tokens, current tariff; unrecorded retries unknown",False,False,audit/cells/083b07ccf3bf3cd516851a3bebac7b8db34bd353e635dd32b8103021830dc910.json
experiments/output/ace_x_validation_agentic/configs/aime_1984_p7__ace-d56da056-core-medium__gpt-5.6-luna__seed1,aime_1984_p7,validation,prove_theorem_ace,done,other_or_unobserved,18,0.06724644,"cache tokens, current tariff; unrecorded retries unknown",False,False,audit/cells/0864efd11ea5cebf8083d75bd62bed8b03408d50a95c8f6c85fa54ca0259942b.json
experiments/output/ace_mechanisms_20260910/training/configs/amc12a_2020_p13__training-R__gpt-5.6-luna__seed0,amc12a_2020_p13,train,prove_theorem_grounded,done,unproved_prerequisite,7,0.03801658,dated billing receipts,False,False,audit/cells/086be5fd0f7912846b3eefa4a280bc6c125e6414b7695ab85f307c66f5df79e3.json
experiments/output/ace_mechanisms_20260910/training/configs/amc12b_2002_p11__training-S__gpt-5.6-luna__seed0,amc12b_2002_p11,train,prove_theorem_grounded,done,unknown_reference,2,0.01609052,dated billing receipts,False,False,audit/cells/088e5ca319420b512cdec14ff51c99dc39aa8ebeb9060d914c028f16516ad122.json
experiments/output/ace_mechanisms_20260910/training/configs/mathd_numbertheory_629__training-R__gpt-5.6-luna__seed0,mathd_numbertheory_629,train,prove_theorem_grounded,done,other_or_unobserved,12,0.02311042,dated billing receipts,False,False,audit/cells/08c04ec0f456078f70c20715e3cb9cabf698fffce0014952f8e3a51daefe37a8.json
experiments/output/ace_adaptation_attribution-terra-20260912/configs/step39_generator_imo_1967_p3,imo_1967_p3,train,prove_theorem_ace,done,arithmetic_or_search,23,0.35306560000000003,"cache tokens, current tariff; unrecorded retries unknown",False,False,audit/cells/08c62f2befae4ecec312c3e4fda8976d53eb812767b215adda97b4648d04d4d5.json
experiments/output/ace_polish_training/configs/imo_1968_p5_1__candidate-r64__gpt-5.6-luna__seed0,imo_1968_p5_1,train,prove_theorem_grounded,done,arithmetic_or_search,13,0.043028779999999996,"cache tokens, current tariff; unrecorded retries unknown",False,False,audit/cells/08e96fb802e4afbacbecf8479a86f9a39125a8284b02acf33abc57368d7db31e.json
experiments/output/coverage_cycle_20260911/validation/E2/configs/mathd_numbertheory_37__validation-E2__gpt-5.6-luna__seed0,mathd_numbertheory_37,validation,prove_theorem_grounded,done,syntax,18,0.03891662,dated billing receipts,False,False,audit/cells/0918c6e68985395697941774927e12f07217e2d420332814d784e67a1084d373.json
experiments/output/ace_economy_20260916/validation/configs/validation__session__amc12a_2019_p21__seed0,amc12a_2019_p21,validation,prove_theorem_grounded,done,unknown_reference,11,0.04099572,dated billing receipts,False,False,audit/cells/09af0f67840f0d6329dae0c01c88d72edcaf9df758291697d8c220badb72eec0.json
experiments/output/ace_sanitized_20260917/pilots/configs/pilots__incumbent__proof__mathd_algebra_185__seed0,mathd_algebra_185,train,prove_theorem_grounded,done,other_or_unobserved,11,0.03621766,dated billing receipts,False,False,audit/cells/09b8f1c29db701f212b69a8020e674d52251681ed48b677f091d6a97ce0d900d.json
experiments/output/ace_models_20260910/proof/configs/mathd_algebra_185__prover-medium-68338b80d7121921__gpt-5.6-luna__seed0,mathd_algebra_185,train,prove_theorem_grounded,done,other_or_unobserved,10,0.03572694,dated billing receipts,False,False,audit/cells/09cb563d8589509ba7c72be9fed435ab62b004829d106e3bbb8705410a6ddcd2.json
experiments/output/ace_adaptation_x-offline-e3/configs/step79_curator_amc12a_2002_p13,amc12a_2002_p13,train,,failed,platform_failure,0,0.0,"cache tokens, current tariff; unrecorded retries unknown",False,False,audit/cells/09d9032cfbc53757956fd6bb1c5e57098a8ec3e898b8f260e1cb8b510c399826.json
experiments/output/ace_attribution_20260912/validation/luna-none/configs/amc12a_2020_p21__luna-none-medium__gpt-5.6-luna__seed0,amc12a_2020_p21,validation,prove_theorem_grounded,done,syntax,11,0.041066139999999994,dated billing receipts,False,False,audit/cells/09f536fba2b0d3961a8c3efb51194eca3fa724a863f3e78ee531f3599cc795f9.json
experiments/output/ace_online_x3-online-s0_agentic/configs/imo_1984_p6__ace-89d1b77f-core-medium__gpt-5.6-luna__seed0,imo_1984_p6,validation,prove_theorem_ace,done,verifier_resource,26,0.03170244,"cache tokens, current tariff; unrecorded retries unknown",False,False,audit/cells/09fa472497dda78e82bf4d4e584fb70e287da06ce6080fd6f9de06ec259e09cc.json
experiments/output/ace_review_development/configs/mathd_numbertheory_43__repair0-r64__gpt-5.6-luna__seed0,mathd_numbertheory_43,validation,prove_theorem_ace,done,other_or_unobserved,46,0.05696348,"cache tokens, current tariff; unrecorded retries unknown",False,False,audit/cells/0a05de319685998d76ec0c4d1071b7e4ebd0f2b378c71c50eca9b4c85868f143.json
experiments/output/ace_adaptation_x-mono/configs/step26_curator_aime_1988_p8,aime_1988_p8,train,rewrite_playbook,done,no_verifier_evidence,0,0.013265639999999999,"cache tokens, current tariff; unrecorded retries unknown",False,False,audit/cells/0a113d971ff95116153d8d02890240412dc7c326ac5a7ab60e9386204fa64516.json
experiments/output/ace_roles_20260913/validation/configs/validation__candidate__proof__imo_1969_p2__seed0,imo_1969_p2,validation,,missing,other_or_unobserved,5,0.02464934,dated billing receipts,False,False,audit/cells/0a554743b05026cbb723ae20f7eb6416508edf5534999023a1cd86732dc8592d.json
experiments/output/ace_economy_session_20260916/validation/configs/validation__agentic_session__mathd_numbertheory_37__seed1,mathd_numbertheory_37,validation,prove_theorem_grounded,done,arithmetic_or_search,11,0.01704982,dated billing receipts,False,False,audit/cells/0a614d3764829edba37135943de54565b2a9bd724261ce45f0fa466073eeeb08.json
experiments/output/ace_x_validation_ace_x3_offline_agentic/configs/imo_1984_p6__ace-1ac8a092-core-medium__gpt-5.6-luna__seed1,imo_1984_p6,validation,prove_theorem_ace,done,incomplete_proof,27,0.03165174,"cache tokens, current tariff; unrecorded retries unknown",False,False,audit/cells/0a6881fb4db455befdf70a1c4448f66f584e9572dcd845a6d3e3a970cd0143b1.json
experiments/output/ace_online_x3-online-s0_agentic/configs/amc12_2001_p21__ace-c6a5db26-core-medium__gpt-5.6-luna__seed0,amc12_2001_p21,validation,prove_theorem_ace,done,incomplete_proof,21,0.05749983999999999,"cache tokens, current tariff; unrecorded retries unknown",False,False,audit/cells/0a86ec1be9b55b8438235c023424fa39736678e84df50fea5276d010e2b4de69.json
experiments/output/ace_capacity_20260912/headroom1/configs/amc12a_2020_p13__E-level1__gpt-5.6-luna__seed0,amc12a_2020_p13,train,prove_theorem_grounded,done,unproved_prerequisite,15,0.126625,"cache tokens, current tariff; unrecorded retries unknown",False,False,audit/cells/0a914e29e9ca4b87d665219b31dea1cee667ca4a84bb84d3254d3485cac57425.json
experiments/output/acet_x_validation_ace_x5_offline_k3_agentic/configs/mathd_algebra_282__acet-fc7b45d4-b1806cce-k3-core-medium__gpt-5.6-luna__seed0,mathd_algebra_282,validation,prove_theorem_ace_triggered,done,incomplete_proof,22,0.02216574,"cache tokens, current tariff; unrecorded retries unknown",False,False,audit/cells/0abe16c319ce0effe95de9df599d8ea7b6452f46cd0a062c7f58a543579be899.json
experiments/output/ace_economy_refinement_20260916/final09/configs/validation__ace__aime_1991_p9__seed0,aime_1991_p9,validation,prove_theorem_grounded,done,incomplete_proof,10,0.0413837,dated billing receipts,False,False,audit/cells/0af3c20dfb747a62e71dda23088c0ac9804304f7b84f797153e63b5ed139308e.json
experiments/output/ace_contenders_20260910/configs/amc12a_2020_p21__validation-reflector-xhigh__gpt-5.6-luna__seed0,amc12a_2020_p21,validation,prove_theorem_grounded,done,no_verifier_evidence,0,0.023629940000000002,dated billing receipts,False,False,audit/cells/0b2ea474c4966788f8868eab491e113cb6456ac4488ea4a7ed6b07151c310fcf.json
experiments/output/ace_adaptation_x3-strong/configs/step14_generator_algebra_amgm_sum1toneqn_prod1tonleq1,algebra_amgm_sum1toneqn_prod1tonleq1,train,prove_theorem_ace,done,incomplete_proof,17,0.02349032,"cache tokens, current tariff; unrecorded retries unknown",False,False,audit/cells/0b32344caa044b52414181cc194a2acde38e35d55f63cb6b374a7151e53fe1dd.json
experiments/output/ace_adaptation_x-offline-e3/configs/step115_curator_amc12b_2003_p17,amc12b_2003_p17,train,,failed,platform_failure,0,0.0,"cache tokens, current tariff; unrecorded retries unknown",False,False,audit/cells/0b72395f764bf61785c1d0d85557e3f12a7985860affe05e7e2e95af427394df.json
experiments/output/coverage_cycle_20260911/validation/D2/configs/algebra_others_exirrpowirrrat__validation-D2__gpt-5.6-luna__seed0,algebra_others_exirrpowirrrat,validation,prove_theorem_grounded,done,other_or_unobserved,7,0.03746016,dated billing receipts,False,False,audit/cells/0b7e2b6678f2d8bf75302fe519d4a4db374294e984483a3153d760a67fff6e00.json
experiments/output/coverage_cycle_20260911/validation/H/configs/mathd_numbertheory_37__validation-H__gpt-5.6-luna__seed0,mathd_numbertheory_37,validation,prove_theorem_grounded,done,syntax,14,0.014355159999999999,dated billing receipts,False,False,audit/cells/0b820f51c5c1ca40c3a614ddf54aa12a891cf9b1a5da4e183ea6520f9190c04e.json
experiments/output/ace_economy_session_20260916/validation/configs/validation__agentic_session__mathd_numbertheory_405__seed0,mathd_numbertheory_405,validation,prove_theorem_grounded,done,other_or_unobserved,11,0.04472226,dated billing receipts,False,False,audit/cells/0b94f48c66740aa962dbe2a9a77fa67d86bf39874b36bfe0d930037f38288b16.json
experiments/output/ace_adaptation_x-mono/configs/step34_generator_mathd_algebra_224,mathd_algebra_224,train,prove_theorem_ace,done,other_or_unobserved,15,0.0574695,"cache tokens, current tariff; unrecorded retries unknown",False,False,audit/cells/0ba35b18742c1fedb92962a6f54fffedb4cea9c3535da83b65ccc7ff6a3e5bb2.json
experiments/output/ace_control_cycle_training/configs/amc12b_2004_p3__trained-r64__gpt-5.6-luna__seed0,amc12b_2004_p3,train,prove_theorem_grounded,done,other_or_unobserved,19,0.06867803999999998,"cache tokens, current tariff; unrecorded retries unknown",False,False,audit/cells/0be84d6abda05d4ace83f02d383c479c350c95fee9b35bf2979f55d3967e4ee5.json
experiments/output/ace_sanitized_20260917/validation/configs/validation__agentic__proof__mathd_numbertheory_405__seed0,mathd_numbertheory_405,validation,prove_theorem_grounded,done,syntax,8,0.03629434,dated billing receipts,False,False,audit/cells/0be95c58f8364185576d77380aae22571881e76ae08cef48c31e67007ff5b651.json
experiments/output/ace_online_x-online-s1_agentic/configs/amc12_2001_p21__ace-31b4473b-core-medium__gpt-5.6-luna__seed1,amc12_2001_p21,validation,prove_theorem_ace,done,other_or_unobserved,17,0.06970061999999999,"cache tokens, current tariff; unrecorded retries unknown",False,False,audit/cells/0becca6c0e099a8f4b3c4a04073f6f8267b15f8d40a0d176b0aad0b426fde3aa.json
experiments/output/ace_economy_20260916/validation/configs/validation__budget__amc12_2001_p21__seed0,amc12_2001_p21,validation,prove_theorem_grounded,done,incomplete_proof,7,0.01050208,dated billing receipts,False,False,audit/cells/0bfb0c676d86e3eadbf14966654722258c230f3debb706da275c27ed66ac1471.json
experiments/output/ace_control_cycle_tuning/configs/amc12b_2004_p3__tuning-r64__gpt-5.6-luna__seed0,amc12b_2004_p3,train,prove_theorem_grounded,done,other_or_unobserved,11,0.03671572000000001,"cache tokens, current tariff; unrecorded retries unknown",False,False,audit/cells/0c2716df5d72230addb85dffc95b04efdf183c1d117bb38e4cfb744c745661d3.json
experiments/output/x_validation_agentic/configs/mathd_numbertheory_37__core-medium__gpt-5.6-luna__seed0,mathd_numbertheory_37,validation,prove_theorem_agentic,done,other_or_unobserved,13,0.026964860000000004,"cache tokens, current tariff; unrecorded retries unknown",False,False,audit/cells/0c29c5c00bba61563c02498d94917bf42d2be1e9142ca75e4c25687e7b1f02d3.json
experiments/output/ace_x_validation_ace_x5_offline_rv2_agentic/configs/imo_1969_p2__ace-fc7b45d4-core-medium__gpt-5.6-luna__seed1,imo_1969_p2,validation,prove_theorem_ace,done,incomplete_proof,23,0.020891040000000003,"cache tokens, current tariff; unrecorded retries unknown",False,False,audit/cells/0c3e83c4065c14d1e1675cd20a0fef8a73df39e40db6edfaac819aa52a6e1d60.json
experiments/output/ace_economy_refinement_20260916/final03/configs/validation__ace_reset__imo_1984_p6__seed0,imo_1984_p6,validation,prove_theorem_grounded,done,unknown_reference,12,0.044285939999999996,dated billing receipts,False,False,audit/cells/0c40c8c2c9dacc0580a5b20c61cbc29f8b82ecb2b2fad8fe9b78b811f8fd4cdb.json
experiments/output/ace_x_validation_ace_x3_offline_rv2_agentic/configs/mathd_numbertheory_405__ace-1e4aec7d-core-medium__gpt-5.6-luna__seed1,mathd_numbertheory_405,validation,prove_theorem_ace,done,unknown_reference,31,0.08213488,"cache tokens, current tariff; unrecorded retries unknown",False,False,audit/cells/0c539618ecdb6ac2fb88e5a277eccafada8662ed62157d2e25b2dc3231e9d42b.json
experiments/output/ace_capacity_20260912/headroom1/configs/algebra_amgm_sum1toneqn_prod1tonleq1__E-level1__gpt-5.6-luna__seed0,algebra_amgm_sum1toneqn_prod1tonleq1,train,prove_theorem_grounded,done,unproved_prerequisite,36,0.08822794000000002,"cache tokens, current tariff; unrecorded retries unknown",False,False,audit/cells/0c69c4e2664004855cc2b441bb45fea0408e481d51688831814da66c3d7d97f5.json
experiments/output/ace_contenders_20260910/configs/mathd_numbertheory_629__training-reflector-xhigh__gpt-5.6-luna__seed0,mathd_numbertheory_629,train,prove_theorem_grounded,done,no_verifier_evidence,0,0.026452859999999998,dated billing receipts,False,False,audit/cells/0c9391144fde13035b33b11fdf5072750f55d4f95e88681caa8c375b961fb2ba.json
experiments/output/ace_adaptation_x3-offline-e3/configs/step116_generator_imo_1967_p3,imo_1967_p3,train,prove_theorem_ace,done,other_or_unobserved,16,0.03518492000000001,"cache tokens, current tariff; unrecorded retries unknown",False,False,audit/cells/0ca1787560513a0f05c7e032c1f485aacd961a580308087dd70df8f15ecc4262.json
experiments/output/ace_economy_refinement_20260916/resume01/configs/validation__agentic_reset__algebra_others_exirrpowirrrat__seed1,algebra_others_exirrpowirrrat,validation,prove_theorem_grounded,done,unknown_reference,9,0.0409041,dated billing receipts,False,False,audit/cells/0cd3b530de53a8a826e07b1f307a899772d18f0226318d695740c5ec1e371511.json
experiments/output/ace_control_cycle_training/configs/amc12a_2020_p13__trained-r64__gpt-5.6-luna__seed0,amc12a_2020_p13,train,prove_theorem_grounded,done,unproved_prerequisite,18,0.07246796,"cache tokens, current tariff; unrecorded retries unknown",False,False,audit/cells/0d02db68d8149333fbad2400acf5e0fc346974719d44e9f552d15d727f36e83d.json
experiments/output/ace_x_validation_agentic/configs/amc12_2001_p21__ace-1ac8a092-core-medium__gpt-5.6-luna__seed0,amc12_2001_p21,validation,prove_theorem_ace,done,incomplete_proof,25,0.04450869999999999,"cache tokens, current tariff; unrecorded retries unknown",False,False,audit/cells/0d3bd88493d86e5ea016ff0a7b6e7030b23c47c4d214a527e7a3940f1c75d1c8.json
experiments/output/ace_x_validation_ace_x3_noreflect_agentic/configs/algebra_others_exirrpowirrrat__ace-1ac8a092-core-medium__gpt-5.6-luna__seed0,algebra_others_exirrpowirrrat,validation,prove_theorem_ace,done,other_or_unobserved,12,0.036106780000000005,"cache tokens, current tariff; unrecorded retries unknown",False,False,audit/cells/0d43e7ed82f43ead2925d7c1ecba648f9dbb8b47dc31722393c295e3b1ccf5dc.json
experiments/output/ace_mechanisms_20260910/validation/configs/algebra_others_exirrpowirrrat__validation-E__gpt-5.6-luna__seed1,algebra_others_exirrpowirrrat,validation,prove_theorem_grounded,done,no_verifier_evidence,0,0.02628738,dated billing receipts,False,False,audit/cells/0d581314d50ff940934dbb56383d582a8a833a185003799c0dc7309b84ee3bda.json
experiments/output/ace_revision_20260913/validation/configs/validation__candidate__proof__amc12a_2019_p21__seed1,amc12a_2019_p21,validation,prove_theorem_grounded,done,unknown_reference,13,0.04207448,dated billing receipts,False,False,audit/cells/0d67eee1583315e9018e63a07307f9d6c18af11b345b501167f5c3856699153b.json
experiments/output/ace_economy_refinement_20260916/final18/configs/validation__agentic_reset_compact__mathd_numbertheory_303__seed1,mathd_numbertheory_303,validation,prove_theorem_grounded,done,unknown_reference,15,0.07932546,dated billing receipts,False,False,audit/cells/0d7c26d9520da96798e17a637e6cecd134cb365aba312a2a614f75a0db6ac209.json
experiments/output/ace_review_development/configs/algebra_others_exirrpowirrrat__repair0-r64__gpt-5.6-luna__seed1,algebra_others_exirrpowirrrat,validation,prove_theorem_ace,done,incomplete_proof,14,0.13440778,"cache tokens, current tariff; unrecorded retries unknown",False,False,audit/cells/0dae53bc08a668ec4e7e2d6318bbbfc59e3f5bb056ebbfadd48f8ef628c104d0.json
experiments/output/ace_roles_20260913/validation/configs/validation__candidate__proof__mathd_numbertheory_37__seed1,mathd_numbertheory_37,validation,,missing,arithmetic_or_search,5,0.0586106,dated billing receipts,True,False,audit/cells/0dc13f6075a01c0c59b5ddef30e993d09fcb6ec8728d20d94d8b8e127446a606.json
experiments/output/ace_economy_refinement_20260916/final00/configs/validation__agentic_reset__algebra_others_exirrpowirrrat__seed0,algebra_others_exirrpowirrrat,validation,prove_theorem_grounded,done,other_or_unobserved,10,0.04586758,dated billing receipts,False,False,audit/cells/0dedd55f6298ffb314ec28f7161d8c3b375237f405657f9b464a85f34fd03e86.json
experiments/output/ace_models_20260910/proof/configs/mathd_algebra_185__prover-xhigh-34e051ff5274f9eb__gpt-5.6-luna__seed0,mathd_algebra_185,train,prove_theorem_grounded,done,no_verifier_evidence,0,0.025099919999999998,dated billing receipts,False,False,audit/cells/0df068cda8ead3713e20bdd2bc5b7a5ec90aa272b33cd05a9c269854be0454b9.json
experiments/output/ace_x_validation_ace_digest_table_rv2_agentic/configs/amc12a_2019_p21__ace-ca62b40b-core-medium__gpt-5.6-luna__seed1,amc12a_2019_p21,validation,prove_theorem_ace,done,arithmetic_or_search,9,0.10479869999999998,"cache tokens, current tariff; unrecorded retries unknown",False,False,audit/cells/0df8c74201dd9781f4d325c23d317811c51ffdd7dee501e4e5ec8994cdf65ff8.json
experiments/output/ace_models_20260910/proof/configs/aime_1984_p1__selection-xhigh-3bfe5109dc462e8c__gpt-5.6-luna__seed0,aime_1984_p1,train,prove_theorem_grounded,done,no_verifier_evidence,0,0.026915059999999998,dated billing receipts,False,False,audit/cells/0e1c3527c71d8ad6568c18ee74bb45a0b482e7a6a3901d3dd0ce032c4c6a3220.json
experiments/output/ace_revision_20260913/validation/configs/validation__candidate__proof__amc12a_2019_p21__seed0,amc12a_2019_p21,validation,prove_theorem_grounded,done,no_verifier_evidence,0,0.02479886,dated billing receipts,False,False,audit/cells/0e2362b61338e629e60446d712dbe327af8acffb1b67bcc2333a5c51d1c1d060.json
experiments/output/ace_economy_refinement_20260916/final04/configs/validation__ace_reset_compact__mathd_numbertheory_37__seed1,mathd_numbertheory_37,validation,prove_theorem_grounded,done,other_or_unobserved,23,0.03364536,dated billing receipts,False,False,audit/cells/0e5fc0c7b3fd2f139a6157138a5686074267d1c8f3f353f6418b9f5bfcc3678f.json
experiments/output/ace_x_validation_ace_x4_offline_rv3_agentic/configs/amc12_2001_p21__ace-f1dd5c3a-core-medium__gpt-5.6-luna__seed1,amc12_2001_p21,validation,prove_theorem_ace,done,incomplete_proof,21,0.0436532,"cache tokens, current tariff; unrecorded retries unknown",False,False,audit/cells/0e7449c24c539b076dc4f1a383db46df6cb326a421503e41e6b587100fa168ab.json
experiments/output/ace_models_20260910/proof/configs/amc12b_2002_p11__prover-xhigh-f05fbcb501c34473__gpt-5.6-luna__seed0,amc12b_2002_p11,train,prove_theorem_grounded,done,no_verifier_evidence,0,0.02504678,dated billing receipts,False,False,audit/cells/0e7e0e46cbce16c452cb926e3c8de0a92565e7d5d1beeef0e8e0afa2e18adb9d.json
experiments/output/ace_economy_refinement_20260916/final05/configs/validation__agentic_compact__induction_prod1p1onk3le3m1onn__seed1,induction_prod1p1onk3le3m1onn,validation,prove_theorem_grounded,done,syntax,9,0.04285494,dated billing receipts,False,False,audit/cells/0e8d4227ea7db7b01f68da95df8e9ffcf8f4219fc853f6df7fda81340ff2c975.json
experiments/output/ace_adaptation_review-repair-s0/configs/step21_generator_amc12a_2020_p13,amc12a_2020_p13,train,prove_theorem_ace,done,unproved_prerequisite,17,0.05056784,"cache tokens, current tariff; unrecorded retries unknown",False,False,audit/cells/0e8d926dba359ffbdd656e419b850f57bf4feebe01014df865c4bb743a080c2b.json
experiments/output/ace_x_validation_ace_x5_offline_rv3_agentic/configs/imo_1969_p2__ace-fc7b45d4-core-medium__gpt-5.6-luna__seed0,imo_1969_p2,validation,prove_theorem_ace,done,arithmetic_or_search,12,0.050410659999999996,"cache tokens, current tariff; unrecorded retries unknown",False,False,audit/cells/0e97c09edf14eb8760344ae793b09dd974ce331c4a91e73e56db125e5680c6dd.json
experiments/output/ace_economy_refinement_20260916/final02/configs/validation__agentic_reset_compact__imo_1960_p2__seed0,imo_1960_p2,validation,prove_theorem_grounded,done,other_or_unobserved,6,0.04603558,dated billing receipts,False,False,audit/cells/0eaf587e8e79a38661852adc49835fa24e5a6f30640203bf0fd164c1e01a33bb.json
experiments/output/acet_x_validation_ace_x5_offline_k3_agentic/configs/mathd_numbertheory_303__acet-fc7b45d4-b1806cce-k3-core-medium__gpt-5.6-luna__seed0,mathd_numbertheory_303,validation,prove_theorem_ace_triggered,done,other_or_unobserved,15,0.049172259999999995,"cache tokens, current tariff; unrecorded retries unknown",False,False,audit/cells/0eb8b4e653680ef5a47e4868cf7d56ee9fe9262ba249a2bcadd859b431d663a2.json
experiments/output/ace_x_validation_agentic/configs/amc12a_2020_p21__ace-d56da056-core-medium__gpt-5.6-luna__seed0,amc12a_2020_p21,validation,prove_theorem_ace,done,incomplete_proof,13,0.11561105999999999,"cache tokens, current tariff; unrecorded retries unknown",False,False,audit/cells/0ed2c4180e40798d4f3b2eb9f0cd1b59d861050a042b5cabd59a04651f8d2e56.json
experiments/output/ace_contenders_20260910/configs/aime_1984_p7__validation-reflector-medium__gpt-5.6-luna__seed0,aime_1984_p7,validation,prove_theorem_grounded,done,other_or_unobserved,2,0.036793599999999996,dated billing receipts,False,False,audit/cells/0f027dda369a2da89c5da8785bff16939e8ad14b08cce8838ca5d07832763486.json
experiments/output/ace_sanitized_20260917/validation/configs/validation__agentic_coverage__proof__aime_1991_p6__seed0,aime_1991_p6,validation,prove_theorem_grounded,done,syntax,5,0.06320281999999999,dated billing receipts,False,False,audit/cells/0f1a67fd800a11c9ab14e0091c9ddece2815d1cc07cbadf80d825ee630cc8c9a.json
experiments/output/ace_review_development/configs/imo_1969_p2__repair1-r64__gpt-5.6-luna__seed1,imo_1969_p2,validation,prove_theorem_ace,done,incomplete_proof,42,0.051904179999999994,"cache tokens, current tariff; unrecorded retries unknown",False,False,audit/cells/0f69250cc0b2c7cb30c7a87a891dad6de0b8a6465b3207477f4a37337abfdc53.json
experiments/output/ace_economy_20260916/validation/configs/validation__ace__mathd_numbertheory_37__seed1,mathd_numbertheory_37,validation,prove_theorem_grounded,done,other_or_unobserved,19,0.01905548,dated billing receipts,False,False,audit/cells/0fc287c444b620bb388649567c90424006fc6ed5de0cbc959602181cb68a2046.json
experiments/output/ace_online_x-online-s1_agentic/configs/imo_1969_p2__ace-f77619b0-core-medium__gpt-5.6-luna__seed1,imo_1969_p2,validation,prove_theorem_ace,done,incomplete_proof,22,0.0272837,"cache tokens, current tariff; unrecorded retries unknown",False,False,audit/cells/0ffceb026bd35ad3a8a2e55d784b1c21272727f9c1fe5e081eae7dae0ef397d5.json
experiments/output/ace_models_20260910/proof/configs/amc12b_2002_p11__prover-medium-1e4aec7dbbe80e7a__gpt-5.6-luna__seed0,amc12b_2002_p11,train,prove_theorem_grounded,done,arithmetic_or_search,5,0.035232879999999994,dated billing receipts,False,False,audit/cells/105383e53ce06db33f7a44a807c9fe7ac5d354bc6d11855805194bf76f0dc945.json
experiments/output/ace_x_validation_ace_x3_offline_rv2_agentic/configs/imo_1984_p6__ace-1e4aec7d-core-medium__gpt-5.6-luna__seed0,imo_1984_p6,validation,prove_theorem_ace,done,incomplete_proof,24,0.026687440000000003,"cache tokens, current tariff; unrecorded retries unknown",False,False,audit/cells/1061816d837c60972349c93bd88f320e9aa09db4f8f70e0c7d379df70ba3a832.json
experiments/output/acet_x_validation_ace_x5_offline_k3_agentic/configs/amc12_2001_p21__acet-fc7b45d4-b1806cce-k3-core-medium__gpt-5.6-luna__seed1,amc12_2001_p21,validation,prove_theorem_ace_triggered,done,incomplete_proof,23,0.03893433999999999,"cache tokens, current tariff; unrecorded retries unknown",False,False,audit/cells/108590121f71edb277f0ee10a103cef6fde4e019b3b78f268ef82154a2f6d2fc.json
experiments/output/ace_adaptation_x3-mono/configs/step26_curator_aime_1988_p8,aime_1988_p8,train,rewrite_playbook,done,no_verifier_evidence,0,0.010588919999999998,"cache tokens, current tariff; unrecorded retries unknown",False,False,audit/cells/10998c983da2f04d039dabcc83a97953d4c6f30d8b25a083777192e8afebbf17.json
experiments/output/ace_adaptation_x-offline-e3/configs/step62_generator_imo_1977_p6,imo_1977_p6,train,prove_theorem_ace,done,incomplete_proof,29,0.03642666,"cache tokens, current tariff; unrecorded retries unknown",False,False,audit/cells/112b4dc168750660ddae3bd98f45cd12fd5464a061be20ee22c42913bd1ef58b.json
experiments/output/ace_attribution_20260912/swaps/configs/amc12a_2019_p21__terra-luna-book-medium__gpt-5.6-terra__seed0,amc12a_2019_p21,validation,prove_theorem_grounded,done,no_verifier_evidence,0,0.2522764,dated billing receipts,False,False,audit/cells/11b7f302e1c74253e19367d1ff8a9a87693a6d43400ae250827c9e3d3ebf2995.json
experiments/output/ace_online_x-online-warm-s1_agentic/configs/mathd_numbertheory_37__ace-d307cb4d-core-medium__gpt-5.6-luna__seed1,mathd_numbertheory_37,validation,prove_theorem_ace,done,unknown_reference,23,0.08774537999999998,"cache tokens, current tariff; unrecorded retries unknown",False,False,audit/cells/11b95e0708e7d79d1a6ca9fbe2c0fbb72128bede649534f7f4a1caee558b4f8c.json
experiments/output/ace_online_x-online-warm-s0_agentic/configs/amc12a_2020_p21__ace-d981fae9-core-medium__gpt-5.6-luna__seed0,amc12a_2020_p21,validation,prove_theorem_ace,done,other_or_unobserved,16,0.06093813999999999,"cache tokens, current tariff; unrecorded retries unknown",False,False,audit/cells/11d245343fd2ca6356ad532fa4994cb50104816ce26457fa37bf1a5737a67cde.json
experiments/output/ace_contenders_20260910/configs/aime_1990_p4__training-reflector-xhigh__gpt-5.6-luna__seed0,aime_1990_p4,train,prove_theorem_grounded,done,no_verifier_evidence,0,0.02644032,dated billing receipts,False,False,audit/cells/11dd3a820914e219578f372bfad1ad094eacf8c49b16f110db91e930d536276c.json
experiments/output/ace_attribution_20260912/validation/terra/configs/imo_1969_p2__terra-ace-medium__gpt-5.6-terra__seed0,imo_1969_p2,validation,prove_theorem_grounded,done,arithmetic_or_search,9,0.3902946,dated billing receipts,False,False,audit/cells/11e36800d4790609511127180a6a17b34996c36cc6b6a8047a7bd03b5eb3f223.json
experiments/output/ace_review_calibration/configs/mathd_algebra_224__baseline-r32__gpt-5.6-luna__seed1,mathd_algebra_224,train,prove_theorem_agentic,done,other_or_unobserved,19,0.047323460000000005,"cache tokens, current tariff; unrecorded retries unknown",False,False,audit/cells/122c4daa8e4805dbf2632c610c79af20414a024e8ee491a057619204123f86e3.json
experiments/output/ace_models_20260910/proof/configs/mathd_numbertheory_221__prover-medium-3bfe5109dc462e8c__gpt-5.6-luna__seed0,mathd_numbertheory_221,train,prove_theorem_grounded,done,other_or_unobserved,1,0.00618074,dated billing receipts,False,False,audit/cells/123ada4f4f3f62588c8114b9273c4e51c31fbd4ef48752e3cf6dc9be69cd18dd.json
experiments/output/ace_revision_20260913/validation/configs/validation__candidate__proof__aime_1984_p7__seed0,aime_1984_p7,validation,prove_theorem_grounded,done,other_or_unobserved,10,0.03741778,dated billing receipts,False,False,audit/cells/12438503d8de0072d755d9be1fd435f8ed7c6d2b1f319a4715ccb56a0a7f7552.json
experiments/output/ace_economy_session_20260916/validation/configs/validation__agentic_session__algebra_others_exirrpowirrrat__seed0,algebra_others_exirrpowirrrat,validation,prove_theorem_grounded,done,other_or_unobserved,7,0.04572316,dated billing receipts,False,False,audit/cells/124a8609853b4e89829d3734792c252c4b9b04f41b8983ef32267c1749381c21.json
experiments/output/ace_models_20260910/proof/configs/mathd_numbertheory_221__prover-xhigh-345f1ee0202d55e3__gpt-5.6-luna__seed0,mathd_numbertheory_221,train,prove_theorem_grounded,done,no_verifier_evidence,0,0.02591108,dated billing receipts,False,False,audit/cells/124b8cdee71614adef6fd46d7457553cbd721a5ff2bc22b9684c3811687ab2e5.json
experiments/output/ace_online_x4-online-s0_agentic/configs/mathd_algebra_282__ace-22dfbad1-core-medium__gpt-5.6-luna__seed0,mathd_algebra_282,validation,prove_theorem_ace,done,incomplete_proof,18,0.02418326,"cache tokens, current tariff; unrecorded retries unknown",False,False,audit/cells/12720e7a82612c527f6a9a94a0014b0c4e8c55e6b72f2bbba14be4f16eb04b26.json
experiments/output/ace_revision_20260913/training/configs/training__control__proof__mathd_numbertheory_629__seed0,mathd_numbertheory_629,train,prove_theorem_grounded,done,other_or_unobserved,12,0.03847634,dated billing receipts,False,False,audit/cells/128e97cbb322a341ca141955f5fab948801696144a0e009e640212df587b2e60.json
experiments/output/x_validation_agentic/configs/algebra_others_exirrpowirrrat__core-medium__gpt-5.6-luna__seed0,algebra_others_exirrpowirrrat,validation,prove_theorem_agentic,done,syntax,11,0.035015740000000004,"cache tokens, current tariff; unrecorded retries unknown",False,False,audit/cells/129a3214b92410212027178b7198a2e0eb41d86b796d2590aebe7b635a525abe.json
experiments/output/coverage_cycle_20260911/training/E2/configs/mathd_algebra_185__training-E2__gpt-5.6-luna__seed0,mathd_algebra_185,train,prove_theorem_grounded,done,arithmetic_or_search,9,0.0341703,dated billing receipts,False,False,audit/cells/12a61953ead066a7695f74cee8649a3ee2cfdf5b3f7f80fd82fe9dadaf6f3891.json
experiments/output/ace_x_validation_agentic/configs/algebra_others_exirrpowirrrat__ace-1ac8a092-core-medium__gpt-5.6-luna__seed0,algebra_others_exirrpowirrrat,validation,prove_theorem_ace,done,other_or_unobserved,10,0.03186560000000001,"cache tokens, current tariff; unrecorded retries unknown",False,False,audit/cells/12abead37d9efeb62f04f46b4cef1244bf4e429a8c6111d93ab71c9f3ffc4fd4.json
experiments/output/coverage_cycle_20260911/validation/E2/configs/algebra_others_exirrpowirrrat__validation-E2__gpt-5.6-luna__seed0,algebra_others_exirrpowirrrat,validation,prove_theorem_grounded,done,other_or_unobserved,6,0.0412444,dated billing receipts,False,False,audit/cells/12ad1bb1b61d8176379a39ecbc0d463a7efaeee8d80b4d193f4eeb739c81bf50.json
experiments/output/ace_economy_20260916/validation/configs/validation__session__amc12a_2019_p21__seed1,amc12a_2019_p21,validation,prove_theorem_grounded,done,other_or_unobserved,3,0.03758676,dated billing receipts,False,False,audit/cells/12c7461d261c1e67c0fed026e3c1dbd955daffe44df8fccf6f3b91bc3e78f2e5.json
experiments/output/ace_x_validation_ace_x3_noreflect_agentic/configs/mathd_numbertheory_43__ace-1ac8a092-core-medium__gpt-5.6-luna__seed0,mathd_numbertheory_43,validation,,failed,platform_failure,1,0.0035298599999999997,"cache tokens, current tariff; unrecorded retries unknown",False,False,audit/cells/130341cb7b5e7a0af1b5b9916f68ff252b3e375ea1bcb0f5025ade7162245266.json
experiments/output/ace_online_x-online-s0_agentic/configs/mathd_numbertheory_530__ace-12348451-core-medium__gpt-5.6-luna__seed0,mathd_numbertheory_530,validation,prove_theorem_ace,done,other_or_unobserved,10,0.045468699999999994,"cache tokens, current tariff; unrecorded retries unknown",False,False,audit/cells/132262fdb6de2c685491ec225cdc10270dbb821e87fab5c3a46c60844c607a62.json
experiments/output/ace_economy_refinement_20260916/final09/configs/validation__agentic_reset_compact__aime_1991_p9__seed0,aime_1991_p9,validation,prove_theorem_grounded,done,unproved_prerequisite,10,0.0472594,dated billing receipts,False,False,audit/cells/132363a2606fd2e575d03f1b25798755adda079340bc84c4775192dba2bba3c2.json
experiments/output/ace_mechanisms_20260910/training/configs/aime_1984_p1__training-C__gpt-5.6-luna__seed0,aime_1984_p1,train,prove_theorem_grounded,done,arithmetic_or_search,7,0.024032119999999997,dated billing receipts,False,False,audit/cells/13381121e4e36d9f0ccdc3a2a4d0c44abfcbb41783b53f47f2ef128f0b04ec4a.json
experiments/output/ace_x_validation_ace_x5_offline_rv3_agentic/configs/amc12a_2020_p21__ace-fc7b45d4-core-medium__gpt-5.6-luna__seed1,amc12a_2020_p21,validation,prove_theorem_ace,done,other_or_unobserved,7,0.12845878,"cache tokens, current tariff; unrecorded retries unknown",False,False,audit/cells/133f7a843e2c2881995786499c41a0f560a7c669e69bf6ffe9548d6c79db1730.json
experiments/output/ace_economy_20260916/validation/configs/validation__budget__amc12a_2020_p21__seed1,amc12a_2020_p21,validation,prove_theorem_grounded,done,incomplete_proof,44,0.06249494,dated billing receipts,False,False,audit/cells/13415128c5b019a06dadd04c808d29bc124039534c80cdeec29fffd61b9d3488.json
experiments/output/ace_online_x4-online-s0_agentic/configs/amc12a_2019_p21__ace-139c7503-core-medium__gpt-5.6-luna__seed0,amc12a_2019_p21,validation,prove_theorem_ace,done,other_or_unobserved,14,0.027923899999999998,"cache tokens, current tariff; unrecorded retries unknown",False,False,audit/cells/13652a1dc9a618aa9e084e1227d24d1f977de84eb22ea841e2021c76894b8068.json
experiments/output/ace_attribution_20260912/validation/luna-none/configs/mathd_algebra_282__luna-none-medium__gpt-5.6-luna__seed0,mathd_algebra_282,validation,prove_theorem_grounded,done,incomplete_proof,19,0.0312497,dated billing receipts,False,False,audit/cells/136fa9d9a06c498b639b84dffd110af4c48ec0072aea1f3626b096bdc3b67900.json
experiments/output/ace_review_development/configs/mathd_numbertheory_303__x3-r64__gpt-5.6-luna__seed0,mathd_numbertheory_303,validation,prove_theorem_ace,done,incomplete_proof,22,0.10291476,"cache tokens, current tariff; unrecorded retries unknown",False,False,audit/cells/1395fde715ac0208178b16c5956d78465344cf01e56ece3032c012f48b2a348d.json
experiments/output/ace_economy_refinement_20260916/final00/configs/validation__ace_reset_compact__mathd_algebra_282__seed0,mathd_algebra_282,validation,prove_theorem_grounded,done,incomplete_proof,25,0.03646304,dated billing receipts,False,False,audit/cells/139cbfb1a1d0dfc53f2d9cecc82503caf1888e08bb90c726b0a0c77d32630a7f.json
experiments/output/ace_models_20260910/proof/configs/mathd_algebra_185__prover-xhigh-68338b80d7121921__gpt-5.6-luna__seed0,mathd_algebra_185,train,prove_theorem_grounded,done,no_verifier_evidence,0,0.0241805,dated billing receipts,False,False,audit/cells/13b144ad8c02cce38242df6f6e8a57f06fb97dc218d4b5717a85463e3bc9c7d0.json
experiments/output/ace_economy_session_20260916/validation/configs/validation__agentic_session__amc12a_2019_p21__seed1,amc12a_2019_p21,validation,prove_theorem_grounded,done,incomplete_proof,6,0.042187459999999996,dated billing receipts,False,False,audit/cells/13b96170be2261b94c436d0df60f5197d5a9b6fc2b6ea3704164500e442b33e9.json
experiments/output/ace_polish_pilots/configs/mathd_numbertheory_629__resource_recovery-on-r64__gpt-5.6-luna__seed0,mathd_numbertheory_629,train,,failed,platform_failure,3,0.00490814,"cache tokens, current tariff; unrecorded retries unknown",False,False,audit/cells/13fcd4e829b2420874176c23ab1976173a064be28015482b3ad693bf9b7a8f48.json
experiments/output/ace_x_validation_ace_x3_offline_e3_rv3_agentic/configs/mathd_numbertheory_37__ace-d0d7ce24-core-medium__gpt-5.6-luna__seed1,mathd_numbertheory_37,validation,prove_theorem_ace,done,arithmetic_or_search,15,0.02757211999999999,"cache tokens, current tariff; unrecorded retries unknown",False,False,audit/cells/14038e31b2cb901892a4378c88551f5a1c4a0dba79a29142cbca4d84dec66028.json
experiments/output/ace_review_development/configs/amc12_2001_p21__repair1-r64__gpt-5.6-luna__seed1,amc12_2001_p21,validation,prove_theorem_ace,done,incomplete_proof,48,0.09899962,"cache tokens, current tariff; unrecorded retries unknown",False,False,audit/cells/1425548553ead849137e4a4d0fb8a43b616c2182bad99dd27801325918e3c2a1.json
experiments/output/ace_mechanisms_20260910/training/configs/amc12b_2003_p17__training-R__gpt-5.6-luna__seed0,amc12b_2003_p17,train,prove_theorem_grounded,done,unproved_prerequisite,2,0.004985799999999999,dated billing receipts,False,False,audit/cells/142d611f6c4c897e428194170ff84f3e82563b7581fa7aee940ab355b56f6c21.json
experiments/output/ace_economy_20260916/validation/configs/validation__agentic__mathd_numbertheory_37__seed1,mathd_numbertheory_37,validation,prove_theorem_grounded,done,other_or_unobserved,17,0.0392878,dated billing receipts,False,False,audit/cells/14460dc79af9d9004b91efef95be75b17fc0214db419b7d0683ae7ce2a218e13.json
experiments/output/ace_x_validation_ace_x4_offline_rv3_agentic/configs/mathd_algebra_282__ace-f1dd5c3a-core-medium__gpt-5.6-luna__seed0,mathd_algebra_282,validation,prove_theorem_ace,done,incomplete_proof,11,0.025970840000000002,"cache tokens, current tariff; unrecorded retries unknown",False,False,audit/cells/145c2ea1ccad9ab7de81c632ab9e3d96c1c3f31b79673e92ce1ba39442594f81.json
experiments/output/ace_models_20260910/proof/configs/amc12b_2002_p11__prover-xhigh-2ebdaef5c0d8b7ce__gpt-5.6-luna__seed0,amc12b_2002_p11,train,prove_theorem_grounded,done,other_or_unobserved,1,0.02843954,dated billing receipts,False,False,audit/cells/147881404816bf383f22023a0d8654ec08c3b37932553a5cfdac025ab2e760bc.json
experiments/output/coverage_cycle_20260911/validation/H/configs/amc12a_2020_p21__validation-H__gpt-5.6-luna__seed0,amc12a_2020_p21,validation,prove_theorem_grounded,done,other_or_unobserved,5,0.0460294,dated billing receipts,False,False,audit/cells/148528555d4911d130ce52d0739902e8d0f26e26ea34334b93ed261efa82114a.json
experiments/output/ace_roles_20260913/validation/configs/validation__control__proof__mathd_numbertheory_64__seed0,mathd_numbertheory_64,validation,,missing,arithmetic_or_search,3,0.055661699999999995,dated billing receipts,True,False,audit/cells/14b1c943d9f8c5657012f24866f06ae8c28bc967715219691068a30dd3ccbc4b.json
experiments/output/ace_economy_session_20260916/validation/configs/validation__agentic_session__mathd_numbertheory_303__seed1,mathd_numbertheory_303,validation,prove_theorem_grounded,done,unknown_reference,5,0.07814117999999999,dated billing receipts,False,False,audit/cells/14dbb27df16b911bd0666caf9d5813ff61438d41d9a8f2116938acda42967d07.json
experiments/output/ace_polish_pilots/configs/amc12b_2004_p3__resource_recovery-on-r64__gpt-5.6-luna__seed0,amc12b_2004_p3,train,,failed,platform_failure,10,0.024309,"cache tokens, current tariff; unrecorded retries unknown",False,False,audit/cells/14f643d26da4a753864a7ed6eace42b9bcb0ff5950776f17220802696e657de5.json
experiments/output/ace_learning_20260914/validation/configs/validation__B__proof__mathd_numbertheory_530__seed1,mathd_numbertheory_530,validation,prove_theorem_grounded,done,other_or_unobserved,6,0.036861519999999995,dated billing receipts,False,False,audit/cells/1526de0a1b426a931af55696eb7f75f56d4c727a42d72e40a1de0150805dcd2b.json
experiments/output/ace_revision_20260913/validation/configs/validation__candidate__proof__mathd_numbertheory_43__seed0,mathd_numbertheory_43,validation,prove_theorem_grounded,done,unproved_prerequisite,11,0.03728252,dated billing receipts,False,False,audit/cells/152db33e72e92e9730074bfaf01d08280754cd6d5baa4a2dcfbe1e365d5980cd.json
experiments/output/ace_economy_20260916/validation/configs/validation__views__induction_prod1p1onk3le3m1onn__seed0,induction_prod1p1onk3le3m1onn,validation,prove_theorem_grounded,done,other_or_unobserved,10,0.0366912,dated billing receipts,False,False,audit/cells/15366537a50c5b1fc069a8d918d220a74e23b0bbe0c6482af4e3544041c51d2e.json
experiments/output/ace_sanitized_20260917/pilots/configs/pilots__incumbent__proof__mathd_algebra_224__seed0,mathd_algebra_224,train,prove_theorem_grounded,done,unknown_reference,8,0.03778318,dated billing receipts,False,False,audit/cells/1558a2e6cb87fc9585cd71e336b1c9b20185c9f28d17d9a2eecdf876afe1bad2.json
experiments/output/ace_polish_validation/configs/mathd_numbertheory_530__candidate-r64__gpt-5.6-luna__seed0,mathd_numbertheory_530,validation,prove_theorem_grounded,done,syntax,6,0.03658796,"cache tokens, current tariff; unrecorded retries unknown",False,False,audit/cells/1581e9363d7daf4be61c66d4e5705f70013ba002a5cb2d30b65de5bdf217db3a.json
experiments/output/ace_adaptation_x-mono/configs/step20_generator_imo_1977_p6,imo_1977_p6,train,prove_theorem_ace,done,incomplete_proof,27,0.052061880000000005,"cache tokens, current tariff; unrecorded retries unknown",False,False,audit/cells/158c654b78c2a92991cac92c73369e9ebc2b5e4365326a55d19ea77c94ee5908.json
experiments/output/ace_adaptation_x3-mono/configs/step04_generator_amc12b_2004_p3,amc12b_2004_p3,train,prove_theorem_ace,done,other_or_unobserved,19,0.10650464000000001,"cache tokens, current tariff; unrecorded retries unknown",False,False,audit/cells/15a33ea479c3f8dabed52d398e7eb35e1933d86bb05dc5db7ae0fc9f63272f88.json
experiments/output/ace_online_x3-online-s1_agentic/configs/mathd_numbertheory_43__ace-ad1c4634-core-medium__gpt-5.6-luna__seed1,mathd_numbertheory_43,validation,prove_theorem_ace,done,incomplete_proof,20,0.02335656,"cache tokens, current tariff; unrecorded retries unknown",False,False,audit/cells/15c539efcbe87a9e13162ffad9a600b6d077082e96bd10d59db11f453c0b51a4.json
experiments/output/ace_online_x-online-warm-s1_agentic/configs/algebra_others_exirrpowirrrat__ace-170181b7-core-medium__gpt-5.6-luna__seed1,algebra_others_exirrpowirrrat,validation,prove_theorem_ace,done,other_or_unobserved,11,0.03813912,"cache tokens, current tariff; unrecorded retries unknown",False,False,audit/cells/15e2c3c041410430be6ba9ea5254794a0fe253b9eda4280d10d484966e606949.json
experiments/output/ace_economy_refinement_20260916/pilot/configs/train__ace_compact__imo_1967_p3__seed0,imo_1967_p3,train,prove_theorem_grounded,done,other_or_unobserved,8,0.03986008,dated billing receipts,False,False,audit/cells/15f363f2605e7757a220d10ce2ee390a05b0ac6530c94c7d5c0489cdc7ba0a46.json
experiments/output/ace_economy_20260916/validation/configs/validation__agentic__mathd_numbertheory_303__seed1,mathd_numbertheory_303,validation,prove_theorem_grounded,done,unknown_reference,8,0.0403068,dated billing receipts,False,False,audit/cells/1612bcdfdc7a76cc86930d451f16715a838c4f9de431e2297fc67a5b1fdcdbc4.json
experiments/output/x_train_agentic/configs/amc12b_2002_p11__core-medium__gpt-5.6-luna__seed1,amc12b_2002_p11,train,prove_theorem_agentic,done,syntax,10,0.04114427999999999,"cache tokens, current tariff; unrecorded retries unknown",False,False,audit/cells/16423682f96cdcb8b0f6ce5cbcb900ba3dd64a1b2b725e457b1b0f5fc4cfd6db.json
experiments/output/ace_mechanisms_20260910/training/configs/mathd_numbertheory_629__training-E__gpt-5.6-luna__seed0,mathd_numbertheory_629,train,prove_theorem_grounded,done,syntax,2,0.03132976,dated billing receipts,False,False,audit/cells/164a7d7fba921d0e21b0deeba1b20562b5956ccca5baed12249901bb0c42a19b.json
experiments/output/ace_control_cycle_tuning/configs/algebra_amgm_sum1toneqn_prod1tonleq1__tuning-r64__gpt-5.6-luna__seed0,algebra_amgm_sum1toneqn_prod1tonleq1,train,prove_theorem_grounded,done,incomplete_proof,11,0.038473799999999996,"cache tokens, current tariff; unrecorded retries unknown",False,False,audit/cells/166146a4f630ad08f64eb9953c706188375dacdb9a3eade4c9e2242e8ebcb004.json
experiments/output/ace_capacity_20260912/headroom2/configs/amc12a_2020_p13__C-level2__gpt-5.6-terra__seed0,amc12a_2020_p13,train,prove_theorem_grounded,done,unproved_prerequisite,10,1.201255,"cache tokens, current tariff; unrecorded retries unknown",False,False,audit/cells/167e329571763350b84250e14d00d7e21da0ba8dd7c55a99f4128a786fb07ae9.json
experiments/output/ace_economy_refinement_20260916/final03/configs/validation__ace_compact__imo_1984_p6__seed0,imo_1984_p6,validation,prove_theorem_grounded,done,arithmetic_or_search,12,0.03490974,dated billing receipts,False,False,audit/cells/1697c6421bb27ddc99c35427efd590ac892488b3af583e0d5a3d3e4dbe8709a5.json
experiments/output/x_validation_agentic/configs/imo_1969_p2__core-medium__gpt-5.6-luna__seed1,imo_1969_p2,validation,prove_theorem_agentic,done,incomplete_proof,20,0.032656160000000004,"cache tokens, current tariff; unrecorded retries unknown",False,False,audit/cells/16a3195e60a0696d42f08a73d1bde1b0bfd2a7504b9b9b0641ca13b36c4cd3a6.json
experiments/output/ace_control_cycle_validation/configs/mathd_numbertheory_303__validation-r64__gpt-5.6-luna__seed0,mathd_numbertheory_303,validation,prove_theorem_grounded,done,unknown_reference,8,0.06284050000000001,"cache tokens, current tariff; unrecorded retries unknown",False,False,audit/cells/16b87a36ee51477eccb22d7f3785d24ac6d6b4115125000a53c0455f3e613881.json
experiments/output/ace_sanitized_20260917/validation/configs/validation__agentic_coverage__proof__mathd_numbertheory_37__seed1,mathd_numbertheory_37,validation,prove_theorem_grounded,done,arithmetic_or_search,14,0.0241551,dated billing receipts,False,False,audit/cells/16c247d15fd2659816862e4789c413fb497af3e8a2c739dcb87aabc4cb9c4c00.json
experiments/output/ace_review_calibration/configs/algebra_amgm_sum1toneqn_prod1tonleq1__baseline-r32__gpt-5.6-luna__seed1,algebra_amgm_sum1toneqn_prod1tonleq1,train,prove_theorem_agentic,done,incomplete_proof,24,0.021770719999999993,"cache tokens, current tariff; unrecorded retries unknown",False,False,audit/cells/16c5dd17a82c43b9e50bdfc0b60b8edac5d13ea821e8d0c590105182316ad93b.json
experiments/output/ace_attribution_20260912/validation/terra/configs/amc12a_2020_p21__terra-ace-medium__gpt-5.6-terra__seed0,amc12a_2020_p21,validation,prove_theorem_grounded,done,other_or_unobserved,9,0.3670588,dated billing receipts,False,False,audit/cells/16f2a982653076e6a67063220ee95e6e8181926efaa6fb2e54acea69558aa918.json
experiments/output/ace_control_cycle_validation/configs/amc12a_2019_p21__validation-r64__gpt-5.6-luna__seed0,amc12a_2019_p21,validation,prove_theorem_grounded,done,syntax,16,0.06900408,"cache tokens, current tariff; unrecorded retries unknown",False,False,audit/cells/16f5483b3e7179e0bdd34b20925753f95f774d6df4da3e1fd38c891e7a3df302.json
experiments/output/ace_adaptation_x-mono/configs/step12_curator_mathd_numbertheory_221,mathd_numbertheory_221,train,rewrite_playbook,done,no_verifier_evidence,0,0.00863148,"cache tokens, current tariff; unrecorded retries unknown",False,False,audit/cells/17332fc6cec8b5e1938e8875881e954f60a11e526d769dc3bc7e115645e61395.json
experiments/output/ace_adaptation_x3-noreflect/configs/step21_generator_amc12a_2020_p13,amc12a_2020_p13,train,prove_theorem_ace,done,unknown_reference,20,0.0687082,"cache tokens, current tariff; unrecorded retries unknown",False,False,audit/cells/17411e3cda56661fa81641fba60ad74986dada8fe45e3ecae3868491c57e1269.json
experiments/output/ace_bounded_adapt/configs/aime_1988_p3__adapt__gpt-5.6-luna__seed0,aime_1988_p3,train,adapt_grounded_transition,done,unknown_reference,2,0.0016664,"cache tokens, current tariff; unrecorded retries unknown",False,False,audit/cells/1752ffcf695e092a15831f91d248c9bdbba83b78106020879b698edbf9340973.json
experiments/output/ace_economy_budget_20260916/validation/configs/validation__agentic__imo_1969_p2__seed0,imo_1969_p2,validation,prove_theorem_grounded,done,arithmetic_or_search,15,0.12023064,dated billing receipts,False,False,audit/cells/175460f602b5a3c17bfe26f5bde8305e4d8a4c9051fa6a7c40daa5e5887b3df6.json
experiments/output/ace_economy_refinement_20260916/final11/configs/validation__agentic_reset__mathd_numbertheory_530__seed0,mathd_numbertheory_530,validation,prove_theorem_grounded,done,syntax,10,0.044192459999999996,dated billing receipts,False,False,audit/cells/1756b76f58f39e2ef809f35d62c917dfd33ebcc5fcee0f77c86eabcc356a0e71.json
experiments/output/ace_capacity_20260912/mechanisms/configs/amc12b_2002_p11__C-level0__gpt-5.6-luna__seed0,amc12b_2002_p11,train,prove_theorem_grounded,done,arithmetic_or_search,5,0.03669475999999999,"cache tokens, current tariff; unrecorded retries unknown",False,False,audit/cells/177fc9505d4f3db68473777616b6811401c3d6dd6df1fb4eeaf59b4147ea94fd.json
experiments/output/ace_attribution_20260912/training/terra/configs/mathd_algebra_224__terra-none-medium__gpt-5.6-terra__seed0,mathd_algebra_224,train,prove_theorem_grounded,done,arithmetic_or_search,11,0.4000454,dated billing receipts,False,False,audit/cells/178987be32abb888d7fa74759381845ebb65c680089cf86b952904f9c7efcbd0.json
experiments/output/ace_sanitized_20260917/validation/configs/validation__ace_selected__proof__mathd_numbertheory_37__seed1,mathd_numbertheory_37,validation,prove_theorem_grounded,done,other_or_unobserved,6,0.04980636,dated billing receipts,False,False,audit/cells/17a5a434102450167db9930595ede36c5143a364ec3b82da519e9ade31967b1a.json
experiments/output/ace_roles_20260913/validation/configs/validation__candidate__proof__aime_1991_p9__seed0,aime_1991_p9,validation,,missing,other_or_unobserved,10,0.08231092,dated billing receipts,True,False,audit/cells/17a6ece62f886bafb8b74b6b97bde88ef8485a7361726da4a6323fbdf17b403f.json
experiments/output/ace_snippets_20260913/validation/configs/snippets-v1__mathd_numbertheory_405__validation-A__seed0,mathd_numbertheory_405,validation,prove_theorem_grounded,done,unproved_prerequisite,6,0.032642279999999996,"cache tokens, current tariff; unrecorded retries unknown",False,False,audit/cells/17b30fc99dc1d07b00c0d4d37070a5b97dc6955362840945bcb474081d2e9e34.json
experiments/output/ace_economy_refinement_20260916/final09/configs/validation__agentic__aime_1991_p9__seed0,aime_1991_p9,validation,prove_theorem_grounded,done,other_or_unobserved,17,0.04118882,dated billing receipts,False,False,audit/cells/17f62a074d1537d5e20f399a2ec02166466dbfcb8bd972c166f69f6f48617d61.json
experiments/output/ace_sanitized_20260917/validation/configs/validation__ace_selected__proof__algebra_others_exirrpowirrrat__seed0,algebra_others_exirrpowirrrat,validation,prove_theorem_grounded,done,other_or_unobserved,6,0.03664692,dated billing receipts,False,False,audit/cells/180cf3a9e799aae1f7eacf25c252825b5bcdc738a295e797e73f1b110a9f5219.json
experiments/output/ace_adaptation_x3-mono/configs/step02_curator_amc12a_2003_p1,amc12a_2003_p1,train,rewrite_playbook,done,no_verifier_evidence,0,0.0053406,"cache tokens, current tariff; unrecorded retries unknown",False,False,audit/cells/1819e1402c8174f6c0c4481193fe636b5d2ae8f12a76fd0803cda30f3142e9e8.json
experiments/output/ace_economy_refinement_20260916/pilot/configs/train__ace__aime_1988_p3__seed0,aime_1988_p3,train,prove_theorem_grounded,done,other_or_unobserved,8,0.037425019999999996,dated billing receipts,False,False,audit/cells/182679ad665c4b4135c7b601215e9033492721281c309e5528ec74b259bbd0ef.json
experiments/output/coverage_cycle_20260911/training/H/configs/imo_1967_p3__training-H__gpt-5.6-luna__seed0,imo_1967_p3,train,prove_theorem_grounded,done,unknown_reference,3,0.04573516,dated billing receipts,False,False,audit/cells/184e13b8027b4b2babb277fd3338c3b19aed6e5fa338c027546eda8a1196b259.json
experiments/output/ace_attribution_20260912/validation/terra/configs/mathd_numbertheory_43__terra-none-medium__gpt-5.6-terra__seed0,mathd_numbertheory_43,validation,prove_theorem_grounded,done,unproved_prerequisite,7,0.405381,dated billing receipts,False,False,audit/cells/1857a20b5ce1776af7242598b4660f807985999a29d637d0f7e103c5bbf7a272.json
experiments/output/ace_mechanisms_20260910/training/configs/aime_1988_p3__training-C__gpt-5.6-luna__seed0,aime_1988_p3,train,prove_theorem_grounded,done,unknown_reference,1,0.00826144,dated billing receipts,False,False,audit/cells/1891500da41c473e3a287dae407dd19af07f6df146fe05fa5be4d5c3f3aa148f.json
experiments/output/ace_mechanisms_20260910/training/configs/aime_1984_p1__training-E__gpt-5.6-luna__seed0,aime_1984_p1,train,prove_theorem_grounded,done,no_verifier_evidence,0,0.02708588,dated billing receipts,False,False,audit/cells/18fb0ac8e34b8811d77ec35a9b2cc66c053a7b4b5818d4edf016155bd607264b.json
experiments/output/ace_adaptation_x-offline-e3/configs/step91_curator_mathd_numbertheory_35,mathd_numbertheory_35,train,,failed,platform_failure,0,0.0,"cache tokens, current tariff; unrecorded retries unknown",False,False,audit/cells/18ffca4ba6ba02f5b2227f355cc06dade14ab1261581f47edecad6ba3c13d98b.json
experiments/output/ace_online_x3-online-s1_agentic/configs/mathd_numbertheory_303__ace-a1f31fe4-core-medium__gpt-5.6-luna__seed1,mathd_numbertheory_303,validation,prove_theorem_ace,done,unknown_reference,12,0.05299222,"cache tokens, current tariff; unrecorded retries unknown",False,False,audit/cells/191a9b07136280beffdc97a12e3e89dd87c7054aec31a8ad4641d17d685cd8bf.json
experiments/output/ace_adaptation_x-offline/configs/step24_generator_mathd_numbertheory_629,mathd_numbertheory_629,train,prove_theorem_ace,done,arithmetic_or_search,22,0.07183015999999999,"cache tokens, current tariff; unrecorded retries unknown",False,False,audit/cells/19671e2c983151a6079bcb8b93499eb6ad197da57f8a11f908763d0931536ac5.json
experiments/output/ace_adaptation_x-offline/configs/step39_generator_imo_1967_p3,imo_1967_p3,train,prove_theorem_ace,done,arithmetic_or_search,16,0.03885033999999999,"cache tokens, current tariff; unrecorded retries unknown",False,False,audit/cells/197b97e3c0ad3bb40a95619baadf19328644791df54736406d6c384ae504a50f.json
experiments/output/ace_polish_validation/configs/aime_1991_p9__reference-r64__gpt-5.6-luna__seed1,aime_1991_p9,validation,prove_theorem_grounded,done,other_or_unobserved,14,0.04051352,"cache tokens, current tariff; unrecorded retries unknown",False,False,audit/cells/197ffa9b329b7c458a630996f28a976ac735aa8ac74c7ff7bb00ff53bb1a43fc.json
experiments/output/ace_x_validation_agentic/configs/imo_1969_p2__ace-1ac8a092-k10-core-medium__gpt-5.6-luna__seed0,imo_1969_p2,validation,prove_theorem_ace,done,incomplete_proof,15,0.033540679999999996,"cache tokens, current tariff; unrecorded retries unknown",False,False,audit/cells/198a47f4065da04b18263a5043f91f72cb0a7edc57d726dc5b09c9deaaf917c7.json
experiments/output/ace_revision_20260913/validation/configs/validation__control__proof__mathd_algebra_282__seed0,mathd_algebra_282,validation,prove_theorem_grounded,done,incomplete_proof,20,0.02874014,dated billing receipts,False,False,audit/cells/19c0958c430fc5ce3ac7477c0cc6aaeb0304befadb284e7469ac7f5568ea1d4c.json
experiments/output/ace_x_validation_ace_x3_noreflect_rv3_agentic/configs/imo_1969_p2__ace-ce233fe0-core-medium__gpt-5.6-luna__seed1,imo_1969_p2,validation,prove_theorem_ace,done,incomplete_proof,24,0.02196752,"cache tokens, current tariff; unrecorded retries unknown",False,False,audit/cells/1a038674f2e90e1ebb4f979170de00a5507d38652186258fc6296f5c8e835ccc.json
experiments/output/ace_polish_validation/configs/mathd_numbertheory_530__reference-r64__gpt-5.6-luna__seed1,mathd_numbertheory_530,validation,prove_theorem_grounded,done,unproved_prerequisite,8,0.04194104,"cache tokens, current tariff; unrecorded retries unknown",False,False,audit/cells/1a03d20de07e463a55894043087147ebd178b9efd68c70221be0b8ad5551ecf1.json
experiments/output/ace_adaptation_x3-mono/configs/step23_generator_imo_1983_p6,imo_1983_p6,train,prove_theorem_ace,done,unproved_prerequisite,20,0.0384845,"cache tokens, current tariff; unrecorded retries unknown",False,False,audit/cells/1a16b3750666a8dbbd524cb26eb8cb8ae84e69b51098973c7085309ac2df8161.json
experiments/output/ace_adaptation_x5-offline/configs/step21_generator_amc12a_2020_p13,amc12a_2020_p13,train,prove_theorem_ace,done,unproved_prerequisite,17,0.05053186,"cache tokens, current tariff; unrecorded retries unknown",False,False,audit/cells/1a1715775cd3ebcabe892a4473488b5b7b109c0804ffb2f034107bc88504f8ee.json
experiments/output/ace_sanitized_20260917/validation/configs/validation__agentic__proof__mathd_numbertheory_37__seed1,mathd_numbertheory_37,validation,prove_theorem_grounded,done,unknown_reference,13,0.01839948,dated billing receipts,False,False,audit/cells/1a1a4936f10904c23a0a3acd33167815e23faf64df311263a773056088ca7475.json
experiments/output/ace_adaptation_x4-offline/configs/step26_generator_aime_1988_p8,aime_1988_p8,train,prove_theorem_ace,done,unproved_prerequisite,21,0.077949,"cache tokens, current tariff; unrecorded retries unknown",False,False,audit/cells/1a4766324aa477e1f69365e377225067203940f75deb238fed01b69e93fdd259.json
experiments/output/ace_snippets_20260913/training/configs/snippets-v1__induction_pord1p1on2powklt5on2__training-A__seed0,induction_pord1p1on2powklt5on2,train,prove_theorem_grounded,done,other_or_unobserved,11,0.040882199999999994,"cache tokens, current tariff; unrecorded retries unknown",False,False,audit/cells/1a53e37996239ee1b37ce0efb8411ff776e89a44979f274ac552785dd33cd852.json
experiments/output/ace_models_20260910/proof/configs/amc12b_2002_p11__prover-xhigh-34e051ff5274f9eb__gpt-5.6-luna__seed0,amc12b_2002_p11,train,prove_theorem_grounded,done,no_verifier_evidence,0,0.02518686,dated billing receipts,False,False,audit/cells/1a563445a036dda49f18e797278353c8172158562ea4fbe1a996c80fb87b1ffd.json
experiments/output/coverage_cycle_20260911/training/H/configs/mathd_numbertheory_629__training-H__gpt-5.6-luna__seed0,mathd_numbertheory_629,train,prove_theorem_grounded,done,other_or_unobserved,16,0.04406612,dated billing receipts,False,False,audit/cells/1a7950a8b47b396f587d2a0f696ccd24c1e3cb8fe12a4a90dc4d9950d1e35fa6.json
experiments/output/ace_x_validation_ace_x3_offline_e3_rv3_agentic/configs/amc12a_2008_p4__ace-d0d7ce24-core-medium__gpt-5.6-luna__seed1,amc12a_2008_p4,validation,prove_theorem_ace,done,incomplete_proof,22,0.021014119999999997,"cache tokens, current tariff; unrecorded retries unknown",False,False,audit/cells/1a9e20e55fd5891346a4bb8f07d5ef8b75ddadbcedf4fe15e46cdb3d6d3d2ba0.json
experiments/output/ace_adaptation_x-offline-e3/configs/step96_curator_amc12a_2002_p13,amc12a_2002_p13,train,,failed,platform_failure,0,0.0,"cache tokens, current tariff; unrecorded retries unknown",False,False,audit/cells/1ac43aee3d5ac9661c6d7f9457e701a29309be99fb81b47383c757a7bf3a48d1.json
experiments/output/ace_adaptation_x3-noreflect/configs/step34_generator_mathd_algebra_224,mathd_algebra_224,train,prove_theorem_ace,done,incomplete_proof,20,0.067153,"cache tokens, current tariff; unrecorded retries unknown",False,False,audit/cells/1af3b7094a60b4bef44124c3ce3650b88948053be30c104565bed4237de83f17.json
experiments/output/ace_economy_refinement_20260916/final09/configs/validation__agentic_reset_compact__amc12a_2020_p21__seed0,amc12a_2020_p21,validation,prove_theorem_grounded,done,incomplete_proof,25,0.04243258,dated billing receipts,False,False,audit/cells/1b19d090d867bcc0398a0b62784bf92f0d704828efe9b82ad21d3652661bf6b6.json
experiments/output/ace_adaptation_x4-offline/configs/step14_generator_algebra_amgm_sum1toneqn_prod1tonleq1,algebra_amgm_sum1toneqn_prod1tonleq1,train,prove_theorem_ace,done,incomplete_proof,22,0.02027728,"cache tokens, current tariff; unrecorded retries unknown",False,False,audit/cells/1b340845bb47b87e55b4313cf872d2a2e24230c75090df3b6705d4e81f565a65.json
experiments/output/ace_economy_budget_20260916/validation/configs/validation__agentic__algebra_others_exirrpowirrrat__seed1,algebra_others_exirrpowirrrat,validation,prove_theorem_grounded,done,other_or_unobserved,21,0.12272195999999999,dated billing receipts,False,False,audit/cells/1b4b6fb0843e5540d6ff35d63d11b464e1c1a84d577f89210fa5d98dde94e461.json
experiments/output/ace_polish_validation/configs/mathd_numbertheory_43__reference-r64__gpt-5.6-luna__seed1,mathd_numbertheory_43,validation,prove_theorem_grounded,done,other_or_unobserved,10,0.03139088,"cache tokens, current tariff; unrecorded retries unknown",False,False,audit/cells/1b55ab5ab95b9b1681d9d3679148fb918358722d39a9d6346e554c3deeb25de0.json
experiments/output/ace_contenders_20260910/configs/mathd_numbertheory_303__validation-reflector-medium__gpt-5.6-luna__seed0,mathd_numbertheory_303,validation,prove_theorem_grounded,done,other_or_unobserved,2,0.03851142,dated billing receipts,False,False,audit/cells/1b785d78e14fab16a332b9f07bed287cb4c7f894202cde5498ae157c33976e1f.json
experiments/output/ace_x_validation_ace_x3_offline_rv2_agentic/configs/imo_1969_p2__ace-1e4aec7d-core-medium__gpt-5.6-luna__seed0,imo_1969_p2,validation,prove_theorem_ace,done,incomplete_proof,26,0.03081858,"cache tokens, current tariff; unrecorded retries unknown",False,False,audit/cells/1b9c6a88f817ea8951694d8aef451419e804e1f11852a2a446471f0aef7b92fc.json
experiments/output/ace_online_x-online-s0_agentic/configs/mathd_numbertheory_43__ace-ec20976e-core-medium__gpt-5.6-luna__seed0,mathd_numbertheory_43,validation,prove_theorem_ace,done,incomplete_proof,16,0.02527282,"cache tokens, current tariff; unrecorded retries unknown",False,False,audit/cells/1ba7825c4441914b308479154cc0448b5f71c9971dd90dfdc8921e1155ffea2c.json
experiments/output/ace_review_development/configs/mathd_numbertheory_37__baseline-r64__gpt-5.6-luna__seed0,mathd_numbertheory_37,validation,prove_theorem_agentic,done,arithmetic_or_search,23,0.10962869999999998,"cache tokens, current tariff; unrecorded retries unknown",False,False,audit/cells/1bbea0b38682d640d6d20b8253ef76c0a9251453fbf5d2d34fbf7463e07f03d6.json
experiments/output/coverage_cycle_20260911/validation/D2/configs/amc12a_2019_p21__validation-D2__gpt-5.6-luna__seed0,amc12a_2019_p21,validation,prove_theorem_grounded,done,arithmetic_or_search,14,0.039543339999999996,dated billing receipts,False,False,audit/cells/1bdb1a1fbc7b62f42e4f8187d6ddcd25b409c8b3e2d7254f5fcdcbc33444f7f8.json
experiments/output/ace_x_validation_agentic/configs/amc12a_2019_p21__ace-1ac8a092-core-medium__gpt-5.6-luna__seed1,amc12a_2019_p21,validation,prove_theorem_ace,done,other_or_unobserved,16,0.08943132000000001,"cache tokens, current tariff; unrecorded retries unknown",False,False,audit/cells/1c1e61df18e681c847f34f25568c3d8eaeb4082781545d8fe2d95d66e2645d0d.json
experiments/output/ace_models_20260910/proof/configs/imo_1977_p6__prover-xhigh-3bfe5109dc462e8c__gpt-5.6-luna__seed0,imo_1977_p6,train,prove_theorem_grounded,done,no_verifier_evidence,0,0.0257421,dated billing receipts,False,False,audit/cells/1c232eafde9e124929d7ae8959fc3e334d9c571928d28f39f3e2de38e6fb7071.json
experiments/output/ace_adaptation_x-offline-e3/configs/step84_curator_mathd_algebra_224,mathd_algebra_224,train,,failed,platform_failure,0,0.0,"cache tokens, current tariff; unrecorded retries unknown",False,False,audit/cells/1c3e092975c2e8e773add3ceec717337fed3496df50ca8a3e574ef9e460cd082.json
experiments/output/ace_economy_refinement_20260916/final05/configs/validation__ace_reset__mathd_numbertheory_43__seed1,mathd_numbertheory_43,validation,prove_theorem_grounded,done,verifier_resource,9,0.040637639999999996,dated billing receipts,False,False,audit/cells/1c62425d3810b10b30e5e2f3bf9069b8b86ad6ec2d1529ca73adb2a1d4faf08e.json
experiments/output/ace_snippets_20260913/validation/configs/snippets-v1__aime_1984_p7__validation-A__seed0,aime_1984_p7,validation,prove_theorem_grounded,done,unknown_reference,12,0.04602964,"cache tokens, current tariff; unrecorded retries unknown",False,False,audit/cells/1ca2dcd2fe2a82e34311020ae2012b64f9de390ba2eeb8da4db514646075f50c.json
experiments/output/ace_models_20260910/proof/configs/induction_pord1p1on2powklt5on2__prover-high-1e4aec7dbbe80e7a__gpt-5.6-luna__seed0,induction_pord1p1on2powklt5on2,train,prove_theorem_grounded,done,no_verifier_evidence,0,0.02665612,dated billing receipts,False,False,audit/cells/1cacd81dd192a35f59ad41769c8b3ff8719ded26b3d5f199afc13b93b89cbe16.json
experiments/output/ace_adaptation_x3-mono/configs/step11_curator_mathd_numbertheory_42,mathd_numbertheory_42,train,rewrite_playbook,done,no_verifier_evidence,0,0.010007160000000001,"cache tokens, current tariff; unrecorded retries unknown",False,False,audit/cells/1cb3ab6d74bcc35c55bdb0f18d70ebd33e23b700f6f76f4c721bb89f45f4a9b3.json
experiments/output/ace_contenders_20260910/configs/aime_1991_p9__validation-reflector-medium__gpt-5.6-luna__seed0,aime_1991_p9,validation,prove_theorem_grounded,done,unknown_reference,1,0.028465619999999997,dated billing receipts,False,False,audit/cells/1cdc731a65e3001385f57b508c59cb8d140ccc49da4f7732f762664ff08d4822.json
experiments/output/ace_sanitized_20260917/validation/configs/validation__ace_coverage__proof__mathd_numbertheory_530__seed0,mathd_numbertheory_530,validation,prove_theorem_grounded,done,other_or_unobserved,11,0.06406115999999999,dated billing receipts,False,False,audit/cells/1d016136f877faaf7cb0fa04464ce4f903211becceb7bd87bfb354120f9e00cd.json
experiments/output/ace_economy_20260916/validation/configs/validation__session__imo_1984_p6__seed1,imo_1984_p6,validation,prove_theorem_grounded,done,other_or_unobserved,3,0.02235928,dated billing receipts,False,False,audit/cells/1d1914309d2610e55cea8a149b40dfd62484800581def802a0911b86c15c2585.json
experiments/output/ace_economy_refinement_20260916/final05/configs/validation__agentic__induction_prod1p1onk3le3m1onn__seed0,induction_prod1p1onk3le3m1onn,validation,prove_theorem_grounded,done,unproved_prerequisite,12,0.042589459999999996,dated billing receipts,False,False,audit/cells/1d240f065659ea02b45cc135f078eeab4e8f2af36bfe22c4e643a16596c3bee4.json
experiments/output/coverage_cycle_20260911/validation/D2/configs/mathd_numbertheory_405__validation-D2__gpt-5.6-luna__seed0,mathd_numbertheory_405,validation,prove_theorem_grounded,done,other_or_unobserved,10,0.0412494,dated billing receipts,False,False,audit/cells/1d2886989870eb0ffb10e0860419440a42e539106a77a4dd2132f028a809c69b.json
experiments/output/ace_economy_20260916/validation/configs/validation__ace__mathd_numbertheory_530__seed1,mathd_numbertheory_530,validation,prove_theorem_grounded,done,unproved_prerequisite,5,0.0348965,dated billing receipts,False,False,audit/cells/1d39127276e3c86d7bf7873340069ebf49a65f4fbc57cbd3c43efd69ef49cded.json
experiments/output/ace_economy_refinement_20260916/final06/configs/validation__agentic_reset__imo_1969_p2__seed1,imo_1969_p2,validation,prove_theorem_grounded,done,other_or_unobserved,14,0.04858008,dated billing receipts,False,False,audit/cells/1d439f53fceee43e33b20fdea564b7e61d21a367848cd64a29ed48437bb68609.json
experiments/output/ace_x_validation_ace_x3_noreflect_rv3_agentic/configs/algebra_others_exirrpowirrrat__ace-ce233fe0-core-medium__gpt-5.6-luna__seed1,algebra_others_exirrpowirrrat,validation,prove_theorem_ace,done,unknown_reference,9,0.02995576,"cache tokens, current tariff; unrecorded retries unknown",False,False,audit/cells/1d73037fbf68837288a00b27edbe2ccb071b1c3d4ac5b65464896f6c153e6724.json
experiments/output/ace_sanitized_20260917/validation/configs/validation__ace_selected__proof__mathd_numbertheory_530__seed0,mathd_numbertheory_530,validation,prove_theorem_grounded,done,unproved_prerequisite,9,0.04102208,dated billing receipts,False,False,audit/cells/1d76dff4e65f03c3daa694466dbd844dbf3e6ec048cc6017e07a174f3143dae9.json
experiments/output/ace_adaptation_x3-mono/configs/step21_curator_amc12a_2020_p13,amc12a_2020_p13,train,rewrite_playbook,done,no_verifier_evidence,0,0.012652919999999998,"cache tokens, current tariff; unrecorded retries unknown",False,False,audit/cells/1d7dfe9ba196210e63758961c1af3185df13196c5d3cbceeca8fa563c4d341d1.json
experiments/output/ace_economy_20260916/validation/configs/validation__views__amc12a_2020_p21__seed0,amc12a_2020_p21,validation,prove_theorem_grounded,done,arithmetic_or_search,8,0.03819388,dated billing receipts,False,False,audit/cells/1da57a4ba5c18ae79298c665582981cb6dac67c476cf2b7828b386735fd3dbf1.json
experiments/output/ace_adaptation_x3-offline-e3/configs/step28_generator_mathd_algebra_185,mathd_algebra_185,train,prove_theorem_ace,done,unknown_reference,16,0.050025,"cache tokens, current tariff; unrecorded retries unknown",False,False,audit/cells/1dc7a9ca8d790d39d67515e3669964e755af790c6d82ea120b4a84148ee5093b.json
experiments/output/ace_economy_refinement_20260916/final04/configs/validation__ace_reset_compact__mathd_numbertheory_37__seed0,mathd_numbertheory_37,validation,prove_theorem_grounded,done,arithmetic_or_search,10,0.01733726,dated billing receipts,False,False,audit/cells/1dd90da45570c3d8417883f747e924fba315377524ff2ff2f9f78387643d04d9.json
experiments/output/x_validation_stall_seenstate4_agentic_smoke/configs/algebra_amgm_sum1toneqn_prod1tonleq1__core-medium-stall-seenstate4__gpt-5.6-luna__seed0,algebra_amgm_sum1toneqn_prod1tonleq1,train,prove_theorem_agentic_stall,done,other_or_unobserved,10,0.01299168,"cache tokens, current tariff; unrecorded retries unknown",False,False,audit/cells/1dfb2156571c8ac916d9599d911d221fde069c1b88b0954ed653ed1c8a0694dd.json
experiments/output/coverage_cycle_20260911/validation/E2/configs/aime_1991_p6__validation-E2__gpt-5.6-luna__seed0,aime_1991_p6,validation,prove_theorem_grounded,done,unknown_reference,7,0.037671819999999995,dated billing receipts,False,False,audit/cells/1dfbe39c3a0b4e10dd470122209c30145885f23d20c560b2e6e86c2609e1b467.json
experiments/output/ace_economy_session_20260916/validation/configs/validation__agentic_session__imo_1969_p2__seed0,imo_1969_p2,validation,prove_theorem_grounded,done,incomplete_proof,31,0.03832334,dated billing receipts,False,False,audit/cells/1e30889ff70ed5385c13efd35ecc2cd25a9749bdfd7bd46cc272ebf5fd7967b4.json
experiments/output/ace_adaptation_x3-offline-e3/configs/step33_generator_amc12_2000_p6,amc12_2000_p6,train,prove_theorem_ace,done,other_or_unobserved,18,0.04535664000000001,"cache tokens, current tariff; unrecorded retries unknown",False,False,audit/cells/1e3b37fc6c032c33d9250326a9decd7576dd8fbb1cb68ee9d03048e6018dbb55.json
experiments/output/ace_economy_refinement_20260916/final11/configs/validation__ace_reset_compact__amc12_2000_p12__seed1,amc12_2000_p12,validation,prove_theorem_grounded,done,other_or_unobserved,4,0.0202757,dated billing receipts,False,False,audit/cells/1e3bc55319bfaadf401c11d7d88d17a99443ff316d95520bc225f52c36c85dc9.json
experiments/output/ace_economy_20260916/validation/configs/validation__agentic__aime_1991_p9__seed1,aime_1991_p9,validation,prove_theorem_grounded,done,other_or_unobserved,14,0.04057022,dated billing receipts,False,False,audit/cells/1e856c7887c2d593862ddc3daf5ff95e28961c0e5b530150c075725bf56a170f.json
experiments/output/ace_x_validation_agentic/configs/mathd_numbertheory_37__ace-1ac8a092-core-medium__gpt-5.6-luna__seed1,mathd_numbertheory_37,validation,prove_theorem_ace,done,other_or_unobserved,19,0.08601234000000002,"cache tokens, current tariff; unrecorded retries unknown",False,False,audit/cells/1e88f6192adf418a4fb029e1c1898794f40223731359c43199d067352adda0d3.json
experiments/output/ace_models_20260910/proof/configs/mathd_algebra_185__prover-xhigh-32c2336efd904991__gpt-5.6-luna__seed0,mathd_algebra_185,train,prove_theorem_grounded,done,no_verifier_evidence,0,0.02578034,dated billing receipts,False,False,audit/cells/1eac55d1728bf4a51b27b659c2a0f71050e3d58f69732d044a4d96fd01ee2dfd.json
experiments/output/ace_x_validation_agentic/configs/mathd_numbertheory_37__ace-1ac8a092-k10-core-medium__gpt-5.6-luna__seed0,mathd_numbertheory_37,validation,prove_theorem_ace,done,syntax,16,0.10112548,"cache tokens, current tariff; unrecorded retries unknown",False,False,audit/cells/1ec5805a02165017721baa52e312b865259e0c71f3b2e5cd378bd9e20b7d9750.json
experiments/output/ace_sanitized_20260917/pilots/configs/pilots__output__proof__mathd_algebra_185__seed0,mathd_algebra_185,train,prove_theorem_grounded,done,unknown_reference,15,0.06411839999999999,dated billing receipts,False,False,audit/cells/1eccab9640d1d4c2f8ae5db7b3f031658528c7a1bf2c7aaa49cea5f35e0b525c.json
experiments/output/ace_control_cycle_validation/configs/imo_1984_p6__validation-r64__gpt-5.6-luna__seed0,imo_1984_p6,validation,prove_theorem_grounded,done,other_or_unobserved,19,0.07545,"cache tokens, current tariff; unrecorded retries unknown",False,False,audit/cells/1efc0798326f0d8b0f9810bd4e4a533118dc7b93867433653f9a890473e6b373.json
experiments/output/ace_revision_20260913/training/configs/training__candidate__proof__imo_1963_p5__seed0,imo_1963_p5,train,prove_theorem_grounded,done,unknown_reference,10,0.0373415,dated billing receipts,False,False,audit/cells/1f053faf5dcdabf565cbe7ba91e7a4b20a06dba80728c916cc29df280dbfc69f.json
experiments/output/ace_sanitized_20260917/validation/configs/validation__agentic__proof__amc12a_2019_p21__seed0,amc12a_2019_p21,validation,prove_theorem_grounded,done,other_or_unobserved,8,0.03540454,dated billing receipts,False,False,audit/cells/1f2202815cf6c65e552d3cc282b1812c66056ee147650ba9b69a4a503136d473.json
experiments/output/ace_mechanisms_20260910/training/configs/amc12a_2017_p7__training-R__gpt-5.6-luna__seed0,amc12a_2017_p7,train,prove_theorem_grounded,done,other_or_unobserved,7,0.014398419999999999,dated billing receipts,False,False,audit/cells/1f2ba2905772c0ab52b4feb6a18a2249a10d6298c377347786e40fc6cbdd530a.json
experiments/output/ace_x_validation_agentic/configs/mathd_numbertheory_43__ace-1ac8a092-k10-core-medium__gpt-5.6-luna__seed0,mathd_numbertheory_43,validation,prove_theorem_ace,done,other_or_unobserved,20,0.03866213999999999,"cache tokens, current tariff; unrecorded retries unknown",False,False,audit/cells/1f3a516725c3cb5dc172da5cf29c093e3e1943d4680f4bf756251c6078ac9ce8.json
experiments/output/coverage_cycle_20260911/validation/E2/configs/imo_1969_p2__validation-E2__gpt-5.6-luna__seed0,imo_1969_p2,validation,prove_theorem_grounded,done,arithmetic_or_search,9,0.04006346,dated billing receipts,False,False,audit/cells/1f60d12038d88620fc21bccb55965db86ba6998a9193544697e2f9fafe97f243.json
experiments/output/ace_revision_20260913/training/configs/training__control__proof__algebra_amgm_sum1toneqn_prod1tonleq1__seed0,algebra_amgm_sum1toneqn_prod1tonleq1,train,prove_theorem_grounded,done,other_or_unobserved,8,0.034931239999999995,dated billing receipts,False,False,audit/cells/1fe97aa653ce12e477adb4faaa5802347269ba9c48fba913eac4197c6a833c54.json
experiments/output/ace_polish_validation/configs/imo_1969_p2__candidate-r64__gpt-5.6-luna__seed1,imo_1969_p2,validation,prove_theorem_grounded,done,arithmetic_or_search,9,0.038440100000000005,"cache tokens, current tariff; unrecorded retries unknown",False,False,audit/cells/2018807b77f9abbae574ffe83bda7425275ca62bf4654dcfe6961f2c89c4f35d.json
experiments/output/ace_x_validation_ace_x5_offline_rv3_agentic/configs/algebra_others_exirrpowirrrat__ace-fc7b45d4-core-medium__gpt-5.6-luna__seed0,algebra_others_exirrpowirrrat,validation,prove_theorem_ace,done,unknown_reference,11,0.03697598000000001,"cache tokens, current tariff; unrecorded retries unknown",False,False,audit/cells/2048d07189a95da84d8b655faae49a49a2eada20a8eaf7b175f3c3cc880efe3a.json
experiments/output/ace_review_development/configs/mathd_numbertheory_43__baseline-r64__gpt-5.6-luna__seed1,mathd_numbertheory_43,validation,prove_theorem_agentic,done,verifier_resource,38,0.0470119,"cache tokens, current tariff; unrecorded retries unknown",False,False,audit/cells/20497822ed6631434bc28f67d1856688e1d21fee074ceb19e0f117e3e04419a1.json
experiments/output/ace_review_development/configs/imo_1984_p6__repair1-r64__gpt-5.6-luna__seed0,imo_1984_p6,validation,prove_theorem_ace,done,incomplete_proof,48,0.08590703999999998,"cache tokens, current tariff; unrecorded retries unknown",False,False,audit/cells/206f6291aa211eff98c08c366f3a6537ce26cff73329bd250ed5dace0a3cf2f3.json
experiments/output/ace_models_20260910/proof/configs/imo_1983_p6__prover-xhigh-26d7cc1993e76d38__gpt-5.6-luna__seed0,imo_1983_p6,train,prove_theorem_grounded,done,syntax,1,0.03156938,dated billing receipts,False,False,audit/cells/20ad854529b07a6074031cfd8436fdf82d69441a65cd53c4d7cd14be0c754097.json
experiments/output/ace_economy_refinement_20260916/final10/configs/validation__agentic_compact__mathd_numbertheory_405__seed1,mathd_numbertheory_405,validation,prove_theorem_grounded,done,syntax,7,0.043146119999999996,dated billing receipts,False,False,audit/cells/20c878869d8d5c2d3f148dc081451b4de5934330f073ca064bb0f564ead0d68c.json
experiments/output/ace_x_validation_ace_x3_offline_rv3_agentic/configs/induction_prod1p1onk3le3m1onn__ace-1e4aec7d-core-medium__gpt-5.6-luna__seed1,induction_prod1p1onk3le3m1onn,validation,prove_theorem_ace,done,syntax,12,0.03862531999999999,"cache tokens, current tariff; unrecorded retries unknown",False,False,audit/cells/20e998301af04e46501a9a3205fe9f0e496d51378be0b238dd68ae4171cc658f.json
experiments/output/ace_review_development/configs/mathd_algebra_282__baseline-r64__gpt-5.6-luna__seed1,mathd_algebra_282,validation,prove_theorem_agentic,done,incomplete_proof,51,0.06651694,"cache tokens, current tariff; unrecorded retries unknown",False,False,audit/cells/20efdd86ce4c52908c13f7dea10e5b77baa9a3b6c41f28c7153bfd680f9c6625.json
experiments/output/ace_x_validation_ace_x3_offline_rv3_agentic/configs/mathd_numbertheory_43__ace-1e4aec7d-core-medium__gpt-5.6-luna__seed0,mathd_numbertheory_43,validation,prove_theorem_ace,done,incomplete_proof,22,0.029195620000000005,"cache tokens, current tariff; unrecorded retries unknown",False,False,audit/cells/210308f604caeba5d43d7a40f14ed38871fe361b1b3d86005adfabb8982a138a.json
experiments/output/ace_models_20260910/proof/configs/algebra_amgm_sum1toneqn_prod1tonleq1__prover-low-1e4aec7dbbe80e7a__gpt-5.6-luna__seed0,algebra_amgm_sum1toneqn_prod1tonleq1,train,prove_theorem_grounded,done,unproved_prerequisite,27,0.03275768,dated billing receipts,False,False,audit/cells/210639798b91fc1bb88e0abcacb677208da0a124ef7881a38909c367ca051f91.json
experiments/output/ace_x_validation_agentic/configs/amc12a_2020_p21__ace-1ac8a092-core-medium__gpt-5.6-luna__seed1,amc12a_2020_p21,validation,prove_theorem_ace,done,other_or_unobserved,7,0.12287653999999999,"cache tokens, current tariff; unrecorded retries unknown",False,False,audit/cells/210d0eb5d871a32a7484c38e5447b91997596e5ecd4d0804380efb1dbc2b43ee.json
experiments/output/ace_economy_refinement_20260916/final11/configs/validation__agentic_reset_compact__amc12_2000_p12__seed0,amc12_2000_p12,validation,prove_theorem_grounded,done,other_or_unobserved,9,0.04260818,dated billing receipts,False,False,audit/cells/2111b9536655b62aa335db1d5d712e108030d93f65d65ad51ce074f7afa935f7.json
experiments/output/ace_economy_budget_20260916/validation/configs/validation__agentic__amc12a_2020_p21__seed0,amc12a_2020_p21,validation,prove_theorem_grounded,done,incomplete_proof,48,0.0446557,dated billing receipts,False,False,audit/cells/211cae96188432d380e4e12905ef46709efdcb37a376e5584b9acf8f63c4c6d5.json
experiments/output/ace_attribution_20260912/swaps/configs/mathd_numbertheory_43__terra-luna-book-medium__gpt-5.6-terra__seed0,mathd_numbertheory_43,validation,prove_theorem_grounded,done,other_or_unobserved,14,0.2193528,dated billing receipts,False,False,audit/cells/213e6803c2a94f9dd817c187509963f4e541626ee1dbbe019eff1772f5e09a41.json
experiments/output/ace_revision_20260913/validation/configs/validation__control__proof__mathd_numbertheory_43__seed1,mathd_numbertheory_43,validation,prove_theorem_grounded,done,other_or_unobserved,16,0.02364728,dated billing receipts,False,False,audit/cells/216361f1bd17d945e77edd99417813264d886de603a6cbfc76e28d29c361dad1.json
experiments/output/ace_review_calibration/configs/imo_1977_p6__baseline-r64__gpt-5.6-luna__seed1,imo_1977_p6,train,prove_theorem_agentic,done,incomplete_proof,41,0.10000586000000002,"cache tokens, current tariff; unrecorded retries unknown",False,False,audit/cells/21ca35b604ea107ff105812e92f519dade767cfe2c46c89e1804e932d756707b.json
experiments/output/ace_economy_refinement_20260916/final05/configs/validation__agentic__mathd_numbertheory_43__seed1,mathd_numbertheory_43,validation,prove_theorem_grounded,done,other_or_unobserved,11,0.0200745,dated billing receipts,False,False,audit/cells/21f5ea62827d43feb138fe9cf191d330db8418f94e4c1ac9af061687b02826f6.json
experiments/output/ace_economy_refinement_20260916/final10/configs/validation__agentic__mathd_numbertheory_405__seed1,mathd_numbertheory_405,validation,prove_theorem_grounded,done,other_or_unobserved,9,0.039960039999999995,dated billing receipts,False,False,audit/cells/21fb3acc926f40101d917d45b3548b45a4ae9ecfedbc8e88ab02aa18c06ecd39.json
experiments/output/ace_adaptation_x-offline-e3/configs/step86_curator_mathd_numbertheory_301,mathd_numbertheory_301,train,,failed,platform_failure,0,0.0,"cache tokens, current tariff; unrecorded retries unknown",False,False,audit/cells/221b273ec5d95d1b619ff62a73cd7411dc89210015ef09e6cc2a81608becdc3d.json
experiments/output/ace_x_validation_agentic/configs/amc12_2001_p21__ace-1ac8a092-k10-core-medium__gpt-5.6-luna__seed0,amc12_2001_p21,validation,prove_theorem_ace,done,verifier_resource,20,0.06751256,"cache tokens, current tariff; unrecorded retries unknown",False,False,audit/cells/221cd9f62bc5778416c322551d7e068f154505cd316514aaebeefd97e6431c51.json
experiments/output/ace_control_cycle_training/configs/imo_1977_p6__trained-r64__gpt-5.6-luna__seed0,imo_1977_p6,train,prove_theorem_grounded,done,unproved_prerequisite,14,0.06918742,"cache tokens, current tariff; unrecorded retries unknown",False,False,audit/cells/223411314d62eb6e36b51d6adb06952995d55b668a467a4f880f30c9757fcb5a.json
experiments/output/ace_attribution_20260912/validation/terra/configs/mathd_numbertheory_530__terra-none-medium__gpt-5.6-terra__seed0,mathd_numbertheory_530,validation,prove_theorem_grounded,done,other_or_unobserved,1,0.3371436,dated billing receipts,False,False,audit/cells/224862702f5aee609b757889d627b9bb1b5450b8b990e766dd062b25fffcc76b.json
experiments/output/ace_models_20260910/proof/configs/imo_1977_p6__prover-high-1e4aec7dbbe80e7a__gpt-5.6-luna__seed0,imo_1977_p6,train,prove_theorem_grounded,done,other_or_unobserved,5,0.040330819999999996,dated billing receipts,False,False,audit/cells/225a27d46f93e9c92ef5a7eff6b3101845335f66a4e2dd2d18e8263f20efb34a.json
experiments/output/ace_revision_20260913/validation/configs/validation__control__proof__imo_1969_p2__seed1,imo_1969_p2,validation,prove_theorem_grounded,done,other_or_unobserved,5,0.03890118,dated billing receipts,False,False,audit/cells/225d5ae938dd3c6969d0d7f64152b53ff41c8e809039c52604938b795f0c18e7.json
experiments/output/ace_economy_20260916/validation/configs/validation__ace__amc12_2000_p12__seed1,amc12_2000_p12,validation,prove_theorem_grounded,done,unknown_reference,12,0.03843196,dated billing receipts,False,False,audit/cells/2275c2c6e511ee78cbcd3b0a4457bdea58656ad23a70454e5e8250c7f972b03b.json
experiments/output/ace_economy_20260916/validation/configs/validation__budget__mathd_algebra_282__seed1,mathd_algebra_282,validation,prove_theorem_grounded,done,incomplete_proof,26,0.05880816,dated billing receipts,False,False,audit/cells/22920a752ad833ae4d8689eeb96123a6cd25439b9a9196aed8d63fcafa9c11a9.json
experiments/output/ace_online_x-online-s1_agentic/configs/imo_1984_p6__ace-8d79fec4-core-medium__gpt-5.6-luna__seed1,imo_1984_p6,validation,prove_theorem_ace,done,incomplete_proof,21,0.03179582,"cache tokens, current tariff; unrecorded retries unknown",False,False,audit/cells/22a48851aa580fb932ddd199b8d80f69b2cef52033100ff7cb39555fb103d3f6.json
experiments/output/ace_x_validation_ace_x3_offline_agentic/configs/mathd_numbertheory_303__ace-1e4aec7d-core-medium__gpt-5.6-luna__seed0,mathd_numbertheory_303,validation,prove_theorem_ace,done,unproved_prerequisite,17,0.056629360000000004,"cache tokens, current tariff; unrecorded retries unknown",False,False,audit/cells/22c04cea97e42f33e20634f9d77c76f440036db85d20d620cc873c145bbd43e7.json
experiments/output/ace_economy_20260916/validation/configs/validation__session__amc12a_2020_p21__seed1,amc12a_2020_p21,validation,prove_theorem_grounded,done,syntax,8,0.0427428,dated billing receipts,False,False,audit/cells/22d945c8bf9d7282bc9833c488a36755c7387e8008b8155b4dacff757248a922.json
experiments/output/ace_economy_20260916/validation/configs/validation__views__mathd_numbertheory_43__seed0,mathd_numbertheory_43,validation,prove_theorem_grounded,done,other_or_unobserved,10,0.0289157,dated billing receipts,False,False,audit/cells/22e918b4136959f644b405f505ca7cbe002d02c3a00743c64c97f706a616f6a5.json
experiments/output/ace_x_validation_agentic/configs/imo_1969_p2__ace-1ac8a092-core-medium__gpt-5.6-luna__seed1,imo_1969_p2,validation,prove_theorem_ace,done,incomplete_proof,26,0.0263736,"cache tokens, current tariff; unrecorded retries unknown",False,False,audit/cells/22ed65c450a07a414abe4fb49720fe67edb231c0afc73d14bec201481819a432.json
experiments/output/ace_mechanisms_20260910/training/configs/amc12a_2017_p7__training-S__gpt-5.6-luna__seed0,amc12a_2017_p7,train,prove_theorem_grounded,done,arithmetic_or_search,1,0.00370068,dated billing receipts,False,False,audit/cells/22f5ffb8db7ee12753688511e979a321918780571dc9817ddae6b149cf793075.json
experiments/output/ace_roles_20260913/validation/configs/validation__candidate__proof__aime_1991_p6__seed0,aime_1991_p6,validation,,missing,unknown_reference,4,0.089213,dated billing receipts,True,False,audit/cells/2304caa49779d1b78f6dfd49f07bf6aa2e8cf56e35c83dd936566aee9ea87bc1.json
experiments/output/ace_online_x4-online-s0_agentic/configs/amc12a_2020_p21__ace-1ccfd336-core-medium__gpt-5.6-luna__seed0,amc12a_2020_p21,validation,prove_theorem_ace,done,other_or_unobserved,25,0.08352614,"cache tokens, current tariff; unrecorded retries unknown",False,False,audit/cells/2318ad07316ed14fc85bbc59ff38f7ef933eb37f0329dc3f6e3fb18fe8be0979.json
experiments/output/acet_x_validation_ace_x5_offline_k3_agentic/configs/aime_1991_p6__acet-fc7b45d4-b1806cce-k3-core-medium__gpt-5.6-luna__seed0,aime_1991_p6,validation,prove_theorem_ace_triggered,done,incomplete_proof,27,0.03377846,"cache tokens, current tariff; unrecorded retries unknown",False,False,audit/cells/2329b4b6b16fa4db67ed7526643d2b1e69f2a5be8ab7f4a0b3c7e297bd78f5d9.json
experiments/output/ace_mechanisms_20260910/training/configs/amc12a_2020_p13__training-C__gpt-5.6-luna__seed0,amc12a_2020_p13,train,prove_theorem_grounded,done,unproved_prerequisite,7,0.03130396,dated billing receipts,False,False,audit/cells/2339efa43d0d8d881def1df86ccb5cffd7316125221832cd59477670fa420204.json
experiments/output/ace_economy_budget_20260916/validation/configs/validation__agentic__amc12a_2019_p21__seed0,amc12a_2019_p21,validation,prove_theorem_grounded,done,incomplete_proof,17,0.12003045999999999,dated billing receipts,False,False,audit/cells/2342b827ea183043fc3f07f51f4e8b66d7cb7598cb95a0da4d8a6e8d560a63d6.json
experiments/output/ace_polish_validation/configs/induction_prod1p1onk3le3m1onn__reference-r64__gpt-5.6-luna__seed1,induction_prod1p1onk3le3m1onn,validation,prove_theorem_grounded,done,unproved_prerequisite,9,0.03967914,"cache tokens, current tariff; unrecorded retries unknown",False,False,audit/cells/2373e2da3e59d192b684a8fe99cc561808597ab80a148bc4bd8d70d46b3779dd.json
experiments/output/ace_x_validation_ace_x3_offline_e3_rv3_agentic/configs/induction_prod1p1onk3le3m1onn__ace-d0d7ce24-core-medium__gpt-5.6-luna__seed0,induction_prod1p1onk3le3m1onn,validation,prove_theorem_ace,done,unproved_prerequisite,17,0.05902662000000001,"cache tokens, current tariff; unrecorded retries unknown",False,False,audit/cells/2387f9da2f2b8213f339d27dd2dd37e6bd09ca53a5f6b003d261c3108f01aacf.json
experiments/output/ace_economy_refinement_20260916/final18/configs/validation__agentic_reset__amc12b_2002_p3__seed0,amc12b_2002_p3,validation,prove_theorem_grounded,done,other_or_unobserved,10,0.0457534,dated billing receipts,False,False,audit/cells/238a07a80b4d87029bc8dfc62e809eb33db1b8115c2d5d0c3c537cd65e8654f2.json
experiments/output/ace_capacity_20260912/mechanisms/configs/imo_1967_p3__C-level0__gpt-5.6-luna__seed0,imo_1967_p3,train,prove_theorem_grounded,done,incomplete_proof,18,0.03771684,"cache tokens, current tariff; unrecorded retries unknown",False,False,audit/cells/238a4a7b0966c24f5e5ed65ab9a07ba9a67883fd6369d7c9e54f31faea23126c.json
experiments/output/ace_economy_20260916/validation/configs/validation__budget__amc12_2001_p21__seed1,amc12_2001_p21,validation,prove_theorem_grounded,done,other_or_unobserved,14,0.04148354,dated billing receipts,False,False,audit/cells/2399e728b7a79115025b90b5ac07bc00a4b638abda33110bde040437d8e25087.json
experiments/output/ace_review_calibration/configs/amc12a_2020_p13__baseline-r32__gpt-5.6-luna__seed1,amc12a_2020_p13,train,prove_theorem_agentic,done,syntax,17,0.05223794,"cache tokens, current tariff; unrecorded retries unknown",False,False,audit/cells/23bb725a3e0dbbef95db78f0fd88cfc8419f0f2361e7c26ef895e23c7f7479a1.json
experiments/output/ace_sanitized_20260917/validation/configs/validation__agentic_coverage__proof__amc12a_2020_p21__seed1,amc12a_2020_p21,validation,prove_theorem_grounded,done,incomplete_proof,35,0.04183292,dated billing receipts,False,False,audit/cells/23c87ea6f14e2be93d108efd857384ddbd2502f358abbf9362b6eaf157e56cda.json
experiments/output/ace_x_validation_ace_x3_offline_e3_rv3_agentic/configs/aime_1991_p6__ace-d0d7ce24-core-medium__gpt-5.6-luna__seed1,aime_1991_p6,validation,prove_theorem_ace,done,incomplete_proof,22,0.02819314,"cache tokens, current tariff; unrecorded retries unknown",False,False,audit/cells/23cc7fb4a474c2981660dad0ac342fd4807862befbccc52a9f18b611a4199f34.json
experiments/output/ace_attribution_20260912/validation/terra/configs/imo_1984_p6__terra-ace-medium__gpt-5.6-terra__seed0,imo_1984_p6,validation,prove_theorem_grounded,done,incomplete_proof,9,0.383316,dated billing receipts,False,False,audit/cells/23d828c7ed9820022dbb0be6dd1254bc97e5539ac61e63fccd2cb710b1cd53f7.json
experiments/output/ace_adaptation_x-offline-e3/configs/step24_generator_mathd_numbertheory_629,mathd_numbertheory_629,train,prove_theorem_ace,done,syntax,25,0.07504374000000001,"cache tokens, current tariff; unrecorded retries unknown",False,False,audit/cells/23e785a085bd821da45a28b00b98fb9d5ccf4c08c76632181e1b0e0e7409b6b0.json
experiments/output/coverage_cycle_20260911/validation/D2/configs/mathd_numbertheory_43__validation-D2__gpt-5.6-luna__seed0,mathd_numbertheory_43,validation,prove_theorem_grounded,done,unproved_prerequisite,12,0.03962872,dated billing receipts,False,False,audit/cells/24074929d8dbc6071e26d1c62e2ec220d11e84684877b108bad3be5e6ba34f39.json
experiments/output/ace_polish_validation/configs/mathd_numbertheory_405__reference-r64__gpt-5.6-luna__seed1,mathd_numbertheory_405,validation,prove_theorem_grounded,done,unproved_prerequisite,6,0.03420518,"cache tokens, current tariff; unrecorded retries unknown",False,False,audit/cells/240c26eacafcdb02d63c9a5cfa9bfd0a2d989593b233c94b970924e81d9302cb.json
experiments/output/ace_economy_refinement_20260916/final09/configs/validation__agentic_compact__aime_1991_p9__seed0,aime_1991_p9,validation,prove_theorem_grounded,done,unproved_prerequisite,11,0.04123726,dated billing receipts,False,False,audit/cells/240c2d1b3dc37ed730be7b6985c62515c2c9d0d675cd3a0e986353c18875285d.json
experiments/output/ace_economy_refinement_20260916/final05/configs/validation__agentic_compact__mathd_numbertheory_43__seed0,mathd_numbertheory_43,validation,prove_theorem_grounded,done,other_or_unobserved,12,0.03370874,dated billing receipts,False,False,audit/cells/242fd1da19f6dd740d3b65604d3b9d8264fb30f0f015cd22242b7603ed4e4eaf.json
experiments/output/ace_online_x3-online-s1_agentic/configs/mathd_numbertheory_37__ace-0bf2f71f-core-medium__gpt-5.6-luna__seed1,mathd_numbertheory_37,validation,prove_theorem_ace,done,other_or_unobserved,17,0.037701939999999996,"cache tokens, current tariff; unrecorded retries unknown",False,False,audit/cells/24470f340b79832d1c8d63ec32ee5bde6baeb3459f7ad378c048b50eb9d4110d.json
experiments/output/ace_economy_refinement_20260916/final10/configs/validation__ace_compact__mathd_numbertheory_405__seed0,mathd_numbertheory_405,validation,prove_theorem_grounded,done,unproved_prerequisite,10,0.03934484,dated billing receipts,False,False,audit/cells/245f3e7971031b9a0554bf7fa7abe3db3dd9ef5f78a803b0f8757dc827c68747.json
experiments/output/x_validation_agentic/configs/aime_1991_p6__core-medium__gpt-5.6-luna__seed0,aime_1991_p6,validation,prove_theorem_agentic,done,unproved_prerequisite,11,0.03678305999999999,"cache tokens, current tariff; unrecorded retries unknown",False,False,audit/cells/2481ac69d0a25908ae37d12988df9ad4fb5998024adec4937fc26e2a7715dae7.json
experiments/output/ace_x_validation_agentic/configs/mathd_numbertheory_530__ace-1ac8a092-k10-core-medium__gpt-5.6-luna__seed0,mathd_numbertheory_530,validation,prove_theorem_ace,done,other_or_unobserved,8,0.0320295,"cache tokens, current tariff; unrecorded retries unknown",False,False,audit/cells/24919f774f51d0ff7ba2f3a53eadda7429a1b984a8659d893fd77def746a5578.json
experiments/output/ace_models_20260910/proof/configs/amc12_2000_p1__selection-xhigh-68338b80d7121921__gpt-5.6-luna__seed0,amc12_2000_p1,train,prove_theorem_grounded,done,other_or_unobserved,4,0.04416522,dated billing receipts,False,False,audit/cells/24a12b9c3784348f941765df65ba5f4f44dbb2fa82526f1ab3e8ffde8bf29eff.json
experiments/output/ace_economy_20260916/validation/configs/validation__agentic__mathd_numbertheory_530__seed1,mathd_numbertheory_530,validation,prove_theorem_grounded,done,unproved_prerequisite,4,0.03710884,dated billing receipts,False,False,audit/cells/24b3857be2285656273b0e8e29568476f04b81f35e4cca48d09847b640e80f8c.json
experiments/output/ace_economy_session_20260916/validation/configs/validation__agentic_session__mathd_numbertheory_43__seed0,mathd_numbertheory_43,validation,prove_theorem_grounded,done,syntax,9,0.02868122,dated billing receipts,False,False,audit/cells/24b4d5f708253f8858ad36fec5a4998ac86e972aa5f950a5605c37b6a13a2976.json
experiments/output/ace_mechanisms_20260910/training/configs/aime_1988_p3__training-S__gpt-5.6-luna__seed0,aime_1988_p3,train,prove_theorem_grounded,done,syntax,6,0.02054004,dated billing receipts,False,False,audit/cells/24bc3a26048159476edef39dffd7440c229c00381adaa4ecf79daf4316781499.json
experiments/output/ace_economy_refinement_20260916/final04/configs/validation__agentic_compact__mathd_numbertheory_37__seed1,mathd_numbertheory_37,validation,prove_theorem_grounded,done,other_or_unobserved,13,0.02098162,dated billing receipts,False,False,audit/cells/24bd7f87e8275fd00049851047a5f4c8779e3adf3aeea77c832cb334d228ce5c.json
experiments/output/ace_capacity_20260912/mechanisms/configs/imo_1967_p3__B-level0__gpt-5.6-terra__seed0,imo_1967_p3,train,prove_theorem_grounded,done,other_or_unobserved,6,0.35137140000000006,"cache tokens, current tariff; unrecorded retries unknown",False,False,audit/cells/25b8dd5793dd81ebe6a58d046708b80701cb37b559a4b1dc2a38e355e365c105.json
experiments/output/ace_models_20260910/proof/configs/mathd_numbertheory_221__prover-xhigh-38ac3031ca8083bc__gpt-5.6-luna__seed0,mathd_numbertheory_221,train,prove_theorem_grounded,done,other_or_unobserved,1,0.02309108,dated billing receipts,False,False,audit/cells/25c62a0346a24c1f4a952a1cd0b2c4a721b4f62ca52702bfb82573fbf59385f4.json
experiments/output/ace_online_x-online-warm-s0_agentic/configs/amc12_2000_p12__ace-6d499082-core-medium__gpt-5.6-luna__seed0,amc12_2000_p12,validation,prove_theorem_ace,done,other_or_unobserved,21,0.054332299999999986,"cache tokens, current tariff; unrecorded retries unknown",False,False,audit/cells/25e4c0037c6301ae260cadc5d9934c74fb7b13e2af30be9254fbef6c92261cb8.json
experiments/output/ace_roles_20260913/validation/configs/validation__candidate__proof__imo_1984_p6__seed0,imo_1984_p6,validation,,missing,no_verifier_evidence,0,0.00563488,dated billing receipts,False,False,audit/cells/25e7358ba36859baba0c1fff4606b4254da72b46f1105a70d87b55d51d33b825.json
experiments/output/ace_economy_20260916/validation/configs/validation__ace__mathd_algebra_282__seed1,mathd_algebra_282,validation,prove_theorem_grounded,done,incomplete_proof,11,0.03175474,dated billing receipts,False,False,audit/cells/2604af6fe5f4d2f1bed05c5feaff5a9ae528ea2ad731da815dd5bfdf127cd317.json
experiments/output/ace_x_validation_agentic/configs/mathd_numbertheory_43__ace-1ac8a092-core-medium__gpt-5.6-luna__seed0,mathd_numbertheory_43,validation,prove_theorem_ace,done,other_or_unobserved,20,0.06680304,"cache tokens, current tariff; unrecorded retries unknown",False,False,audit/cells/26129842a594683f28b1a74112d747ad8594650eef2336428e8e533620e02d2b.json
experiments/output/ace_adaptation_x-offline-e3/configs/step76_generator_mathd_algebra_224,mathd_algebra_224,train,prove_theorem_ace,done,incomplete_proof,18,0.07308953999999998,"cache tokens, current tariff; unrecorded retries unknown",False,False,audit/cells/2619315a7a9de12f28525eab9e88cdef101896d248befd31eaf65a2db5b81c93.json
experiments/output/ace_sanitized_20260917/validation/configs/validation__agentic__proof__aime_1991_p9__seed1,aime_1991_p9,validation,prove_theorem_grounded,done,other_or_unobserved,16,0.04043218,dated billing receipts,False,False,audit/cells/26245c4c0a1d192cc1ce1db0454709780100f25d5aeb14a681c60d794772d153.json
experiments/output/ace_economy_refinement_20260916/final05/configs/validation__ace_compact__induction_prod1p1onk3le3m1onn__seed1,induction_prod1p1onk3le3m1onn,validation,prove_theorem_grounded,done,other_or_unobserved,6,0.041150759999999995,dated billing receipts,False,False,audit/cells/2639b5eb619fb993f25a66fdfad15ad391ea39acab7a5b260d0f069a9ecad85a.json
experiments/output/ace_polish_pilots/configs/induction_pord1p1on2powklt5on2__resource_recovery-off-r64__gpt-5.6-luna__seed0,induction_pord1p1on2powklt5on2,train,prove_theorem_grounded,done,arithmetic_or_search,11,0.03837929999999999,"cache tokens, current tariff; unrecorded retries unknown",False,False,audit/cells/264e1fadd6c2052ea106a6042e1dfe7a09e3ab9e85707c8492acd1eb9cb2b908.json
experiments/output/ace_review_development/configs/imo_1984_p6__x3-r64__gpt-5.6-luna__seed1,imo_1984_p6,validation,prove_theorem_ace,done,verifier_resource,47,0.08354748000000001,"cache tokens, current tariff; unrecorded retries unknown",False,False,audit/cells/26563b14a6a4097de88d1253717c07cf1a16336f128d3168a1299be0aa4974fb.json
experiments/output/ace_polish_validation/configs/imo_1984_p6__reference-r64__gpt-5.6-luna__seed0,imo_1984_p6,validation,prove_theorem_grounded,done,other_or_unobserved,9,0.033171280000000004,"cache tokens, current tariff; unrecorded retries unknown",False,False,audit/cells/266412420f085155680e899570f9a1adb7713c55a4dab4ef55788c1f95a75d63.json
experiments/output/ace_snippets_20260913/validation/configs/snippets-v1__algebra_others_exirrpowirrrat__validation-A__seed0,algebra_others_exirrpowirrrat,validation,prove_theorem_grounded,done,other_or_unobserved,4,0.036729679999999994,"cache tokens, current tariff; unrecorded retries unknown",False,False,audit/cells/267086f9bb74dfc2d134c6c87134b4f630dd04f415ad0e1ded22ef557ae61ead.json
experiments/output/coverage_cycle_20260911/training/H/configs/amc12_2000_p6__training-H__gpt-5.6-luna__seed0,amc12_2000_p6,train,prove_theorem_grounded,done,unknown_reference,2,0.049952619999999996,dated billing receipts,False,False,audit/cells/26d3c4fa29faf29932ba00616d2d4fc119ecccd78fb30225aeb8bf40064fc606.json
experiments/output/ace_adaptation_x3-mono/configs/step38_curator_mathd_algebra_323,mathd_algebra_323,train,rewrite_playbook,done,no_verifier_evidence,0,0.01550868,"cache tokens, current tariff; unrecorded retries unknown",False,False,audit/cells/270c10d2cef5c53243bb9e4567755bb71a2fe832234e21d623c8ee81ced3c073.json
experiments/output/ace_online_x3-online-s1_agentic/configs/amc12_2001_p21__ace-71900693-core-medium__gpt-5.6-luna__seed1,amc12_2001_p21,validation,prove_theorem_ace,done,other_or_unobserved,21,0.04124354000000001,"cache tokens, current tariff; unrecorded retries unknown",False,False,audit/cells/276a79cc55bd8522c13ed19b2795c528a468d1487ebc62c829eee6d9120a575c.json
experiments/output/ace_economy_refinement_20260916/final00/configs/validation__agentic_reset_compact__mathd_algebra_282__seed0,mathd_algebra_282,validation,prove_theorem_grounded,done,incomplete_proof,41,0.03348118,dated billing receipts,False,False,audit/cells/279daf387dd6003e4f1e9ea7e407e356dfecfd2a2fae18a540dd12f8552e29b2.json
experiments/output/x_validation_stall_seenstate4_agentic/configs/amc12a_2019_p21__core-medium-stall-seenstate4__gpt-5.6-luna__seed0,amc12a_2019_p21,validation,prove_theorem_agentic_stall,done,other_or_unobserved,7,0.10161046,"cache tokens, current tariff; unrecorded retries unknown",False,False,audit/cells/279eeb16f70e1c851f879fdc2146583eaf4416a690bde3221830657089e2eae6.json
experiments/output/ace_x_validation_ace_x3_offline_agentic/configs/mathd_algebra_282__ace-1ac8a092-core-medium__gpt-5.6-luna__seed1,mathd_algebra_282,validation,prove_theorem_ace,done,incomplete_proof,14,0.019206200000000003,"cache tokens, current tariff; unrecorded retries unknown",False,False,audit/cells/27b6297ccd4275e2f0be5c94a2d7c591cdaeb45b0114d15caa93a5327ab2e1c8.json
experiments/output/ace_online_x-online-warm-s1_agentic/configs/aime_1991_p6__ace-582eb37d-core-medium__gpt-5.6-luna__seed1,aime_1991_p6,validation,prove_theorem_ace,done,incomplete_proof,17,0.0381707,"cache tokens, current tariff; unrecorded retries unknown",False,False,audit/cells/27cf7709f89ee1bda9b0c1df313157c5c3029c325b49f083558f2850f065b196.json
experiments/output/ace_capacity_20260912/headroom1/configs/algebra_amgm_sum1toneqn_prod1tonleq1__C-level1__gpt-5.6-luna__seed0,algebra_amgm_sum1toneqn_prod1tonleq1,train,prove_theorem_grounded,done,incomplete_proof,47,0.09920149999999994,"cache tokens, current tariff; unrecorded retries unknown",False,False,audit/cells/27f6e859ce7843980c68bf8b83f00b7bdea7a722756d2c76d5f427988676c112.json
experiments/output/ace_contenders_20260910/configs/imo_1967_p3__training-reflector-xhigh__gpt-5.6-luna__seed0,imo_1967_p3,train,prove_theorem_grounded,done,no_verifier_evidence,0,0.02392862,dated billing receipts,False,False,audit/cells/28621f244225720ae7813198a0ae1a1cdd850e64b40c463ef00f07d5c5948b89.json
experiments/output/ace_x_validation_ace_x4_offline_rv3_agentic/configs/mathd_numbertheory_37__ace-f1dd5c3a-core-medium__gpt-5.6-luna__seed0,mathd_numbertheory_37,validation,prove_theorem_ace,done,other_or_unobserved,16,0.045322440000000005,"cache tokens, current tariff; unrecorded retries unknown",False,False,audit/cells/287a6d346a70d63ff4a0f92e2154b75d52f9f20864764e85bc7fe35ff86b31e3.json
experiments/output/coverage_cycle_20260911/training/S/configs/mathd_numbertheory_629__training-S__gpt-5.6-luna__seed0,mathd_numbertheory_629,train,prove_theorem_grounded,done,incomplete_proof,14,0.037347939999999996,dated billing receipts,False,False,audit/cells/2891eb11383cea3eb5e4d7fcfa6c9a725ff45d0b1cd42dedff3a1f55927a4925.json
experiments/output/ace_economy_refinement_20260916/final04/configs/validation__ace__mathd_numbertheory_37__seed1,mathd_numbertheory_37,validation,prove_theorem_grounded,done,arithmetic_or_search,15,0.03276846,dated billing receipts,False,False,audit/cells/289b348051eef97448a0557c419e1d0618cd3345544e93eb276109a348081cb5.json
experiments/output/ace_economy_20260916/validation/configs/validation__agentic__mathd_numbertheory_530__seed0,mathd_numbertheory_530,validation,prove_theorem_grounded,done,unproved_prerequisite,7,0.03767412,dated billing receipts,False,False,audit/cells/28abe309fb1568114121613c46453cd49cdc99333de3a53493c442ce14416fc7.json
experiments/output/ace_capacity_20260912/cross/configs/aime_1991_p6__cross-level0__gpt-5.6-terra__seed0,aime_1991_p6,validation,prove_theorem_grounded,done,other_or_unobserved,5,0.34369540000000004,"cache tokens, current tariff; unrecorded retries unknown",False,False,audit/cells/28cc391f8112812be980651077bf62f7b393103c2e24c98df5875ca2f4673060.json
experiments/output/ace_capacity_20260912/mechanisms/configs/amc12a_2020_p13__E-level0__gpt-5.6-luna__seed0,amc12a_2020_p13,train,prove_theorem_grounded,done,syntax,6,0.036604620000000004,"cache tokens, current tariff; unrecorded retries unknown",False,False,audit/cells/29060452b82b2cd77bea0d40a1001e829c822dec0c3d3e0e2659342943fe9674.json
experiments/output/ace_x_validation_ace_x5_offline_rv2_agentic/configs/imo_1984_p6__ace-fc7b45d4-core-medium__gpt-5.6-luna__seed0,imo_1984_p6,validation,prove_theorem_ace,done,arithmetic_or_search,21,0.03923526000000002,"cache tokens, current tariff; unrecorded retries unknown",False,False,audit/cells/2913d92bea654c5af89a0ee0ba0438c1d7059696053f07b8bb63d02eeb60bd45.json
experiments/output/ace_adaptation_x-offline-e3/configs/step105_generator_amc12b_2002_p11,amc12b_2002_p11,train,prove_theorem_ace,done,syntax,16,0.07777953999999997,"cache tokens, current tariff; unrecorded retries unknown",False,False,audit/cells/291b5f5e18f518ef24f99854242e8dd2546f9fa4f3098db9c7ec462611626abe.json
experiments/output/ace_snippets_20260913/validation/configs/snippets-v1__imo_1969_p2__validation-A__seed0,imo_1969_p2,validation,prove_theorem_grounded,done,incomplete_proof,22,0.03148388,"cache tokens, current tariff; unrecorded retries unknown",False,False,audit/cells/29342df206022d68e5f1e86b7bf4f902457a1af71a7e4353c05e1f215eaea085.json
experiments/output/ace_revision_20260913/validation/configs/validation__candidate__proof__induction_prod1p1onk3le3m1onn__seed1,induction_prod1p1onk3le3m1onn,validation,prove_theorem_grounded,done,other_or_unobserved,12,0.03830328,dated billing receipts,False,False,audit/cells/294271551526f77a370d3b7d4b6b19d56619dfe98fe63d3bf21653befa40fc7e.json
experiments/output/ace_sanitized_20260917/validation/configs/validation__ace_selected__proof__imo_1969_p2__seed0,imo_1969_p2,validation,prove_theorem_grounded,done,other_or_unobserved,6,0.03698174,dated billing receipts,False,False,audit/cells/294ea4b6e11f8d2fb08fcd5e74c2294c7625fbe5f0a067a7255f223eaf81c441.json
experiments/output/ace_review_development/configs/algebra_others_exirrpowirrrat__baseline-r64__gpt-5.6-luna__seed0,algebra_others_exirrpowirrrat,validation,prove_theorem_agentic,done,incomplete_proof,42,0.05731257999999999,"cache tokens, current tariff; unrecorded retries unknown",False,False,audit/cells/298d61969dbe127bdf1b7541bed27c6d555ff306ed0da8c7a6d35b235d1aadcb.json
experiments/output/ace_economy_20260916/validation/configs/validation__ace__induction_prod1p1onk3le3m1onn__seed1,induction_prod1p1onk3le3m1onn,validation,prove_theorem_grounded,done,incomplete_proof,8,0.0345888,dated billing receipts,False,False,audit/cells/29c1bc4a7eb1dfdd12aeec751216943b8a0ba836fe59d8acd63efe517e396ee2.json
experiments/output/coverage_cycle_20260911/training/E2/configs/mathd_numbertheory_629__training-E2__gpt-5.6-luna__seed0,mathd_numbertheory_629,train,prove_theorem_grounded,done,other_or_unobserved,12,0.04126114,dated billing receipts,False,False,audit/cells/29ed0db209131c0b8918e86367641176587362c3e59587856c15eea5782145ce.json
experiments/output/ace_economy_refinement_20260916/final18/configs/validation__agentic_reset__mathd_numbertheory_303__seed1,mathd_numbertheory_303,validation,prove_theorem_grounded,done,unknown_reference,9,0.04515384,dated billing receipts,False,False,audit/cells/29ee1d9c4a75ee640e36da27b1b94f46d290ce23b1bf6e827f5d106d1c46710a.json
experiments/output/ace_economy_20260916/validation/configs/validation__budget__amc12a_2020_p21__seed0,amc12a_2020_p21,validation,prove_theorem_grounded,done,syntax,21,0.12217104,dated billing receipts,False,False,audit/cells/29f62dfda1fa5a576121e1a18c693e212001b2eadf172da81f566167ce16ef67.json
experiments/output/x_train_agentic/configs/algebra_amgm_sum1toneqn_prod1tonleq1__core-medium__gpt-5.6-luna__seed0,algebra_amgm_sum1toneqn_prod1tonleq1,train,prove_theorem_agentic,done,incomplete_proof,25,0.027787740000000002,"cache tokens, current tariff; unrecorded retries unknown",False,False,audit/cells/2a26846f71cb51cd6796292c21e83a4b75a9b3cb2b9a075c732aa5ed7319aba4.json
experiments/output/ace_economy_refinement_20260916/final03/configs/validation__ace_reset_compact__imo_1984_p6__seed0,imo_1984_p6,validation,prove_theorem_grounded,done,other_or_unobserved,10,0.04072514,dated billing receipts,False,False,audit/cells/2a838a4311d5650684ab2e1b4e518f989d0c7ef462f522a8947fc393af05debe.json
experiments/output/ace_roles_20260913/validation/configs/validation__control__proof__mathd_numbertheory_37__seed1,mathd_numbertheory_37,validation,,missing,other_or_unobserved,3,0.00529224,dated billing receipts,False,False,audit/cells/2a85d0a4f2fd86f1a53936ec9fbe8c6f5f46b787da7c1de4915631222ae1bd07.json
experiments/output/ace_sanitized_20260917/validation/configs/validation__ace_coverage__proof__mathd_numbertheory_530__seed1,mathd_numbertheory_530,validation,prove_theorem_grounded,done,other_or_unobserved,12,0.06778764,dated billing receipts,False,False,audit/cells/2acc1ba3dbc6091060e4d4a7273ac536d6b4fa97ed3131908d9529754272fc9c.json
experiments/output/ace_models_20260910/proof/configs/amc12b_2002_p11__prover-xhigh-8eefc07db15048b1__gpt-5.6-luna__seed0,amc12b_2002_p11,train,prove_theorem_grounded,done,no_verifier_evidence,0,0.023768559999999998,dated billing receipts,False,False,audit/cells/2aceecda7358c911cca8ca1c614c182c67442b8eb2d59ad5ba60c0311f09293f.json
experiments/output/ace_economy_refinement_20260916/final05/configs/validation__ace_reset_compact__induction_prod1p1onk3le3m1onn__seed0,induction_prod1p1onk3le3m1onn,validation,prove_theorem_grounded,done,other_or_unobserved,12,0.0459706,dated billing receipts,False,False,audit/cells/2ad9942dede7eae9313f1769565e2f33ffb4386952b7fb1adfcdf5a67b22c357.json
experiments/output/ace_revision_20260913/validation/configs/validation__control__proof__algebra_others_exirrpowirrrat__seed0,algebra_others_exirrpowirrrat,validation,prove_theorem_grounded,done,syntax,6,0.03911726,dated billing receipts,False,False,audit/cells/2adf0b8ce845b4f69d37edf5ab081248fc6c67320077753aaec5a97a9cf2cc74.json
experiments/output/ace_economy_budget_20260916/validation/configs/validation__agentic__imo_1984_p6__seed1,imo_1984_p6,validation,prove_theorem_grounded,done,unproved_prerequisite,22,0.13198678,dated billing receipts,False,False,audit/cells/2aef8a85b71b709d68f7f02e8ebb28b942bef05597915e05e69fd7a608eac600.json
experiments/output/ace_bounded_pilot/configs/mathd_algebra_224__money-off-r64__gpt-5.6-luna__seed0,mathd_algebra_224,train,prove_theorem_grounded,done,other_or_unobserved,20,0.10715116,"cache tokens, current tariff; unrecorded retries unknown",False,False,audit/cells/2af9db950c242cace9d0ff68cc213c369ee25b54aec028bc864162338bf65d0e.json
experiments/output/ace_economy_refinement_20260916/final00/configs/validation__ace_reset_compact__mathd_algebra_282__seed1,mathd_algebra_282,validation,prove_theorem_grounded,done,incomplete_proof,43,0.03588866,dated billing receipts,False,False,audit/cells/2b1ff907556eeb4c0a60f8361ff24c29e3663eac1e2048479ef13611281eb1f9.json
experiments/output/ace_x_validation_ace_x3_strong_rv3_agentic/configs/amc12a_2020_p21__ace-b596e7df-core-medium__gpt-5.6-luna__seed0,amc12a_2020_p21,validation,prove_theorem_ace,done,verifier_resource,8,0.14362098,"cache tokens, current tariff; unrecorded retries unknown",False,False,audit/cells/2b59e03848f482fe76fd3f3e2e2720748c166d58833c75b282ae8dfe55933cff.json
experiments/output/ace_capacity_20260912/headroom2/configs/amc12a_2020_p13__E-level2__gpt-5.6-luna__seed0,amc12a_2020_p13,train,prove_theorem_grounded,done,unproved_prerequisite,15,0.126625,"cache tokens, current tariff; unrecorded retries unknown",False,False,audit/cells/2b5edb49defacb4057062b3d8f3a8a9a3615ab0d067791b7dda6f4b1df9f3e7d.json
experiments/output/ace_economy_refinement_20260916/final10/configs/validation__agentic_reset__mathd_numbertheory_405__seed1,mathd_numbertheory_405,validation,prove_theorem_grounded,done,other_or_unobserved,9,0.0424174,dated billing receipts,False,False,audit/cells/2b788e0da3569b56dacc3e2e987bbb5b8ce15471def1d52950cc185c9ed8b9d9.json
experiments/output/ace_attribution_20260912/training/terra/configs/mathd_numbertheory_629__terra-none-medium__gpt-5.6-terra__seed0,mathd_numbertheory_629,train,prove_theorem_grounded,done,other_or_unobserved,5,0.4087018,dated billing receipts,False,False,audit/cells/2b99d54a9f637ed61ad18bc82a4ea55d31594f93d6d890370c70af99f4ebf2d4.json
experiments/output/ace_economy_20260916/validation/configs/validation__session__imo_1964_p2__seed0,imo_1964_p2,validation,prove_theorem_grounded,done,arithmetic_or_search,14,0.044796539999999996,dated billing receipts,False,False,audit/cells/2baca45a5a265ec294401eb22243b7b44cdb044ee8d7bf84ce5c608874c9906a.json
experiments/output/ace_contenders_20260910/configs/mathd_numbertheory_405__validation-reflector-medium__gpt-5.6-luna__seed0,mathd_numbertheory_405,validation,prove_theorem_grounded,done,no_verifier_evidence,0,0.027263,dated billing receipts,False,False,audit/cells/2bc5945eeff14acde35ad7c6cb37a090125acf47c608150d3cd406b107a53920.json
experiments/output/ace_online_x3-online-s1_agentic/configs/amc12a_2020_p21__ace-1bf3cdf2-core-medium__gpt-5.6-luna__seed1,amc12a_2020_p21,validation,prove_theorem_ace,done,incomplete_proof,20,0.10176783999999998,"cache tokens, current tariff; unrecorded retries unknown",False,False,audit/cells/2bc7af6f3b27fb29ba4b06188e718e04c39cc2217ef9274230db20fd22d4e58d.json
experiments/output/ace_x_validation_ace_x3_offline_rv3_agentic/configs/mathd_numbertheory_43__ace-1e4aec7d-core-medium__gpt-5.6-luna__seed1,mathd_numbertheory_43,validation,prove_theorem_ace,done,arithmetic_or_search,17,0.03660924,"cache tokens, current tariff; unrecorded retries unknown",False,False,audit/cells/2c1b14b0629adb7dd8ff0ac7e8cb02ec097da208a848efbf455d09a76266fcef.json
experiments/output/ace_models_20260910/proof/configs/imo_1977_p6__prover-xhigh-9771a16dde5dd680__gpt-5.6-luna__seed0,imo_1977_p6,train,prove_theorem_grounded,done,other_or_unobserved,2,0.03918626,dated billing receipts,False,False,audit/cells/2c5bd5144e238cf1deee7ea131c4b6ee1e14d6337f5ff5bc89257fe4bffcda05.json
experiments/output/ace_polish_pilots/configs/aime_1988_p3__matched_advice-off-r64__gpt-5.6-luna__seed0,aime_1988_p3,train,prove_theorem_grounded,done,other_or_unobserved,10,0.03804468,"cache tokens, current tariff; unrecorded retries unknown",False,False,audit/cells/2c62f6ab73f524c0965621978d5172278523652395b8aef4a23158595b220478.json
experiments/output/ace_adaptation_x-noreflect/configs/step20_generator_imo_1977_p6,imo_1977_p6,train,prove_theorem_ace,done,incomplete_proof,27,0.04508410000000001,"cache tokens, current tariff; unrecorded retries unknown",False,False,audit/cells/2c85dc31c8d64b14669c818707a6973e412f5ca1a35f6997012efd5160528aab.json
experiments/output/ace_contenders_20260910/configs/aime_1988_p3__training-reflector-xhigh__gpt-5.6-luna__seed0,aime_1988_p3,train,prove_theorem_grounded,done,no_verifier_evidence,0,0.023309959999999998,dated billing receipts,False,False,audit/cells/2ccd0a233c2af2fb6ae6bcd6b145ed4ed0ba9227803577ae857aa979d5ead106.json
experiments/output/ace_sanitized_20260917/validation/configs/validation__ace_selected__proof__mathd_numbertheory_530__seed1,mathd_numbertheory_530,validation,prove_theorem_grounded,done,other_or_unobserved,5,0.0389068,dated billing receipts,False,False,audit/cells/2cd27948fa538a477f9bd0d6c514e84c8fd1034229f39e88cbcad671fb5bcaa6.json
experiments/output/ace_x_validation_ace_x5_offline_rv3_agentic/configs/mathd_numbertheory_303__ace-fc7b45d4-core-medium__gpt-5.6-luna__seed0,mathd_numbertheory_303,validation,prove_theorem_ace,done,syntax,10,0.04855556,"cache tokens, current tariff; unrecorded retries unknown",False,False,audit/cells/2cdcf38f4131cce38e311542754211e3f8f03c1ec13781a92e02c7d65e3c5e59.json
experiments/output/ace_revision_20260913/training/configs/training__control__proof__mathd_algebra_185__seed0,mathd_algebra_185,train,prove_theorem_grounded,done,other_or_unobserved,7,0.03432978,dated billing receipts,False,False,audit/cells/2cde40e4850e188b06fcc68a80292113f1be52ea541e4be57e7b80361ea8f5f1.json
experiments/output/ace_review_development/configs/mathd_numbertheory_303__baseline-r64__gpt-5.6-luna__seed0,mathd_numbertheory_303,validation,prove_theorem_agentic,done,incomplete_proof,15,0.11945075999999999,"cache tokens, current tariff; unrecorded retries unknown",False,False,audit/cells/2ce3e870cd681e066b4101b52df7c979a0cd3d163b08bb4b9e6d6855c79e73b5.json
experiments/output/ace_sanitized_20260917/validation/configs/validation__agentic_coverage__proof__amc12a_2020_p21__seed0,amc12a_2020_p21,validation,prove_theorem_grounded,done,other_or_unobserved,15,0.06830908,dated billing receipts,False,False,audit/cells/2cec1eaa6ce614c18636a98cd8df041ee52cb7ae8c1088bf613580543dddede9.json
experiments/output/ace_adaptation_x-online-warm-s0/configs/step32_curator_amc12b_2020_p5,amc12b_2020_p5,validation,,failed,platform_failure,0,0.0,"cache tokens, current tariff; unrecorded retries unknown",False,False,audit/cells/2cfab22279023f6fa98c337f32c622f1b00f25659d4b4b629e72766d1261d738.json
experiments/output/x_train_agentic/configs/mathd_numbertheory_629__core-medium__gpt-5.6-luna__seed1,mathd_numbertheory_629,train,prove_theorem_agentic,done,incomplete_proof,20,0.07187827999999999,"cache tokens, current tariff; unrecorded retries unknown",False,False,audit/cells/2d174bbfc61c8b3e642f34477a090933a359f39b62644a0a654d3125d69fb815.json
experiments/output/ace_review_calibration/configs/amc12b_2002_p11__baseline-r64__gpt-5.6-luna__seed0,amc12b_2002_p11,train,prove_theorem_agentic,done,incomplete_proof,36,0.10133287999999997,"cache tokens, current tariff; unrecorded retries unknown",False,False,audit/cells/2d1bd9e8dc0ff7bff77d877049650e3a255078ad7ff42208ed05aadfb1150eed.json
experiments/output/ace_capacity_20260912/headroom2/configs/amc12b_2002_p11__C-level2__gpt-5.6-luna__seed0,amc12b_2002_p11,train,prove_theorem_grounded,done,other_or_unobserved,17,0.11954284000000001,"cache tokens, current tariff; unrecorded retries unknown",False,False,audit/cells/2d57a2aaa8a6c5d734966524cc517290238b1349bf7d1c9979c7c73a5649f1a8.json
experiments/output/ace_revision_20260913/training/configs/training__control__proof__imo_1983_p6__seed0,imo_1983_p6,train,prove_theorem_grounded,done,other_or_unobserved,13,0.041480319999999994,dated billing receipts,False,False,audit/cells/2d59f1bbda4de18ed29cc6d1ecf80bb583551211c3745bae69ecd8335b10859a.json
experiments/output/coverage_cycle_20260911/training/E2/configs/aime_1988_p3__training-E2__gpt-5.6-luna__seed0,aime_1988_p3,train,prove_theorem_grounded,done,syntax,9,0.04363356,dated billing receipts,False,False,audit/cells/2d9974bf9558dcc3f9555361e810153fc58b470069679a4d695a2d9a5c3801bd.json
experiments/output/ace_adaptation_x-offline-e3/configs/step85_curator_aime_1990_p4,aime_1990_p4,train,,failed,platform_failure,0,0.0,"cache tokens, current tariff; unrecorded retries unknown",False,False,audit/cells/2da6a5f589cac9433ed81913c60d5ad16b08a2e9d7fe442f4a45d069f2a42bbc.json
experiments/output/ace_adaptation_x-offline-e3/configs/step97_curator_algebra_amgm_sum1toneqn_prod1tonleq1,algebra_amgm_sum1toneqn_prod1tonleq1,train,,failed,platform_failure,0,0.0,"cache tokens, current tariff; unrecorded retries unknown",False,False,audit/cells/2deef0e64499e9e8e8eb067843b689ee86b28b885f29c9a583dbd1461766d97c.json
experiments/output/coverage_cycle_20260911/validation/E2/configs/mathd_numbertheory_303__validation-E2__gpt-5.6-luna__seed0,mathd_numbertheory_303,validation,prove_theorem_grounded,done,unknown_reference,3,0.03511266,dated billing receipts,False,False,audit/cells/2e240d495a162f2d2413fc68f6e89099c896f3c4fb2ea2451c677a6f1a09f9fa.json
experiments/output/ace_economy_refinement_20260916/final00/configs/validation__ace_compact__algebra_others_exirrpowirrrat__seed0,algebra_others_exirrpowirrrat,validation,prove_theorem_grounded,done,other_or_unobserved,3,0.03638886,dated billing receipts,False,False,audit/cells/2e40033f1cc515793ff446dc76c1b5577f7f3d0ea63cceee038de8cc30606537.json
experiments/output/ace_attribution_20260912/training/luna-none/configs/amc12a_2002_p13__luna-none-medium__gpt-5.6-luna__seed0,amc12a_2002_p13,train,prove_theorem_grounded,done,unknown_reference,8,0.037106799999999995,dated billing receipts,False,False,audit/cells/2e5f7f2bd6a84ac0787ea446699185d2f3deec88ca6a7f7612ca103dd9cb4c14.json
experiments/output/ace_x_validation_ace_digest_table_rv2_agentic/configs/amc12_2001_p21__ace-ca62b40b-core-medium__gpt-5.6-luna__seed0,amc12_2001_p21,validation,prove_theorem_ace,done,arithmetic_or_search,25,0.03569791999999999,"cache tokens, current tariff; unrecorded retries unknown",False,False,audit/cells/2e7c77b845765a43c2e1cc61132df2e382c510caa25899ca3c8909f1c6a07feb.json
experiments/output/ace_sanitized_20260917/validation/configs/validation__ace_coverage__proof__imo_1964_p2__seed1,imo_1964_p2,validation,prove_theorem_grounded,done,unproved_prerequisite,15,0.0657296,dated billing receipts,False,False,audit/cells/2e8e67fe3a07da235a78dfbe1b8e606b22a5a437328f20b4ca66d6aef948eea6.json
experiments/output/coverage_cycle_20260911/training/S/configs/amc12b_2002_p11__training-S__gpt-5.6-luna__seed0,amc12b_2002_p11,train,prove_theorem_grounded,done,other_or_unobserved,6,0.04003216,dated billing receipts,False,False,audit/cells/2e9321492761b1745d6e315e23b58c077abb41c76f1d6484253412f834b779f9.json
experiments/output/ace_x_validation_ace_x3_strong_rv3_agentic/configs/mathd_numbertheory_303__ace-b596e7df-core-medium__gpt-5.6-luna__seed1,mathd_numbertheory_303,validation,prove_theorem_ace,done,other_or_unobserved,20,0.06836905999999998,"cache tokens, current tariff; unrecorded retries unknown",False,False,audit/cells/2ec825f25a345fe0ad2f49aec3db9be52617754aedfa45cb77d1b28125b85516.json
experiments/output/ace_x_validation_ace_x3_strong_rv3_agentic/configs/mathd_numbertheory_37__ace-b596e7df-core-medium__gpt-5.6-luna__seed0,mathd_numbertheory_37,validation,prove_theorem_ace,done,syntax,16,0.03600816,"cache tokens, current tariff; unrecorded retries unknown",False,False,audit/cells/2ece0b3643a901bc1215694e5a79683dc8bc283ef77fab5a326af6fa30547696.json
experiments/output/ace_economy_refinement_20260916/final09/configs/validation__ace_reset_compact__aime_1991_p9__seed0,aime_1991_p9,validation,prove_theorem_grounded,done,unproved_prerequisite,20,0.04743244,dated billing receipts,False,False,audit/cells/2f2236b232db2781ef8cbc3ca6fc51cfa944832e38acb946fe62d4f30222b569.json
experiments/output/ace_contenders_20260910/configs/amc12_2000_p1__training-reflector-xhigh__gpt-5.6-luna__seed0,amc12_2000_p1,train,prove_theorem_grounded,done,syntax,4,0.039143239999999996,dated billing receipts,False,False,audit/cells/2f36a91ddcf07605ac79b7d060f2b3d9e49fb4442193ee2fc8dce768af3bf1bb.json
experiments/output/acet_x_validation_ace_x5_offline_k3_agentic/configs/mathd_numbertheory_530__acet-fc7b45d4-b1806cce-k3-core-medium__gpt-5.6-luna__seed0,mathd_numbertheory_530,validation,prove_theorem_ace_triggered,done,syntax,10,0.029567119999999995,"cache tokens, current tariff; unrecorded retries unknown",False,False,audit/cells/2f3ced363a8019908502905b63d08554a7545eb47eeecef9a24418d7013b3920.json
experiments/output/ace_attribution_20260912/validation/luna-none/configs/aime_1991_p6__luna-none-medium__gpt-5.6-luna__seed0,aime_1991_p6,validation,prove_theorem_grounded,done,unknown_reference,4,0.03157002,dated billing receipts,False,False,audit/cells/2f5701c4bed6ad69e370947aa7285d02e9c81ec0bf08be0fe2adf60fbcf6e530.json
experiments/output/ace_x_validation_ace_x3_noreflect_agentic/configs/algebra_others_exirrpowirrrat__ace-1ac8a092-core-medium__gpt-5.6-luna__seed1,algebra_others_exirrpowirrrat,validation,prove_theorem_ace,done,other_or_unobserved,16,0.04371989999999999,"cache tokens, current tariff; unrecorded retries unknown",False,False,audit/cells/2f5966f12a682c0ef14982d3196d0aae03d962b60e2e082d5ff9221ec9ec8b17.json
experiments/output/ace_x_validation_ace_x3_offline_e3_rv3_agentic/configs/imo_1969_p2__ace-d0d7ce24-core-medium__gpt-5.6-luna__seed0,imo_1969_p2,validation,prove_theorem_ace,done,incomplete_proof,19,0.06278279999999999,"cache tokens, current tariff; unrecorded retries unknown",False,False,audit/cells/2f5e97a9e1b70669b4ed70c081b9f33eb0072b6771925d0176a28fd031c74c48.json
experiments/output/ace_adaptation_x-offline-e3/configs/step01_generator_amc12b_2002_p11,amc12b_2002_p11,train,prove_theorem_ace,done,other_or_unobserved,12,0.050726079999999986,"cache tokens, current tariff; unrecorded retries unknown",False,False,audit/cells/2f67f08712b44c4a9402ccbde8c1c633f7936da0eb452a6aeada5f3fcf8ccfe4.json
experiments/output/ace_economy_session_20260916/validation/configs/validation__agentic_session__mathd_numbertheory_303__seed0,mathd_numbertheory_303,validation,prove_theorem_grounded,done,verifier_resource,10,0.04473224,dated billing receipts,False,False,audit/cells/2f9eb5b3484505626cfffcc26688e665cdd19d26b4fb960c304076c1fb1a4d18.json
experiments/output/coverage_cycle_20260911/validation/E2/configs/amc12_2000_p12__validation-E2__gpt-5.6-luna__seed0,amc12_2000_p12,validation,prove_theorem_grounded,done,other_or_unobserved,13,0.030785339999999998,dated billing receipts,False,False,audit/cells/2fd5cbfee13c01af54f93dbe2dc8f49d5c26b16463e01d005d3f019cff3f8a95.json
experiments/output/ace_economy_20260916/validation/configs/validation__ace__amc12a_2019_p21__seed1,amc12a_2019_p21,validation,prove_theorem_grounded,done,other_or_unobserved,18,0.03503092,dated billing receipts,False,False,audit/cells/2fde63af47e0eaa0bdc418c60162d6188ebb3ed259525b4200779ab0c4af2c85.json
experiments/output/acet_x_validation_ace_x5_offline_k3_agentic/configs/algebra_others_exirrpowirrrat__acet-fc7b45d4-b1806cce-k3-core-medium__gpt-5.6-luna__seed0,algebra_others_exirrpowirrrat,validation,prove_theorem_ace_triggered,done,incomplete_proof,19,0.031568979999999996,"cache tokens, current tariff; unrecorded retries unknown",False,False,audit/cells/2feeaa33c97ea231a7f11ab008cb561f68cb3e79f571d5591402105efad35f20.json
experiments/output/ace_adaptation_x-offline-e3/configs/step92_curator_aime_1984_p1,aime_1984_p1,train,,failed,platform_failure,0,0.0,"cache tokens, current tariff; unrecorded retries unknown",False,False,audit/cells/3015591072a876130ec225582ceb93a707ea937bc5e4b3a28d144b5b023948f9.json
experiments/output/ace_contenders_20260910/configs/mathd_numbertheory_303__validation-reflector-xhigh__gpt-5.6-luna__seed0,mathd_numbertheory_303,validation,prove_theorem_grounded,done,no_verifier_evidence,0,0.03286926,dated billing receipts,False,False,audit/cells/30443d7808c1f625906b329fe6deda173e3189a4b8605d145393d054fd012971.json
experiments/output/ace_mechanisms_20260910/validation/configs/aime_1991_p9__validation-E__gpt-5.6-luna__seed0,aime_1991_p9,validation,prove_theorem_grounded,done,no_verifier_evidence,0,0.0260379,dated billing receipts,False,False,audit/cells/3048d86b3ecf0708167d05597917da46379b7d54678f3e0bf0405658ac701d85.json
experiments/output/ace_revision_20260913/validation/configs/validation__control__proof__mathd_numbertheory_43__seed0,mathd_numbertheory_43,validation,prove_theorem_grounded,done,other_or_unobserved,11,0.039960499999999996,dated billing receipts,False,False,audit/cells/30547e4c486655f52de16dd3ef87a5726e48bccbe67bb031961ba27ca8f0328a.json
experiments/output/ace_review_calibration/configs/mathd_algebra_185__baseline-r64__gpt-5.6-luna__seed1,mathd_algebra_185,train,prove_theorem_agentic,done,other_or_unobserved,29,0.10184378000000001,"cache tokens, current tariff; unrecorded retries unknown",False,False,audit/cells/306da385aec1e35b9ce35c181d6cd6aaa1556de48042bc3bc286a90bfeb64b09.json
experiments/output/ace_x_validation_ace_x3_noreflect_agentic/configs/imo_1969_p2__ace-1ac8a092-core-medium__gpt-5.6-luna__seed0,imo_1969_p2,validation,,failed,platform_failure,22,0.02045138,"cache tokens, current tariff; unrecorded retries unknown",False,False,audit/cells/307053a044e02a8e22d7735ef2b3fc2ecbecab289d902259d557ec8ae40e904e.json
experiments/output/ace_roles_20260913/validation/configs/validation__control__proof__imo_1984_p6__seed1,imo_1984_p6,validation,,missing,other_or_unobserved,1,0.00497676,dated billing receipts,False,False,audit/cells/307989453d8cd1d33c49efea4be1b484209abdfc71ec80b8d9079bb3202abb00.json
experiments/output/ace_x_validation_agentic/configs/amc12_2001_p21__ace-d56da056-core-medium__gpt-5.6-luna__seed1,amc12_2001_p21,validation,prove_theorem_ace,done,incomplete_proof,20,0.06411678,"cache tokens, current tariff; unrecorded retries unknown",False,False,audit/cells/308c1fa301a97fec3dc7873ad1a6a8c6b4ddbb56981491a5716bb7e86eee0356.json
experiments/output/ace_sanitized_20260917/pilots/configs/pilots__drop__proof__amc12a_2016_p2__seed0,amc12a_2016_p2,train,prove_theorem_grounded,done,other_or_unobserved,12,0.02894502,dated billing receipts,False,False,audit/cells/30a3d5bf900cbf3a73995f7fea28f1206e511a447ca671dd3f487191385b64cc.json
experiments/output/ace_review_development/configs/amc12a_2020_p21__baseline-r64__gpt-5.6-luna__seed0,amc12a_2020_p21,validation,prove_theorem_agentic,done,incomplete_proof,15,0.10178301999999999,"cache tokens, current tariff; unrecorded retries unknown",False,False,audit/cells/30a5e4d59c854246a77d3acf49e812d24d7e011a60bc4c872833a18084c7ddc4.json
experiments/output/ace_capacity_20260912/mechanisms/configs/algebra_amgm_sum1toneqn_prod1tonleq1__C-level0__gpt-5.6-terra__seed0,algebra_amgm_sum1toneqn_prod1tonleq1,train,prove_theorem_grounded,done,incomplete_proof,6,0.3811662,"cache tokens, current tariff; unrecorded retries unknown",False,False,audit/cells/30a8502675d4192f465e999c30ad9b106d27c3fc6fab7096024d7b1c997de59f.json
experiments/output/ace_review_development/configs/imo_1984_p6__baseline-r64__gpt-5.6-luna__seed0,imo_1984_p6,validation,prove_theorem_agentic,done,incomplete_proof,49,0.06431410000000001,"cache tokens, current tariff; unrecorded retries unknown",False,False,audit/cells/30c972daf1068dbf4bff30e5ee5ba25675d6bd481a0531fc180f4f81d88a7c7b.json
experiments/output/acet_x_validation_ace_x6_repairs_k3_r2_agentic/configs/mathd_numbertheory_43__acet-1d2bc630-30d3e288-k3-r2-core-medium__gpt-5.6-luna__seed0,mathd_numbertheory_43,validation,prove_theorem_ace_triggered,done,incomplete_proof,22,0.020670040000000004,"cache tokens, current tariff; unrecorded retries unknown",False,False,audit/cells/30d243299ebcd75b9bc88423c2e82a9e11b10154d39e6281db30082791a058e4.json
experiments/output/ace_economy_refinement_20260916/final08/configs/validation__ace_reset__amc12a_2008_p4__seed1,amc12a_2008_p4,validation,prove_theorem_grounded,done,incomplete_proof,27,0.04465376,dated billing receipts,False,False,audit/cells/30d6349057a560d082ef2354a19aa540d9f8b172d38333014b3a361a398ec477.json
experiments/output/coverage_cycle_20260911/validation/S/configs/algebra_others_exirrpowirrrat__validation-S__gpt-5.6-luna__seed0,algebra_others_exirrpowirrrat,validation,prove_theorem_grounded,done,other_or_unobserved,8,0.03875904,dated billing receipts,False,False,audit/cells/30e23362fd2d77012f996f58a5122ea986b7a745ab59426e810dbd62b9fc32f8.json
experiments/output/ace_x_validation_agentic/configs/imo_1969_p2__ace-d56da056-core-medium__gpt-5.6-luna__seed1,imo_1969_p2,validation,prove_theorem_ace,done,incomplete_proof,25,0.025372579999999995,"cache tokens, current tariff; unrecorded retries unknown",False,False,audit/cells/30ea7e362c6c542d632de757d1b5183fbb899f45fc17e829ff98c844102d48e5.json
experiments/output/ace_online_x3-online-s1_agentic/configs/induction_prod1p1onk3le3m1onn__ace-a0dae882-core-medium__gpt-5.6-luna__seed1,induction_prod1p1onk3le3m1onn,validation,prove_theorem_ace,done,other_or_unobserved,12,0.035862160000000004,"cache tokens, current tariff; unrecorded retries unknown",False,False,audit/cells/3105ef3d488b06627d41a23cf21a95684fb92b73658fc70917df5572acf50b9b.json
experiments/output/coverage_cycle_20260911/validation/D2/configs/aime_1991_p9__validation-D2__gpt-5.6-luna__seed0,aime_1991_p9,validation,prove_theorem_grounded,done,other_or_unobserved,8,0.036428779999999994,dated billing receipts,False,False,audit/cells/31144b17d530a43d28e569e29064df79a3b1c6c3fdbe5e8480e283c18b41318e.json
experiments/output/ace_review_development/configs/mathd_numbertheory_530__repair0-r64__gpt-5.6-luna__seed1,mathd_numbertheory_530,validation,prove_theorem_ace,done,other_or_unobserved,16,0.106707,"cache tokens, current tariff; unrecorded retries unknown",False,False,audit/cells/3126e073e46491a10972b2499cc54a4427f972f9e4ba12e3a6cc7ac5747a7faa.json
experiments/output/ace_attribution_20260912/swaps/configs/mathd_numbertheory_303__luna-terra-book-medium__gpt-5.6-luna__seed0,mathd_numbertheory_303,validation,prove_theorem_grounded,done,unknown_reference,7,0.040153999999999995,dated billing receipts,False,False,audit/cells/3135a77dd747591c82a119e864ca73f0aa1a5664a93dbb2c660b0d1db154429f.json
experiments/output/ace_mechanisms_20260910/training/configs/aime_1988_p3__training-R__gpt-5.6-luna__seed0,aime_1988_p3,train,prove_theorem_grounded,done,other_or_unobserved,13,0.04399576,dated billing receipts,False,False,audit/cells/313725d5001888b22a9754a1ae196114d248489ded4ac38c46b137e5748bc560.json
experiments/output/ace_economy_refinement_20260916/final05/configs/validation__ace__induction_prod1p1onk3le3m1onn__seed0,induction_prod1p1onk3le3m1onn,validation,prove_theorem_grounded,done,syntax,10,0.0375158,dated billing receipts,False,False,audit/cells/314699f876a377085af04fc0a303cf6aa7a68db7017e3152dce40fd6a938bb2d.json
experiments/output/ace_economy_refinement_20260916/final13/configs/validation__agentic_reset__aime_1991_p6__seed0,aime_1991_p6,validation,prove_theorem_grounded,done,other_or_unobserved,3,0.03550384,dated billing receipts,False,False,audit/cells/317211c7add8b9f8e96904af6094ec32561bf1a57ba29da6e0b21e253a1ff5e8.json
experiments/output/ace_x_validation_ace_x5_offline_rv2_agentic/configs/mathd_algebra_282__ace-fc7b45d4-core-medium__gpt-5.6-luna__seed0,mathd_algebra_282,validation,prove_theorem_ace,done,other_or_unobserved,18,0.03912148,"cache tokens, current tariff; unrecorded retries unknown",False,False,audit/cells/31897dc8415381eb5543eb0119afb22c7cd62850ce69758384b0cf5e22073339.json
experiments/output/coverage_cycle_20260911/validation/D2/configs/imo_1969_p2__validation-D2__gpt-5.6-luna__seed0,imo_1969_p2,validation,prove_theorem_grounded,done,unknown_reference,6,0.037148179999999996,dated billing receipts,False,False,audit/cells/3196808355d8661da332f1674fa0130b917d373ab5d8d2280ca4abe9ae781716.json
experiments/output/ace_review_development/configs/aime_1991_p6__repair0-r64__gpt-5.6-luna__seed1,aime_1991_p6,validation,prove_theorem_ace,done,incomplete_proof,32,0.10060292000000001,"cache tokens, current tariff; unrecorded retries unknown",False,False,audit/cells/319881905e2a1f41cbeda01d4f0141e5f106f7dc3d6de51b517de0f80114f132.json
experiments/output/ace_polish_validation/configs/mathd_algebra_282__reference-r64__gpt-5.6-luna__seed0,mathd_algebra_282,validation,prove_theorem_grounded,done,incomplete_proof,6,0.03626396,"cache tokens, current tariff; unrecorded retries unknown",False,False,audit/cells/31a73fe09d34a5e6dde2e9982e8cb67368069b06bac2df82ac2c5662310759cf.json
experiments/output/ace_review_calibration/configs/imo_1967_p3__baseline-r32__gpt-5.6-luna__seed0,imo_1967_p3,train,prove_theorem_agentic,done,incomplete_proof,27,0.0282738,"cache tokens, current tariff; unrecorded retries unknown",False,False,audit/cells/31c8a37dfc44b128037f26fa086e4aea75313e80b0dcf2b86bc901e47b60b4c2.json
experiments/output/ace_online_x-online-s0_agentic/configs/algebra_others_exirrpowirrrat__ace-e9af61c6-core-medium__gpt-5.6-luna__seed0,algebra_others_exirrpowirrrat,validation,prove_theorem_ace,done,other_or_unobserved,12,0.030146020000000003,"cache tokens, current tariff; unrecorded retries unknown",False,False,audit/cells/31ca49cbd53c68a76580a47d6dd2f5560eec14a880a1b02bbdc369efa25c7b61.json
experiments/output/ace_revision_20260913/training/configs/training__candidate__proof__imo_1968_p5_1__seed0,imo_1968_p5_1,train,prove_theorem_grounded,done,arithmetic_or_search,9,0.03947068,dated billing receipts,False,False,audit/cells/31e6425cda5969532504d7e41ca79aaf7fbaaae87a8d0b60fd07afbcffac6838.json
experiments/output/ace_bounded_validation/configs/aime_1991_p9__integrated-r64__gpt-5.6-luna__seed0,aime_1991_p9,validation,prove_theorem_grounded,done,unproved_prerequisite,12,0.04195884,"cache tokens, current tariff; unrecorded retries unknown",False,False,audit/cells/31f8303595f7a476f458614807f0b8a60c656c45f8a3a783a0cfc31509b333f6.json
experiments/output/x_validation_agentic/configs/amc12_2001_p21__core-medium__gpt-5.6-luna__seed0,amc12_2001_p21,validation,prove_theorem_agentic,done,incomplete_proof,26,0.04797154000000001,"cache tokens, current tariff; unrecorded retries unknown",False,False,audit/cells/3217c6b0e65debadcb4d02f80c681deb4db03b9af30b9d3450c42ba13ec3757d.json
experiments/output/ace_economy_refinement_20260916/final11/configs/validation__agentic__mathd_numbertheory_530__seed0,mathd_numbertheory_530,validation,prove_theorem_grounded,done,arithmetic_or_search,5,0.037878579999999995,dated billing receipts,False,False,audit/cells/3258e2c7472ac0de0c2559f5ac59c1a16ee71bc73bb1ad7ebf28595f0c68b47e.json
experiments/output/ace_x_validation_ace_x3_offline_rv2_agentic/configs/mathd_numbertheory_37__ace-1e4aec7d-core-medium__gpt-5.6-luna__seed0,mathd_numbertheory_37,validation,prove_theorem_ace,done,unknown_reference,18,0.12975614,"cache tokens, current tariff; unrecorded retries unknown",False,False,audit/cells/32630d7458c0255554469ca82d20d49ce6194c3c4203b7de1d263c2225c3c6e7.json
experiments/output/ace_x_validation_ace_x5_offline_rv2_agentic/configs/mathd_numbertheory_37__ace-fc7b45d4-core-medium__gpt-5.6-luna__seed0,mathd_numbertheory_37,validation,prove_theorem_ace,done,other_or_unobserved,18,0.0324519,"cache tokens, current tariff; unrecorded retries unknown",False,False,audit/cells/3268d4714f64127f2a31e07768199e732735cd3d8a731d5afd4d1d61785f1438.json
experiments/output/ace_polish_validation/configs/algebra_others_exirrpowirrrat__candidate-r64__gpt-5.6-luna__seed1,algebra_others_exirrpowirrrat,validation,prove_theorem_grounded,done,other_or_unobserved,5,0.042001859999999995,"cache tokens, current tariff; unrecorded retries unknown",False,False,audit/cells/32e19453235011238971cd40a3f19c66ae73e0bf8f8897f25cedddd6d838987e.json
experiments/output/ace_economy_refinement_20260916/final04/configs/validation__ace_compact__mathd_numbertheory_37__seed1,mathd_numbertheory_37,validation,prove_theorem_grounded,done,other_or_unobserved,13,0.0247972,dated billing receipts,False,False,audit/cells/32ee62ad9b8899191f432862a822fdcabefe00f77f3136ebb207d02f4b8d8197.json
experiments/output/ace_x_validation_ace_x3_offline_rv2_agentic/configs/amc12a_2020_p21__ace-1e4aec7d-core-medium__gpt-5.6-luna__seed1,amc12a_2020_p21,validation,prove_theorem_ace,done,syntax,13,0.03906428,"cache tokens, current tariff; unrecorded retries unknown",False,False,audit/cells/3322b820303a66dfc3f566d052db065499a06b80514e85d6d5f394564b27b1a5.json
experiments/output/ace_sanitized_20260917/validation/configs/validation__ace_coverage__proof__imo_1969_p2__seed0,imo_1969_p2,validation,prove_theorem_grounded,done,incomplete_proof,39,0.047734399999999996,dated billing receipts,False,False,audit/cells/3333ba0ed865c0aff3fe8a67c88044982c8057a6994fb08eec1a5361d1baff29.json
experiments/output/ace_sanitized_20260917/validation/configs/validation__agentic_coverage__proof__imo_1984_p6__seed1,imo_1984_p6,validation,prove_theorem_grounded,done,other_or_unobserved,6,0.00895042,dated billing receipts,False,False,audit/cells/334bb2e2931dae2ffdee28445d1b8c5452b4c3c3cba9115255d9ba950fe3a511.json
experiments/output/ace_polish_pilots/configs/induction_pord1p1on2powklt5on2__output_recovery-off-r64__gpt-5.6-luna__seed0,induction_pord1p1on2powklt5on2,train,prove_theorem_grounded,done,syntax,13,0.04258102,"cache tokens, current tariff; unrecorded retries unknown",False,False,audit/cells/336c474bd92cf57aa923313cd979f6870b58c80d60961d4a57089abdc234ff8d.json
experiments/output/ace_learning_20260914/validation/configs/validation__B__proof__algebra_others_exirrpowirrrat__seed1,algebra_others_exirrpowirrrat,validation,prove_theorem_grounded,done,other_or_unobserved,6,0.03466118,dated billing receipts,False,False,audit/cells/3370f0e38b2d63adc15b9afa6fe9f343e0d3b9ead42112c922db9edd204fa6b1.json
experiments/output/ace_sanitized_20260917/validation/configs/validation__agentic__proof__amc12_2001_p21__seed0,amc12_2001_p21,validation,prove_theorem_grounded,done,other_or_unobserved,11,0.02167964,dated billing receipts,False,False,audit/cells/3392e9757add12bbe9a866a5da1642aa5d7bee9ec4cf68a7b7cdb48dd169b8f6.json
experiments/output/ace_online_x4-online-s0_agentic/configs/imo_1969_p2__ace-f844f330-core-medium__gpt-5.6-luna__seed0,imo_1969_p2,validation,prove_theorem_ace,done,incomplete_proof,18,0.03298396,"cache tokens, current tariff; unrecorded retries unknown",False,False,audit/cells/3392f60c5a4c3dce2e3124c07eb88c4d6298c959b352052a16b8951039918c27.json
experiments/output/ace_x_validation_ace_x3_offline_e3_rv3_agentic/configs/amc12a_2019_p21__ace-d0d7ce24-core-medium__gpt-5.6-luna__seed1,amc12a_2019_p21,validation,prove_theorem_ace,done,unproved_prerequisite,9,0.03137088,"cache tokens, current tariff; unrecorded retries unknown",False,False,audit/cells/339b1bc06a8318b32e62f087a6171942afc95c83378ea766bb8f573c31ca926a.json
experiments/output/ace_mechanisms_20260910/training/configs/amc12a_2002_p13__training-S__gpt-5.6-luna__seed0,amc12a_2002_p13,train,prove_theorem_grounded,done,other_or_unobserved,1,0.00574026,dated billing receipts,False,False,audit/cells/33c6bd743fe53cf2fa331e24c47a9470fe05a30b33839f3e6d4a977b25098e18.json
experiments/output/ace_revision_20260913/validation/configs/validation__control__proof__aime_1991_p6__seed0,aime_1991_p6,validation,prove_theorem_grounded,done,arithmetic_or_search,2,0.03913278,dated billing receipts,False,False,audit/cells/33d67ec74ee2d32f5d00daab0c6676733e08cc27f419197d2bd8d414d4175680.json
experiments/output/coverage_cycle_20260911/training/H/configs/mathd_algebra_185__training-H__gpt-5.6-luna__seed0,mathd_algebra_185,train,prove_theorem_grounded,done,no_verifier_evidence,0,0.040302479999999995,dated billing receipts,False,False,audit/cells/33dc3ba431c7fad75514513cbd77f31fcf04c8b467b38cb7eb50aa6dd3798c2e.json
experiments/output/ace_contenders_20260910/configs/amc12_2001_p21__validation-reflector-medium__gpt-5.6-luna__seed0,amc12_2001_p21,validation,prove_theorem_grounded,done,arithmetic_or_search,5,0.03818238,dated billing receipts,False,False,audit/cells/344160472c0ce1cd877ec5a5461d1f67b051453111b3b5f0047d8b645506e745.json
experiments/output/ace_x_validation_ace_x3_offline_rv2_agentic/configs/mathd_numbertheory_530__ace-1e4aec7d-core-medium__gpt-5.6-luna__seed1,mathd_numbertheory_530,validation,prove_theorem_ace,done,other_or_unobserved,16,0.06348102,"cache tokens, current tariff; unrecorded retries unknown",False,False,audit/cells/346c5b621253bf62d91e22314f60cd4cb4d404f1d47889bf6947a084dfaa1318.json
experiments/output/ace_models_20260910/proof/configs/algebra_amgm_sum1toneqn_prod1tonleq1__prover-high-1e4aec7dbbe80e7a__gpt-5.6-luna__seed0,algebra_amgm_sum1toneqn_prod1tonleq1,train,prove_theorem_grounded,done,no_verifier_evidence,0,0.026292239999999998,dated billing receipts,False,False,audit/cells/34acab0ac4e0c82d4601f518ed1a2941b3d7a8646481fd4506d34213b2ca6ed5.json
experiments/output/ace_polish_pilots/configs/amc12b_2004_p3__matched_advice-on-r64__gpt-5.6-luna__seed0,amc12b_2004_p3,train,prove_theorem_grounded,done,other_or_unobserved,10,0.03564119999999999,"cache tokens, current tariff; unrecorded retries unknown",False,False,audit/cells/34cfe729cc2ec720007ad3eb70e566d12aa54d8de4bb391c03a9f00105cb044a.json
experiments/output/ace_review_development/configs/amc12a_2019_p21__baseline-r64__gpt-5.6-luna__seed1,amc12a_2019_p21,validation,prove_theorem_agentic,done,other_or_unobserved,19,0.12320053999999998,"cache tokens, current tariff; unrecorded retries unknown",False,False,audit/cells/34d6b5fc417020c049449dfd94abffa87161446b048e888ef3d82c2109537834.json
experiments/output/ace_attribution_20260912/validation/terra/configs/amc12a_2019_p21__terra-none-medium__gpt-5.6-terra__seed0,amc12a_2019_p21,validation,prove_theorem_grounded,done,no_verifier_evidence,0,0.266847,dated billing receipts,False,False,audit/cells/35372c7520fb6c5e82acdd9b3405e4caa6271af8960022875deb2632b7aa062e.json
experiments/output/ace_bounded_adapt/configs/aime_1984_p1__adapt__gpt-5.6-luna__seed0,aime_1984_p1,train,adapt_grounded_transition,done,unknown_reference,2,0.0022359999999999997,"cache tokens, current tariff; unrecorded retries unknown",False,False,audit/cells/3568b645eecb0adbeb350b03772c050f1f05beff58a460d29eff2b4d9460dafe.json
experiments/output/ace_economy_20260916/validation/configs/validation__views__algebra_others_exirrpowirrrat__seed1,algebra_others_exirrpowirrrat,validation,prove_theorem_grounded,done,other_or_unobserved,6,0.04036272,dated billing receipts,False,False,audit/cells/356fee9c633ec4cf0f7fb1fb203fefc3cc19d697feee235068b37926c17361b9.json
experiments/output/ace_models_20260910/proof/configs/mathd_numbertheory_221__prover-xhigh-b439ff17e44fdd2f__gpt-5.6-luna__seed0,mathd_numbertheory_221,train,prove_theorem_grounded,done,other_or_unobserved,4,0.02920078,dated billing receipts,False,False,audit/cells/35732819dacb2007057bfae4c56eae1a476284a164edbee4b357d2412920dc7e.json
experiments/output/ace_adaptation_review-repair-s0/configs/step34_generator_mathd_algebra_224,mathd_algebra_224,train,prove_theorem_ace,done,unknown_reference,13,0.03796669999999999,"cache tokens, current tariff; unrecorded retries unknown",False,False,audit/cells/359cd88ca5c07dbfdf23a5ec71935713de4b26b4a6f24f20be3e12e020138ae1.json
experiments/output/ace_economy_refinement_20260916/final00/configs/validation__agentic_reset_compact__algebra_others_exirrpowirrrat__seed1,algebra_others_exirrpowirrrat,validation,,failed,administrative_censoring,10,0.0462444,dated billing receipts,False,True,audit/cells/35b2151d394ca8b85ebfd3bb69470773aae28d7357901b5eb6d63f851d2a4e81.json
experiments/output/ace_bounded_validation/configs/mathd_numbertheory_405__integrated-r64__gpt-5.6-luna__seed0,mathd_numbertheory_405,validation,prove_theorem_grounded,done,unproved_prerequisite,8,0.04122034,"cache tokens, current tariff; unrecorded retries unknown",False,False,audit/cells/35b7911a9c76481a66fa931abdfee201f288843f52660dccb7c65a0bec0625a8.json
experiments/output/ace_polish_validation/configs/algebra_others_exirrpowirrrat__reference-r64__gpt-5.6-luna__seed1,algebra_others_exirrpowirrrat,validation,prove_theorem_grounded,done,other_or_unobserved,5,0.03446712,"cache tokens, current tariff; unrecorded retries unknown",False,False,audit/cells/35c3c358a2e3ecd14b12c426dd9b2e5263dd29628946e9c654e5e05781e5cf6d.json
experiments/output/ace_capacity_20260912/mechanisms/configs/amc12a_2020_p13__C-level0__gpt-5.6-terra__seed0,amc12a_2020_p13,train,prove_theorem_grounded,done,no_verifier_evidence,0,0.28097020000000006,"cache tokens, current tariff; unrecorded retries unknown",False,False,audit/cells/35d085e39aaec438b70b778af0f2f2c7cb1788853d5ade4857b89f3ffbaf69ba.json
experiments/output/ace_revision_20260913/training/configs/training__candidate__proof__imo_1977_p6__seed0,imo_1977_p6,train,prove_theorem_grounded,done,arithmetic_or_search,9,0.04043882,dated billing receipts,False,False,audit/cells/35e42b83459e53bd515798a582a33f1c1ce6b5cbec2e4edc5ea65a49dfbba1d4.json
experiments/output/ace_models_20260910/proof/configs/amc12b_2002_p11__prover-high-1e4aec7dbbe80e7a__gpt-5.6-luna__seed0,amc12b_2002_p11,train,prove_theorem_grounded,done,arithmetic_or_search,2,0.03242298,dated billing receipts,False,False,audit/cells/35fad19b4ca8ebfc3b9babc569266a8958b89402171a2f3794dc604c52681eb0.json
experiments/output/ace_x_validation_ace_digest_table_rv2_agentic/configs/amc12_2001_p21__ace-ca62b40b-core-medium__gpt-5.6-luna__seed1,amc12_2001_p21,validation,prove_theorem_ace,done,incomplete_proof,22,0.034441400000000004,"cache tokens, current tariff; unrecorded retries unknown",False,False,audit/cells/360d2df9ce18ec763d189f47c4513db8231d9f8669f254b6b9948dba1b112cbc.json
experiments/output/ace_x_validation_ace_x3_offline_rv3_agentic/configs/imo_1969_p2__ace-1e4aec7d-core-medium__gpt-5.6-luna__seed1,imo_1969_p2,validation,prove_theorem_ace,done,incomplete_proof,22,0.03740207999999999,"cache tokens, current tariff; unrecorded retries unknown",False,False,audit/cells/3658cc045666967b625209cb0ed39037f27dc84048dbf6c3ede37240c531fbfb.json
experiments/output/ace_sanitized_20260917/validation/configs/validation__ace_selected__proof__amc12a_2020_p21__seed0,amc12a_2020_p21,validation,prove_theorem_grounded,done,syntax,12,0.0340122,dated billing receipts,False,False,audit/cells/367a059dddcb8a3314c3eace7c0365216e60799436ca7b02ec357ecad316b8b3.json
experiments/output/x_train_agentic/configs/amc12a_2020_p13__core-medium__gpt-5.6-luna__seed0,amc12a_2020_p13,train,prove_theorem_agentic,done,other_or_unobserved,16,0.05446929999999999,"cache tokens, current tariff; unrecorded retries unknown",False,False,audit/cells/367f5d22623cd6dafa56bad8fe5507ef5b50334794fbd8a83b988ac199fe1b5f.json
experiments/output/ace_mechanisms_20260910/validation/configs/mathd_algebra_282__validation-E__gpt-5.6-luna__seed0,mathd_algebra_282,validation,prove_theorem_grounded,done,no_verifier_evidence,0,0.02318168,dated billing receipts,False,False,audit/cells/368ae6e7729fa1960d6998347b50a2d3597a39c27db27b8b8e2e93641c9fad19.json
experiments/output/ace_x_validation_ace_x3_offline_e3_rv3_agentic/configs/mathd_numbertheory_43__ace-d0d7ce24-core-medium__gpt-5.6-luna__seed0,mathd_numbertheory_43,validation,prove_theorem_ace,done,other_or_unobserved,21,0.03587398,"cache tokens, current tariff; unrecorded retries unknown",False,False,audit/cells/368f4a7798f3f6098d34083841d38559345ef68a74986b256fd7b34fe7ce3889.json
experiments/output/ace_attribution_20260912/training/terra/configs/mathd_algebra_185__terra-ace-medium__gpt-5.6-terra__seed0,mathd_algebra_185,train,prove_theorem_grounded,done,arithmetic_or_search,7,0.344705,dated billing receipts,False,False,audit/cells/36a4df91c8c90f79e8da22b3664f0058cb313683ed1d04a94bb33d00e994df3c.json
experiments/output/ace_capacity_20260912/mechanisms/configs/algebra_amgm_sum1toneqn_prod1tonleq1__D-level0__gpt-5.6-luna__seed0,algebra_amgm_sum1toneqn_prod1tonleq1,train,prove_theorem_grounded,done,unproved_prerequisite,3,0.036121759999999996,"cache tokens, current tariff; unrecorded retries unknown",False,False,audit/cells/36aba85c694bd8b40a9f9a9620d9f82557d112b7c52ab2c836eacfb0f95b0f16.json
experiments/output/ace_mechanisms_20260910/training/configs/amc12a_2020_p13__training-S__gpt-5.6-luna__seed0,amc12a_2020_p13,train,prove_theorem_grounded,done,syntax,5,0.02713146,dated billing receipts,False,False,audit/cells/36b35db8387092be88fa342bedb8ec844e6d17e46868c6bede15d8902345e338.json
experiments/output/ace_attribution_20260912/validation/luna-none/configs/mathd_numbertheory_37__luna-none-medium__gpt-5.6-luna__seed0,mathd_numbertheory_37,validation,prove_theorem_grounded,done,other_or_unobserved,15,0.03252764,dated billing receipts,False,False,audit/cells/36b58c1e76fe308ec74a137c1cff83a110d2a6658331aa43cd53e4e8777ff0a6.json
experiments/output/ace_bounded_validation/configs/imo_1969_p2__integrated-r64__gpt-5.6-luna__seed0,imo_1969_p2,validation,prove_theorem_grounded,done,unknown_reference,10,0.0386767,"cache tokens, current tariff; unrecorded retries unknown",False,False,audit/cells/36b90166a33dde0f38380db36a271fe2b633734365fc21247b398833fe08375a.json
experiments/output/ace_mechanisms_20260910/training/configs/aime_1988_p3__training-E__gpt-5.6-luna__seed0,aime_1988_p3,train,prove_theorem_grounded,done,syntax,1,0.030681319999999998,dated billing receipts,False,False,audit/cells/36becc3447d02529e817c1bf252c4e6ba9a7ccdb4da905c3b8aa27c9eb081899.json
experiments/output/ace_revision_20260913/validation/configs/validation__candidate__proof__amc12_2001_p21__seed0,amc12_2001_p21,validation,prove_theorem_grounded,done,other_or_unobserved,8,0.022127039999999997,dated billing receipts,False,False,audit/cells/36c0cad9d5346c8217261df33c1c3ae48a8b03c88d5bdb1c2efa9e25f99c18d6.json
experiments/output/ace_economy_refinement_20260916/final13/configs/validation__agentic_reset_compact__aime_1991_p6__seed1,aime_1991_p6,validation,prove_theorem_grounded,done,other_or_unobserved,6,0.048888,dated billing receipts,False,False,audit/cells/36c825105c77be9f27f1f7d0e1e9d61c347be1285784153240180c92f16c4a56.json
experiments/output/ace_learning_20260914/validation/configs/validation__B__proof__induction_prod1p1onk3le3m1onn__seed1,induction_prod1p1onk3le3m1onn,validation,prove_theorem_grounded,done,other_or_unobserved,10,0.038861019999999996,dated billing receipts,False,False,audit/cells/36fdff8ffe574943d8c6c64b58e8a3551858a0dac882672d2f5ea48564156e66.json
experiments/output/ace_economy_refinement_20260916/final14/configs/validation__agentic__amc12_2001_p21__seed0,amc12_2001_p21,validation,prove_theorem_grounded,done,other_or_unobserved,8,0.01739802,dated billing receipts,False,False,audit/cells/3719bc12c44eb43daa4d649a0dbe5b97fc2327d427e1fd4a28bfb8d3fa8d1b27.json
experiments/output/ace_economy_refinement_20260916/final10/configs/validation__agentic__mathd_numbertheory_405__seed0,mathd_numbertheory_405,validation,prove_theorem_grounded,done,other_or_unobserved,8,0.03942842,dated billing receipts,False,False,audit/cells/3748389ed549d7d18e39567cb8719132251aa63574eebeb8b7ea0c3d682bcf8f.json
experiments/output/ace_online_x3-online-s1_agentic/configs/aime_1991_p6__ace-263da042-core-medium__gpt-5.6-luna__seed1,aime_1991_p6,validation,prove_theorem_ace,done,arithmetic_or_search,20,0.08581225999999999,"cache tokens, current tariff; unrecorded retries unknown",False,False,audit/cells/37654792e522a0fe05ba5f70fbfa2ccfc1506802ab402825bbee7ffa871a4544.json
experiments/output/ace_attribution_20260912/validation/luna-none/configs/algebra_others_exirrpowirrrat__luna-none-medium__gpt-5.6-luna__seed0,algebra_others_exirrpowirrrat,validation,prove_theorem_grounded,done,other_or_unobserved,4,0.03804408,dated billing receipts,False,False,audit/cells/377bbf99578a1d6de9f4432060117a3ba891d7d758530ca53dc477bf23afc286.json
experiments/output/ace_x_validation_agentic/configs/aime_1991_p9__ace-d56da056-core-medium__gpt-5.6-luna__seed1,aime_1991_p9,validation,prove_theorem_ace,done,arithmetic_or_search,18,0.04962551999999999,"cache tokens, current tariff; unrecorded retries unknown",False,False,audit/cells/37938d22db40afa9750b3f35955c0998262260857f6f39e361a764d3603aa4cb.json
experiments/output/ace_economy_refinement_20260916/final13/configs/validation__ace__amc12b_2003_p6__seed1,amc12b_2003_p6,validation,prove_theorem_grounded,done,syntax,11,0.03918722,dated billing receipts,False,False,audit/cells/37a78941a75e27c031b9c8166bf7abc9114dcb392f702db77a9ce6bbe3c61a6f.json
experiments/output/ace_adaptation_x3-offline/configs/step21_generator_amc12a_2020_p13,amc12a_2020_p13,train,prove_theorem_ace,done,other_or_unobserved,14,0.04355138,"cache tokens, current tariff; unrecorded retries unknown",False,False,audit/cells/37bf96b70c3f1155c71f47c534f6e62cd11d0f212bf9b25be49f61d669af8bdf.json
experiments/output/ace_x_validation_ace_digest_table_rv2_agentic/configs/amc12a_2020_p21__ace-ca62b40b-core-medium__gpt-5.6-luna__seed0,amc12a_2020_p21,validation,prove_theorem_ace,done,incomplete_proof,30,0.05543811999999999,"cache tokens, current tariff; unrecorded retries unknown",False,False,audit/cells/37c630b8d7b08a9af6098b025d282c33fe91c0a4b194d21035b749e28cfdef6b.json
experiments/output/ace_x_validation_ace_x5_offline_rv2_agentic/configs/mathd_numbertheory_530__ace-fc7b45d4-core-medium__gpt-5.6-luna__seed0,mathd_numbertheory_530,validation,prove_theorem_ace,done,syntax,18,0.04820594,"cache tokens, current tariff; unrecorded retries unknown",False,False,audit/cells/37d7987c8e277d25e930e6a285b73f8eb483d5611a355cab8dcfd8acd546c828.json
experiments/output/ace_learning_20260914/training/configs/training__B__proof__algebra_amgm_sum1toneqn_prod1tonleq1__seed0,algebra_amgm_sum1toneqn_prod1tonleq1,train,prove_theorem_grounded,done,other_or_unobserved,7,0.03854766,dated billing receipts,False,False,audit/cells/37eb55af4bc6c42cd56a42513d2f03a7e194cdaef2ccb67e066f89b1ca2217da.json
experiments/output/ace_mechanisms_20260910/validation/configs/aime_1991_p6__validation-E__gpt-5.6-luna__seed1,aime_1991_p6,validation,prove_theorem_grounded,done,no_verifier_evidence,0,0.03020716,dated billing receipts,False,False,audit/cells/37f974faec22b6bfc415e7d7a3e1a7e9632c07ea58b8847bb8dcc0e6b8f84ed3.json
experiments/output/coverage_cycle_20260911/training/S/configs/mathd_algebra_224__training-S__gpt-5.6-luna__seed0,mathd_algebra_224,train,prove_theorem_grounded,done,unknown_reference,8,0.03418694,dated billing receipts,False,False,audit/cells/380181cc796bf0df54562a9743bfd197b7874dfe09562d1ac5e966f4a30f3320.json
experiments/output/ace_capacity_20260912/headroom1/configs/imo_1967_p3__E-level1__gpt-5.6-terra__seed0,imo_1967_p3,train,prove_theorem_grounded,done,other_or_unobserved,24,1.2341089999999997,"cache tokens, current tariff; unrecorded retries unknown",False,False,audit/cells/386bc857617d287b759b88415b58bee764473a8fd365fa14c3381382bed86aa5.json
experiments/output/ace_economy_20260916/validation/configs/validation__session__amc12a_2020_p21__seed0,amc12a_2020_p21,validation,prove_theorem_grounded,done,other_or_unobserved,7,0.03080492,dated billing receipts,False,False,audit/cells/3877958daeb72ea7e94a1a266d1f2563df0993aab8e40766b42d8f5baacdd274.json
experiments/output/ace_x_validation_agentic/configs/mathd_numbertheory_405__ace-1ac8a092-k10-core-medium__gpt-5.6-luna__seed1,mathd_numbertheory_405,validation,prove_theorem_ace,done,incomplete_proof,28,0.05974771999999999,"cache tokens, current tariff; unrecorded retries unknown",False,False,audit/cells/389de1443de0f328d34f934bdb389edeb9c488ccadc5be2a9c0222d100450830.json
experiments/output/coverage_cycle_20260911/validation/H/configs/mathd_numbertheory_303__validation-H__gpt-5.6-luna__seed0,mathd_numbertheory_303,validation,prove_theorem_grounded,done,unknown_reference,4,0.04530404,dated billing receipts,False,False,audit/cells/38bc3d316dff8b47a7c2cd81d4742df15610d5219c47034f71fc836af623c8c9.json
experiments/output/ace_x_validation_ace_x3_strong_rv3_agentic/configs/algebra_others_exirrpowirrrat__ace-b596e7df-core-medium__gpt-5.6-luna__seed0,algebra_others_exirrpowirrrat,validation,prove_theorem_ace,done,incomplete_proof,15,0.03210547999999999,"cache tokens, current tariff; unrecorded retries unknown",False,False,audit/cells/38c05be0d0e92f310c61d062d16cc1ca3b2725c6230b0e0b4563b65d32c2f208.json
experiments/output/ace_review_calibration/configs/mathd_numbertheory_629__baseline-r32__gpt-5.6-luna__seed0,mathd_numbertheory_629,train,prove_theorem_agentic,done,arithmetic_or_search,25,0.04024347999999999,"cache tokens, current tariff; unrecorded retries unknown",False,False,audit/cells/38c8764f87c3395cdabeab67502fbea204c96de64f3ba4206b9e558eda7279fb.json
experiments/output/ace_mechanisms_20260910/training/configs/induction_pord1p1on2powklt5on2__training-S__gpt-5.6-luna__seed0,induction_pord1p1on2powklt5on2,train,prove_theorem_grounded,done,incomplete_proof,4,0.013767179999999999,dated billing receipts,False,False,audit/cells/38c9aff00cfef3f2be993fcc26f8ea656ebec0089e7925043ebedf54ad2bbc9d.json
experiments/output/ace_economy_budget_20260916/validation/configs/validation__agentic__mathd_numbertheory_37__seed1,mathd_numbertheory_37,validation,prove_theorem_grounded,done,other_or_unobserved,16,0.01920576,dated billing receipts,False,False,audit/cells/38f99094a8d120ee0d52a412547697dd4d5e06d035b59f9338cdd9981d5baa77.json
experiments/output/ace_economy_refinement_20260916/final09/configs/validation__agentic_reset_compact__amc12a_2020_p21__seed1,amc12a_2020_p21,validation,prove_theorem_grounded,done,incomplete_proof,24,0.04384632,dated billing receipts,False,False,audit/cells/390e1007799c0cbe544215267402ee57d9e56abe7ccdacbc03432cc27fe97053.json
experiments/output/coverage_cycle_20260911/validation/D2/configs/amc12_2001_p21__validation-D2__gpt-5.6-luna__seed0,amc12_2001_p21,validation,prove_theorem_grounded,done,unknown_reference,3,0.02847038,dated billing receipts,False,False,audit/cells/393c0746b61cee5696484740d7a022aad2649dc12fe16a9b1f8cca285b51b7b0.json
experiments/output/ace_roles_20260913/validation/configs/validation__control__proof__amc12a_2016_p3__seed1,amc12a_2016_p3,validation,,missing,unknown_reference,6,0.07318425999999999,dated billing receipts,True,False,audit/cells/393fee0642bdc128598f10f6c00b58aea728e4a098fe6fc5c964860b9e0cd647.json
experiments/output/ace_models_20260910/proof/configs/aime_1984_p1__selection-medium-1e4aec7dbbe80e7a__gpt-5.6-luna__seed0,aime_1984_p1,train,prove_theorem_grounded,done,unproved_prerequisite,10,0.032781779999999996,dated billing receipts,False,False,audit/cells/395c24dbc92c48526b8806677abe5bcb67850da81c277069cd43c573ed54d77d.json
experiments/output/ace_review_development/configs/aime_1991_p9__x3-r64__gpt-5.6-luna__seed1,aime_1991_p9,validation,prove_theorem_ace,done,arithmetic_or_search,20,0.10073333999999999,"cache tokens, current tariff; unrecorded retries unknown",False,False,audit/cells/396750a5f7bc0da7e2054a54a32900027e03085f707e686ab65a0b204c442626.json
experiments/output/ace_mechanisms_20260910/training/configs/imo_1968_p5_1__training-C__gpt-5.6-luna__seed0,imo_1968_p5_1,train,prove_theorem_grounded,done,unproved_prerequisite,11,0.0310025,dated billing receipts,False,False,audit/cells/398638dd04cf06806df296faf4c5eb260820916b408df56a80f8d69304c75887.json
experiments/output/ace_review_development/configs/mathd_numbertheory_405__repair1-r64__gpt-5.6-luna__seed0,mathd_numbertheory_405,validation,prove_theorem_ace,done,incomplete_proof,37,0.10082279999999999,"cache tokens, current tariff; unrecorded retries unknown",False,False,audit/cells/3986722d728799db1eb19d8f932dffbfbce53d85c20f9eb8845fd3e4351f9131.json
experiments/output/ace_polish_validation/configs/amc12a_2020_p21__reference-r64__gpt-5.6-luna__seed0,amc12a_2020_p21,validation,prove_theorem_grounded,done,incomplete_proof,9,0.0363663,"cache tokens, current tariff; unrecorded retries unknown",False,False,audit/cells/39a4a6bade421b6eb00dbb52a9eed3e51d15fd1cdeb191e760b275be3d796e4d.json
experiments/output/ace_contenders_20260910/configs/imo_1960_p2__validation-reflector-medium__gpt-5.6-luna__seed0,imo_1960_p2,validation,prove_theorem_grounded,done,no_verifier_evidence,0,0.0285891,dated billing receipts,False,False,audit/cells/39d7b9f1a58f552e76bb25dcf512702719935a127de2ee40c5f64b0f9de646d6.json
experiments/output/ace_mechanisms_20260910/validation/configs/mathd_numbertheory_43__validation-E__gpt-5.6-luna__seed0,mathd_numbertheory_43,validation,prove_theorem_grounded,done,verifier_resource,1,0.02692486,dated billing receipts,False,False,audit/cells/3a0efe4e357279f2da2ce639d7e3a8f6672467075ece20b692ea9aca58205b07.json
experiments/output/ace_x_validation_ace_x5_offline_rv2_agentic/configs/amc12_2001_p21__ace-fc7b45d4-core-medium__gpt-5.6-luna__seed0,amc12_2001_p21,validation,prove_theorem_ace,done,incomplete_proof,28,0.04426495999999999,"cache tokens, current tariff; unrecorded retries unknown",False,False,audit/cells/3a204261d909e993fb3b593fe49dba08b74c2d6ec8c68bc486bd8f7082a85170.json
experiments/output/ace_snippets_20260913/training/configs/snippets-v1__amc12a_2017_p7__training-A__seed0,amc12a_2017_p7,train,prove_theorem_grounded,done,syntax,8,0.03798238,"cache tokens, current tariff; unrecorded retries unknown",False,False,audit/cells/3a24191b9fc3429898b6ee296d53eacb71c0977a41d630f8f6b2f30a5fba7b09.json
experiments/output/ace_economy_20260916/validation/configs/validation__session__mathd_numbertheory_405__seed1,mathd_numbertheory_405,validation,prove_theorem_grounded,done,other_or_unobserved,9,0.04186256,dated billing receipts,False,False,audit/cells/3a353649365666393adc11add6f4a379f34bbb4da2eed643627e78eb47f2e3f1.json
experiments/output/ace_economy_20260916/validation/configs/validation__views__imo_1984_p6__seed1,imo_1984_p6,validation,prove_theorem_grounded,done,arithmetic_or_search,8,0.04181626,dated billing receipts,False,False,audit/cells/3a375f458c35dccd117192acf78f7716d1a5acc962512f434c1c845f0029469f.json
experiments/output/ace_economy_refinement_20260916/final14/configs/validation__ace__amc12_2001_p21__seed1,amc12_2001_p21,validation,prove_theorem_grounded,done,other_or_unobserved,8,0.01576812,dated billing receipts,False,False,audit/cells/3a677811dfbf06fe21542f943ba2ad5d1fc39976cbb873b40a6cb3a25d4387f0.json
experiments/output/ace_attribution_20260912/validation/terra/configs/mathd_numbertheory_405__terra-none-medium__gpt-5.6-terra__seed0,mathd_numbertheory_405,validation,prove_theorem_grounded,done,other_or_unobserved,9,0.4077458,dated billing receipts,False,False,audit/cells/3a6e3bcf219eb6698ed8761a6c1c12cdc815cb818059fc1561e5cd65f4df1bee.json
experiments/output/ace_x_validation_ace_x3_mono_rv3_agentic/configs/mathd_numbertheory_530__ace-0e162d51-core-medium__gpt-5.6-luna__seed1,mathd_numbertheory_530,validation,prove_theorem_ace,done,syntax,6,0.031481619999999995,"cache tokens, current tariff; unrecorded retries unknown",False,False,audit/cells/3a75458246745fd8c303fa0a82f7e910ab931312d7a23661a41595bb1dd54220.json
experiments/output/ace_x_validation_ace_x3_offline_rv2_agentic/configs/mathd_algebra_282__ace-1e4aec7d-core-medium__gpt-5.6-luna__seed1,mathd_algebra_282,validation,prove_theorem_ace,done,incomplete_proof,18,0.0236635,"cache tokens, current tariff; unrecorded retries unknown",False,False,audit/cells/3ac333c647bc5f6f28054cbeb2c2d3b76d70b2bed6c736301ff0fb00b8137252.json
experiments/output/ace_roles_20260913/validation/configs/validation__control__proof__amc12a_2008_p4__seed1,amc12a_2008_p4,validation,prove_theorem_grounded,done,arithmetic_or_search,15,0.04085524,dated billing receipts,False,False,audit/cells/3b31bc3e2193aee5bae6e6684af06ac84e3a3c01090ea5f71568a47f81119a73.json
experiments/output/ace_attribution_20260912/training/terra/configs/aime_1984_p1__terra-none-medium__gpt-5.6-terra__seed0,aime_1984_p1,train,prove_theorem_grounded,done,other_or_unobserved,5,0.338142,dated billing receipts,False,False,audit/cells/3b82f128b47b6b8bcac7ee8fccd5466ee5c2df85d853e41c09cd23c474f2a091.json
experiments/output/ace_revision_20260913/validation/configs/validation__control__proof__amc12a_2019_p21__seed1,amc12a_2019_p21,validation,prove_theorem_grounded,done,other_or_unobserved,6,0.0307273,dated billing receipts,False,False,audit/cells/3ba4766939ee39e85f0693d9d82a13111673acf43ae49127bb6cfd1158e1d24c.json
experiments/output/ace_review_development/configs/amc12_2000_p12__baseline-r64__gpt-5.6-luna__seed0,amc12_2000_p12,validation,prove_theorem_agentic,done,verifier_resource,38,0.10126269999999997,"cache tokens, current tariff; unrecorded retries unknown",False,False,audit/cells/3bd53865094d57e913d93b21b13dbaf4774fd38c748d1b7226c3f88fc6b92f42.json
experiments/output/ace_attribution_20260912/validation/luna-none/configs/mathd_numbertheory_43__luna-none-medium__gpt-5.6-luna__seed0,mathd_numbertheory_43,validation,prove_theorem_grounded,done,other_or_unobserved,7,0.018451679999999998,dated billing receipts,False,False,audit/cells/3bdf7aac9b6b3b5e7c671ffc7a2f36b8177bfc1d8294f1a0e4baae9c302b1dc1.json
experiments/output/ace_x_validation_ace_x3_offline_rv2_agentic/configs/mathd_numbertheory_43__ace-1e4aec7d-core-medium__gpt-5.6-luna__seed1,mathd_numbertheory_43,validation,prove_theorem_ace,done,incomplete_proof,22,0.03638786000000001,"cache tokens, current tariff; unrecorded retries unknown",False,False,audit/cells/3bed88316031b208d2d0f76f55839831a0452f039989c5c55839b071996c6294.json
experiments/output/ace_adaptation_x3-offline-e3/configs/step20_generator_imo_1977_p6,imo_1977_p6,train,prove_theorem_ace,done,incomplete_proof,27,0.034100439999999996,"cache tokens, current tariff; unrecorded retries unknown",False,False,audit/cells/3c205cd0fc13b4ec79959304ddb4e5aec6312d7f581f5ed9a7d931662b9f4640.json
experiments/output/ace_x_validation_ace_x3_offline_rv3_agentic/configs/mathd_algebra_282__ace-1e4aec7d-core-medium__gpt-5.6-luna__seed0,mathd_algebra_282,validation,prove_theorem_ace,done,incomplete_proof,17,0.021477899999999998,"cache tokens, current tariff; unrecorded retries unknown",False,False,audit/cells/3c358ef8a3550c6dc3ac907a46b962306797f5d20db6b2aa644b09ad734b99ba.json
experiments/output/ace_contenders_20260910/configs/mathd_numbertheory_629__training-reflector-medium__gpt-5.6-luna__seed0,mathd_numbertheory_629,train,prove_theorem_grounded,done,no_verifier_evidence,0,0.0266601,dated billing receipts,False,False,audit/cells/3c442c21ff36e2be73a4d27af4c93dab547d23373ec3f3ee4c6ab586429e5139.json
experiments/output/ace_x_validation_agentic/configs/amc12a_2019_p21__ace-1ac8a092-k10-core-medium__gpt-5.6-luna__seed1,amc12a_2019_p21,validation,prove_theorem_ace,done,unknown_reference,12,0.02988312,"cache tokens, current tariff; unrecorded retries unknown",False,False,audit/cells/3c4e9c86bc0370bc18855b6b732769a103dc2955821976b1d1c7601ffee3f7e4.json
experiments/output/ace_x_validation_ace_x3_offline_rv3_agentic/configs/mathd_numbertheory_37__ace-1e4aec7d-core-medium__gpt-5.6-luna__seed1,mathd_numbertheory_37,validation,prove_theorem_ace,done,syntax,13,0.10602570000000001,"cache tokens, current tariff; unrecorded retries unknown",False,False,audit/cells/3c589cc4adb2479dca8dccf0dccb440c1e5c92283c943c90c5377bce3bd306b6.json
experiments/output/ace_polish_validation/configs/imo_1969_p2__reference-r64__gpt-5.6-luna__seed0,imo_1969_p2,validation,prove_theorem_grounded,done,other_or_unobserved,7,0.03866375999999999,"cache tokens, current tariff; unrecorded retries unknown",False,False,audit/cells/3cb0c8fb6cf78d4439359f86be23a5556a9ce6b3c884267642db02cedec02232.json
experiments/output/ace_x_validation_ace_x3_noreflect_rv3_agentic/configs/mathd_numbertheory_43__ace-ce233fe0-core-medium__gpt-5.6-luna__seed1,mathd_numbertheory_43,validation,prove_theorem_ace,done,other_or_unobserved,23,0.03728707999999999,"cache tokens, current tariff; unrecorded retries unknown",False,False,audit/cells/3d018605e38140d575c772ae7301cba26a5c7f1283024b5d54be941f1149e109.json
experiments/output/ace_economy_20260916/validation/configs/validation__agentic__aime_1984_p7__seed1,aime_1984_p7,validation,prove_theorem_grounded,done,unproved_prerequisite,13,0.04311516,dated billing receipts,False,False,audit/cells/3d0bbe6fc245230bdaf11b8b7ce54dfd4de62fc26e78935467dc7fb87ec34034.json
experiments/output/ace_economy_refinement_20260916/final02/configs/validation__agentic_reset__amc12a_2019_p21__seed0,amc12a_2019_p21,validation,prove_theorem_grounded,done,other_or_unobserved,10,0.04678852,dated billing receipts,False,False,audit/cells/3d17401a4c3e38de6b212858ba513cad7b69a1524833042d759ca6eb88579537.json
experiments/output/ace_adaptation_x3-mono/configs/step39_generator_imo_1967_p3,imo_1967_p3,train,prove_theorem_ace,done,arithmetic_or_search,27,0.03908684,"cache tokens, current tariff; unrecorded retries unknown",False,False,audit/cells/3d26cd43fb4157889d7f1674f9477b524ff3f777766ae9c80e65a40e000b6060.json
experiments/output/ace_x_validation_ace_digest_table_rv2_agentic/configs/mathd_numbertheory_530__ace-ca62b40b-core-medium__gpt-5.6-luna__seed0,mathd_numbertheory_530,validation,prove_theorem_ace,done,other_or_unobserved,15,0.05150418,"cache tokens, current tariff; unrecorded retries unknown",False,False,audit/cells/3d45a7d1476db8a04472b69989f133e1ef683fc4a872cf93d6824e6fe122b000.json
experiments/output/ace_revision_20260913/validation/configs/validation__control__proof__mathd_numbertheory_37__seed0,mathd_numbertheory_37,validation,prove_theorem_grounded,done,other_or_unobserved,13,0.03727292,dated billing receipts,False,False,audit/cells/3d5d5f2e1887d991dc34317a9c95898be4541c2c46470b800a30ca2868c004df.json
experiments/output/ace_x_validation_ace_x3_offline_e3_rv3_agentic/configs/mathd_numbertheory_303__ace-d0d7ce24-core-medium__gpt-5.6-luna__seed0,mathd_numbertheory_303,validation,prove_theorem_ace,done,unknown_reference,21,0.0699875,"cache tokens, current tariff; unrecorded retries unknown",False,False,audit/cells/3d716eebbcc0968cad7f01d5f4055a6e11ff4b5354acb884fcde92bdb6827623.json
experiments/output/ace_economy_20260916/validation/configs/validation__agentic__amc12a_2019_p21__seed1,amc12a_2019_p21,validation,prove_theorem_grounded,done,arithmetic_or_search,2,0.0345068,dated billing receipts,False,False,audit/cells/3d758ab63903600899bff715ca48c78c7070c2c57d2d884f1baf270e169ac001.json
experiments/output/ace_contenders_20260910/configs/induction_prod1p1onk3le3m1onn__validation-reflector-medium__gpt-5.6-luna__seed0,induction_prod1p1onk3le3m1onn,validation,prove_theorem_grounded,done,unproved_prerequisite,4,0.03845998,dated billing receipts,False,False,audit/cells/3d819164c6a1f740d67efc212623497e4a7a18ec7cf00d5c8b5bbe88ee7a5de0.json
experiments/output/ace_x_validation_agentic/configs/amc12a_2020_p21__ace-1ac8a092-k10-core-medium__gpt-5.6-luna__seed1,amc12a_2020_p21,validation,prove_theorem_ace,done,other_or_unobserved,8,0.11183595999999998,"cache tokens, current tariff; unrecorded retries unknown",False,False,audit/cells/3d93c533f4b8cbaa45242bdac2ca3503555dac446bcc4883654e38c8d22b68d9.json
experiments/output/ace_adaptation_review-repair-s1/configs/step34_generator_mathd_algebra_224,mathd_algebra_224,train,prove_theorem_ace,done,unknown_reference,18,0.06810296,"cache tokens, current tariff; unrecorded retries unknown",False,False,audit/cells/3d9cf73665b06b5aa0df450f3ca27822be18d6ff3a435de18adc450429b72a4b.json
experiments/output/ace_mechanisms_20260910/training/configs/imo_1963_p5__training-R__gpt-5.6-luna__seed0,imo_1963_p5,train,prove_theorem_grounded,done,unknown_reference,8,0.02180838,dated billing receipts,False,False,audit/cells/3dabcfa30a8e19a1c29c53b787a5ebe3926cf817f8c7fbabed61993388bc1aae.json
experiments/output/ace_mechanisms_20260910/training/configs/mathd_algebra_185__training-S__gpt-5.6-luna__seed0,mathd_algebra_185,train,prove_theorem_grounded,done,arithmetic_or_search,4,0.01684906,dated billing receipts,False,False,audit/cells/3dd89d1d0de53f50f9177d5470bf3f2d071d78a0e286e41b9b853c82864d0b7c.json
experiments/output/ace_economy_budget_20260916/validation/configs/validation__agentic__amc12a_2020_p21__seed1,amc12a_2020_p21,validation,prove_theorem_grounded,done,other_or_unobserved,18,0.052836339999999996,dated billing receipts,False,False,audit/cells/3ddd743a1b3d0df0c56eba1867035be007ec7e190d4de82cd63cb0c3ed17cb2b.json
experiments/output/ace_x_validation_agentic/configs/mathd_numbertheory_530__ace-d56da056-core-medium__gpt-5.6-luna__seed0,mathd_numbertheory_530,validation,prove_theorem_ace,done,unproved_prerequisite,14,0.04918855999999999,"cache tokens, current tariff; unrecorded retries unknown",False,False,audit/cells/3df818d6a74879e690c464a6927ae74f6cf317266be954c557190d72bec47a4e.json
experiments/output/coverage_cycle_20260911/validation/S/configs/amc12a_2020_p21__validation-S__gpt-5.6-luna__seed0,amc12a_2020_p21,validation,prove_theorem_grounded,done,unproved_prerequisite,12,0.03260878,dated billing receipts,False,False,audit/cells/3dfb80af1d7801098263e7909d5f306e14010985e052b322bc9ffe99473ccfd8.json
experiments/output/ace_attribution_20260912/training/terra/configs/amc12a_2020_p13__terra-none-medium__gpt-5.6-terra__seed0,amc12a_2020_p13,train,prove_theorem_grounded,done,unknown_reference,5,0.4081126,dated billing receipts,False,False,audit/cells/3e1aedd4facd297c800af217a03e63a7678be9b63e1af59a83007cab5c5ed671.json
experiments/output/ace_adaptation_x-offline/configs/step21_generator_amc12a_2020_p13,amc12a_2020_p13,train,prove_theorem_ace,done,arithmetic_or_search,17,0.05390434000000001,"cache tokens, current tariff; unrecorded retries unknown",False,False,audit/cells/3e3047bbbe3ff02c47433adb499a4be114bbccdd3a42edfe7faa169084dd5893.json
experiments/output/ace_attribution_20260912/training/terra/configs/imo_1967_p3__terra-none-medium__gpt-5.6-terra__seed0,imo_1967_p3,train,prove_theorem_grounded,done,other_or_unobserved,7,0.4423244,dated billing receipts,False,False,audit/cells/3e394b54d4bb711c5a95abdc4484a6ae996042e844e672f95922674ba8b27f99.json
experiments/output/ace_online_x3-online-s0_agentic/configs/mathd_algebra_282__ace-c8aedad3-core-medium__gpt-5.6-luna__seed0,mathd_algebra_282,validation,prove_theorem_ace,done,incomplete_proof,21,0.025920600000000002,"cache tokens, current tariff; unrecorded retries unknown",False,False,audit/cells/3e41002a721c2cc2a3a090107c927c7b0b5493c7d41b0e272f796d6da89a609e.json
experiments/output/ace_review_development/configs/amc12a_2019_p21__baseline-r64__gpt-5.6-luna__seed0,amc12a_2019_p21,validation,prove_theorem_agentic,done,incomplete_proof,17,0.12603704,"cache tokens, current tariff; unrecorded retries unknown",False,False,audit/cells/3e553cd26914faef555e18adfc2f8be10a3f74c162e42c4601a2e308c37c8f16.json
experiments/output/ace_x_validation_ace_x5_offline_rv3_agentic/configs/aime_1984_p7__ace-fc7b45d4-core-medium__gpt-5.6-luna__seed0,aime_1984_p7,validation,prove_theorem_ace,done,arithmetic_or_search,20,0.08549245999999999,"cache tokens, current tariff; unrecorded retries unknown",False,False,audit/cells/3e5de07fe9ebbb5f204ae89aaddb3c082f55f29beddbbca0874b4a553aa33b3b.json
experiments/output/coverage_cycle_20260911/validation/H/configs/mathd_numbertheory_530__validation-H__gpt-5.6-luna__seed0,mathd_numbertheory_530,validation,prove_theorem_grounded,done,no_verifier_evidence,0,0.04535412,dated billing receipts,False,False,audit/cells/3e60cd386392baa2c4e810e07d91e5bd9d167770c5ac60b3429341308ad9b6c4.json
experiments/output/acet_x_validation_ace_x5_offline_k3_agentic/configs/mathd_numbertheory_37__acet-fc7b45d4-b1806cce-k3-core-medium__gpt-5.6-luna__seed0,mathd_numbertheory_37,validation,prove_theorem_ace_triggered,done,other_or_unobserved,19,0.02111424,"cache tokens, current tariff; unrecorded retries unknown",False,False,audit/cells/3e7a1da54b413d00e8ff7e59dd44205f9e990a6183f1c3202a56f83b1606afc0.json
experiments/output/ace_control_cycle_validation/configs/mathd_numbertheory_43__validation-r64__gpt-5.6-luna__seed0,mathd_numbertheory_43,validation,prove_theorem_grounded,done,other_or_unobserved,11,0.03252908,"cache tokens, current tariff; unrecorded retries unknown",False,False,audit/cells/3e82b50d4dea15f7766b8f735151b48c551304d886939caf09f1b3dd006db814.json
experiments/output/ace_contenders_20260910/configs/amc12b_2004_p3__training-reflector-xhigh__gpt-5.6-luna__seed0,amc12b_2004_p3,train,prove_theorem_grounded,done,no_verifier_evidence,0,0.02703834,dated billing receipts,False,False,audit/cells/3e86bb4e775feb5bc588e18b99d8722149fde0e5c21c077c5e206131481cdaa9.json
experiments/output/ace_economy_20260916/validation/configs/validation__session__imo_1969_p2__seed0,imo_1969_p2,validation,prove_theorem_grounded,done,other_or_unobserved,7,0.04102194,dated billing receipts,False,False,audit/cells/3eb05d2e4fe583a036bb696c09fa17328fe3692e2216ea9823da13059207fd2f.json
experiments/output/ace_review_development/configs/imo_1969_p2__baseline-r64__gpt-5.6-luna__seed1,imo_1969_p2,validation,prove_theorem_agentic,done,incomplete_proof,49,0.06660004000000001,"cache tokens, current tariff; unrecorded retries unknown",False,False,audit/cells/3eb2a18ef12ac5b4f6d2f2191d7492bf0f48fddd953b5bdc7867a72226547547.json
experiments/output/ace_economy_20260916/validation/configs/validation__views__mathd_numbertheory_530__seed1,mathd_numbertheory_530,validation,prove_theorem_grounded,done,other_or_unobserved,5,0.03664236,dated billing receipts,False,False,audit/cells/3eb5f14987eaa915cb054f218aa42a0d143f11e347859c90db5e0bb13f64ee7c.json
experiments/output/x_validation_stall_seenstate4_agentic/configs/aime_1991_p6__core-medium-stall-seenstate4__gpt-5.6-luna__seed0,aime_1991_p6,validation,prove_theorem_agentic_stall,done,incomplete_proof,23,0.042868319999999994,"cache tokens, current tariff; unrecorded retries unknown",False,False,audit/cells/3ef59cc23e6bbe014ad238e65bee9d54126d905e73928128301bae0fa86164a8.json
experiments/output/ace_x_validation_ace_x3_offline_rv2_agentic/configs/aime_1991_p6__ace-1e4aec7d-core-medium__gpt-5.6-luna__seed0,aime_1991_p6,validation,prove_theorem_ace,done,incomplete_proof,25,0.04139912,"cache tokens, current tariff; unrecorded retries unknown",False,False,audit/cells/3f2a31f814a4cb53623acda49be3d2300adb922bd8c0468594c5ca26d5951cf1.json
experiments/output/ace_snippets_20260913/training/configs/snippets-v1__amc12b_2004_p3__training-A__seed0,amc12b_2004_p3,train,prove_theorem_grounded,done,arithmetic_or_search,8,0.0374185,"cache tokens, current tariff; unrecorded retries unknown",False,False,audit/cells/3f4922319233de1fd8b7f809ac5cbaa75a0e9a776b9c0984ccbc6c0365b4ad6e.json
experiments/output/ace_learning_20260914/validation/configs/validation__B__proof__amc12a_2020_p21__seed1,amc12a_2020_p21,validation,prove_theorem_grounded,done,other_or_unobserved,7,0.02883374,dated billing receipts,False,False,audit/cells/3f6297a10774d646da80ca3a567d4b63f293e25f8a37502e2ffe05ab7fbe7f16.json
experiments/output/ace_x_validation_agentic/configs/induction_prod1p1onk3le3m1onn__ace-d56da056-core-medium__gpt-5.6-luna__seed0,induction_prod1p1onk3le3m1onn,validation,prove_theorem_ace,done,syntax,21,0.09478088000000001,"cache tokens, current tariff; unrecorded retries unknown",False,False,audit/cells/3f6398b8a674783ff042bf3eee90bf377b93fc64ce94597e24b96d4e975aaf5c.json
experiments/output/ace_economy_refinement_20260916/final09/configs/validation__ace_reset_compact__aime_1991_p9__seed1,aime_1991_p9,validation,prove_theorem_grounded,done,other_or_unobserved,5,0.045024259999999997,dated billing receipts,False,False,audit/cells/3f7479a660bbbb7a57b4db3f7475f9636126e53ae0957fd7012ff71886f0ca70.json
experiments/output/ace_economy_20260916/validation/configs/validation__views__imo_1969_p2__seed1,imo_1969_p2,validation,prove_theorem_grounded,done,other_or_unobserved,7,0.036335479999999996,dated billing receipts,False,False,audit/cells/3f84a63930b60a57829629dd2550b6be00df34a61b219ec0bb0dbe4b24a01071.json
experiments/output/ace_x_validation_ace_digest_table_rv2_agentic/configs/aime_1991_p6__ace-ca62b40b-core-medium__gpt-5.6-luna__seed0,aime_1991_p6,validation,prove_theorem_ace,done,incomplete_proof,26,0.03484422,"cache tokens, current tariff; unrecorded retries unknown",False,False,audit/cells/3fe12141d2ee13a487c43054fb16365d84d82057a0210dc9e31d3f7d553dd880.json
experiments/output/ace_adaptation_x3-offline-e3/configs/step101_generator_imo_1977_p6,imo_1977_p6,train,prove_theorem_ace,done,incomplete_proof,30,0.042031120000000005,"cache tokens, current tariff; unrecorded retries unknown",False,False,audit/cells/40058340c240f7989773838df1aa7c31edda0d98d914203974df8999cbefd1d8.json
experiments/output/ace_economy_refinement_20260916/final00/configs/validation__agentic_reset__algebra_others_exirrpowirrrat__seed1,algebra_others_exirrpowirrrat,validation,,failed,administrative_censoring,9,0.0409041,dated billing receipts,False,True,audit/cells/40142178100cfbaf006ade8992051d120f0edfaaa16ac6cfe2ff6238f3efb74c.json
experiments/output/ace_contenders_20260910/configs/mathd_numbertheory_43__validation-reflector-medium__gpt-5.6-luna__seed0,mathd_numbertheory_43,validation,prove_theorem_grounded,done,no_verifier_evidence,0,0.023042299999999998,dated billing receipts,False,False,audit/cells/40242133e2405a5494b85c806ced1a41170e83b34c1c6e970f42e25bb1b017ea.json
experiments/output/ace_polish_validation/configs/mathd_numbertheory_43__reference-r64__gpt-5.6-luna__seed0,mathd_numbertheory_43,validation,prove_theorem_grounded,done,other_or_unobserved,13,0.0190502,"cache tokens, current tariff; unrecorded retries unknown",False,False,audit/cells/4041cd98e45c0598f20796593713179420e1538a6a15101033a32417a504e8be.json
experiments/output/ace_economy_refinement_20260916/pilot/configs/train__agentic_reset__imo_1967_p3__seed0,imo_1967_p3,train,prove_theorem_grounded,done,unknown_reference,8,0.04504122,dated billing receipts,False,False,audit/cells/404d4436c848ccd88fac144ca733445bdc42878a109ae34d82d6d1ee3737bfc7.json
experiments/output/ace_revision_20260913/training/configs/training__candidate__proof__mathd_numbertheory_629__seed0,mathd_numbertheory_629,train,prove_theorem_grounded,done,other_or_unobserved,12,0.03751654,dated billing receipts,False,False,audit/cells/40508e3fab4d9755ca07ff726b5315f36eb75920b34dff1b427878a340dcc190.json
experiments/output/ace_models_20260910/proof/configs/amc12a_2020_p13__selection-xhigh-68338b80d7121921__gpt-5.6-luna__seed0,amc12a_2020_p13,train,prove_theorem_grounded,done,no_verifier_evidence,0,0.02750346,dated billing receipts,False,False,audit/cells/4062aa5a348726995a0c020b714ee58615afb8046eec5a38db54c92a6d5ef4e0.json
experiments/output/ace_roles_20260913/validation/configs/validation__candidate__proof__amc12a_2008_p4__seed0,amc12a_2008_p4,validation,,missing,incomplete_proof,11,0.01449214,dated billing receipts,False,False,audit/cells/40b51b9e870898af2d3a693664c3152f0791cf2e1e0db01444fe965c649730f9.json
experiments/output/ace_x_validation_ace_x3_offline_rv3_agentic/configs/aime_1991_p6__ace-1e4aec7d-core-medium__gpt-5.6-luna__seed1,aime_1991_p6,validation,prove_theorem_ace,done,incomplete_proof,25,0.06176485999999997,"cache tokens, current tariff; unrecorded retries unknown",False,False,audit/cells/40d4347a71e35ce96c3a6a362cf93e06ad78d6f6d097d678a0a52cf880854ef3.json
experiments/output/acet_x_validation_ace_x6_repairs_k3_r2_agentic/configs/imo_1984_p6__acet-1d2bc630-30d3e288-k3-r2-core-medium__gpt-5.6-luna__seed0,imo_1984_p6,validation,prove_theorem_ace_triggered,done,incomplete_proof,27,0.033080660000000005,"cache tokens, current tariff; unrecorded retries unknown",False,False,audit/cells/40d83efefeafe7052903f7ee15f2834ea58d6b8961fcabc611ff9cc059766e6d.json
experiments/output/ace_adaptation_x-offline-e3/configs/step74_generator_amc12b_2004_p3,amc12b_2004_p3,train,prove_theorem_ace,done,other_or_unobserved,20,0.11388999999999999,"cache tokens, current tariff; unrecorded retries unknown",False,False,audit/cells/40fc15faa0fcd5cc5d60a8399c95bae8c58161af433d2c0587f3db6a049dad5f.json
experiments/output/ace_models_20260910/proof/configs/imo_1967_p3__selection-xhigh-68338b80d7121921__gpt-5.6-luna__seed0,imo_1967_p3,train,prove_theorem_grounded,done,no_verifier_evidence,0,0.0241894,dated billing receipts,False,False,audit/cells/40ff22e8f44676e222d8c2e4c1e279f024f7615aed1aaf0cf8ac0542ba5df338.json
experiments/output/ace_x_validation_ace_x3_offline_agentic/configs/mathd_algebra_282__ace-1ac8a092-core-medium__gpt-5.6-luna__seed0,mathd_algebra_282,validation,prove_theorem_ace,done,incomplete_proof,17,0.02158732,"cache tokens, current tariff; unrecorded retries unknown",False,False,audit/cells/410aa226bf6f94e00453b3fdff51b443529e52938ab4688432ab15feb4865264.json
experiments/output/ace_polish_validation/configs/mathd_numbertheory_405__reference-r64__gpt-5.6-luna__seed0,mathd_numbertheory_405,validation,prove_theorem_grounded,done,other_or_unobserved,9,0.040541839999999996,"cache tokens, current tariff; unrecorded retries unknown",False,False,audit/cells/411ee83251e0831d22247da7979986e3e52d1eaf78d6c6dab572df3f3ab288f3.json
experiments/output/ace_sanitized_20260917/pilots/configs/pilots__views__proof__mathd_algebra_224__seed0,mathd_algebra_224,train,prove_theorem_grounded,done,other_or_unobserved,11,0.03661528,dated billing receipts,False,False,audit/cells/4138974b8d255b2e9cea08a6e1623a8e988a97c94d9e991e9b7f13909a7c8d2b.json
experiments/output/ace_adaptation_x-mono/configs/step30_curator_mathd_algebra_247,mathd_algebra_247,train,rewrite_playbook,done,no_verifier_evidence,0,0.012404759999999997,"cache tokens, current tariff; unrecorded retries unknown",False,False,audit/cells/416a6d1a0d729327c288e5be100ac50539bddda177bc30cd29040873947a3f30.json
experiments/output/ace_adaptation_x-offline-e3/configs/step61_generator_algebra_amgm_sum1toneqn_prod1tonleq1,algebra_amgm_sum1toneqn_prod1tonleq1,train,prove_theorem_ace,done,incomplete_proof,20,0.029450959999999998,"cache tokens, current tariff; unrecorded retries unknown",False,False,audit/cells/41b45c920824e1701fbf50101024ce70ae23fb6da504a0cabd32b15e427b1883.json
experiments/output/ace_x_validation_ace_x5_offline_rv2_agentic/configs/imo_1984_p6__ace-fc7b45d4-core-medium__gpt-5.6-luna__seed1,imo_1984_p6,validation,prove_theorem_ace,done,incomplete_proof,14,0.030287639999999994,"cache tokens, current tariff; unrecorded retries unknown",False,False,audit/cells/41ee4155606d319750411367d8a0245e16402b35e9f9d5d91dd3751ed31022ae.json
experiments/output/ace_learning_20260914/validation/configs/validation__B__proof__imo_1964_p2__seed1,imo_1964_p2,validation,prove_theorem_grounded,done,unproved_prerequisite,13,0.0384592,dated billing receipts,False,False,audit/cells/41f327c4f0e718592a828f9f5f5d8288e2a43e5c274b9e528018f7ac1372eb99.json
experiments/output/ace_adaptation_x-mono/configs/step09_curator_mathd_numbertheory_301,mathd_numbertheory_301,train,rewrite_playbook,done,no_verifier_evidence,0,0.00816156,"cache tokens, current tariff; unrecorded retries unknown",False,False,audit/cells/42156f4ab30e30b030bcdd4b95d00b0a16338f20b9d6734e152441d5f162ff43.json
experiments/output/ace_adaptation_x-mono/configs/step08_curator_mathd_algebra_37,mathd_algebra_37,train,rewrite_playbook,done,no_verifier_evidence,0,0.00746676,"cache tokens, current tariff; unrecorded retries unknown",False,False,audit/cells/423ff0cbc3d3ca599378732c78537864e38244eefcca69703f4de7a66aee350f.json
experiments/output/ace_x_validation_ace_x3_noreflect_agentic/configs/mathd_numbertheory_530__ace-1ac8a092-core-medium__gpt-5.6-luna__seed0,mathd_numbertheory_530,validation,prove_theorem_ace,done,syntax,18,0.06426035999999999,"cache tokens, current tariff; unrecorded retries unknown",False,False,audit/cells/42422e9eba4aca6b42da9a3c525226de11f3a8e13ed51cdd3bcf5871da581cd8.json
experiments/output/ace_adaptation_x3-offline-e3/configs/step45_generator_mathd_algebra_185,mathd_algebra_185,train,prove_theorem_ace,done,syntax,18,0.10452597999999999,"cache tokens, current tariff; unrecorded retries unknown",False,False,audit/cells/4247c41676734bf2db419ecfb56e900df02aae6bcaad123b331af76c8388f7aa.json
experiments/output/ace_x_validation_agentic/configs/imo_1969_p2__ace-1ac8a092-k10-core-medium__gpt-5.6-luna__seed1,imo_1969_p2,validation,prove_theorem_ace,done,incomplete_proof,21,0.02375734,"cache tokens, current tariff; unrecorded retries unknown",False,False,audit/cells/428b27549a1b505c45527f6695771c11d9c6c77dcb4d66f8d7c4d906ceb9aead.json
experiments/output/ace_adaptation_review-repair-s1/configs/step14_generator_algebra_amgm_sum1toneqn_prod1tonleq1,algebra_amgm_sum1toneqn_prod1tonleq1,train,prove_theorem_ace,done,unproved_prerequisite,26,0.02436738,"cache tokens, current tariff; unrecorded retries unknown",False,False,audit/cells/429c875f07f9d77e1fb7e5db73f23ed416036b1e9faa90f9ebd4a4d1e9de1a3a.json
experiments/output/ace_adaptation_review-repair-s1/configs/step21_generator_amc12a_2020_p13,amc12a_2020_p13,train,prove_theorem_ace,done,unproved_prerequisite,19,0.0696733,"cache tokens, current tariff; unrecorded retries unknown",False,False,audit/cells/42c08f2ead443c2a9adb5070f6e3247fa1fe9ad202132c0015ff33d4dd7c2e56.json
experiments/output/ace_mechanisms_20260910/training/configs/mathd_algebra_247__training-R__gpt-5.6-luna__seed0,mathd_algebra_247,train,prove_theorem_grounded,done,syntax,2,0.00292762,dated billing receipts,False,False,audit/cells/42c33737d587b5854d52879c055f317790dd81d8d465115951bd0a8d7ea019ab.json
experiments/output/ace_sanitized_20260917/pilots/configs/pilots__book__proof__aime_1988_p3__seed0,aime_1988_p3,train,prove_theorem_grounded,done,other_or_unobserved,8,0.036236979999999995,dated billing receipts,False,False,audit/cells/42f6a0a6310ccb7a436b34b7e6c7a7dd40de7f77513fff36f09c4228473a53a1.json
experiments/output/ace_online_x3-online-s0_agentic/configs/mathd_numbertheory_530__ace-ff54751f-core-medium__gpt-5.6-luna__seed0,mathd_numbertheory_530,validation,prove_theorem_ace,done,other_or_unobserved,13,0.05640746,"cache tokens, current tariff; unrecorded retries unknown",False,False,audit/cells/42f8f0a6997af46afc44b03b01e85b170b04157a31ee0d5c9cd47f69ca949642.json
experiments/output/ace_x_validation_ace_x3_mono_rv3_agentic/configs/imo_1969_p2__ace-0e162d51-core-medium__gpt-5.6-luna__seed0,imo_1969_p2,validation,prove_theorem_ace,done,incomplete_proof,20,0.024604919999999995,"cache tokens, current tariff; unrecorded retries unknown",False,False,audit/cells/430461985a5634ea3410d12d5f761d63c9bca81e6149e485007d2ac86c5ac1bc.json
experiments/output/ace_economy_refinement_20260916/final11/configs/validation__agentic_reset_compact__mathd_numbertheory_530__seed0,mathd_numbertheory_530,validation,prove_theorem_grounded,done,unknown_reference,9,0.04476534,dated billing receipts,False,False,audit/cells/4309c909d31da520da2ccea5ee2b2e3722e98d15ed56d3d0a2c8f528780b6a8a.json
experiments/output/ace_revision_20260913/validation/configs/validation__control__proof__amc12a_2020_p21__seed0,amc12a_2020_p21,validation,prove_theorem_grounded,done,incomplete_proof,10,0.03895942,dated billing receipts,False,False,audit/cells/4315dcb15702983ef56e9175cf43b43aa577882a8f897f6ce0ce8b6ffe947c55.json
experiments/output/ace_review_development/configs/amc12a_2020_p21__x3-r64__gpt-5.6-luna__seed1,amc12a_2020_p21,validation,prove_theorem_ace,done,other_or_unobserved,50,0.09359766000000003,"cache tokens, current tariff; unrecorded retries unknown",False,False,audit/cells/431b48bf78bad073048571c427f71368d4b43baf0f00c4eec9a6b7cb05c6f979.json
experiments/output/ace_review_development/configs/mathd_numbertheory_405__repair0-r64__gpt-5.6-luna__seed1,mathd_numbertheory_405,validation,prove_theorem_ace,done,incomplete_proof,51,0.10077752000000002,"cache tokens, current tariff; unrecorded retries unknown",False,False,audit/cells/43274f96fc6225b9497a071e26a24c47e8d16878101a2fd551a17b9d1f89754b.json
experiments/output/ace_review_calibration/configs/amc12b_2004_p3__baseline-r32__gpt-5.6-luna__seed1,amc12b_2004_p3,train,prove_theorem_agentic,done,arithmetic_or_search,21,0.10398925999999999,"cache tokens, current tariff; unrecorded retries unknown",False,False,audit/cells/437fd2a587b891a4ffd19bd57f11499db443843a91cbbc0f62c77c1d3cc95fbf.json
experiments/output/ace_x_validation_agentic/configs/algebra_others_exirrpowirrrat__ace-1ac8a092-k10-core-medium__gpt-5.6-luna__seed0,algebra_others_exirrpowirrrat,validation,prove_theorem_ace,done,other_or_unobserved,6,0.02470982,"cache tokens, current tariff; unrecorded retries unknown",False,False,audit/cells/43833d5d4bf47fa2b626ac64ae3de5f4eec43694d1249a3e421b1f2b3e727656.json
experiments/output/ace_x_validation_ace_x4_offline_rv3_agentic/configs/algebra_others_exirrpowirrrat__ace-f1dd5c3a-core-medium__gpt-5.6-luna__seed1,algebra_others_exirrpowirrrat,validation,prove_theorem_ace,done,other_or_unobserved,11,0.03382594,"cache tokens, current tariff; unrecorded retries unknown",False,False,audit/cells/43854162536c8935f6a1820371a480c6a444257df92572020cce138cda2b78c5.json
experiments/output/ace_x_validation_ace_x3_offline_agentic/configs/amc12a_2019_p21__ace-1e4aec7d-core-medium__gpt-5.6-luna__seed0,amc12a_2019_p21,validation,,failed,platform_failure,1,0.00273124,"cache tokens, current tariff; unrecorded retries unknown",False,False,audit/cells/43911833d739210f000afe2b942f11e77dae46e8b47e580e8825d7310e68ebcb.json
experiments/output/ace_adaptation_x-offline/configs/step01_generator_amc12b_2002_p11,amc12b_2002_p11,train,prove_theorem_ace,done,incomplete_proof,17,0.023938899999999996,"cache tokens, current tariff; unrecorded retries unknown",False,False,audit/cells/43f8bd159841a97be45338e10fd3ee27e1f738a46ad8314d48797278140496c7.json
experiments/output/ace_x_validation_agentic/configs/mathd_numbertheory_530__ace-1ac8a092-core-medium__gpt-5.6-luna__seed0,mathd_numbertheory_530,validation,prove_theorem_ace,done,other_or_unobserved,11,0.0416276,"cache tokens, current tariff; unrecorded retries unknown",False,False,audit/cells/43fd0f130332c02f522d9591773c76903ece0c34dbe8f8c714dd0ddca8de7ec3.json
experiments/output/ace_attribution_20260912/validation/terra/configs/mathd_numbertheory_43__terra-ace-medium__gpt-5.6-terra__seed0,mathd_numbertheory_43,validation,prove_theorem_grounded,done,other_or_unobserved,16,0.1798536,dated billing receipts,False,False,audit/cells/440fbec94984715202a3c1dbcc7e124f404819d5cb9f57c967ea6532bf9c6fea.json
experiments/output/ace_review_development/configs/mathd_numbertheory_303__x3-r64__gpt-5.6-luna__seed1,mathd_numbertheory_303,validation,prove_theorem_ace,done,other_or_unobserved,21,0.10231164,"cache tokens, current tariff; unrecorded retries unknown",False,False,audit/cells/4421f7cb6165f3cd0193368492b413984fcef2bbc5a3adb65c56a45785469af4.json
experiments/output/ace_economy_20260916/validation/configs/validation__budget__mathd_numbertheory_530__seed1,mathd_numbertheory_530,validation,prove_theorem_grounded,done,other_or_unobserved,16,0.12461488,dated billing receipts,False,False,audit/cells/442399fefa6c74280d549662c8712703b29f1c4df5fb09838c2ce7bd122c03db.json
experiments/output/ace_learning_20260914/validation/configs/validation__B__proof__aime_1984_p7__seed0,aime_1984_p7,validation,prove_theorem_grounded,done,other_or_unobserved,11,0.038945339999999995,dated billing receipts,False,False,audit/cells/442450194da3ae86b8153bf63b9122cd6707946737c658fadefdcff5d95c895d.json
experiments/output/ace_x_validation_ace_x5_offline_rv3_agentic/configs/mathd_numbertheory_43__ace-fc7b45d4-core-medium__gpt-5.6-luna__seed1,mathd_numbertheory_43,validation,prove_theorem_ace,done,verifier_resource,19,0.051438059999999994,"cache tokens, current tariff; unrecorded retries unknown",False,False,audit/cells/443e208a9494778bda6758cdd04d66359a9c1f08f74032ed02e3a4b086afb37e.json
experiments/output/ace_online_x3-online-s0_agentic/configs/mathd_numbertheory_37__ace-89d1b77f-core-medium__gpt-5.6-luna__seed0,mathd_numbertheory_37,validation,,failed,platform_failure,0,0.0002604,"cache tokens, current tariff; unrecorded retries unknown",False,False,audit/cells/448cad74204b49124f2bddfe1ba361308461dca6ea26291e85813a27c10c1d9a.json
experiments/output/ace_revision_20260913/validation/configs/validation__control__proof__mathd_numbertheory_303__seed0,mathd_numbertheory_303,validation,prove_theorem_grounded,done,other_or_unobserved,7,0.03770228,dated billing receipts,False,False,audit/cells/44a2df083cd5d48aab37013ee9921d4a788545f12382b2eaf05b9f2e263ffa19.json
experiments/output/ace_x_validation_agentic/configs/mathd_numbertheory_303__ace-1ac8a092-core-medium__gpt-5.6-luna__seed0,mathd_numbertheory_303,validation,prove_theorem_ace,done,other_or_unobserved,11,0.03914931999999999,"cache tokens, current tariff; unrecorded retries unknown",False,False,audit/cells/44c56abbccff9c5995cee94d267d18fc8cb32a5c17953718353e9166c96f9cc7.json
experiments/output/ace_online_x-online-s0_agentic/configs/mathd_numbertheory_303__ace-378db651-core-medium__gpt-5.6-luna__seed0,mathd_numbertheory_303,validation,prove_theorem_ace,done,arithmetic_or_search,21,0.06869274,"cache tokens, current tariff; unrecorded retries unknown",False,False,audit/cells/44cdff51faae0a05831dcb42db5e3d90a19e29b4eaf60640342722265ad39a3d.json
experiments/output/ace_mechanisms_20260910/training/configs/imo_1963_p5__training-C__gpt-5.6-luna__seed0,imo_1963_p5,train,prove_theorem_grounded,done,unknown_reference,7,0.01590198,dated billing receipts,False,False,audit/cells/44d46b2c12523d920aa0f0ac11de5938c756c64a999ae2093d811c8614125753.json
experiments/output/ace_adaptation_x3-noreflect/configs/step28_generator_mathd_algebra_185,mathd_algebra_185,train,prove_theorem_ace,done,syntax,17,0.087765,"cache tokens, current tariff; unrecorded retries unknown",False,False,audit/cells/44e4a321f6c2aa6f2b141d6f813484620d0039495424cc45b0e8824436485c1b.json
experiments/output/ace_adaptation_x-offline-e3/configs/step20_generator_imo_1977_p6,imo_1977_p6,train,prove_theorem_ace,done,incomplete_proof,28,0.03419366,"cache tokens, current tariff; unrecorded retries unknown",False,False,audit/cells/451b7ccae2025c4a91bc4b557e44b5189632a70bbdfad4f606e8919e9416bcb4.json
experiments/output/coverage_cycle_20260911/training/H/configs/amc12b_2002_p11__training-H__gpt-5.6-luna__seed0,amc12b_2002_p11,train,prove_theorem_grounded,done,no_verifier_evidence,0,0.04556626,dated billing receipts,False,False,audit/cells/452dbcf79943ff579252000b4dab07251eaa65450602683a1fb423723abc96c9.json
experiments/output/ace_adaptation_x3-offline-e3/configs/step112_generator_amc12a_2020_p13,amc12a_2020_p13,train,prove_theorem_ace,done,other_or_unobserved,22,0.0730101,"cache tokens, current tariff; unrecorded retries unknown",False,False,audit/cells/45502a06b488c7011f8393680d81c823aa99e778a5bf8639d97959140705c4a5.json
experiments/output/ace_capacity_20260912/cross/configs/aime_1991_p6__cross-level0__gpt-5.6-luna__seed0,aime_1991_p6,validation,prove_theorem_grounded,done,unproved_prerequisite,5,0.0397749,"cache tokens, current tariff; unrecorded retries unknown",False,False,audit/cells/45a42ca6391bec9bf7906d1d060ecdd1b56d36ea4ae7572c3e052892badf0394.json
experiments/output/ace_adaptation_x3-strong/configs/step34_generator_mathd_algebra_224,mathd_algebra_224,train,prove_theorem_ace,done,unproved_prerequisite,14,0.058134939999999996,"cache tokens, current tariff; unrecorded retries unknown",False,False,audit/cells/45c55a900052152b0e4d2857fec1799dbca80692e1dc1598e92aacef67aa211f.json
experiments/output/ace_x_validation_ace_x4_offline_rv3_agentic/configs/algebra_others_exirrpowirrrat__ace-f1dd5c3a-core-medium__gpt-5.6-luna__seed0,algebra_others_exirrpowirrrat,validation,prove_theorem_ace,done,syntax,11,0.031144499999999995,"cache tokens, current tariff; unrecorded retries unknown",False,False,audit/cells/45d9d97c954cb31b90801e4c5f2aed77b35e10cc0a2f280a78e8e90160eb3d2e.json
experiments/output/ace_economy_20260916/validation/configs/validation__ace__mathd_numbertheory_303__seed0,mathd_numbertheory_303,validation,prove_theorem_grounded,done,other_or_unobserved,8,0.0374475,dated billing receipts,False,False,audit/cells/45eb66b5d1f7062ca35cecb9a717d4e49ef8019ab344f7c279a15f1f9c892427.json
experiments/output/ace_sanitized_20260917/validation/configs/validation__ace_coverage__proof__mathd_algebra_282__seed0,mathd_algebra_282,validation,prove_theorem_grounded,done,incomplete_proof,41,0.04725682,dated billing receipts,False,False,audit/cells/46102dd8916483623833f1f46cfba0c943b80768323decf3357749a3d594e708.json
experiments/output/ace_mechanisms_20260910/validation/configs/amc12_2001_p21__validation-E__gpt-5.6-luna__seed1,amc12_2001_p21,validation,prove_theorem_grounded,done,unknown_reference,3,0.036366619999999995,dated billing receipts,False,False,audit/cells/4613052984e6a826c6de5e3c68f2e19a61fb5b9b14e99ccd75adb82140ce8c31.json
experiments/output/ace_economy_refinement_20260916/final04/configs/validation__ace_compact__mathd_numbertheory_37__seed0,mathd_numbertheory_37,validation,prove_theorem_grounded,done,other_or_unobserved,13,0.015369559999999999,dated billing receipts,False,False,audit/cells/46258a7acd58949406466e452388c3d6ed015191f8709c316de5873a16dacfdc.json
experiments/output/ace_revision_20260913/training/configs/training__control__proof__amc12b_2002_p11__seed0,amc12b_2002_p11,train,prove_theorem_grounded,done,syntax,5,0.041623139999999996,dated billing receipts,False,False,audit/cells/465a051af66ed7d5feb8255930b334166d03eb44d812f4665ae0321fcfa4ec4d.json
experiments/output/ace_adaptation_x-offline-e3/configs/step95_curator_mathd_numbertheory_403,mathd_numbertheory_403,train,,failed,platform_failure,0,0.0,"cache tokens, current tariff; unrecorded retries unknown",False,False,audit/cells/465b4727f25d638ba3e583980c7b822c9c14f5b08ca21f66b900a943f79834f8.json
experiments/output/ace_economy_20260916/validation/configs/validation__ace__imo_1984_p6__seed0,imo_1984_p6,validation,prove_theorem_grounded,done,other_or_unobserved,6,0.02154132,dated billing receipts,False,False,audit/cells/466b1d570cea7798881163965deae0a0400a26db26a616f36adafee04ae082e9.json
experiments/output/acet_x_validation_ace_x6_repairs_k3_r2_agentic/configs/mathd_numbertheory_530__acet-1d2bc630-30d3e288-k3-r2-core-medium__gpt-5.6-luna__seed0,mathd_numbertheory_530,validation,prove_theorem_ace_triggered,done,unproved_prerequisite,15,0.053852920000000006,"cache tokens, current tariff; unrecorded retries unknown",False,False,audit/cells/46771b456d7197a5d046cbd32bccb254451b3e7270d3b5f105db411ba923e4a4.json
experiments/output/ace_snippets_20260913/validation/configs/snippets-v1__induction_prod1p1onk3le3m1onn__validation-A__seed0,induction_prod1p1onk3le3m1onn,validation,prove_theorem_grounded,done,unknown_reference,8,0.03892268,"cache tokens, current tariff; unrecorded retries unknown",False,False,audit/cells/46ac3a707d903808728b1cf48c565436e2ad33a27d35692576ee93e292b648af.json
experiments/output/ace_x_validation_ace_digest_table_rv2_agentic/configs/induction_prod1p1onk3le3m1onn__ace-ca62b40b-core-medium__gpt-5.6-luna__seed1,induction_prod1p1onk3le3m1onn,validation,prove_theorem_ace,done,unknown_reference,13,0.05199924000000001,"cache tokens, current tariff; unrecorded retries unknown",False,False,audit/cells/46b3cdad394b71705f4a606610ed3c23bbc7a9756bb5f3a3d5d78e74772ca9ca.json
experiments/output/ace_attribution_20260912/training/luna-none/configs/algebra_amgm_sum1toneqn_prod1tonleq1__luna-none-medium__gpt-5.6-luna__seed0,algebra_amgm_sum1toneqn_prod1tonleq1,train,prove_theorem_grounded,done,other_or_unobserved,6,0.03767952,dated billing receipts,False,False,audit/cells/46c33de445d5b487a3b0e00712025f89b10036e9035e371c95f30381862ebc43.json
experiments/output/ace_x_validation_ace_x5_offline_rv3_agentic/configs/mathd_numbertheory_37__ace-fc7b45d4-core-medium__gpt-5.6-luna__seed1,mathd_numbertheory_37,validation,prove_theorem_ace,done,arithmetic_or_search,14,0.15026525999999998,"cache tokens, current tariff; unrecorded retries unknown",False,False,audit/cells/46ca08bf1a00d746eefb0fbb5c16bd70859eb38530749cf9e4e8310246a4b4b3.json
experiments/output/ace_contenders_20260910/configs/amc12b_2002_p11__training-reflector-medium__gpt-5.6-luna__seed0,amc12b_2002_p11,train,prove_theorem_grounded,done,unproved_prerequisite,1,0.032473539999999995,dated billing receipts,False,False,audit/cells/47254f45a46cd7c515996a10453e175433e0a763f284b827c27b363650931412.json
experiments/output/ace_review_development/configs/algebra_others_exirrpowirrrat__x3-r64__gpt-5.6-luna__seed0,algebra_others_exirrpowirrrat,validation,prove_theorem_ace,done,incomplete_proof,39,0.07370554,"cache tokens, current tariff; unrecorded retries unknown",False,False,audit/cells/475d0c8d49ba0cb48abcd1e2d23e0756e2acca8c7c319a89cf582415d1b1cdd2.json
experiments/output/ace_review_development/configs/amc12_2001_p21__repair0-r64__gpt-5.6-luna__seed0,amc12_2001_p21,validation,prove_theorem_ace,done,incomplete_proof,13,0.11303172,"cache tokens, current tariff; unrecorded retries unknown",False,False,audit/cells/47616b377db37cd3535778d46299e4c8ae88d6e577992fd9c45223371f93ebe2.json
experiments/output/coverage_cycle_20260911/validation/E2/configs/aime_1984_p7__validation-E2__gpt-5.6-luna__seed0,aime_1984_p7,validation,prove_theorem_grounded,done,incomplete_proof,4,0.03690648,dated billing receipts,False,False,audit/cells/4767ffb8492ad71af6c40408dd75cb3c6fdf556a8fbf774269c690ea77d61230.json
experiments/output/ace_review_development/configs/mathd_numbertheory_405__repair1-r64__gpt-5.6-luna__seed1,mathd_numbertheory_405,validation,prove_theorem_ace,done,other_or_unobserved,17,0.10480888,"cache tokens, current tariff; unrecorded retries unknown",False,False,audit/cells/477f1a3a15fc5f1b6c0b20fdd294fedf1bdad82fca93fc614a08e9a748fd0d13.json
experiments/output/ace_attribution_20260912/validation/luna-none/configs/mathd_numbertheory_303__luna-none-medium__gpt-5.6-luna__seed0,mathd_numbertheory_303,validation,prove_theorem_grounded,done,arithmetic_or_search,8,0.036631239999999995,dated billing receipts,False,False,audit/cells/4788d7bbd253212516d488cab18ddea4447f4dfec08cd963d6bde928b46496ab.json
experiments/output/ace_x_validation_agentic/configs/amc12a_2008_p4__ace-1ac8a092-k10-core-medium__gpt-5.6-luna__seed0,amc12a_2008_p4,validation,prove_theorem_ace,done,unknown_reference,7,0.16378903999999997,"cache tokens, current tariff; unrecorded retries unknown",False,False,audit/cells/47ad2a216d6553c4528836fda1065d878296fd0e4d941ef2ad462c3320e65eae.json
experiments/output/ace_economy_20260916/validation/configs/validation__ace__amc12_2001_p21__seed0,amc12_2001_p21,validation,prove_theorem_grounded,done,other_or_unobserved,7,0.02055416,dated billing receipts,False,False,audit/cells/47af82a6488fb8d0534fe908b2397877bb66221fa7f4e4340600c2673ce5124f.json
experiments/output/ace_economy_refinement_20260916/final05/configs/validation__ace_reset_compact__mathd_numbertheory_43__seed1,mathd_numbertheory_43,validation,prove_theorem_grounded,done,other_or_unobserved,8,0.025109939999999997,dated billing receipts,False,False,audit/cells/47d52c3b11b87f5bedbe318e2a19286c2ff5a90a51b070898cd65f16f2564a8b.json
experiments/output/ace_economy_20260916/validation/configs/validation__views__amc12a_2019_p21__seed0,amc12a_2019_p21,validation,prove_theorem_grounded,done,syntax,8,0.041356899999999995,dated billing receipts,False,False,audit/cells/47fb4276446d4c0edf587fa9a5eb9a44c38b543c818bb6834330dffe336566a1.json
experiments/output/ace_x_validation_ace_digest_table_rv2_agentic/configs/amc12a_2019_p21__ace-ca62b40b-core-medium__gpt-5.6-luna__seed0,amc12a_2019_p21,validation,prove_theorem_ace,done,other_or_unobserved,18,0.050873680000000004,"cache tokens, current tariff; unrecorded retries unknown",False,False,audit/cells/47fb73653b198629842336a3c67777ed0c84082aa52831a33f018c65c0481b5e.json
experiments/output/ace_x_validation_agentic/configs/mathd_numbertheory_530__ace-d56da056-core-medium__gpt-5.6-luna__seed1,mathd_numbertheory_530,validation,prove_theorem_ace,done,unproved_prerequisite,13,0.0617926,"cache tokens, current tariff; unrecorded retries unknown",False,False,audit/cells/483e4ff8b491d94e742e2f51655104d07265d0989e1d4334d91dbfb71b43c67e.json
experiments/output/ace_economy_refinement_20260916/final13/configs/validation__ace_compact__aime_1991_p6__seed0,aime_1991_p6,validation,prove_theorem_grounded,done,other_or_unobserved,6,0.037675919999999995,dated billing receipts,False,False,audit/cells/483f5c1bc34cb4728b538a40f3d7c63ad3c2db3f9b91157372a3c0f6b2f3a74e.json
experiments/output/ace_x_validation_ace_x3_offline_agentic/configs/amc12a_2016_p3__ace-1e4aec7d-core-medium__gpt-5.6-luna__seed0,amc12a_2016_p3,validation,prove_theorem_ace,done,other_or_unobserved,17,0.048836159999999997,"cache tokens, current tariff; unrecorded retries unknown",False,False,audit/cells/48549f557198ddfba88f33c0037142b41f5870746783146d722f4830df5c5281.json
experiments/output/ace_online_x-online-warm-s1_agentic/configs/aime_1991_p9__ace-f6a32c16-core-medium__gpt-5.6-luna__seed1,aime_1991_p9,validation,prove_theorem_ace,done,arithmetic_or_search,15,0.031852200000000004,"cache tokens, current tariff; unrecorded retries unknown",False,False,audit/cells/48692256b7490daaea2bb4f0ea1612c0d0683b803f4627422588c8c1dee00e64.json
experiments/output/ace_models_20260910/proof/configs/mathd_algebra_185__prover-xhigh-10cc02b07a1c6c29__gpt-5.6-luna__seed0,mathd_algebra_185,train,prove_theorem_grounded,done,no_verifier_evidence,0,0.0251377,dated billing receipts,False,False,audit/cells/4885f0e69bf9fae2434ae325a09f2d6a326c636fe7537876ac332ab0b96861cc.json
experiments/output/ace_sanitized_20260917/validation/configs/validation__ace_coverage__proof__imo_1984_p6__seed0,imo_1984_p6,validation,prove_theorem_grounded,done,arithmetic_or_search,46,0.04965668,dated billing receipts,False,False,audit/cells/488846dd650c28697d32d666e3489d11c0a2bf04d0255c2bb09196547eb63514.json
experiments/output/ace_adaptation_x-offline-e3/configs/step98_curator_imo_1983_p6,imo_1983_p6,train,,failed,platform_failure,0,0.0,"cache tokens, current tariff; unrecorded retries unknown",False,False,audit/cells/488ba03a279f5bdeb5a300e7426dcd5d39ccbf15659091b59dece2c292bb93f6.json
experiments/output/ace_economy_budget_20260916/validation/configs/validation__agentic__amc12_2000_p12__seed1,amc12_2000_p12,validation,prove_theorem_grounded,done,other_or_unobserved,6,0.01801456,dated billing receipts,False,False,audit/cells/48d44af9c148dc5d0eab156bea055939333a3c0ad4a945140e0f15f81f4c7c69.json
experiments/output/ace_economy_refinement_20260916/final00/configs/validation__agentic__mathd_algebra_282__seed1,mathd_algebra_282,validation,prove_theorem_grounded,done,unproved_prerequisite,7,0.039486379999999995,dated billing receipts,False,False,audit/cells/4906edd8fda22a31899d12f8efc3f4aee3d0121942081c2a2b777a85c737a555.json
experiments/output/ace_x_validation_ace_x3_offline_agentic/configs/mathd_numbertheory_405__ace-1ac8a092-core-medium__gpt-5.6-luna__seed1,mathd_numbertheory_405,validation,prove_theorem_ace,done,incomplete_proof,30,0.07586169999999998,"cache tokens, current tariff; unrecorded retries unknown",False,False,audit/cells/490738cc80d6e6a86811714e5cb2ab4c63abf97005f8ee3007bbb4a99e8e4711.json
experiments/output/ace_adaptation_x-offline-e3/configs/step44_generator_imo_1967_p3,imo_1967_p3,train,prove_theorem_ace,done,incomplete_proof,26,0.03571679999999999,"cache tokens, current tariff; unrecorded retries unknown",False,False,audit/cells/493b3a6a8234a82f7666b859ae74525edce10370b917ed0b02d4e1b900c2e534.json
experiments/output/x_validation_agentic/configs/mathd_numbertheory_530__core-medium__gpt-5.6-luna__seed0,mathd_numbertheory_530,validation,prove_theorem_agentic,done,other_or_unobserved,10,0.044614579999999994,"cache tokens, current tariff; unrecorded retries unknown",False,False,audit/cells/4960581ef72904d8ac1ce56fcca1218fd2cde37604306f398fb57ba11dd13475.json
experiments/output/ace_models_20260910/proof/configs/mathd_algebra_185__prover-low-1e4aec7dbbe80e7a__gpt-5.6-luna__seed0,mathd_algebra_185,train,prove_theorem_grounded,done,other_or_unobserved,19,0.036173239999999995,dated billing receipts,False,False,audit/cells/49856c98a69e4b8f82f9479a0894274b3c36b2e52538d515f71d41f16cd961cd.json
experiments/output/ace_review_development/configs/mathd_numbertheory_37__repair0-r64__gpt-5.6-luna__seed0,mathd_numbertheory_37,validation,prove_theorem_ace,done,other_or_unobserved,51,0.05746522,"cache tokens, current tariff; unrecorded retries unknown",False,False,audit/cells/4992b2c3bf303edb9fe455e7dbf217107453eebd333b0177027f5890e3473221.json
experiments/output/acet_x_validation_ace_x6_repairs_k3_r2_agentic/configs/algebra_others_exirrpowirrrat__acet-1d2bc630-30d3e288-k3-r2-core-medium__gpt-5.6-luna__seed0,algebra_others_exirrpowirrrat,validation,prove_theorem_ace_triggered,done,incomplete_proof,17,0.0318255,"cache tokens, current tariff; unrecorded retries unknown",False,False,audit/cells/49aabd05aa39b38bed3ed014be05e08c1ce0ab845ac9738444d0137344d4e3ff.json
experiments/output/ace_online_x3-online-s0_agentic/configs/amc12a_2019_p21__ace-c542aced-core-medium__gpt-5.6-luna__seed0,amc12a_2019_p21,validation,,failed,platform_failure,4,0.01032992,"cache tokens, current tariff; unrecorded retries unknown",False,False,audit/cells/49acc893de8e91d08d7966f6a146299b3bd548689aa9c01644c3af7a651d902b.json
experiments/output/ace_economy_refinement_20260916/final07/configs/validation__ace_reset_compact__aime_1984_p7__seed1,aime_1984_p7,validation,prove_theorem_grounded,done,unknown_reference,10,0.043899,dated billing receipts,False,False,audit/cells/49c518fc65dbfdb88c16e3ede347ff23e2388760c632b04f2f2133a635fd8503.json
experiments/output/ace_review_development/configs/imo_1984_p6__repair0-r64__gpt-5.6-luna__seed1,imo_1984_p6,validation,prove_theorem_ace,done,incomplete_proof,44,0.07271899999999999,"cache tokens, current tariff; unrecorded retries unknown",False,False,audit/cells/49c85f591f179e0ba25a4f59824f6c20812b0c34905a49cf0852222316e7ba8c.json
experiments/output/ace_economy_20260916/validation/configs/validation__budget__mathd_numbertheory_64__seed1,mathd_numbertheory_64,validation,prove_theorem_grounded,done,other_or_unobserved,11,0.02356292,dated billing receipts,False,False,audit/cells/49d5001bb9c90d02a5ead80e182cefa9c77865af49d7a58c52bcfa4b6ec5a315.json
experiments/output/ace_review_development/configs/mathd_algebra_282__baseline-r64__gpt-5.6-luna__seed0,mathd_algebra_282,validation,prove_theorem_agentic,done,incomplete_proof,41,0.04196436000000001,"cache tokens, current tariff; unrecorded retries unknown",False,False,audit/cells/49f0002e812e318007910b2603d2a304858fe78d65aaa4f6e445e03803916a03.json
experiments/output/ace_x_validation_ace_x3_offline_e3_rv3_agentic/configs/mathd_numbertheory_303__ace-d0d7ce24-core-medium__gpt-5.6-luna__seed1,mathd_numbertheory_303,validation,prove_theorem_ace,done,other_or_unobserved,14,0.049700680000000004,"cache tokens, current tariff; unrecorded retries unknown",False,False,audit/cells/49f0792bbc9ff5e15715da2eaf916de5c38d0926c6dd9056412d1ab19e748f8a.json
experiments/output/ace_capacity_20260912/mechanisms/configs/amc12b_2002_p11__E-level0__gpt-5.6-luna__seed0,amc12b_2002_p11,train,prove_theorem_grounded,done,arithmetic_or_search,5,0.0350875,"cache tokens, current tariff; unrecorded retries unknown",False,False,audit/cells/49f1cc2963f138fe52792d125e4e35ba57ebe0e02d7c26f603ee73e7d27c7ff7.json
experiments/output/acet_x_validation_ace_x5_offline_k3_agentic/configs/amc12a_2020_p21__acet-fc7b45d4-b1806cce-k3-core-medium__gpt-5.6-luna__seed0,amc12a_2020_p21,validation,prove_theorem_ace_triggered,done,incomplete_proof,24,0.01655158,"cache tokens, current tariff; unrecorded retries unknown",False,False,audit/cells/4a1adbbe5549fc7bea6a987d5c042243b543931a3718b1fb7f0dc0fb3bedbc00.json
experiments/output/ace_adaptation_x3-noreflect/configs/step01_generator_amc12b_2002_p11,amc12b_2002_p11,train,prove_theorem_ace,done,other_or_unobserved,7,0.040445300000000003,"cache tokens, current tariff; unrecorded retries unknown",False,False,audit/cells/4a29b322d2f90bbb694c815e01b18db7f8b83223527929e142b90b70b56c3fc8.json
experiments/output/ace_review_development/configs/amc12a_2019_p21__repair0-r64__gpt-5.6-luna__seed1,amc12a_2019_p21,validation,prove_theorem_ace,done,other_or_unobserved,19,0.18920682,"cache tokens, current tariff; unrecorded retries unknown",False,False,audit/cells/4a3cd161050788d7583c2915bdeeddd4a4f25647061236c1387615debefb7f62.json
experiments/output/acet_x_validation_ace_x5_offline_k3_agentic/configs/imo_1984_p6__acet-fc7b45d4-b1806cce-k3-core-medium__gpt-5.6-luna__seed0,imo_1984_p6,validation,prove_theorem_ace_triggered,done,other_or_unobserved,21,0.04277636000000001,"cache tokens, current tariff; unrecorded retries unknown",False,False,audit/cells/4a3f41d00dc2494036f8023cdac9373110f0dbe8dc91d2e1dd4f7f712ad39870.json
experiments/output/ace_models_20260910/proof/configs/imo_1977_p6__prover-xhigh-1e4aec7dbbe80e7a__gpt-5.6-luna__seed0,imo_1977_p6,train,prove_theorem_grounded,done,other_or_unobserved,1,0.0361378,dated billing receipts,False,False,audit/cells/4a855dbb9242964ec1c68c207530162e73a768fd7b41de3d42ec5bda31c4fc55.json
experiments/output/ace_x_validation_ace_x3_mono_rv3_agentic/configs/imo_1984_p6__ace-0e162d51-core-medium__gpt-5.6-luna__seed1,imo_1984_p6,validation,prove_theorem_ace,done,incomplete_proof,18,0.023429020000000002,"cache tokens, current tariff; unrecorded retries unknown",False,False,audit/cells/4aa0a6f995c4fe291af4c25e1e2fe829f3cb8676304e9b1023b89270aa061a2c.json
experiments/output/ace_roles_20260913/adaptation/configs/adaptation__candidate__reflector__amc12b_2002_p11__seed0,amc12b_2002_p11,train,reflect_ace_evidence,done,no_verifier_evidence,0,0.01477134,dated billing receipts,False,False,audit/cells/4abf313865bb17455662a9eed155ea067fffe13199c101a083616ebe9ef78d9a.json
experiments/output/ace_learning_20260914/validation/configs/validation__B__proof__imo_1984_p6__seed1,imo_1984_p6,validation,prove_theorem_grounded,done,other_or_unobserved,6,0.01137172,dated billing receipts,False,False,audit/cells/4ad3d536550f21d171b1ac6a946fb58e73a1a6bf4e247f163a4d79262e03668b.json
experiments/output/ace_models_20260910/proof/configs/amc12b_2002_p11__prover-xhigh-345f1ee0202d55e3__gpt-5.6-luna__seed0,amc12b_2002_p11,train,prove_theorem_grounded,done,arithmetic_or_search,2,0.033693179999999996,dated billing receipts,False,False,audit/cells/4adfd4cbe0a91f4a08932911e98cff2df5229ff94c5c82156dddea1a593f6905.json
experiments/output/ace_capacity_20260912/mechanisms/configs/algebra_amgm_sum1toneqn_prod1tonleq1__A-level0__gpt-5.6-terra__seed0,algebra_amgm_sum1toneqn_prod1tonleq1,train,prove_theorem_grounded,done,other_or_unobserved,7,0.42416739999999997,"cache tokens, current tariff; unrecorded retries unknown",False,False,audit/cells/4afce7bef3d7a4846fb3977b20aa745f4c8c7fdf608fcc6fbd9b04d2b4fdeb12.json
experiments/output/ace_economy_20260916/validation/configs/validation__budget__imo_1984_p6__seed0,imo_1984_p6,validation,prove_theorem_grounded,done,unknown_reference,12,0.06833162,dated billing receipts,False,False,audit/cells/4b2cc652c1bdec583bc8b6daf35f55c6539e36ab985abaa65a5a32b4d7b51ea1.json
experiments/output/ace_economy_refinement_20260916/final18/configs/validation__agentic_compact__mathd_numbertheory_303__seed0,mathd_numbertheory_303,validation,prove_theorem_grounded,done,other_or_unobserved,8,0.03862468,dated billing receipts,False,False,audit/cells/4ba15c82f2ad31c2389809d2667db2046d5c06a68d37c52655e72548d5c349b5.json
experiments/output/ace_polish_validation/configs/mathd_numbertheory_37__candidate-r64__gpt-5.6-luna__seed0,mathd_numbertheory_37,validation,prove_theorem_grounded,done,arithmetic_or_search,20,0.024013579999999996,"cache tokens, current tariff; unrecorded retries unknown",False,False,audit/cells/4bcf1208cc35a65aade13febcb4a0dbc03f311bfef100e878d780cd70875bb84.json
experiments/output/ace_economy_refinement_20260916/pilot/configs/train__agentic_compact__mathd_algebra_185__seed0,mathd_algebra_185,train,prove_theorem_grounded,done,other_or_unobserved,11,0.0398024,dated billing receipts,False,False,audit/cells/4be4a275cdb0485a83004bde5a9dc8f9e89a3a8f0bfed9fe2de14880ecbee6af.json
experiments/output/ace_economy_refinement_20260916/final07/configs/validation__ace_compact__aime_1984_p7__seed0,aime_1984_p7,validation,prove_theorem_grounded,done,syntax,10,0.03979612,dated billing receipts,False,False,audit/cells/4c018dc11afbca2d513734dfc255ef8c854fea0a9f3999542cefd17247e13e41.json
experiments/output/ace_economy_refinement_20260916/final04/configs/validation__agentic__mathd_numbertheory_37__seed0,mathd_numbertheory_37,validation,prove_theorem_grounded,done,other_or_unobserved,17,0.020562519999999997,dated billing receipts,False,False,audit/cells/4c29b8ad2e0d044b08ca7354d35fd0afb73dfac3fae71b214c370a758cf38a4f.json
experiments/output/ace_attribution_20260912/validation/luna-none/configs/imo_1960_p2__luna-none-medium__gpt-5.6-luna__seed0,imo_1960_p2,validation,prove_theorem_grounded,done,incomplete_proof,12,0.0391854,dated billing receipts,False,False,audit/cells/4c51af36835902fd7a50915490ef7888dc80248be121bc260edbfdc777f1c38c.json
experiments/output/ace_mechanisms_20260910/training/configs/imo_1967_p3__training-E__gpt-5.6-luna__seed0,imo_1967_p3,train,prove_theorem_grounded,done,no_verifier_evidence,0,0.022521779999999998,dated billing receipts,False,False,audit/cells/4cb0b5bbf202dfefd4c87b23df37ed488e6ee06f0a2303e601aa0b46e1acaf42.json
experiments/output/ace_capacity_20260912/headroom1/configs/imo_1967_p3__C-level1__gpt-5.6-terra__seed0,imo_1967_p3,train,prove_theorem_grounded,done,incomplete_proof,39,0.6747844,"cache tokens, current tariff; unrecorded retries unknown",False,False,audit/cells/4cdaea2fcb29482d137af2a4a6273734535a8c33267297f290ebbcd1a99a25cd.json
experiments/output/ace_x_validation_ace_x3_offline_rv3_agentic/configs/amc12a_2019_p21__ace-1e4aec7d-core-medium__gpt-5.6-luna__seed0,amc12a_2019_p21,validation,prove_theorem_ace,done,other_or_unobserved,7,0.02205664,"cache tokens, current tariff; unrecorded retries unknown",False,False,audit/cells/4cf6a08f7499cd104d34ee8bbb6a7b9088a1713a125d9403528648f54a3ad27b.json
experiments/output/ace_x_validation_ace_x3_offline_agentic/configs/aime_1991_p6__ace-1ac8a092-core-medium__gpt-5.6-luna__seed1,aime_1991_p6,validation,prove_theorem_ace,done,incomplete_proof,23,0.04238538,"cache tokens, current tariff; unrecorded retries unknown",False,False,audit/cells/4d13f13613d61e577ef1a261f279b3b58f7d863839c3e9ab9b8fdf2a4b050c65.json
experiments/output/ace_economy_refinement_20260916/final10/configs/validation__ace_reset__mathd_numbertheory_405__seed1,mathd_numbertheory_405,validation,prove_theorem_grounded,done,other_or_unobserved,10,0.0437118,dated billing receipts,False,False,audit/cells/4d217cbe8fba8e9d6de15465fc814e0b212e63bc4232f1a637fb496823687437.json
experiments/output/ace_adaptation_x-offline-e3/configs/step119_curator_imo_1963_p5,imo_1963_p5,train,,failed,platform_failure,0,0.0,"cache tokens, current tariff; unrecorded retries unknown",False,False,audit/cells/4d3b896fa0da4faa686b813122b1254e4ca0318d3e8ab7bf52a04fba42c26f46.json
experiments/output/ace_polish_pilots/configs/mathd_numbertheory_629__resource_recovery-off-r64__gpt-5.6-luna__seed0,mathd_numbertheory_629,train,prove_theorem_grounded,done,other_or_unobserved,14,0.04003932,"cache tokens, current tariff; unrecorded retries unknown",False,False,audit/cells/4d3edd8da000c6ddf6938b64d20a09076b20e364c64a2ca529e12e51c5d68c39.json
experiments/output/ace_sanitized_20260917/pilots/configs/pilots__views__proof__amc12a_2020_p13__seed0,amc12a_2020_p13,train,prove_theorem_grounded,done,other_or_unobserved,8,0.03938348,dated billing receipts,False,False,audit/cells/4d6a5364051fdd62b05c6e2169d930b79db28ee0b68f4b57e22063395fc828e1.json
experiments/output/ace_x_validation_ace_x3_noreflect_rv3_agentic/configs/aime_1991_p6__ace-ce233fe0-core-medium__gpt-5.6-luna__seed0,aime_1991_p6,validation,prove_theorem_ace,done,incomplete_proof,23,0.03332408,"cache tokens, current tariff; unrecorded retries unknown",False,False,audit/cells/4d8a5137a9c0147e35089a1e9ffa1cc446937606ba14ad9b39aa08b34fb0bb1a.json
experiments/output/ace_adaptation_x-mono/configs/step03_curator_mathd_numbertheory_326,mathd_numbertheory_326,train,rewrite_playbook,done,no_verifier_evidence,0,0.00485148,"cache tokens, current tariff; unrecorded retries unknown",False,False,audit/cells/4d8df75de31af2404a372c87ecebd035266ea5458755c9223aa418429f9033b7.json
experiments/output/ace_economy_refinement_20260916/final14/configs/validation__agentic_compact__amc12_2001_p21__seed1,amc12_2001_p21,validation,prove_theorem_grounded,done,arithmetic_or_search,14,0.04465516,dated billing receipts,False,False,audit/cells/4d98225368f54a7c8e618c7b770f047ca1034da73b3496778d020d6b3aa38ced.json
experiments/output/ace_models_20260910/proof/configs/imo_1977_p6__prover-medium-3bfe5109dc462e8c__gpt-5.6-luna__seed0,imo_1977_p6,train,prove_theorem_grounded,done,other_or_unobserved,18,0.03424136,dated billing receipts,False,False,audit/cells/4da4f2518796d190780c314776dcba884d1c873bbfe69060676fac6e1cabc69a.json
experiments/output/ace_adaptation_x-offline-e3/configs/step106_curator_mathd_numbertheory_48,mathd_numbertheory_48,train,,failed,platform_failure,0,0.0,"cache tokens, current tariff; unrecorded retries unknown",False,False,audit/cells/4db01a776b787b6e869bab89dd0ad87ba56701d3a7c6a2779259a1494df4e25a.json
experiments/output/ace_revision_20260913/validation/configs/validation__candidate__proof__imo_1969_p2__seed0,imo_1969_p2,validation,prove_theorem_grounded,done,arithmetic_or_search,7,0.03981614,dated billing receipts,False,False,audit/cells/4dbf6380c69ebd21221a0f578f3b01affa467281356ef985b9ec27b6b86a26dc.json
experiments/output/ace_economy_refinement_20260916/final03/configs/validation__agentic__imo_1984_p6__seed0,imo_1984_p6,validation,prove_theorem_grounded,done,other_or_unobserved,6,0.00976872,dated billing receipts,False,False,audit/cells/4dc8b8dcbecafd9d23ffae9ed201eb9da87de98d006875cce3064e6a778a6a5f.json
experiments/output/ace_economy_20260916/validation/configs/validation__session__imo_1984_p6__seed0,imo_1984_p6,validation,prove_theorem_grounded,done,other_or_unobserved,4,0.02600626,dated billing receipts,False,False,audit/cells/4ddacb846dc5b3a7a478298f0cb4f29b59ccf2dc93e92d4abc45b72924bd90a2.json
experiments/output/ace_x_validation_ace_x3_offline_agentic/configs/algebra_others_exirrpowirrrat__ace-1ac8a092-core-medium__gpt-5.6-luna__seed0,algebra_others_exirrpowirrrat,validation,prove_theorem_ace,done,arithmetic_or_search,11,0.031566460000000005,"cache tokens, current tariff; unrecorded retries unknown",False,False,audit/cells/4def1320781f4c71ae1ffdb003b9fbc70a66d41f81b16cc0ed4dea228c75d51c.json
experiments/output/ace_x_validation_ace_x3_strong_rv3_agentic/configs/mathd_algebra_282__ace-b596e7df-core-medium__gpt-5.6-luna__seed1,mathd_algebra_282,validation,prove_theorem_ace,done,incomplete_proof,20,0.02722052,"cache tokens, current tariff; unrecorded retries unknown",False,False,audit/cells/4dfcd47faa82ef6d11a0d8bd7f5d250925c25becc38a01d55c29b8a1f47388ae.json
experiments/output/ace_control_cycle_training/configs/aime_1988_p3__trained-r64__gpt-5.6-luna__seed0,aime_1988_p3,train,prove_theorem_grounded,done,syntax,13,0.06561722,"cache tokens, current tariff; unrecorded retries unknown",False,False,audit/cells/4e042d27b24cebee62d6fa281421a15784129b1c61aa6eb12eda6718937475e7.json
experiments/output/ace_x_validation_agentic/configs/amc12_2001_p21__ace-1ac8a092-core-medium__gpt-5.6-luna__seed1,amc12_2001_p21,validation,prove_theorem_ace,done,unproved_prerequisite,21,0.04980636,"cache tokens, current tariff; unrecorded retries unknown",False,False,audit/cells/4e28d2b360d5bf217347c3a8de20f7f1fd58a43a81d4d57d230d6db7690d2788.json
experiments/output/ace_economy_20260916/validation/configs/validation__budget__mathd_numbertheory_405__seed0,mathd_numbertheory_405,validation,prove_theorem_grounded,done,unproved_prerequisite,16,0.12070373999999999,dated billing receipts,False,False,audit/cells/4e59f3ceee2eac80452678d50b8a425eb69141ab271a37965e202bb67719c471.json
experiments/output/ace_adaptation_x-offline-e3/configs/step102_curator_amc12b_2004_p3,amc12b_2004_p3,train,,failed,platform_failure,0,0.0,"cache tokens, current tariff; unrecorded retries unknown",False,False,audit/cells/4e5f86d9d0a354dec0d9100eb7b0138a07ce6f3cd8b5ba934a49786df0ba587a.json
experiments/output/ace_mechanisms_20260910/training/configs/amc12b_2002_p11__training-C__gpt-5.6-luna__seed0,amc12b_2002_p11,train,prove_theorem_grounded,done,incomplete_proof,5,0.029382039999999998,dated billing receipts,False,False,audit/cells/4e674d703f63858c0b59e72791bd525813b3930fa85badbdb4e4727e97c91692.json
experiments/output/coverage_cycle_20260911/training/D2/configs/imo_1983_p6__training-D2__gpt-5.6-luna__seed0,imo_1983_p6,train,prove_theorem_grounded,done,unknown_reference,12,0.038772799999999996,dated billing receipts,False,False,audit/cells/4e7f18603fba16f42f925c6edcef68f41e8c1919eb3362df3ee58264635fe9a2.json
experiments/output/ace_economy_refinement_20260916/final11/configs/validation__ace_reset__mathd_numbertheory_530__seed1,mathd_numbertheory_530,validation,prove_theorem_grounded,done,unknown_reference,6,0.03929592,dated billing receipts,False,False,audit/cells/4edbbc1b8e8df5f388eea8e5fcc3fdc336823629283ab01243ec6e4de934136c.json
experiments/output/ace_review_development/configs/imo_1969_p2__x3-r64__gpt-5.6-luna__seed1,imo_1969_p2,validation,prove_theorem_ace,done,incomplete_proof,46,0.059404519999999995,"cache tokens, current tariff; unrecorded retries unknown",False,False,audit/cells/4edc89dd77c1e7ad4dbf7a3fa5807674faf8a0953dfa99e2ff502b198a478200.json
experiments/output/ace_revision_20260913/training/configs/training__control__proof__imo_1977_p6__seed0,imo_1977_p6,train,prove_theorem_grounded,done,arithmetic_or_search,9,0.044255539999999996,dated billing receipts,False,False,audit/cells/4ef9005ca806f3f7735349cf19cbcf95f7281f79a57c36ed0f295a09ff3532ae.json
experiments/output/ace_models_20260910/proof/configs/mathd_algebra_185__prover-medium-1e4aec7dbbe80e7a__gpt-5.6-luna__seed0,mathd_algebra_185,train,prove_theorem_grounded,done,other_or_unobserved,8,0.03593192,dated billing receipts,False,False,audit/cells/4f095a0fd1f9a64dcbdb9c2f72643908b8002dc689193203cc5b738544244c20.json
experiments/output/acet_x_validation_ace_x6_repairs_k3_r2_agentic/configs/mathd_numbertheory_303__acet-1d2bc630-30d3e288-k3-r2-core-medium__gpt-5.6-luna__seed1,mathd_numbertheory_303,validation,prove_theorem_ace_triggered,done,verifier_resource,13,0.04498429999999999,"cache tokens, current tariff; unrecorded retries unknown",False,False,audit/cells/4f1712fbb3fea397492513cd904bd84118beb2abe35b0e82eee80578f5ecd6f6.json
experiments/output/ace_mechanisms_20260910/validation/configs/amc12a_2016_p3__validation-E__gpt-5.6-luna__seed0,amc12a_2016_p3,validation,prove_theorem_grounded,done,syntax,1,0.02862686,dated billing receipts,False,False,audit/cells/4fa4b6902c8d00c02e79c0999c003652e6c9bdd5e2f2b3c0c5f35fabb62acd61.json
experiments/output/ace_adaptation_x-mono/configs/step34_curator_mathd_algebra_224,mathd_algebra_224,train,rewrite_playbook,done,no_verifier_evidence,0,0.01654356,"cache tokens, current tariff; unrecorded retries unknown",False,False,audit/cells/4fe089031da514daf09a4d2e95c01e9985c8732c7e1ac087bcbabd8810b46e72.json
experiments/output/ace_capacity_20260912/mechanisms/configs/imo_1967_p3__B-level0__gpt-5.6-luna__seed0,imo_1967_p3,train,prove_theorem_grounded,done,arithmetic_or_search,6,0.03814143999999999,"cache tokens, current tariff; unrecorded retries unknown",False,False,audit/cells/4fe32e58dee62c8fe8b884a2a93241083551eb45f8cc07b42facd28de4e49cd5.json
experiments/output/ace_economy_budget_20260916/validation/configs/validation__agentic__imo_1969_p2__seed1,imo_1969_p2,validation,prove_theorem_grounded,done,unknown_reference,18,0.12842156,dated billing receipts,False,False,audit/cells/4feb21c7c29a5ada3e2046f9125756546b1aa58afc089c0c67adfa8068132355.json
experiments/output/ace_economy_refinement_20260916/final11/configs/validation__ace_compact__mathd_numbertheory_530__seed0,mathd_numbertheory_530,validation,prove_theorem_grounded,done,syntax,4,0.03570504,dated billing receipts,False,False,audit/cells/5028eff980dfe00bc15ab2b0c54f178ae5fc53015b87ee77a29dedb37e07c34a.json
experiments/output/ace_x_validation_ace_x3_mono_rv3_agentic/configs/aime_1991_p6__ace-0e162d51-core-medium__gpt-5.6-luna__seed0,aime_1991_p6,validation,prove_theorem_ace,done,incomplete_proof,22,0.04135595999999999,"cache tokens, current tariff; unrecorded retries unknown",False,False,audit/cells/50527a970bd85cf96ec99cb1bf68ed4486c15dcbbbdb0f89bea7694b8fffb2c1.json
experiments/output/ace_x_validation_ace_x4_offline_rv3_agentic/configs/mathd_numbertheory_405__ace-f1dd5c3a-core-medium__gpt-5.6-luna__seed1,mathd_numbertheory_405,validation,prove_theorem_ace,done,incomplete_proof,30,0.09694019999999999,"cache tokens, current tariff; unrecorded retries unknown",False,False,audit/cells/5077ae4b029361f1cd400d3f3c9a9c6290ee704163221f14ed78e2fc620a4ed0.json
experiments/output/ace_adaptation_x3-offline/configs/step20_generator_imo_1977_p6,imo_1977_p6,train,prove_theorem_ace,done,incomplete_proof,28,0.03896229999999999,"cache tokens, current tariff; unrecorded retries unknown",False,False,audit/cells/507ce509e1bda0ca86575d2715e845e5dcb32b4a14e7550171a6f57fb36b4b11.json
experiments/output/ace_economy_refinement_20260916/final02/configs/validation__agentic_reset__amc12a_2019_p21__seed1,amc12a_2019_p21,validation,prove_theorem_grounded,done,arithmetic_or_search,10,0.03384434,dated billing receipts,False,False,audit/cells/5098d56bc54a70d87b65b5bdbc8a6458081e6c3040171181995217ee9d4a6adb.json
experiments/output/ace_economy_20260916/validation/configs/validation__budget__mathd_numbertheory_37__seed0,mathd_numbertheory_37,validation,prove_theorem_grounded,done,unknown_reference,12,0.026073739999999998,dated billing receipts,False,False,audit/cells/50c9a4616d808ace79a08423d77f68fc01c0c03ca78dd7317170101bf73f98c1.json
experiments/output/ace_adaptation_x-mono/configs/step07_curator_amc12a_2017_p7,amc12a_2017_p7,train,rewrite_playbook,done,no_verifier_evidence,0,0.00886884,"cache tokens, current tariff; unrecorded retries unknown",False,False,audit/cells/50ddb03afaee0cd0ad0dedead94e23085b3579739f0dd49115dba72998c95b5a.json
experiments/output/ace_economy_refinement_20260916/final05/configs/validation__agentic_reset__induction_prod1p1onk3le3m1onn__seed1,induction_prod1p1onk3le3m1onn,validation,prove_theorem_grounded,done,unproved_prerequisite,13,0.04550306,dated billing receipts,False,False,audit/cells/50eb3b6c2860dd7a35ef2ed36606cab543c428a9a55757454f08b75aa49cd8af.json
experiments/output/ace_x_validation_ace_x3_offline_rv3_agentic/configs/mathd_numbertheory_303__ace-1e4aec7d-core-medium__gpt-5.6-luna__seed0,mathd_numbertheory_303,validation,prove_theorem_ace,done,other_or_unobserved,10,0.04786662,"cache tokens, current tariff; unrecorded retries unknown",False,False,audit/cells/50f56c426becc42140af5f2f08e960b044af187f9b52e42995428e20d7d62147.json
experiments/output/ace_x_validation_agentic/configs/imo_1969_p2__ace-1ac8a092-core-medium__gpt-5.6-luna__seed0,imo_1969_p2,validation,prove_theorem_ace,done,incomplete_proof,25,0.058308719999999994,"cache tokens, current tariff; unrecorded retries unknown",False,False,audit/cells/5114919373d3aaf4e8a274fe3158499b06bd488ccb6860fb24c20d77003ea452.json
experiments/output/ace_adaptation_x3-offline-e3/configs/step105_generator_amc12b_2002_p11,amc12b_2002_p11,train,prove_theorem_ace,done,incomplete_proof,20,0.05869924,"cache tokens, current tariff; unrecorded retries unknown",False,False,audit/cells/5125bf2c69079f3aaaba37958dadd415f0816f2139391330164151ca6289d907.json
experiments/output/ace_revision_20260913/training/configs/training__candidate__proof__imo_1967_p3__seed0,imo_1967_p3,train,prove_theorem_grounded,done,arithmetic_or_search,8,0.03771022,dated billing receipts,False,False,audit/cells/512d958da65afe281a42234282f2a8e3a59ee15cc277519779ee3dcdafefdb41.json
experiments/output/ace_economy_20260916/validation/configs/validation__session__mathd_algebra_282__seed1,mathd_algebra_282,validation,prove_theorem_grounded,done,incomplete_proof,16,0.03001574,dated billing receipts,False,False,audit/cells/516e4ca660fa595ec62925020d7a96a2fc17130e0e9d0caa741dd10f19b99ff3.json
experiments/output/ace_snippets_20260913/writer_pilot/seed0/configs/writer-drafts-v1__amc12_2000_p1__curator-draft__seed0,amc12_2000_p1,train,write_rocq_drafts,done,incomplete_proof,2,0.00631482,"cache tokens, current tariff; unrecorded retries unknown",False,False,audit/cells/5175ee4a3760b7a8b213c51ad96fe5b34ba1fddf7cbad8787bfb1fb56b352889.json
experiments/output/ace_control_cycle_training/configs/mathd_numbertheory_629__trained-r64__gpt-5.6-luna__seed0,mathd_numbertheory_629,train,prove_theorem_grounded,done,other_or_unobserved,25,0.06911884,"cache tokens, current tariff; unrecorded retries unknown",False,False,audit/cells/51773f07ff76ba0d013ad696d9f808e62722c33b618ea95a4f0e7422592e0df5.json
experiments/output/ace_adaptation_x-mono/configs/step35_curator_amc12b_2003_p17,amc12b_2003_p17,train,rewrite_playbook,done,no_verifier_evidence,0,0.014237399999999999,"cache tokens, current tariff; unrecorded retries unknown",False,False,audit/cells/51836213b607399c87ae37ff46cf83c6c29bc9f0028ebf35cd34fc52af0e2e6b.json
experiments/output/ace_capacity_20260912/headroom1/configs/imo_1967_p3__E-level1__gpt-5.6-luna__seed0,imo_1967_p3,train,,failed,platform_failure,15,0.05478873999999999,"cache tokens, current tariff; unrecorded retries unknown",False,False,audit/cells/51bf4401c6b47c8d470050b1e5993a060a644c3b0c3df3235b284ee8c84f5eef.json
experiments/output/acet_x_validation_ace_x5_offline_k3_agentic/configs/mathd_numbertheory_43__acet-fc7b45d4-b1806cce-k3-core-medium__gpt-5.6-luna__seed1,mathd_numbertheory_43,validation,prove_theorem_ace_triggered,done,other_or_unobserved,23,0.05272303999999999,"cache tokens, current tariff; unrecorded retries unknown",False,False,audit/cells/51fde33de85616876277a4aa747a379865277ffda623ef11b8d5d5f531c916f0.json
experiments/output/ace_adaptation_x3-offline-e3/configs/step76_generator_mathd_algebra_224,mathd_algebra_224,train,prove_theorem_ace,done,unknown_reference,24,0.07707798,"cache tokens, current tariff; unrecorded retries unknown",False,False,audit/cells/521f9489f9b9edda5fc66a36136c0b87fd4cebac8b24a28cb5cc849f3dad7f14.json
experiments/output/ace_review_development/configs/mathd_algebra_282__repair0-r64__gpt-5.6-luna__seed0,mathd_algebra_282,validation,prove_theorem_ace,done,incomplete_proof,49,0.051641200000000005,"cache tokens, current tariff; unrecorded retries unknown",False,False,audit/cells/5223059d503ef98018ca2cc3b6ab89d326b258b8c5b684f6bf14e0a6e7525c0a.json
experiments/output/ace_control_cycle_validation/configs/mathd_numbertheory_37__validation-r64__gpt-5.6-luna__seed0,mathd_numbertheory_37,validation,prove_theorem_grounded,done,other_or_unobserved,18,0.0206255,"cache tokens, current tariff; unrecorded retries unknown",False,False,audit/cells/52265eeb5fd691212653607054244e4f907400b9b829a6b965723e523f421929.json
experiments/output/ace_adaptation_x-mono/configs/step10_curator_aime_1990_p4,aime_1990_p4,train,rewrite_playbook,done,no_verifier_evidence,0,0.00855684,"cache tokens, current tariff; unrecorded retries unknown",False,False,audit/cells/522b3d24382edbe0b95fb86b780897396eff28018853d76533e054f8e37252ec.json
experiments/output/ace_models_20260910/proof/configs/imo_1977_p6__prover-xhigh-392a7a2230818467__gpt-5.6-luna__seed0,imo_1977_p6,train,prove_theorem_grounded,done,no_verifier_evidence,0,0.026576699999999998,dated billing receipts,False,False,audit/cells/5249e2cdb12c5103723f74b610b0669ff6414071ec9da4ee4af676719efd588f.json
experiments/output/coverage_cycle_20260911/validation/D2/configs/mathd_numbertheory_37__validation-D2__gpt-5.6-luna__seed0,mathd_numbertheory_37,validation,prove_theorem_grounded,done,other_or_unobserved,27,0.03053396,dated billing receipts,False,False,audit/cells/52777e7eebe6ac70825ad283f7917af3b5aac1e179c743cfebeed039cccf1f02.json
experiments/output/ace_sanitized_20260917/validation/configs/validation__ace_selected__proof__imo_1984_p6__seed0,imo_1984_p6,validation,prove_theorem_grounded,done,other_or_unobserved,9,0.03291242,dated billing receipts,False,False,audit/cells/529ccdcdd3b5deb428f4f7078cd1ebc414365c381830a9c85d3a3f02b65ff3b7.json
experiments/output/ace_adaptation_x3-noreflect/configs/step39_generator_imo_1967_p3,imo_1967_p3,train,prove_theorem_ace,done,incomplete_proof,23,0.03450081999999999,"cache tokens, current tariff; unrecorded retries unknown",False,False,audit/cells/5304671f309727cc0127dc1bfe8503be722ef10baa6289993e3ad04f95ccd987.json
experiments/output/ace_adaptation_x3-offline/configs/step14_generator_algebra_amgm_sum1toneqn_prod1tonleq1,algebra_amgm_sum1toneqn_prod1tonleq1,train,prove_theorem_ace,done,incomplete_proof,20,0.02382116,"cache tokens, current tariff; unrecorded retries unknown",False,False,audit/cells/5306145589b4d3d38417a6481f98d31a7bc05d55095f8bd0f434a9b209591933.json
experiments/output/ace_capacity_20260912/mechanisms/configs/mathd_numbertheory_629__B-level0__gpt-5.6-luna__seed0,mathd_numbertheory_629,train,prove_theorem_grounded,done,other_or_unobserved,11,0.03790338,"cache tokens, current tariff; unrecorded retries unknown",False,False,audit/cells/531ba0a2ff66525574e37fcde51d9f5609b440083740836e5f43c956ff5cc411.json
experiments/output/ace_revision_20260913/validation/configs/validation__candidate__proof__mathd_numbertheory_37__seed1,mathd_numbertheory_37,validation,prove_theorem_grounded,done,other_or_unobserved,12,0.02089896,dated billing receipts,False,False,audit/cells/5324abe3e1c21e73189f27f28fc63b02464bc664cc612e6cc52b752523ebbb50.json
experiments/output/ace_sanitized_20260917/pilots/configs/pilots__drop__proof__aime_1988_p3__seed0,aime_1988_p3,train,prove_theorem_grounded,done,other_or_unobserved,12,0.04443772,dated billing receipts,False,False,audit/cells/53514ee1e1f769499160c86104df7900b8116fe63a495da0ca5aee04bcf756f3.json
experiments/output/ace_revision_20260913/validation/configs/validation__candidate__proof__aime_1991_p6__seed1,aime_1991_p6,validation,prove_theorem_grounded,done,arithmetic_or_search,8,0.04160134,dated billing receipts,False,False,audit/cells/536c340aa753da6804ae2d360c5cf1fc0b301750b949137d92c67670325dcc5a.json
experiments/output/ace_polish_validation/configs/imo_1969_p2__reference-r64__gpt-5.6-luna__seed1,imo_1969_p2,validation,prove_theorem_grounded,done,arithmetic_or_search,8,0.03513798,"cache tokens, current tariff; unrecorded retries unknown",False,False,audit/cells/53751f459c625b68f7ad89481f9e2c8db7c473ee4d444d743f1232754ca8a6d2.json
experiments/output/ace_sanitized_20260917/pilots/configs/pilots__drop__proof__mathd_algebra_185__seed0,mathd_algebra_185,train,prove_theorem_grounded,done,syntax,14,0.042328939999999995,dated billing receipts,False,False,audit/cells/537ddba6cd275bef0b8eeb165a91c79e42c384fddd2b6cee8ab25fc3ec2197c4.json
experiments/output/ace_capacity_20260912/cross/configs/aime_1991_p9__cross-level0__gpt-5.6-luna__seed0,aime_1991_p9,validation,prove_theorem_grounded,done,unproved_prerequisite,10,0.035392759999999995,"cache tokens, current tariff; unrecorded retries unknown",False,False,audit/cells/537fe8c2cca0605412f899af91c65a16415e88f9f3449a865533ada47311c4ed.json
experiments/output/ace_adaptation_x-offline-e3/configs/step53_generator_amc12a_2020_p13,amc12a_2020_p13,train,prove_theorem_ace,done,unproved_prerequisite,18,0.07746069999999998,"cache tokens, current tariff; unrecorded retries unknown",False,False,audit/cells/53aa64b9191beaf03f9dbe1192d4ef73f8327793c45cf346112ce706cffbdfcd.json
experiments/output/ace_adaptation_x-mono/configs/step06_curator_mathd_numbertheory_403,mathd_numbertheory_403,train,rewrite_playbook,done,no_verifier_evidence,0,0.00788034,"cache tokens, current tariff; unrecorded retries unknown",False,False,audit/cells/53b76487cd1385cb2a092913a17c0b82b527a36b1c024cc502832aa059d234f9.json
experiments/output/ace_polish_validation/configs/amc12a_2020_p21__candidate-r64__gpt-5.6-luna__seed1,amc12a_2020_p21,validation,prove_theorem_grounded,done,incomplete_proof,23,0.02589872,"cache tokens, current tariff; unrecorded retries unknown",False,False,audit/cells/53b8bd8bf5f4250f3ebb73757f161db7bfaca25325f70b854e251324a2f9cff9.json
experiments/output/ace_sanitized_20260917/validation/configs/validation__ace_selected__proof__aime_1991_p9__seed1,aime_1991_p9,validation,prove_theorem_grounded,done,syntax,13,0.04069556,dated billing receipts,False,False,audit/cells/540ca8701e136995242fb8f09c923ecdd79281ccce5cc5cca8ef7aa1ae70aa5f.json
experiments/output/ace_economy_refinement_20260916/final10/configs/validation__ace__mathd_numbertheory_405__seed0,mathd_numbertheory_405,validation,prove_theorem_grounded,done,syntax,7,0.0361287,dated billing receipts,False,False,audit/cells/541e56ac9d2751d9017ea2ebfbb706d01d84b05da5db3d2a10360b6ccbda8477.json
experiments/output/ace_economy_refinement_20260916/final00/configs/validation__ace_reset__algebra_others_exirrpowirrrat__seed1,algebra_others_exirrpowirrrat,validation,prove_theorem_grounded,done,other_or_unobserved,8,0.04412036,dated billing receipts,False,False,audit/cells/542eb2f8ec9f268913c64355ec27d5097a74ee5f10c413432bceb7e2cba91eed.json
experiments/output/ace_mechanisms_20260910/validation/configs/mathd_numbertheory_530__validation-E__gpt-5.6-luna__seed0,mathd_numbertheory_530,validation,prove_theorem_grounded,done,other_or_unobserved,3,0.03913532,dated billing receipts,False,False,audit/cells/546ebf144c2282f673497b8d562a2037794a8bcfdfbbd5acff9d2228da548edd.json
experiments/output/ace_economy_refinement_20260916/final04/configs/validation__agentic__mathd_numbertheory_37__seed1,mathd_numbertheory_37,validation,prove_theorem_grounded,done,other_or_unobserved,16,0.039770559999999996,dated billing receipts,False,False,audit/cells/547cc8e4ca65ca68bba2ae499924c133c77883fc1223782d6eec5116011c9709.json
experiments/output/ace_mechanisms_20260910/validation/configs/mathd_numbertheory_303__validation-E__gpt-5.6-luna__seed0,mathd_numbertheory_303,validation,prove_theorem_grounded,done,other_or_unobserved,1,0.02999644,dated billing receipts,False,False,audit/cells/5484b3b6411d0d988a235eeaa0a4d5fe1dff014b676ca02a8aea07b2e9667903.json
experiments/output/ace_review_development/configs/mathd_numbertheory_37__baseline-r64__gpt-5.6-luna__seed1,mathd_numbertheory_37,validation,prove_theorem_agentic,done,other_or_unobserved,46,0.056716579999999996,"cache tokens, current tariff; unrecorded retries unknown",False,False,audit/cells/54e7915f793cf5f261a7b5eb2267acf7ff0419ffeea02888a795b319a1054888.json
experiments/output/ace_x_validation_ace_x3_noreflect_rv3_agentic/configs/mathd_numbertheory_303__ace-ce233fe0-core-medium__gpt-5.6-luna__seed1,mathd_numbertheory_303,validation,prove_theorem_ace,done,unknown_reference,21,0.07842004,"cache tokens, current tariff; unrecorded retries unknown",False,False,audit/cells/5502eb789ff98b100d7e6e5e6bc5e91ede2833eed318d439d6d2ff99a41090e0.json
experiments/output/ace_economy_20260916/validation/configs/validation__session__induction_prod1p1onk3le3m1onn__seed1,induction_prod1p1onk3le3m1onn,validation,prove_theorem_grounded,done,syntax,13,0.04131836,dated billing receipts,False,False,audit/cells/5538f2fb403bfb9cfbfdd8b5038f5747060e4775aacbbf44099c9e74b9fbbb69.json
experiments/output/acet_x_validation_ace_x5_offline_k3_agentic/configs/imo_1969_p2__acet-fc7b45d4-b1806cce-k3-core-medium__gpt-5.6-luna__seed1,imo_1969_p2,validation,prove_theorem_ace_triggered,done,incomplete_proof,23,0.022150579999999996,"cache tokens, current tariff; unrecorded retries unknown",False,False,audit/cells/55507c1bf20dc3e0032f4ac3b629d8f127acbb97d9a532f45b41cc36dde6b41c.json
experiments/output/x_validation_agentic/configs/induction_prod1p1onk3le3m1onn__core-medium__gpt-5.6-luna__seed1,induction_prod1p1onk3le3m1onn,validation,prove_theorem_agentic,done,syntax,15,0.05328302,"cache tokens, current tariff; unrecorded retries unknown",False,False,audit/cells/55507f030d419fe4425b885048b7ee00bcb63ada58624342fe7b44cd0c31cb82.json
experiments/output/ace_review_development/configs/mathd_numbertheory_43__x3-r64__gpt-5.6-luna__seed1,mathd_numbertheory_43,validation,prove_theorem_ace,done,incomplete_proof,46,0.060432299999999994,"cache tokens, current tariff; unrecorded retries unknown",False,False,audit/cells/557a947712f13ca33ef751a0fea903545aa24d6d6ed9a764daf8ddfe5aae28aa.json
experiments/output/ace_x_validation_ace_x3_mono_rv3_agentic/configs/imo_1969_p2__ace-0e162d51-core-medium__gpt-5.6-luna__seed1,imo_1969_p2,validation,prove_theorem_ace,done,incomplete_proof,25,0.03883582,"cache tokens, current tariff; unrecorded retries unknown",False,False,audit/cells/559375f988e00895128fb5760f7548fe0e70c0bc58358c5f65277fc2d1159be7.json
experiments/output/ace_x_validation_ace_x3_strong_rv3_agentic/configs/mathd_algebra_282__ace-b596e7df-core-medium__gpt-5.6-luna__seed0,mathd_algebra_282,validation,prove_theorem_ace,done,incomplete_proof,17,0.022405259999999996,"cache tokens, current tariff; unrecorded retries unknown",False,False,audit/cells/55bd66e656a6663d8e40f19bb068ab85d77848156c3805a38fb69fb1a8a1b2b1.json
experiments/output/ace_economy_refinement_20260916/final00/configs/validation__agentic__algebra_others_exirrpowirrrat__seed0,algebra_others_exirrpowirrrat,validation,prove_theorem_grounded,done,other_or_unobserved,7,0.03877282,dated billing receipts,False,False,audit/cells/55d3ea0182874f8231a37bf36a1d3fa8a753970d8203a794bf64652caaec4e14.json
experiments/output/ace_adaptation_x3-strong/configs/step01_generator_amc12b_2002_p11,amc12b_2002_p11,train,prove_theorem_ace,done,syntax,20,0.06769414,"cache tokens, current tariff; unrecorded retries unknown",False,False,audit/cells/55dc77a749dfe6934716d7016ae41e3eb5bd5a63db5e0703606888e6be94cb31.json
experiments/output/ace_economy_refinement_20260916/final09/configs/validation__ace__amc12a_2020_p21__seed0,amc12a_2020_p21,validation,prove_theorem_grounded,done,incomplete_proof,14,0.03232022,dated billing receipts,False,False,audit/cells/56156230912aa92e23c5afd7bdc09206f6defbedce9796b70edc7e47dfefe57e.json
experiments/output/ace_review_calibration/configs/amc12b_2002_p11__baseline-r64__gpt-5.6-luna__seed1,amc12b_2002_p11,train,prove_theorem_agentic,done,other_or_unobserved,18,0.10155298000000001,"cache tokens, current tariff; unrecorded retries unknown",False,False,audit/cells/56524e6bab1b77a723c83de9fc738792570dd0a8171e8fae27e53cf60fa2f4eb.json
experiments/output/ace_contenders_20260910/configs/aime_1984_p7__validation-reflector-xhigh__gpt-5.6-luna__seed0,aime_1984_p7,validation,prove_theorem_grounded,done,no_verifier_evidence,0,0.02628458,dated billing receipts,False,False,audit/cells/5656ff1acf06787cdd8c87fdd62211287bdf3440050e255ac7d800992989edc4.json
experiments/output/ace_snippets_20260913/training/configs/snippets-v1__mathd_numbertheory_629__training-A__seed0,mathd_numbertheory_629,train,prove_theorem_grounded,done,arithmetic_or_search,12,0.0425423,"cache tokens, current tariff; unrecorded retries unknown",False,False,audit/cells/567370c35e7d78f6650d9cce54fd7f8af74ff786db6ad03d6966018b13ae2013.json
experiments/output/ace_models_20260910/proof/configs/imo_1977_p6__prover-low-1e4aec7dbbe80e7a__gpt-5.6-luna__seed0,imo_1977_p6,train,prove_theorem_grounded,done,syntax,16,0.0425587,dated billing receipts,False,False,audit/cells/567fd1a65822be3d85ec4016b9188d6cbc5aeabcaee91f87699ac6a93fd111aa.json
experiments/output/ace_economy_20260916/validation/configs/validation__views__mathd_numbertheory_37__seed0,mathd_numbertheory_37,validation,prove_theorem_grounded,done,other_or_unobserved,11,0.020681019999999998,dated billing receipts,False,False,audit/cells/569533cb69978e1f3f1ae171015347c07c8f2a582f9cbb9e68486b20e48097e2.json
experiments/output/ace_x_validation_ace_x3_offline_agentic/configs/imo_1969_p2__ace-1ac8a092-core-medium__gpt-5.6-luna__seed0,imo_1969_p2,validation,prove_theorem_ace,done,incomplete_proof,25,0.020911780000000005,"cache tokens, current tariff; unrecorded retries unknown",False,False,audit/cells/569dacef20b5ec21c1421b729bfb3cceaf508b71da08b897da9206c944ae8821.json
experiments/output/x_validation_agentic/configs/amc12a_2020_p21__core-medium__gpt-5.6-luna__seed0,amc12a_2020_p21,validation,prove_theorem_agentic,done,other_or_unobserved,14,0.12530764,"cache tokens, current tariff; unrecorded retries unknown",False,False,audit/cells/56bdbe5172b22ceea655bc7bed3574441fe863bc02ead7f1d064a7241133acb9.json
experiments/output/ace_economy_refinement_20260916/final05/configs/validation__ace__induction_prod1p1onk3le3m1onn__seed1,induction_prod1p1onk3le3m1onn,validation,prove_theorem_grounded,done,other_or_unobserved,13,0.042856439999999996,dated billing receipts,False,False,audit/cells/56d44ac69e134894586eeb9bd3bbc7128923c738378da13128d078c718d59efc.json
experiments/output/ace_online_x4-online-s0_agentic/configs/algebra_others_exirrpowirrrat__ace-f0fd9139-core-medium__gpt-5.6-luna__seed0,algebra_others_exirrpowirrrat,validation,prove_theorem_ace,done,other_or_unobserved,8,0.027703020000000002,"cache tokens, current tariff; unrecorded retries unknown",False,False,audit/cells/56e9e89a4d33a22da4baa99d46dcb13f6fe7066777c668c922c078d4b606c818.json
experiments/output/ace_x_validation_ace_x3_noreflect_rv3_agentic/configs/amc12a_2019_p21__ace-ce233fe0-core-medium__gpt-5.6-luna__seed0,amc12a_2019_p21,validation,prove_theorem_ace,done,other_or_unobserved,9,0.022996839999999998,"cache tokens, current tariff; unrecorded retries unknown",False,False,audit/cells/5705264e8ffe85b3dec0f88d6fab1253428c5bffbd92f504594305b0d0385820.json
experiments/output/ace_revision_20260913/validation/configs/validation__control__proof__aime_1984_p7__seed0,aime_1984_p7,validation,prove_theorem_grounded,done,arithmetic_or_search,9,0.03702222,dated billing receipts,False,False,audit/cells/570f6858ef6848f14fcc3988da230b756c0d5d862a502741ce60b56adeb3e9dd.json
experiments/output/ace_economy_refinement_20260916/final11/configs/validation__ace_compact__mathd_numbertheory_530__seed1,mathd_numbertheory_530,validation,prove_theorem_grounded,done,syntax,8,0.04075756,dated billing receipts,False,False,audit/cells/5724f31be06ade78799b3034f9e6d709adf2f6f732373fb2fbd7987f0bbd1192.json
experiments/output/ace_sanitized_20260917/pilots/configs/pilots__views__proof__mathd_algebra_185__seed0,mathd_algebra_185,train,prove_theorem_grounded,done,arithmetic_or_search,16,0.04001356,dated billing receipts,False,False,audit/cells/5729727dd0dd8259b586b48be6ae3634128a68b99725564459e4164a816dcfe9.json
experiments/output/ace_x_validation_ace_x3_offline_e3_rv3_agentic/configs/imo_1969_p2__ace-d0d7ce24-core-medium__gpt-5.6-luna__seed1,imo_1969_p2,validation,prove_theorem_ace,done,incomplete_proof,22,0.026451800000000004,"cache tokens, current tariff; unrecorded retries unknown",False,False,audit/cells/574ecc23358cc9e870837d229aa055a1a7569c3ae22115ac67e74bcd7f1dc737.json
experiments/output/coverage_cycle_20260911/training/E2/configs/amc12b_2002_p11__training-E2__gpt-5.6-luna__seed0,amc12b_2002_p11,train,prove_theorem_grounded,done,other_or_unobserved,8,0.03955662,dated billing receipts,False,False,audit/cells/575daf7a3dd62f4a4b50a35741d3d943e78049210a200479db4fd0d6a3896257.json
experiments/output/ace_x_validation_ace_x3_noreflect_agentic/configs/mathd_numbertheory_37__ace-1ac8a092-core-medium__gpt-5.6-luna__seed0,mathd_numbertheory_37,validation,,failed,platform_failure,0,0.00044502,"cache tokens, current tariff; unrecorded retries unknown",False,False,audit/cells/576079cf1eedee83b6b27653722957c0d4aee83b73ed195fd51f86309bc1c16b.json
experiments/output/ace_adaptation_x-offline-e3/configs/step77_generator_mathd_numbertheory_629,mathd_numbertheory_629,train,prove_theorem_ace,done,incomplete_proof,26,0.06617174,"cache tokens, current tariff; unrecorded retries unknown",False,False,audit/cells/5766c7943d3c1603f184e3ded265e79617271ba8d2b4403df09fd017289e28ea.json
experiments/output/ace_economy_20260916/validation/configs/validation__session__mathd_numbertheory_303__seed0,mathd_numbertheory_303,validation,prove_theorem_grounded,done,unproved_prerequisite,7,0.04109172,dated billing receipts,False,False,audit/cells/57a198672468b7aa083b5482855f286935a3351d9b20e46823375515940b5a24.json
experiments/output/ace_economy_refinement_20260916/final11/configs/validation__agentic_compact__mathd_numbertheory_530__seed0,mathd_numbertheory_530,validation,prove_theorem_grounded,done,other_or_unobserved,8,0.04311368,dated billing receipts,False,False,audit/cells/57c877c77435433a2a13ed2c2dd4e10d424a2fa219ada26d0eb66b75673736db.json
experiments/output/ace_x_validation_ace_x5_offline_rv2_agentic/configs/mathd_numbertheory_303__ace-fc7b45d4-core-medium__gpt-5.6-luna__seed1,mathd_numbertheory_303,validation,prove_theorem_ace,done,other_or_unobserved,10,0.034437119999999995,"cache tokens, current tariff; unrecorded retries unknown",False,False,audit/cells/57d3787042a49cc0c034278e4793f970575140b6ee4a12c780399f76720ad432.json
experiments/output/ace_x_validation_ace_x3_offline_e3_rv3_agentic/configs/algebra_others_exirrpowirrrat__ace-d0d7ce24-core-medium__gpt-5.6-luna__seed0,algebra_others_exirrpowirrrat,validation,prove_theorem_ace,done,other_or_unobserved,15,0.03654954,"cache tokens, current tariff; unrecorded retries unknown",False,False,audit/cells/57e2e1c6c2c5ee9b8da0d198b8dd1ad4330acd8aeadf2179c4105a24c9b03800.json
experiments/output/ace_adaptation_x3-mono/configs/step31_curator_aime_1988_p3,aime_1988_p3,train,rewrite_playbook,done,no_verifier_evidence,0,0.014471880000000001,"cache tokens, current tariff; unrecorded retries unknown",False,False,audit/cells/57fe2578c5f486f0efa75c037364060d14f71e986f61474d4dc9d218d2adcbf6.json
experiments/output/ace_sanitized_20260917/validation/configs/validation__ace_coverage__proof__imo_1969_p2__seed1,imo_1969_p2,validation,prove_theorem_grounded,done,incomplete_proof,47,0.05094754,dated billing receipts,False,False,audit/cells/58102eb20cb4aab115acbd6b675607bbb754e0c314c8432cc0da175fb212f477.json
experiments/output/ace_models_20260910/proof/configs/imo_1983_p6__prover-xhigh-c42d9ea2fa1215e2__gpt-5.6-luna__seed0,imo_1983_p6,train,prove_theorem_grounded,done,no_verifier_evidence,0,0.02628846,dated billing receipts,False,False,audit/cells/587897d639d19e29f91076132858a332126924359455459b64244d9a331e64bf.json
experiments/output/ace_mechanisms_20260910/training/configs/amc12b_2003_p17__training-C__gpt-5.6-luna__seed0,amc12b_2003_p17,train,prove_theorem_grounded,done,unknown_reference,2,0.00456032,dated billing receipts,False,False,audit/cells/588485a2fd32aa6365a1f6b9e2472e60d1c64471b05b3de0bed97436aba320ef.json
experiments/output/ace_economy_20260916/validation/configs/validation__session__amc12a_2016_p3__seed0,amc12a_2016_p3,validation,prove_theorem_grounded,done,unknown_reference,11,0.045433879999999996,dated billing receipts,False,False,audit/cells/5884d9b48b1012a56b28850c3fd1f88f09061fc9e86447f00fffa7edb4247f93.json
experiments/output/ace_contenders_20260910/configs/mathd_algebra_282__validation-reflector-medium__gpt-5.6-luna__seed0,mathd_algebra_282,validation,prove_theorem_grounded,done,no_verifier_evidence,0,0.0222307,dated billing receipts,False,False,audit/cells/58afeead1dd845415ac908c652095d3a7bb3767808406893e1e5f6415f07592d.json
experiments/output/ace_economy_refinement_20260916/final06/configs/validation__ace__imo_1969_p2__seed1,imo_1969_p2,validation,prove_theorem_grounded,done,other_or_unobserved,7,0.03828174,dated billing receipts,False,False,audit/cells/58d0af43d6966f212c2e4ce90692537213991995faede5d2ff02f485a22c7abb.json
experiments/output/coverage_cycle_20260911/validation/S/configs/mathd_numbertheory_303__validation-S__gpt-5.6-luna__seed0,mathd_numbertheory_303,validation,prove_theorem_grounded,done,arithmetic_or_search,5,0.06585126,dated billing receipts,False,False,audit/cells/598a2ade309f6b70eb5e7ab37968d84587f2dbdcb5bc39794778f73f0fcf79db.json
experiments/output/ace_economy_budget_20260916/validation/configs/validation__agentic__imo_1984_p6__seed0,imo_1984_p6,validation,prove_theorem_grounded,done,other_or_unobserved,21,0.12930618,dated billing receipts,False,False,audit/cells/598ebf09a549732e14e189220dfe4cdbc9f24dcfb2c98d1f9601c0f41a94c32a.json
experiments/output/ace_sanitized_20260917/pilots/configs/pilots__book__proof__mathd_algebra_185__seed0,mathd_algebra_185,train,prove_theorem_grounded,done,arithmetic_or_search,7,0.029934759999999998,dated billing receipts,False,False,audit/cells/5990d9964aeb420a4ebd9d6a6c02b344428156706766a2f62896665efb5b9888.json
experiments/output/ace_x_validation_ace_x4_offline_rv3_agentic/configs/imo_1984_p6__ace-f1dd5c3a-core-medium__gpt-5.6-luna__seed0,imo_1984_p6,validation,prove_theorem_ace,done,verifier_resource,21,0.0299956,"cache tokens, current tariff; unrecorded retries unknown",False,False,audit/cells/59aebc860fc2e3b3bb35f6ec37c7abfb58c919fa7babf76c2ee19498db11b886.json
experiments/output/ace_review_calibration/configs/algebra_amgm_sum1toneqn_prod1tonleq1__baseline-r32__gpt-5.6-luna__seed0,algebra_amgm_sum1toneqn_prod1tonleq1,train,prove_theorem_agentic,done,incomplete_proof,25,0.022310480000000004,"cache tokens, current tariff; unrecorded retries unknown",False,False,audit/cells/59b2f5f16c4823bce84fd7f6d4a0838f3e5700b1da1807f6eded2413b38b26a1.json
experiments/output/coverage_cycle_20260911/training/D2/configs/imo_1967_p3__training-D2__gpt-5.6-luna__seed0,imo_1967_p3,train,prove_theorem_grounded,done,incomplete_proof,9,0.02956052,dated billing receipts,False,False,audit/cells/59eaacff41a92df6097a48985a1151fe960752bbe0d07ec001c3dd4b65c2801b.json
experiments/output/ace_economy_refinement_20260916/final18/configs/validation__ace_reset__mathd_numbertheory_303__seed0,mathd_numbertheory_303,validation,prove_theorem_grounded,done,arithmetic_or_search,9,0.04658484,dated billing receipts,False,False,audit/cells/59f39918f43c126e25c491814fc95f8d03610545f94b2bf4536547e454961218.json
experiments/output/ace_roles_20260913/training/configs/training__candidate__proof__imo_1967_p3__seed0,imo_1967_p3,train,prove_theorem_grounded,done,other_or_unobserved,9,0.0409106,dated billing receipts,False,False,audit/cells/59fb3c04dd9b0a170f5aceebfdc1ad4b52213538b512ac71d8e93746e44a6b5a.json
experiments/output/ace_economy_session_20260916/validation/configs/validation__agentic_session__algebra_others_exirrpowirrrat__seed1,algebra_others_exirrpowirrrat,validation,prove_theorem_grounded,done,other_or_unobserved,8,0.04244112,dated billing receipts,False,False,audit/cells/5a0c599a8f211751204718206f0305a82f43be1065bc8b171741d0239719d212.json
experiments/output/ace_roles_20260913/validation/configs/validation__control__proof__amc12a_2019_p21__seed0,amc12a_2019_p21,validation,prove_theorem_grounded,done,other_or_unobserved,8,0.040789219999999994,dated billing receipts,False,False,audit/cells/5a249a2b77660caf7f5d22e1bcb9f1049903b0a77bee40e3de946f171e5b6b9c.json
experiments/output/ace_economy_20260916/validation/configs/validation__views__mathd_numbertheory_530__seed0,mathd_numbertheory_530,validation,prove_theorem_grounded,done,unproved_prerequisite,6,0.04007592,dated billing receipts,False,False,audit/cells/5a5032db9f653a819ed8d24648c3c3c83fbe8e6d8bdb495dc1e505e31ae4a692.json
experiments/output/ace_snippets_20260913/validation/configs/snippets-v1__mathd_numbertheory_43__validation-A__seed0,mathd_numbertheory_43,validation,prove_theorem_grounded,done,other_or_unobserved,10,0.03687916000000001,"cache tokens, current tariff; unrecorded retries unknown",False,False,audit/cells/5a515bee9580214fe4317cc64eb9132f9597dd320f48467b20c788c532de5b56.json
experiments/output/ace_online_x-online-s0_agentic/configs/aime_1991_p6__ace-94b29a4e-core-medium__gpt-5.6-luna__seed0,aime_1991_p6,validation,prove_theorem_ace,done,incomplete_proof,24,0.03547514,"cache tokens, current tariff; unrecorded retries unknown",False,False,audit/cells/5a545c6c523798e7f7a3e81eb71deab1f040908a6a0ab61f3c0e785176e3fe5f.json
experiments/output/coverage_cycle_20260911/validation/H/configs/amc12_2001_p21__validation-H__gpt-5.6-luna__seed0,amc12_2001_p21,validation,prove_theorem_grounded,done,unknown_reference,13,0.04440246,dated billing receipts,False,False,audit/cells/5a6cc933745955f4765afda6bd15bed9e2b2f0d769fd8efd9a039d7c245ca8e7.json
experiments/output/ace_economy_session_20260916/validation/configs/validation__agentic_session__mathd_algebra_282__seed1,mathd_algebra_282,validation,prove_theorem_grounded,done,incomplete_proof,15,0.03541816,dated billing receipts,False,False,audit/cells/5ab008edfd11c5626187636d67f50e3b4ad93ee606476828c96b5013d61098a9.json
experiments/output/ace_economy_refinement_20260916/final10/configs/validation__ace__mathd_numbertheory_405__seed1,mathd_numbertheory_405,validation,prove_theorem_grounded,done,unproved_prerequisite,9,0.03658502,dated billing receipts,False,False,audit/cells/5ad6c8e970f18ab2b846c4ccac041d5b1c39a69644476a71851c1018fce74ce3.json
experiments/output/ace_economy_refinement_20260916/final03/configs/validation__ace__imo_1984_p6__seed1,imo_1984_p6,validation,prove_theorem_grounded,done,unproved_prerequisite,9,0.0400961,dated billing receipts,False,False,audit/cells/5aee3b8c82f8d1eecbf09b009d6c12f585c15705f87fbc219f83469aad0f4436.json
experiments/output/x_validation_agentic/configs/imo_1984_p6__core-medium__gpt-5.6-luna__seed0,imo_1984_p6,validation,prove_theorem_agentic,done,incomplete_proof,24,0.04093394000000001,"cache tokens, current tariff; unrecorded retries unknown",False,False,audit/cells/5af22b7e958340e24f34e127c4923e7a60e95757faf107ab38ddd90597e62a9d.json
experiments/output/ace_control_cycle_tuning/configs/mathd_numbertheory_629__tuning-r64__gpt-5.6-luna__seed0,mathd_numbertheory_629,train,prove_theorem_grounded,done,other_or_unobserved,11,0.040833999999999995,"cache tokens, current tariff; unrecorded retries unknown",False,False,audit/cells/5af432012ab2c6962d42430be519ab71fcaef3a30068ad643d3b14ee7c411e8d.json
experiments/output/ace_mechanisms_20260910/training/configs/amc12b_2004_p3__training-R__gpt-5.6-luna__seed0,amc12b_2004_p3,train,prove_theorem_grounded,done,verifier_resource,9,0.020534999999999998,dated billing receipts,False,False,audit/cells/5b1877a9681dda0c7a06040989fe9b9eeb9cfb6656d89d84a71fe5212e295a2c.json
experiments/output/ace_online_x4-online-s0_agentic/configs/aime_1991_p6__ace-49088651-core-medium__gpt-5.6-luna__seed0,aime_1991_p6,validation,prove_theorem_ace,done,incomplete_proof,23,0.039947800000000006,"cache tokens, current tariff; unrecorded retries unknown",False,False,audit/cells/5b2dbe153ac308edec8b6c7c8648951be3b557c9224fdb82c9caf20cba0cd621.json
experiments/output/ace_learning_20260914/training/configs/training__B__proof__mathd_numbertheory_629__seed0,mathd_numbertheory_629,train,prove_theorem_grounded,done,syntax,11,0.03695304,dated billing receipts,False,False,audit/cells/5b4410cf72733026061f8bfcc51cfac67fc4e118ab9dc9cced670a70316398bc.json
experiments/output/ace_models_20260910/proof/configs/amc12b_2002_p11__prover-xhigh-81b8082cec9164b4__gpt-5.6-luna__seed0,amc12b_2002_p11,train,prove_theorem_grounded,done,no_verifier_evidence,0,0.024491119999999998,dated billing receipts,False,False,audit/cells/5b4e94032d252183217912a0a9dcb5dc17100082e816d4e91d8ee20144e4d540.json
experiments/output/ace_attribution_20260912/training/terra/configs/amc12a_2020_p13__terra-ace-medium__gpt-5.6-terra__seed0,amc12a_2020_p13,train,prove_theorem_grounded,done,no_verifier_evidence,0,0.2736646,dated billing receipts,False,False,audit/cells/5b6eaf5702d00bfde3de23ecedacff52f294bf86b54cf3e015a18aa84ffec35c.json
experiments/output/ace_x_validation_ace_x5_offline_rv2_agentic/configs/mathd_numbertheory_303__ace-fc7b45d4-core-medium__gpt-5.6-luna__seed0,mathd_numbertheory_303,validation,prove_theorem_ace,done,other_or_unobserved,13,0.04428796,"cache tokens, current tariff; unrecorded retries unknown",False,False,audit/cells/5b7dd6ca57161be9f39cb05d56c6f5dac84702e0358ba44ad9e1835920531873.json
experiments/output/ace_x_validation_ace_x3_noreflect_rv3_agentic/configs/mathd_numbertheory_530__ace-ce233fe0-core-medium__gpt-5.6-luna__seed1,mathd_numbertheory_530,validation,prove_theorem_ace,done,other_or_unobserved,4,0.022754919999999998,"cache tokens, current tariff; unrecorded retries unknown",False,False,audit/cells/5ba97f7297936fba29871a0a0eb0daba2ea81f1811550595a7e5394ed28489d9.json
experiments/output/ace_economy_budget_20260916/validation/configs/validation__agentic__aime_1984_p7__seed0,aime_1984_p7,validation,prove_theorem_grounded,done,unproved_prerequisite,20,0.12047752,dated billing receipts,False,False,audit/cells/5bac5310c497bede8691f9e0318a1f8f740f685be3d6b7a2c81eb00ca9ca8f53.json
experiments/output/ace_adaptation_x-mono/configs/step22_curator_amc12a_2002_p13,amc12a_2002_p13,train,rewrite_playbook,done,no_verifier_evidence,0,0.013697399999999998,"cache tokens, current tariff; unrecorded retries unknown",False,False,audit/cells/5c0986b00c92b63491baa7ad24b02743c7847dfbe8a79ee64eedd04b59c8b6fd.json
experiments/output/ace_x_validation_ace_x3_offline_rv3_agentic/configs/mathd_numbertheory_303__ace-1e4aec7d-core-medium__gpt-5.6-luna__seed1,mathd_numbertheory_303,validation,prove_theorem_ace,done,unknown_reference,13,0.04304202,"cache tokens, current tariff; unrecorded retries unknown",False,False,audit/cells/5c11447400e2f24edf425f4080a3646b7fed7b723ae102a3b16c1bdd8040bcf6.json
experiments/output/ace_economy_20260916/validation/configs/validation__budget__amc12a_2019_p21__seed1,amc12a_2019_p21,validation,prove_theorem_grounded,done,other_or_unobserved,17,0.1309855,dated billing receipts,False,False,audit/cells/5c11e4e446b5b5a547048f9f76230560d6cb9081d02a8a906776fd284b43344b.json
experiments/output/ace_online_x3-online-s0_agentic/configs/algebra_others_exirrpowirrrat__ace-be9da670-core-medium__gpt-5.6-luna__seed0,algebra_others_exirrpowirrrat,validation,prove_theorem_ace,done,unknown_reference,12,0.03353854,"cache tokens, current tariff; unrecorded retries unknown",False,False,audit/cells/5c2a26f8d118e1444d5eb367f624f2f781c07720c4bcde5658d0140a712c004b.json
experiments/output/ace_online_x-online-s0_agentic/configs/mathd_algebra_282__ace-8265fc51-core-medium__gpt-5.6-luna__seed0,mathd_algebra_282,validation,prove_theorem_ace,done,incomplete_proof,16,0.03651738000000001,"cache tokens, current tariff; unrecorded retries unknown",False,False,audit/cells/5c82e309d1d7da845ae71983bc7b48dd6c6edf920189d6e50cb028f1a547cf1d.json
experiments/output/ace_x_validation_agentic/configs/mathd_numbertheory_303__ace-1ac8a092-core-medium__gpt-5.6-luna__seed1,mathd_numbertheory_303,validation,prove_theorem_ace,done,arithmetic_or_search,21,0.07765536,"cache tokens, current tariff; unrecorded retries unknown",False,False,audit/cells/5c9f8b2b37497be1a2d409cf4dc4e06a4a86b55f12df3e835ab7bebf11911965.json
experiments/output/ace_attribution_20260912/training/luna-none/configs/amc12b_2002_p11__luna-none-medium__gpt-5.6-luna__seed0,amc12b_2002_p11,train,prove_theorem_grounded,done,arithmetic_or_search,7,0.04104936,dated billing receipts,False,False,audit/cells/5cc09bd4d64101da618f83cd8a25e4225a3fce45378f76089d0531e04d1ded45.json
experiments/output/ace_x_validation_ace_x3_offline_rv3_agentic/configs/amc12a_2020_p21__ace-1e4aec7d-core-medium__gpt-5.6-luna__seed1,amc12a_2020_p21,validation,prove_theorem_ace,done,other_or_unobserved,12,0.04038536,"cache tokens, current tariff; unrecorded retries unknown",False,False,audit/cells/5ccbda38d8b301883770d0936731f636c604db78c8a2127c439a2056d07d5ef2.json
experiments/output/ace_x_validation_ace_x3_offline_rv3_agentic/configs/mathd_algebra_282__ace-1e4aec7d-core-medium__gpt-5.6-luna__seed1,mathd_algebra_282,validation,prove_theorem_ace,done,incomplete_proof,20,0.022016439999999998,"cache tokens, current tariff; unrecorded retries unknown",False,False,audit/cells/5cce3e35b463c2b65bd065d6cc851b00012338d69ec7e1f9638ded0c64ec103a.json
experiments/output/ace_x_validation_ace_digest_table_rv2_agentic/configs/mathd_numbertheory_43__ace-ca62b40b-core-medium__gpt-5.6-luna__seed0,mathd_numbertheory_43,validation,prove_theorem_ace,done,other_or_unobserved,26,0.032853200000000006,"cache tokens, current tariff; unrecorded retries unknown",False,False,audit/cells/5cdf82a1362ff71c3312332a6046289fea41b42c1191670bfcf0a730a5d85d6c.json
experiments/output/acet_x_validation_ace_x6_repairs_k3_r2_agentic/configs/aime_1991_p6__acet-1d2bc630-30d3e288-k3-r2-core-medium__gpt-5.6-luna__seed0,aime_1991_p6,validation,prove_theorem_ace_triggered,done,incomplete_proof,23,0.05664106,"cache tokens, current tariff; unrecorded retries unknown",False,False,audit/cells/5ce1fbd6f83b3595f081a3dfb0e35c3e66cc3e61cf958991620243aaf4c0a63b.json
experiments/output/ace_attribution_20260912/training/terra/configs/algebra_amgm_sum1toneqn_prod1tonleq1__terra-none-medium__gpt-5.6-terra__seed0,algebra_amgm_sum1toneqn_prod1tonleq1,train,prove_theorem_grounded,done,unproved_prerequisite,16,0.3417362,dated billing receipts,False,False,audit/cells/5d3a9c9b57cf82dad9c92cb584f6757edd190bafad28b9242e88ff83dfaccc30.json
experiments/output/ace_revision_20260913/validation/configs/validation__control__proof__imo_1984_p6__seed1,imo_1984_p6,validation,prove_theorem_grounded,done,arithmetic_or_search,8,0.03577252,dated billing receipts,False,False,audit/cells/5d57077d4a477bc22febe28e12561c35afbca84a73a3fddd9e54beed5c7dff25.json
experiments/output/ace_revision_20260913/validation/configs/validation__control__proof__aime_1984_p7__seed1,aime_1984_p7,validation,prove_theorem_grounded,done,other_or_unobserved,10,0.037844699999999995,dated billing receipts,False,False,audit/cells/5d5d65484c96256db8257a97ec6af660aa6efc9e9efd0bea88eb6b5fe4a6ab46.json
experiments/output/ace_attribution_20260912/training/luna-none/configs/amc12a_2020_p13__luna-none-medium__gpt-5.6-luna__seed0,amc12a_2020_p13,train,prove_theorem_grounded,done,other_or_unobserved,8,0.04113924,dated billing receipts,False,False,audit/cells/5d6118d4bb09dabeefc4ad79f8671bca72924ae46d863b7ed7f0117b07c07055.json
experiments/output/ace_economy_refinement_20260916/final10/configs/validation__agentic_reset_compact__mathd_numbertheory_405__seed1,mathd_numbertheory_405,validation,prove_theorem_grounded,done,other_or_unobserved,12,0.047798059999999996,dated billing receipts,False,False,audit/cells/5d6c83c48996bd7d3a58bee48aa63973840729801ca451f97d161577ea58d6ae.json
experiments/output/ace_roles_20260913/validation/configs/validation__control__proof__amc12_2001_p21__seed0,amc12_2001_p21,validation,,missing,unknown_reference,5,0.059062079999999996,dated billing receipts,True,False,audit/cells/5d7331727e29178ad6f78d03d924695ebcdf173fa2f3b89ceb71266f2f953cfb.json
experiments/output/ace_learning_20260914/validation/configs/validation__B__proof__mathd_numbertheory_43__seed0,mathd_numbertheory_43,validation,prove_theorem_grounded,done,other_or_unobserved,11,0.02030272,dated billing receipts,False,False,audit/cells/5d766d52f8264f4057283ad335a10ad042f77ec6423313394ee569d1c8e0f53a.json
experiments/output/ace_x_validation_ace_x3_offline_rv2_agentic/configs/mathd_numbertheory_530__ace-1e4aec7d-core-medium__gpt-5.6-luna__seed0,mathd_numbertheory_530,validation,prove_theorem_ace,done,unknown_reference,13,0.0514021,"cache tokens, current tariff; unrecorded retries unknown",False,False,audit/cells/5d7953f3e52061ce4652ab19c4c8b21d9d2c0d1f1f1c2ce1eeea66a8912a40ac.json
experiments/output/ace_learning_20260914/validation/configs/validation__B__proof__imo_1969_p2__seed0,imo_1969_p2,validation,prove_theorem_grounded,done,incomplete_proof,29,0.02952896,dated billing receipts,False,False,audit/cells/5d81c24148cbde1c3db421f27fb913b3e5c67916fcc3c1e736034cb4d560fe42.json
experiments/output/ace_economy_refinement_20260916/final02/configs/validation__ace__amc12a_2019_p21__seed0,amc12a_2019_p21,validation,prove_theorem_grounded,done,incomplete_proof,13,0.03871086,dated billing receipts,False,False,audit/cells/5db0dd4f52e0dc881d335eb7d03f6e28fa6ee68ba3467c7fcf7418d6cff0ed48.json
experiments/output/coverage_cycle_20260911/validation/D2/configs/imo_1984_p6__validation-D2__gpt-5.6-luna__seed0,imo_1984_p6,validation,prove_theorem_grounded,done,other_or_unobserved,5,0.00814982,dated billing receipts,False,False,audit/cells/5db9f20a4998254a8018c5912d288bee2a3761813eb04c37b79068fda6c98f80.json
experiments/output/ace_x_validation_ace_x3_offline_e3_rv3_agentic/configs/mathd_numbertheory_530__ace-d0d7ce24-core-medium__gpt-5.6-luna__seed0,mathd_numbertheory_530,validation,prove_theorem_ace,done,unproved_prerequisite,13,0.04409574,"cache tokens, current tariff; unrecorded retries unknown",False,False,audit/cells/5dc82b1bc30174056fab967accc1b472034b99568131b383721c65aaf8f5e6b9.json
experiments/output/ace_x_validation_ace_x5_offline_rv2_agentic/configs/aime_1991_p9__ace-fc7b45d4-core-medium__gpt-5.6-luna__seed0,aime_1991_p9,validation,prove_theorem_ace,done,other_or_unobserved,18,0.03845482,"cache tokens, current tariff; unrecorded retries unknown",False,False,audit/cells/5dcbae3bfe6f6a8fdc08c8f7c468ca5dd838a37987ea7197ba14da6168c721ec.json
experiments/output/ace_mechanisms_20260910/validation/configs/aime_1984_p7__validation-E__gpt-5.6-luna__seed0,aime_1984_p7,validation,prove_theorem_grounded,done,syntax,4,0.052660939999999996,dated billing receipts,False,False,audit/cells/5de4177345b2a6e130c90afb2cf0030fbdafb2dd11afbcb2f81245c8512a9018.json
experiments/output/ace_models_20260910/proof/configs/imo_1977_p6__prover-xhigh-4de2b7bf26816e71__gpt-5.6-luna__seed0,imo_1977_p6,train,prove_theorem_grounded,done,other_or_unobserved,2,0.035139119999999996,dated billing receipts,False,False,audit/cells/5de4eb3f3c21c6df966f2595f89712e8b30968202ce74948aadc5dfd050ef5ef.json
experiments/output/acet_x_validation_ace_x6_repairs_k3_r2_agentic/configs/mathd_algebra_282__acet-1d2bc630-30d3e288-k3-r2-core-medium__gpt-5.6-luna__seed1,mathd_algebra_282,validation,prove_theorem_ace_triggered,done,incomplete_proof,23,0.027790399999999993,"cache tokens, current tariff; unrecorded retries unknown",False,False,audit/cells/5e15598d18759f0739593b35960f99ae0361ac7ec273aa704105843edc1eecc2.json
experiments/output/ace_economy_20260916/validation/configs/validation__views__amc12_2000_p12__seed0,amc12_2000_p12,validation,prove_theorem_grounded,done,unknown_reference,13,0.03665362,dated billing receipts,False,False,audit/cells/5e2f90192636a47a44b905dbf66bb8c879edc302198a3cd121236bd156e994fe.json
experiments/output/ace_economy_refinement_20260916/final00/configs/validation__ace_compact__mathd_algebra_282__seed1,mathd_algebra_282,validation,prove_theorem_grounded,done,incomplete_proof,29,0.03188806,dated billing receipts,False,False,audit/cells/5e3410e14f9a3fe27dcfa945932682dae19b12bcca9417596854508a99cb9931.json
experiments/output/ace_economy_refinement_20260916/final06/configs/validation__agentic_reset_compact__imo_1969_p2__seed0,imo_1969_p2,validation,prove_theorem_grounded,done,other_or_unobserved,11,0.04924224,dated billing receipts,False,False,audit/cells/5e364c2bab39a05d179e0a8b4f221ae4e119d1e5fe275b49a17f202b3df97c49.json
experiments/output/ace_x_validation_ace_x3_offline_rv2_agentic/configs/imo_1969_p2__ace-1e4aec7d-core-medium__gpt-5.6-luna__seed1,imo_1969_p2,validation,prove_theorem_ace,done,incomplete_proof,22,0.03022864,"cache tokens, current tariff; unrecorded retries unknown",False,False,audit/cells/5e3742bd0a0a6441709186f13de4e65f5a3d2c90b14f72ebfa2c07518114af20.json
experiments/output/ace_sanitized_20260917/validation/configs/validation__ace_selected__proof__mathd_numbertheory_303__seed1,mathd_numbertheory_303,validation,prove_theorem_grounded,done,other_or_unobserved,6,0.03575488,dated billing receipts,False,False,audit/cells/5e8f89e1eef8621a4a89935076bec0ffe6244a9dff20cecb1ad03dc5af50fb7c.json
experiments/output/ace_capacity_20260912/headroom1/configs/amc12a_2020_p13__C-level1__gpt-5.6-luna__seed0,amc12a_2020_p13,train,prove_theorem_grounded,done,syntax,18,0.12268652,"cache tokens, current tariff; unrecorded retries unknown",False,False,audit/cells/5ea1b4dcdae33968cffa50cf62c506f33420fd11963dec9c409e227f83c603ff.json
experiments/output/ace_sanitized_20260917/validation/configs/validation__agentic_coverage__proof__mathd_numbertheory_530__seed0,mathd_numbertheory_530,validation,prove_theorem_grounded,done,unproved_prerequisite,10,0.06464684,dated billing receipts,False,False,audit/cells/5eae6a06e4865dfe51d55b2d953138f5212a7a1d98744715abbe054968ebf984.json
experiments/output/ace_capacity_20260912/cross/configs/amc12a_2020_p21__cross-level0__gpt-5.6-terra__seed0,amc12a_2020_p21,validation,prove_theorem_grounded,done,incomplete_proof,9,0.36408719999999994,"cache tokens, current tariff; unrecorded retries unknown",False,False,audit/cells/5ed47b65dee42fb55732669a347ffe01f4b29a0545f85ea20a38c5ad2f994f78.json
experiments/output/acet_x_validation_ace_x6_repairs_k3_r2_agentic/configs/imo_1969_p2__acet-1d2bc630-30d3e288-k3-r2-core-medium__gpt-5.6-luna__seed1,imo_1969_p2,validation,prove_theorem_ace_triggered,done,incomplete_proof,25,0.04184626,"cache tokens, current tariff; unrecorded retries unknown",False,False,audit/cells/5ed4cbacaf61cbbc3f64d1a62167661aeaa00936535d1aa69f94067cbab0d1d9.json
experiments/output/ace_economy_20260916/validation/configs/validation__agentic__aime_1991_p6__seed0,aime_1991_p6,validation,prove_theorem_grounded,done,arithmetic_or_search,6,0.0378135,dated billing receipts,False,False,audit/cells/5ed571eff512545fc46da711de65b50004f83e500a3cb6d85375ad913f064f33.json
experiments/output/ace_economy_20260916/validation/configs/validation__ace__amc12a_2008_p4__seed1,amc12a_2008_p4,validation,prove_theorem_grounded,done,incomplete_proof,40,0.0258133,dated billing receipts,False,False,audit/cells/5eefeb6197eebcd65e19f05ae21941e0804b7e350265552d981042128c549e0a.json
experiments/output/ace_mechanisms_20260910/training/configs/mathd_algebra_185__training-C__gpt-5.6-luna__seed0,mathd_algebra_185,train,prove_theorem_grounded,done,arithmetic_or_search,8,0.024986119999999997,dated billing receipts,False,False,audit/cells/5ef7af1733d94ce900b5a0f453e7aea67125189623eab18601c50a42ca6eb839.json
experiments/output/acet_x_validation_ace_x6_repairs_k3_r2_agentic/configs/amc12a_2019_p21__acet-1d2bc630-30d3e288-k3-r2-core-medium__gpt-5.6-luna__seed1,amc12a_2019_p21,validation,prove_theorem_ace_triggered,done,other_or_unobserved,18,0.07181401999999999,"cache tokens, current tariff; unrecorded retries unknown",False,False,audit/cells/5eff009acd9c83af3b00468137d292c9f0e10b234f0218f25abc0b25daa1863e.json
experiments/output/ace_mechanisms_20260910/training/configs/amc12_2000_p6__training-R__gpt-5.6-luna__seed0,amc12_2000_p6,train,prove_theorem_grounded,done,arithmetic_or_search,4,0.01053856,dated billing receipts,False,False,audit/cells/5f0b8e7f75e2bb2639b9b9d2a2aa41a3e486463ff75b953cf2fb2253fd8210e7.json
experiments/output/ace_attribution_20260912/training/terra/configs/imo_1983_p6__terra-ace-medium__gpt-5.6-terra__seed0,imo_1983_p6,train,prove_theorem_grounded,done,unknown_reference,8,0.4318164,dated billing receipts,False,False,audit/cells/5f16881871bfde1fc5e8256db810f35c2fa2bfdc9b7bee3223bcb360316fc755.json
experiments/output/ace_x_validation_agentic/configs/aime_1991_p6__ace-1ac8a092-k10-core-medium__gpt-5.6-luna__seed0,aime_1991_p6,validation,prove_theorem_ace,done,incomplete_proof,23,0.033386439999999996,"cache tokens, current tariff; unrecorded retries unknown",False,False,audit/cells/5f25dacd5ed9aa6b43d699343b5488683eae78c606962624e3e9ebd7935cfc2f.json
experiments/output/ace_x_validation_ace_x3_noreflect_agentic/configs/amc12a_2013_p8__ace-1ac8a092-core-medium__gpt-5.6-luna__seed1,amc12a_2013_p8,validation,,failed,platform_failure,0,0.0014638,"cache tokens, current tariff; unrecorded retries unknown",False,False,audit/cells/5f30e00db3963bee45e3655052f5c9d983f19f35615fb7e86bfcde99b72afe94.json
experiments/output/ace_revision_20260913/validation/configs/validation__control__proof__mathd_numbertheory_37__seed1,mathd_numbertheory_37,validation,prove_theorem_grounded,done,arithmetic_or_search,13,0.0301663,dated billing receipts,False,False,audit/cells/5f381a3f7aeb4a7e90582c1818b2f43f37e829119a733ae8287239111f8880a6.json
experiments/output/ace_x_validation_ace_x5_offline_rv3_agentic/configs/mathd_numbertheory_405__ace-fc7b45d4-core-medium__gpt-5.6-luna__seed1,mathd_numbertheory_405,validation,prove_theorem_ace,done,incomplete_proof,30,0.07125646,"cache tokens, current tariff; unrecorded retries unknown",False,False,audit/cells/5f7772d22531c460b8512452c2671bc794c95030bca4bb6504c334de8fe0f945.json
experiments/output/ace_mechanisms_20260910/validation/configs/amc12a_2019_p21__validation-E__gpt-5.6-luna__seed0,amc12a_2019_p21,validation,prove_theorem_grounded,done,no_verifier_evidence,0,0.02634606,dated billing receipts,False,False,audit/cells/5f8449bcc8aa97f35404edfd1d3e776da1b1eca4f8aa2ab3e570323c092c68eb.json
experiments/output/ace_review_development/configs/mathd_numbertheory_405__baseline-r64__gpt-5.6-luna__seed0,mathd_numbertheory_405,validation,prove_theorem_agentic,done,incomplete_proof,49,0.09893999999999996,"cache tokens, current tariff; unrecorded retries unknown",False,False,audit/cells/5f8c9815a111cc1bfc318432c804ed0850aef21a836c6e0a3d4ef534bdfe6a7c.json
experiments/output/ace_revision_20260913/validation/configs/validation__candidate__proof__aime_1991_p9__seed1,aime_1991_p9,validation,prove_theorem_grounded,done,arithmetic_or_search,11,0.03782722,dated billing receipts,False,False,audit/cells/5fdf947382305bea5e5601c416ca4cdfb9fe22a6289653a809b4c28746813e31.json
experiments/output/ace_mechanisms_20260910/training/configs/aime_1984_p1__training-R__gpt-5.6-luna__seed0,aime_1984_p1,train,prove_theorem_grounded,done,syntax,11,0.03111972,dated billing receipts,False,False,audit/cells/5ff6e2bff86f2044a69fc7e3af698042f7665629df2157352b7b76bccd97e542.json
experiments/output/ace_review_calibration/configs/imo_1983_p6__baseline-r32__gpt-5.6-luna__seed1,imo_1983_p6,train,prove_theorem_agentic,done,unproved_prerequisite,29,0.09852827999999998,"cache tokens, current tariff; unrecorded retries unknown",False,False,audit/cells/6078223f90ef543703a7edd9ff1d46a3051ccab00dba1ada646cff9299c1e10e.json
experiments/output/ace_economy_20260916/validation/configs/validation__session__mathd_numbertheory_303__seed1,mathd_numbertheory_303,validation,prove_theorem_grounded,done,other_or_unobserved,8,0.044235779999999995,dated billing receipts,False,False,audit/cells/60b14c88717cd1bacd6a0a0f9dfa7683bba9b7c551a14e6ebf474c45f95e874f.json
experiments/output/ace_economy_refinement_20260916/final13/configs/validation__agentic_reset__aime_1991_p6__seed1,aime_1991_p6,validation,prove_theorem_grounded,done,unknown_reference,4,0.0441815,dated billing receipts,False,False,audit/cells/60ce0e5d032d05c5659e7d5d1e237bdf3e8da08ef029de21919ea0416d49f3a2.json
experiments/output/ace_review_development/configs/amc12a_2020_p21__repair1-r64__gpt-5.6-luna__seed1,amc12a_2020_p21,validation,prove_theorem_ace,done,incomplete_proof,37,0.050755180000000004,"cache tokens, current tariff; unrecorded retries unknown",False,False,audit/cells/60e0c0de20d96753830fc3d07259cc9e415dce7d6febd2cc8cbcc892a0e2bcf4.json
experiments/output/ace_review_development/configs/amc12a_2020_p21__repair0-r64__gpt-5.6-luna__seed0,amc12a_2020_p21,validation,prove_theorem_ace,done,other_or_unobserved,6,0.1289859,"cache tokens, current tariff; unrecorded retries unknown",False,False,audit/cells/60e6656898842604f7cd4cd8331f6903f30b412014debae7222c0a74b15fd597.json
experiments/output/ace_sanitized_20260917/validation/configs/validation__ace_selected__proof__mathd_numbertheory_64__seed1,mathd_numbertheory_64,validation,prove_theorem_grounded,done,unknown_reference,2,0.05339998,dated billing receipts,False,False,audit/cells/6100aba47dc23a3449f911136ceeeedc2b3dbeba66a16364e01b82701f625674.json
experiments/output/ace_x_validation_ace_x5_offline_rv2_agentic/configs/aime_1991_p6__ace-fc7b45d4-core-medium__gpt-5.6-luna__seed1,aime_1991_p6,validation,prove_theorem_ace,done,incomplete_proof,27,0.04409802,"cache tokens, current tariff; unrecorded retries unknown",False,False,audit/cells/61338e67ad77946c24fbcd86416a86f1a139d5552d079caecad356cb3c63fe7d.json
experiments/output/ace_x_validation_ace_x4_offline_rv3_agentic/configs/aime_1991_p9__ace-f1dd5c3a-core-medium__gpt-5.6-luna__seed0,aime_1991_p9,validation,prove_theorem_ace,done,other_or_unobserved,20,0.05591554000000001,"cache tokens, current tariff; unrecorded retries unknown",False,False,audit/cells/6135fa6034f842a522f92152520f4b40e975992c9d4da37394dd497d87190ba2.json
experiments/output/ace_sanitized_20260917/validation/configs/validation__agentic_coverage__proof__amc12a_2019_p21__seed1,amc12a_2019_p21,validation,prove_theorem_grounded,done,unproved_prerequisite,17,0.06731419999999999,dated billing receipts,False,False,audit/cells/616b2f0b8d3296a45a6c891341f4dd925af1ab5ea69ec13beb76f5e4c6f66c52.json
experiments/output/ace_models_20260910/proof/configs/imo_1983_p6__prover-xhigh-fa6b32f084145e14__gpt-5.6-luna__seed0,imo_1983_p6,train,prove_theorem_grounded,done,syntax,2,0.0303232,dated billing receipts,False,False,audit/cells/619964a9385b86443ec46ecf2981ac8f5116a2455b3bc8e6fe79d3fdbc7078fc.json
experiments/output/ace_x_validation_ace_x3_offline_agentic/configs/amc12a_2020_p21__ace-1ac8a092-core-medium__gpt-5.6-luna__seed1,amc12a_2020_p21,validation,prove_theorem_ace,done,other_or_unobserved,21,0.10000017999999998,"cache tokens, current tariff; unrecorded retries unknown",False,False,audit/cells/61c0d692b448349d2f89b286614233354413584d21ab48312f7a9526c0ea6228.json
experiments/output/ace_economy_refinement_20260916/final00/configs/validation__agentic_compact__mathd_algebra_282__seed1,mathd_algebra_282,validation,prove_theorem_grounded,done,incomplete_proof,30,0.029748379999999998,dated billing receipts,False,False,audit/cells/61cdd78ab515b764be612bfaed1d4343a9c0187afeee00a75a6b56fd2c64a5d5.json
experiments/output/ace_review_development/configs/mathd_numbertheory_405__repair0-r64__gpt-5.6-luna__seed0,mathd_numbertheory_405,validation,prove_theorem_ace,done,incomplete_proof,45,0.10009900000000002,"cache tokens, current tariff; unrecorded retries unknown",False,False,audit/cells/61fc93c9fec69c5f37cbd7f914b44c8913dac2694d32e8742f4adcfabe370643.json
experiments/output/coverage_cycle_20260911/training/S/configs/amc12a_2020_p13__training-S__gpt-5.6-luna__seed0,amc12a_2020_p13,train,prove_theorem_grounded,done,syntax,7,0.039697039999999996,dated billing receipts,False,False,audit/cells/61fef479d72fc1be206fe07305269a3c2bb0947d5427f346dda7afcf9aa6a763.json
experiments/output/ace_control_cycle_validation/configs/aime_1991_p6__validation-r64__gpt-5.6-luna__seed0,aime_1991_p6,validation,prove_theorem_grounded,done,unknown_reference,8,0.06948512,"cache tokens, current tariff; unrecorded retries unknown",False,False,audit/cells/621dcebc47bbc1eb494553efe86390f57ef6b3063c39c13b24185bde7f7b29b5.json
experiments/output/ace_review_development/configs/amc12_2001_p21__x3-r64__gpt-5.6-luna__seed0,amc12_2001_p21,validation,prove_theorem_ace,done,incomplete_proof,27,0.11157234000000002,"cache tokens, current tariff; unrecorded retries unknown",False,False,audit/cells/6257dfec9ab2b3f7cd2a7869a7aeb53694d9fd75132f24b8fcab20ebc94aeeb4.json
experiments/output/ace_economy_refinement_20260916/final18/configs/validation__ace_compact__mathd_numbertheory_303__seed1,mathd_numbertheory_303,validation,prove_theorem_grounded,done,verifier_resource,8,0.04292214,dated billing receipts,False,False,audit/cells/625c2e86c5895ec4428196c9bf2679b5c898a846eb048bcb76d8b298c60568be.json
experiments/output/ace_attribution_20260912/effort/configs/amc12a_2020_p13__terra-none-low__gpt-5.6-terra__seed0,amc12a_2020_p13,train,prove_theorem_grounded,done,unproved_prerequisite,9,0.3972026,dated billing receipts,False,False,audit/cells/6281142ac4dfa8fe63006bd5f8d79a231407ae83017f344d30cd009c7420c380.json
experiments/output/ace_bounded_validation/configs/algebra_others_exirrpowirrrat__integrated-r64__gpt-5.6-luna__seed0,algebra_others_exirrpowirrrat,validation,prove_theorem_grounded,done,other_or_unobserved,7,0.03665892,"cache tokens, current tariff; unrecorded retries unknown",False,False,audit/cells/62864318f0d568930017385aa60e665ff58e57bdad80cfa612ca0a98448c88a9.json
experiments/output/ace_sanitized_20260917/validation/configs/validation__ace_coverage__proof__amc12a_2019_p21__seed1,amc12a_2019_p21,validation,prove_theorem_grounded,done,syntax,12,0.06565394,dated billing receipts,False,False,audit/cells/62ef7db39c83b65f81811d6d0976d81582512f46b1ff605444eb1acc27239275.json
experiments/output/ace_adaptation_x3-offline-e3/configs/step14_generator_algebra_amgm_sum1toneqn_prod1tonleq1,algebra_amgm_sum1toneqn_prod1tonleq1,train,prove_theorem_ace,done,unproved_prerequisite,13,0.037884480000000005,"cache tokens, current tariff; unrecorded retries unknown",False,False,audit/cells/6335bc6cc7b0d8d2d0d46762e9f7d5f6e8352e46009834a58e991f9934102753.json
experiments/output/ace_roles_20260913/training/configs/training__candidate__proof__mathd_algebra_185__seed0,mathd_algebra_185,train,prove_theorem_grounded,done,arithmetic_or_search,10,0.03533106,dated billing receipts,False,False,audit/cells/633769504dff7a5062adf3a95686cb93c08e39fa2d45c76aba19035c20649937.json
experiments/output/ace_adaptation_x3-mono/configs/step36_curator_mathd_numbertheory_35,mathd_numbertheory_35,train,rewrite_playbook,done,no_verifier_evidence,0,0.013274759999999998,"cache tokens, current tariff; unrecorded retries unknown",False,False,audit/cells/63818f97f57d0a1486cbb12b6faee05ffaf0044adbc8f538635fd5739cfdda4c.json
experiments/output/ace_models_20260910/proof/configs/amc12b_2004_p3__prover-high-1e4aec7dbbe80e7a__gpt-5.6-luna__seed0,amc12b_2004_p3,train,prove_theorem_grounded,done,no_verifier_evidence,0,0.02727702,dated billing receipts,False,False,audit/cells/63c702cb438b178cfc82f0cac4751334cd1547c88d11a2f9b955804f72fa150f.json
experiments/output/ace_adaptation_x-offline-e3/configs/step34_generator_mathd_algebra_224,mathd_algebra_224,train,prove_theorem_ace,done,incomplete_proof,24,0.07576762000000001,"cache tokens, current tariff; unrecorded retries unknown",False,False,audit/cells/63ee090e12e3cb66a9f94f31433eeda95a3194d350b2c97566f4019280e14ae1.json
experiments/output/ace_sanitized_20260917/validation/configs/validation__agentic__proof__imo_1984_p6__seed1,imo_1984_p6,validation,prove_theorem_grounded,done,other_or_unobserved,10,0.04144908,dated billing receipts,False,False,audit/cells/640af0b4d2d3be7161174dd3bb07ac1406cb34953337816a8979a5d9d09aa560.json
experiments/output/ace_adaptation_x-mono/configs/step16_curator_mathd_algebra_410,mathd_algebra_410,train,rewrite_playbook,done,no_verifier_evidence,0,0.009729239999999998,"cache tokens, current tariff; unrecorded retries unknown",False,False,audit/cells/640e7a53f161783dd15a59a901a99ca5557370f2604cfcd3c721680ce070dc09.json
experiments/output/ace_economy_refinement_20260916/final09/configs/validation__agentic_reset__amc12a_2020_p21__seed1,amc12a_2020_p21,validation,prove_theorem_grounded,done,syntax,7,0.03911402,dated billing receipts,False,False,audit/cells/6448f70ff16af8ab8ac8cf89fd28764ffd549d62e77cde004558cbd61e0496dd.json
experiments/output/acet_x_validation_ace_x5_offline_k3_agentic/configs/mathd_numbertheory_303__acet-fc7b45d4-b1806cce-k3-core-medium__gpt-5.6-luna__seed1,mathd_numbertheory_303,validation,prove_theorem_ace_triggered,done,other_or_unobserved,20,0.06472912000000001,"cache tokens, current tariff; unrecorded retries unknown",False,False,audit/cells/645eb760e3838f0f96ed7db3012aff8e5cb778589adb8f61f6f38b62616c2b6f.json
experiments/output/coverage_cycle_20260911/validation/S/configs/aime_1991_p9__validation-S__gpt-5.6-luna__seed0,aime_1991_p9,validation,prove_theorem_grounded,done,unproved_prerequisite,12,0.0406476,dated billing receipts,False,False,audit/cells/6475b9958271a92536b1263319edf6c008533333e820723eb76bbef9b5d3cc7b.json
experiments/output/ace_polish_training/configs/imo_1977_p6__candidate-r64__gpt-5.6-luna__seed0,imo_1977_p6,train,prove_theorem_grounded,done,arithmetic_or_search,9,0.041444419999999996,"cache tokens, current tariff; unrecorded retries unknown",False,False,audit/cells/64817a1ea0036842922bc04249a26768ef6b2c08c4b1c0564cdc28ce6c4f5817.json
experiments/output/ace_control_cycle_validation/configs/mathd_algebra_282__validation-r64__gpt-5.6-luna__seed0,mathd_algebra_282,validation,prove_theorem_grounded,done,incomplete_proof,46,0.04197247999999998,"cache tokens, current tariff; unrecorded retries unknown",False,False,audit/cells/649a6b2c6c7e2b2361a98859527027a37de97cc6d2b7e220536b89f2084a3e26.json
experiments/output/ace_economy_20260916/validation/configs/validation__agentic__imo_1984_p6__seed1,imo_1984_p6,validation,prove_theorem_grounded,done,arithmetic_or_search,13,0.04168522,dated billing receipts,False,False,audit/cells/649e8465208fb1d8d51a62f72f50acb522b550f05b08fc5057c694632415bbc8.json
experiments/output/ace_x_validation_agentic/configs/mathd_algebra_282__ace-1ac8a092-k10-core-medium__gpt-5.6-luna__seed0,mathd_algebra_282,validation,prove_theorem_ace,done,incomplete_proof,15,0.02600054,"cache tokens, current tariff; unrecorded retries unknown",False,False,audit/cells/64cf93d8421dee6a7b33c597a59f14cbed766f8a886d4cfd8700e387d35bc023.json
experiments/output/ace_snippets_20260913/validation/configs/snippets-v1__aime_1991_p9__validation-A__seed0,aime_1991_p9,validation,prove_theorem_grounded,done,unproved_prerequisite,13,0.04057145999999999,"cache tokens, current tariff; unrecorded retries unknown",False,False,audit/cells/64eba98108fe6a563ca640572ba801c6181e98aacc8504956f2320a1ae320df2.json
experiments/output/ace_economy_20260916/validation/configs/validation__agentic__imo_1964_p2__seed1,imo_1964_p2,validation,prove_theorem_grounded,done,unproved_prerequisite,14,0.04160772,dated billing receipts,False,False,audit/cells/65026012aa326b28d0df45a22c77248b2e3fe014e277b0231e1b25ce9a44f4e7.json
experiments/output/ace_x_validation_ace_x3_strong_rv3_agentic/configs/aime_1991_p9__ace-b596e7df-core-medium__gpt-5.6-luna__seed0,aime_1991_p9,validation,prove_theorem_ace,done,other_or_unobserved,13,0.04479825999999999,"cache tokens, current tariff; unrecorded retries unknown",False,False,audit/cells/650a513a87a95e100f6a7c6c60d86bd9e6c4a14d82818c854de653964551f15a.json
experiments/output/ace_review_calibration/configs/imo_1967_p3__baseline-r64__gpt-5.6-luna__seed1,imo_1967_p3,train,prove_theorem_agentic,done,incomplete_proof,35,0.06875004000000001,"cache tokens, current tariff; unrecorded retries unknown",False,False,audit/cells/6511c3ed2358508546343f375784b9bc5e7202aa67da920bc9a42d3c1829ff52.json
experiments/output/ace_x_validation_ace_x3_mono_rv3_agentic/configs/amc12_2001_p21__ace-0e162d51-core-medium__gpt-5.6-luna__seed1,amc12_2001_p21,validation,prove_theorem_ace,done,arithmetic_or_search,21,0.05831428,"cache tokens, current tariff; unrecorded retries unknown",False,False,audit/cells/651b0294516fcf829f2931d6b56a91e48e807d2aa8f84627f8393e93f2d46ba5.json
experiments/output/ace_sanitized_20260917/pilots/configs/pilots__output__proof__amc12a_2020_p13__seed0,amc12a_2020_p13,train,prove_theorem_grounded,done,unproved_prerequisite,9,0.060920239999999994,dated billing receipts,False,False,audit/cells/651e7f0e8c0e558cb7f4dd8a658fad8de2ee63a29f78ffacffaf504494b3f223.json
experiments/output/ace_online_x3-online-s1_agentic/configs/imo_1969_p2__ace-b1ba0579-core-medium__gpt-5.6-luna__seed1,imo_1969_p2,validation,prove_theorem_ace,done,incomplete_proof,22,0.03213796000000001,"cache tokens, current tariff; unrecorded retries unknown",False,False,audit/cells/652e0540bd21f28e818d00c12d5bef58437b3ef0b95452ab7f98b3b3f950157c.json
experiments/output/ace_capacity_20260912/headroom2/configs/mathd_numbertheory_629__E-level2__gpt-5.6-luna__seed0,mathd_numbertheory_629,train,prove_theorem_grounded,done,arithmetic_or_search,28,0.12479015999999998,"cache tokens, current tariff; unrecorded retries unknown",False,False,audit/cells/6531f0623618a18e524372a4147de08820ffda485fa09dce88c79b1800ba43e7.json
experiments/output/ace_adaptation_x-noreflect/configs/step39_generator_imo_1967_p3,imo_1967_p3,train,prove_theorem_ace,done,incomplete_proof,26,0.03749569999999999,"cache tokens, current tariff; unrecorded retries unknown",False,False,audit/cells/653d7ca533a3e5eeffb7d1304d8797d3c6c17aee5b5779c2e7d342d05f14c411.json
experiments/output/ace_x_validation_ace_x3_offline_rv2_agentic/configs/aime_1984_p7__ace-1e4aec7d-core-medium__gpt-5.6-luna__seed0,aime_1984_p7,validation,prove_theorem_ace,done,other_or_unobserved,18,0.07382664,"cache tokens, current tariff; unrecorded retries unknown",False,False,audit/cells/65436f211b6834860d161227c29051657649c44354adbda22a803e93c824ef2e.json
experiments/output/ace_x_validation_ace_x3_offline_agentic/configs/mathd_numbertheory_303__ace-1ac8a092-core-medium__gpt-5.6-luna__seed1,mathd_numbertheory_303,validation,prove_theorem_ace,done,other_or_unobserved,11,0.0466238,"cache tokens, current tariff; unrecorded retries unknown",False,False,audit/cells/6552ba2e608d28c1f00efe108dacade805fca428b5b08490160cb6025854a21f.json
experiments/output/ace_online_x-online-warm-s1_agentic/configs/mathd_numbertheory_530__ace-11d6579c-core-medium__gpt-5.6-luna__seed1,mathd_numbertheory_530,validation,prove_theorem_ace,done,unknown_reference,12,0.041638259999999996,"cache tokens, current tariff; unrecorded retries unknown",False,False,audit/cells/6562f560078613c44af7a8d764392abe426003bd40f61c006fa1f63ddb172266.json
experiments/output/coverage_cycle_20260911/training/D2/configs/amc12a_2020_p13__training-D2__gpt-5.6-luna__seed0,amc12a_2020_p13,train,prove_theorem_grounded,done,unproved_prerequisite,7,0.036297159999999995,dated billing receipts,False,False,audit/cells/65769b126512741a1245eba14e71fa519cb18bbf09508fa56334f8c75ea8e7ee.json
experiments/output/ace_sanitized_20260917/validation/configs/validation__ace_coverage__proof__algebra_others_exirrpowirrrat__seed0,algebra_others_exirrpowirrrat,validation,prove_theorem_grounded,done,unknown_reference,9,0.06436723999999999,dated billing receipts,False,False,audit/cells/65c09ec40396413205fc1f835823a7b00d006d5462c6a6c9c43831cbf5220e29.json
experiments/output/ace_review_development/configs/mathd_numbertheory_530__repair1-r64__gpt-5.6-luna__seed1,mathd_numbertheory_530,validation,prove_theorem_ace,done,unknown_reference,11,0.10183547999999999,"cache tokens, current tariff; unrecorded retries unknown",False,False,audit/cells/65c1458238b111331850fc9f65ea0f9aacbb5cc143a88dc2250145565bb506da.json
experiments/output/ace_adaptation_x-offline-e3/configs/step80_curator_mathd_numbertheory_42,mathd_numbertheory_42,train,,failed,platform_failure,0,0.0,"cache tokens, current tariff; unrecorded retries unknown",False,False,audit/cells/65e36400e1c2aa6354f8d2475d0b109a4a8e9cda17121181c561f855b4356857.json
experiments/output/ace_x_validation_ace_x3_offline_agentic/configs/aime_1991_p6__ace-1e4aec7d-core-medium__gpt-5.6-luna__seed0,aime_1991_p6,validation,,failed,platform_failure,1,0.0028869,"cache tokens, current tariff; unrecorded retries unknown",False,False,audit/cells/664c0a369697cd94f25ee00643b366d379e6e3704b0777d0809890c16e843d1e.json
experiments/output/ace_sanitized_20260917/validation/configs/validation__ace_selected__proof__mathd_numbertheory_303__seed0,mathd_numbertheory_303,validation,prove_theorem_grounded,done,unproved_prerequisite,8,0.0383433,dated billing receipts,False,False,audit/cells/665f23d83b110e14729eef0785f601e47b6bb76d138988d83d4b2d9155c3423b.json
experiments/output/ace_economy_refinement_20260916/final00/configs/validation__ace__algebra_others_exirrpowirrrat__seed1,algebra_others_exirrpowirrrat,validation,prove_theorem_grounded,done,other_or_unobserved,5,0.03950504,dated billing receipts,False,False,audit/cells/667b1d9bf767a770636c965a90635f116f039857e8bf9ae78ca78bec5b3d5715.json
experiments/output/ace_capacity_20260912/mechanisms/configs/amc12a_2020_p13__C-level0__gpt-5.6-luna__seed0,amc12a_2020_p13,train,prove_theorem_grounded,done,unknown_reference,8,0.03841066,"cache tokens, current tariff; unrecorded retries unknown",False,False,audit/cells/668d4853a9d329883d1d9b3ae081be83fc8c76f51f50aadb28cb575c4e9ad265.json
experiments/output/ace_adaptation_x-offline-e3/configs/step28_generator_mathd_algebra_185,mathd_algebra_185,train,prove_theorem_ace,done,arithmetic_or_search,15,0.07162534000000001,"cache tokens, current tariff; unrecorded retries unknown",False,False,audit/cells/66d7515f3eeb6e154df9c363bed79d8aee95fc9e17a1ca69f4c2178210b4c7d7.json
experiments/output/ace_economy_20260916/validation/configs/validation__budget__mathd_numbertheory_303__seed0,mathd_numbertheory_303,validation,prove_theorem_grounded,done,unknown_reference,17,0.1164335,dated billing receipts,False,False,audit/cells/66f27d148a264c1237a5f7fda380cda5264f86ccd082324372ee506233e9d001.json
experiments/output/ace_review_development/configs/mathd_numbertheory_37__repair1-r64__gpt-5.6-luna__seed1,mathd_numbertheory_37,validation,prove_theorem_ace,done,other_or_unobserved,42,0.06547243999999999,"cache tokens, current tariff; unrecorded retries unknown",False,False,audit/cells/66f8b72b625d044ee958a1734534d1f7081e90f5b6b2c620205e32c459d022bf.json
experiments/output/ace_economy_refinement_20260916/final09/configs/validation__agentic_compact__aime_1991_p9__seed1,aime_1991_p9,validation,prove_theorem_grounded,done,other_or_unobserved,12,0.041485839999999996,dated billing receipts,False,False,audit/cells/6705506c098c4d73185e28065e22c6a2f7d57debae01bdad82d3c92b8e62b0e5.json
experiments/output/ace_learning_20260914/validation/configs/validation__B__proof__aime_1991_p9__seed1,aime_1991_p9,validation,prove_theorem_grounded,done,arithmetic_or_search,12,0.0415597,dated billing receipts,False,False,audit/cells/671204ff72e7bda98702100dd564184e05f1d05d4d28555057cccd3bbb333110.json
experiments/output/ace_economy_refinement_20260916/final17/configs/validation__ace_compact__imo_1964_p2__seed0,imo_1964_p2,validation,prove_theorem_grounded,done,unproved_prerequisite,5,0.04159426,dated billing receipts,False,False,audit/cells/6736f404999fe91ce61c79e093e656c8905c5e0a2b472fe65973338c18c0e44e.json
experiments/output/ace_economy_refinement_20260916/final02/configs/validation__agentic_reset_compact__amc12a_2019_p21__seed0,amc12a_2019_p21,validation,prove_theorem_grounded,done,syntax,8,0.047361139999999996,dated billing receipts,False,False,audit/cells/673a73c44bc7cb52f3414c282c0282a446dd53405b398971640cb283ffd9ad3d.json
experiments/output/ace_adaptation_x3-mono/configs/step06_curator_mathd_numbertheory_403,mathd_numbertheory_403,train,rewrite_playbook,done,no_verifier_evidence,0,0.007328039999999999,"cache tokens, current tariff; unrecorded retries unknown",False,False,audit/cells/675540cb9c086ea6024dd64aa7a2044828c8d771480c3b1d8256e63121192d4b.json
experiments/output/ace_capacity_20260912/cross/configs/aime_1984_p7__cross-level0__gpt-5.6-luna__seed0,aime_1984_p7,validation,prove_theorem_grounded,done,other_or_unobserved,10,0.03804916,"cache tokens, current tariff; unrecorded retries unknown",False,False,audit/cells/6761fb00b78457c4d9dea319de9cc4b903f8fa6f2234cbb9b29b7485f301bef0.json
experiments/output/ace_revision_20260913/validation/configs/validation__candidate__proof__imo_1984_p6__seed0,imo_1984_p6,validation,prove_theorem_grounded,done,arithmetic_or_search,11,0.04111188,dated billing receipts,False,False,audit/cells/676a67395dc97fbaeef5f5c091c619d5faafafbf496ebd5ebdb4462b2efd5e1f.json
experiments/output/ace_sanitized_20260917/validation/configs/validation__ace_selected__proof__aime_1991_p6__seed0,aime_1991_p6,validation,prove_theorem_grounded,done,incomplete_proof,7,0.036600259999999996,dated billing receipts,False,False,audit/cells/67db155fd497e9702a2e12608b5edff4b5c3b170ed24d199585739898dbfcd05.json
experiments/output/ace_adaptation_x3-mono/configs/step28_generator_mathd_algebra_185,mathd_algebra_185,train,prove_theorem_ace,done,arithmetic_or_search,15,0.08316362,"cache tokens, current tariff; unrecorded retries unknown",False,False,audit/cells/685e0b96e426ffd23c33a8a5c00ce049b6b4f41e2d86b81fdb5ffece391ad7e7.json
experiments/output/ace_polish_training/configs/amc12a_2002_p13__candidate-r64__gpt-5.6-luna__seed0,amc12a_2002_p13,train,prove_theorem_grounded,done,syntax,12,0.0471606,"cache tokens, current tariff; unrecorded retries unknown",False,False,audit/cells/68826d70494fa770b715fb5b4515bce621db464853e81973a4c09a4bdeeeddd6.json
experiments/output/ace_review_development/configs/mathd_algebra_282__repair1-r64__gpt-5.6-luna__seed1,mathd_algebra_282,validation,prove_theorem_ace,done,incomplete_proof,53,0.05007154000000001,"cache tokens, current tariff; unrecorded retries unknown",False,False,audit/cells/6884e08648c5dc08bb185804b8031bcbee12e5e9fb4f24467243ef486dbb2b01.json
experiments/output/ace_adaptation_x3-mono/configs/step16_curator_mathd_algebra_410,mathd_algebra_410,train,rewrite_playbook,done,no_verifier_evidence,0,0.00976452,"cache tokens, current tariff; unrecorded retries unknown",False,False,audit/cells/6884f00d272cd9943dc7e850865fc80f405b805f93d42b5adc3d3ace29aff310.json
experiments/output/x_validation_stall_seenstate4_agentic_smoke/configs/mathd_algebra_185__core-medium-stall-seenstate4__gpt-5.6-luna__seed0,mathd_algebra_185,train,prove_theorem_agentic_stall,done,verifier_resource,22,0.06487696000000001,"cache tokens, current tariff; unrecorded retries unknown",False,False,audit/cells/68a3b343cb612530c7da606b322c07c58930a400dd6025449ed01d2498ceae7b.json
experiments/output/ace_models_20260910/proof/configs/amc12_2000_p1__selection-medium-1e4aec7dbbe80e7a__gpt-5.6-luna__seed0,amc12_2000_p1,train,prove_theorem_grounded,done,unproved_prerequisite,11,0.0385016,dated billing receipts,False,False,audit/cells/68a94a1e5737e6fecd4016e6c8e8b0764e98226089fb59ce773f2b6bad173f0c.json
experiments/output/ace_economy_refinement_20260916/final03/configs/validation__agentic_compact__imo_1984_p6__seed0,imo_1984_p6,validation,prove_theorem_grounded,done,arithmetic_or_search,8,0.04341534,dated billing receipts,False,False,audit/cells/68b3958ad8a02e88f599c173b5e8b8b3467e4e5a7669a0dc68a21052182271c4.json
experiments/output/ace_x_validation_ace_x5_offline_rv2_agentic/configs/mathd_numbertheory_43__ace-fc7b45d4-core-medium__gpt-5.6-luna__seed0,mathd_numbertheory_43,validation,prove_theorem_ace,done,other_or_unobserved,19,0.030692900000000002,"cache tokens, current tariff; unrecorded retries unknown",False,False,audit/cells/68c26ccfd115d9adfb4954149b484fb65d87fefd564a08abfdc30c3ccdf942d9.json
experiments/output/ace_economy_20260916/validation/configs/validation__session__mathd_algebra_282__seed0,mathd_algebra_282,validation,prove_theorem_grounded,done,incomplete_proof,17,0.03369732,dated billing receipts,False,False,audit/cells/68dcf2c2029e4d54aa9e1f69cda4624a8fce8e64be64c02aa4a0005f3aab85b9.json
experiments/output/ace_economy_20260916/validation/configs/validation__agentic__mathd_algebra_282__seed0,mathd_algebra_282,validation,prove_theorem_grounded,done,incomplete_proof,18,0.03246524,dated billing receipts,False,False,audit/cells/6901162935a4c09e786146d5c2a8a20748cddaeae2d1aa9f479a43f67db4891f.json
experiments/output/ace_attribution_20260912/training/luna-none/configs/amc12b_2004_p3__luna-none-medium__gpt-5.6-luna__seed0,amc12b_2004_p3,train,prove_theorem_grounded,done,other_or_unobserved,13,0.03862596,dated billing receipts,False,False,audit/cells/694821ed93b8ec2fe1f6b34dfe6d1242299fa6b1f5279fcf25fabf50c2f0629b.json
experiments/output/ace_economy_20260916/validation/configs/validation__ace__amc12a_2020_p21__seed0,amc12a_2020_p21,validation,prove_theorem_grounded,done,incomplete_proof,12,0.03958514,dated billing receipts,False,False,audit/cells/69512881a81ec8d741b69102706825c8d7e7d306de21a48ece9c45f4633c60a6.json
experiments/output/ace_x_validation_agentic/configs/mathd_algebra_282__ace-d56da056-core-medium__gpt-5.6-luna__seed1,mathd_algebra_282,validation,prove_theorem_ace,done,incomplete_proof,12,0.021438860000000004,"cache tokens, current tariff; unrecorded retries unknown",False,False,audit/cells/69638c63df7a25df4b466225968ee85df5305af3e71d5a35f62245c83bde0615.json
experiments/output/ace_economy_refinement_20260916/final07/configs/validation__agentic_reset_compact__aime_1984_p7__seed1,aime_1984_p7,validation,prove_theorem_grounded,done,syntax,18,0.04909838,dated billing receipts,False,False,audit/cells/69896f5bea423ca1a8eb950676f1dc86f03b0a6685d6562805dec5c191f8e6a3.json
experiments/output/ace_control_cycle_tuning/configs/mathd_algebra_224__tuning-r64__gpt-5.6-luna__seed0,mathd_algebra_224,train,prove_theorem_grounded,done,unknown_reference,10,0.03985852,"cache tokens, current tariff; unrecorded retries unknown",False,False,audit/cells/698b4e4dcbf182c9b77fe90c85fc684605452904324e2ed6a3b04e469b837f5f.json
experiments/output/ace_x_validation_ace_x4_offline_rv3_agentic/configs/imo_1969_p2__ace-f1dd5c3a-core-medium__gpt-5.6-luna__seed0,imo_1969_p2,validation,prove_theorem_ace,done,incomplete_proof,22,0.02234118,"cache tokens, current tariff; unrecorded retries unknown",False,False,audit/cells/698ec00691a1af3707a92653c69188c7b22f81aaae4adfd02a82da8eddac51a9.json
experiments/output/ace_models_20260910/proof/configs/imo_1983_p6__prover-medium-68338b80d7121921__gpt-5.6-luna__seed0,imo_1983_p6,train,prove_theorem_grounded,done,unknown_reference,11,0.0376856,dated billing receipts,False,False,audit/cells/69924856d7a0ce6dff9b1d67dd96302ae3ea635d6cd85f5ea43ae2a8d08e7d05.json
experiments/output/ace_sanitized_20260917/validation/configs/validation__agentic__proof__mathd_numbertheory_303__seed0,mathd_numbertheory_303,validation,prove_theorem_grounded,done,other_or_unobserved,9,0.04210684,dated billing receipts,False,False,audit/cells/69b1a1591fe93a22d4ea189e80c7f0747c687fc38e2fdb893924c2042c8e5f76.json
experiments/output/ace_online_x-online-warm-s0_agentic/configs/mathd_numbertheory_303__ace-dbeb3bc5-core-medium__gpt-5.6-luna__seed0,mathd_numbertheory_303,validation,prove_theorem_ace,done,unknown_reference,5,0.031479599999999996,"cache tokens, current tariff; unrecorded retries unknown",False,False,audit/cells/69e29ab16066f394718dc84075b6c28c36e2bc9fb5d5485c42f16a968535ca2b.json
experiments/output/ace_online_x-online-s0_agentic/configs/amc12a_2020_p21__ace-f1d27acc-core-medium__gpt-5.6-luna__seed0,amc12a_2020_p21,validation,prove_theorem_ace,done,unproved_prerequisite,16,0.13911494,"cache tokens, current tariff; unrecorded retries unknown",False,False,audit/cells/69eef963c58db3613c5982d284229ff2bb329279cd7407b23dfaff07e2622e15.json
experiments/output/ace_sanitized_20260917/validation/configs/validation__agentic__proof__mathd_numbertheory_303__seed1,mathd_numbertheory_303,validation,prove_theorem_grounded,done,other_or_unobserved,8,0.03896106,dated billing receipts,False,False,audit/cells/69f2511f09dcb6591e65080cf354816903806ace264ec225120c6e4e6e6da1e8.json
experiments/output/ace_sanitized_20260917/validation/configs/validation__agentic__proof__algebra_others_exirrpowirrrat__seed0,algebra_others_exirrpowirrrat,validation,prove_theorem_grounded,done,other_or_unobserved,5,0.03952546,dated billing receipts,False,False,audit/cells/6a01c26f0276810865aef021d30af63eac46369a80d884c2ae1305dada59474a.json
experiments/output/ace_adaptation_x-offline-e3/configs/step90_curator_amc12a_2017_p7,amc12a_2017_p7,train,,failed,platform_failure,0,0.0,"cache tokens, current tariff; unrecorded retries unknown",False,False,audit/cells/6a37f55921c477716894f787abd1198c973a43fbb8bbd64863c0eb8c040bf9fe.json
experiments/output/ace_adaptation_x3-offline/configs/step34_generator_mathd_algebra_224,mathd_algebra_224,train,prove_theorem_ace,done,other_or_unobserved,15,0.0614992,"cache tokens, current tariff; unrecorded retries unknown",False,False,audit/cells/6a3dd469c8d406f9d401613f6d1633d4cebb4195c36be759cf0bf1c3e3116fd2.json
experiments/output/ace_x_validation_ace_digest_table_rv2_agentic/configs/aime_1991_p9__ace-ca62b40b-core-medium__gpt-5.6-luna__seed0,aime_1991_p9,validation,prove_theorem_ace,done,other_or_unobserved,22,0.05253822,"cache tokens, current tariff; unrecorded retries unknown",False,False,audit/cells/6a4358cc059e144e9d6126e769fd9bdcd4ced56e47a9a8229959a1ec49889dca.json
experiments/output/ace_x_validation_ace_x3_mono_rv3_agentic/configs/mathd_numbertheory_37__ace-0e162d51-core-medium__gpt-5.6-luna__seed0,mathd_numbertheory_37,validation,prove_theorem_ace,done,other_or_unobserved,24,0.10215458,"cache tokens, current tariff; unrecorded retries unknown",False,False,audit/cells/6a6dad0459015f4223a917555ae8eb1650662009eb3ef61bcfc3c96638a17c58.json
experiments/output/coverage_cycle_20260911/validation/D2/configs/mathd_algebra_393__validation-D2__gpt-5.6-luna__seed0,mathd_algebra_393,validation,prove_theorem_grounded,done,other_or_unobserved,16,0.03664038,dated billing receipts,False,False,audit/cells/6a762d7355466369f706bbecc61ff621cb24ec0c9abd8fe1dbd894d39b3fcca5.json
experiments/output/ace_x_validation_ace_x3_offline_e3_rv3_agentic/configs/mathd_numbertheory_405__ace-d0d7ce24-core-medium__gpt-5.6-luna__seed0,mathd_numbertheory_405,validation,prove_theorem_ace,done,incomplete_proof,30,0.07214066000000001,"cache tokens, current tariff; unrecorded retries unknown",False,False,audit/cells/6a7a097ab462b0340a10d43acc1e032dd39b4b50c0bd25dee5824a52be5b279d.json
experiments/output/ace_learning_20260914/validation/configs/validation__B__proof__aime_1984_p7__seed1,aime_1984_p7,validation,prove_theorem_grounded,done,other_or_unobserved,4,0.03183038,dated billing receipts,False,False,audit/cells/6a8ea8e0c3cb6e378744d294cab6604e32a458e74f1bd098c349dc68aacc8603.json
experiments/output/ace_capacity_20260912/mechanisms/configs/mathd_numbertheory_629__E-level0__gpt-5.6-terra__seed0,mathd_numbertheory_629,train,prove_theorem_grounded,done,other_or_unobserved,3,0.3536928,"cache tokens, current tariff; unrecorded retries unknown",False,False,audit/cells/6a93240908232877a2e7ed8d918f529f34b1cdf954b924a18b70fdcfd82431da.json
experiments/output/ace_review_development/configs/mathd_numbertheory_43__repair1-r64__gpt-5.6-luna__seed1,mathd_numbertheory_43,validation,prove_theorem_ace,done,verifier_resource,40,0.12609107999999997,"cache tokens, current tariff; unrecorded retries unknown",False,False,audit/cells/6af2010565c239ceb56f2a650e2ea695d84b05c05150f925bf2340ab4eb62ef0.json
experiments/output/ace_economy_20260916/validation/configs/validation__ace__mathd_numbertheory_37__seed0,mathd_numbertheory_37,validation,prove_theorem_grounded,done,arithmetic_or_search,11,0.018379239999999998,dated billing receipts,False,False,audit/cells/6b1199863c563573919ceae42493a2bb45d4e422040203f7e3a32f7a845a19c8.json
experiments/output/ace_roles_20260913/training/configs/training__candidate__proof__aime_1988_p3__seed0,aime_1988_p3,train,prove_theorem_grounded,done,other_or_unobserved,9,0.040462939999999996,dated billing receipts,False,False,audit/cells/6b18e063ba8007900a118599ce5c8bf93859fbfb6791c69803bc2f90fb6fc8ee.json
experiments/output/ace_adaptation_x-noreflect/configs/step34_generator_mathd_algebra_224,mathd_algebra_224,train,prove_theorem_ace,done,unproved_prerequisite,21,0.08115369999999998,"cache tokens, current tariff; unrecorded retries unknown",False,False,audit/cells/6b19d08a2d0dd69d2bd38f2848738c08c82bca7e0ee1ae1b16994f7852a53a7a.json
experiments/output/ace_contenders_20260910/configs/mathd_algebra_224__training-reflector-xhigh__gpt-5.6-luna__seed0,mathd_algebra_224,train,prove_theorem_grounded,done,no_verifier_evidence,0,0.024499959999999998,dated billing receipts,False,False,audit/cells/6b206f5db7cd9301878c4c446e676f552c81a51389039cb3fdbb248ce7953f51.json
experiments/output/ace_online_x-online-warm-s0_agentic/configs/algebra_others_exirrpowirrrat__ace-8f964074-core-medium__gpt-5.6-luna__seed0,algebra_others_exirrpowirrrat,validation,prove_theorem_ace,done,syntax,12,0.04617616000000001,"cache tokens, current tariff; unrecorded retries unknown",False,False,audit/cells/6b2636665ad90a41ba2e947b51cf1f20c50b7bf6b604b4e5c88c32bcafe25420.json
experiments/output/ace_revision_20260913/validation/configs/validation__control__proof__mathd_algebra_282__seed1,mathd_algebra_282,validation,prove_theorem_grounded,done,incomplete_proof,19,0.02925092,dated billing receipts,False,False,audit/cells/6b34be75574c1bfa20494c5196d32b5d34a66b3cdb6c128d85e723c62e5289b8.json
experiments/output/ace_x_validation_ace_x5_offline_rv2_agentic/configs/mathd_numbertheory_530__ace-fc7b45d4-core-medium__gpt-5.6-luna__seed1,mathd_numbertheory_530,validation,prove_theorem_ace,done,syntax,16,0.04704002,"cache tokens, current tariff; unrecorded retries unknown",False,False,audit/cells/6b5a2aa5661e4a61dfde6187a2addc3b2d4132100985d743b8deaac6eb182fe9.json
experiments/output/ace_adaptation_x-offline-e3/configs/step84_generator_mathd_algebra_224,mathd_algebra_224,train,prove_theorem_ace,done,unknown_reference,18,0.06689982000000001,"cache tokens, current tariff; unrecorded retries unknown",False,False,audit/cells/6ba801123e2cb5a429d4100e77b020769166ad41865277228f5a86cd7e58f964.json
experiments/output/ace_economy_20260916/validation/configs/validation__budget__mathd_numbertheory_43__seed0,mathd_numbertheory_43,validation,prove_theorem_grounded,done,other_or_unobserved,15,0.07670508,dated billing receipts,False,False,audit/cells/6bb3263b76b6637e4be88ab45393a6a079caddec1883df98a8b0426c75a867c5.json
experiments/output/ace_attribution_20260912/training/terra/configs/mathd_algebra_224__terra-ace-medium__gpt-5.6-terra__seed0,mathd_algebra_224,train,prove_theorem_grounded,done,unknown_reference,10,0.3807368,dated billing receipts,False,False,audit/cells/6bd02fab9a724e8f5b2050ee939b5c756ef8626504f72d5489ac53f7ddd2ea7a.json
experiments/output/ace_mechanisms_20260910/validation/configs/mathd_numbertheory_37__validation-E__gpt-5.6-luna__seed0,mathd_numbertheory_37,validation,prove_theorem_grounded,done,other_or_unobserved,2,0.025359220000000002,dated billing receipts,False,False,audit/cells/6bd34455921c214d5838bb367d180617fa1dd595ab497f0d15442e80848637e4.json
experiments/output/ace_economy_refinement_20260916/final18/configs/validation__agentic_compact__mathd_numbertheory_303__seed1,mathd_numbertheory_303,validation,prove_theorem_grounded,done,other_or_unobserved,9,0.0456794,dated billing receipts,False,False,audit/cells/6bd3993ea5afe654e1df292adbe2fe8dcd3ed347b99ed09a7ddcbe6c5e693496.json
experiments/output/ace_adaptation_x-mono/configs/step15_curator_amc12a_2013_p7,amc12a_2013_p7,train,rewrite_playbook,done,no_verifier_evidence,0,0.010106279999999999,"cache tokens, current tariff; unrecorded retries unknown",False,False,audit/cells/6bd76b3e422987f58cb12cf34263954c331d83359ab75d4e6c6ff9dbd54573c0.json
experiments/output/ace_revision_20260913/training/configs/training__control__proof__amc12_2000_p1__seed0,amc12_2000_p1,train,prove_theorem_grounded,done,arithmetic_or_search,9,0.0364159,dated billing receipts,False,False,audit/cells/6bffa0b63a85572d63170b4eb69d6edf1dec893512f9090a2c41dcf06e025a75.json
experiments/output/ace_models_20260910/proof/configs/mathd_numbertheory_629__selection-xhigh-68338b80d7121921__gpt-5.6-luna__seed0,mathd_numbertheory_629,train,prove_theorem_grounded,done,no_verifier_evidence,0,0.02511284,dated billing receipts,False,False,audit/cells/6c033a79a058b9f466878e23ecd2fdeeb8161237059905eb52ea49bd998d3d2b.json
experiments/output/ace_economy_20260916/validation/configs/validation__views__induction_prod1p1onk3le3m1onn__seed1,induction_prod1p1onk3le3m1onn,validation,prove_theorem_grounded,done,other_or_unobserved,2,0.03185296,dated billing receipts,False,False,audit/cells/6c0f88c0f25367a28b69379fd7fa8306155c284867a33954600412d5db9100d6.json
experiments/output/ace_polish_validation/configs/mathd_numbertheory_530__candidate-r64__gpt-5.6-luna__seed1,mathd_numbertheory_530,validation,prove_theorem_grounded,done,other_or_unobserved,8,0.03849340000000001,"cache tokens, current tariff; unrecorded retries unknown",False,False,audit/cells/6c2d7af9c87721e6cbe9bed221809231980ce6fa4e2042784759d4f561b7bfa8.json
experiments/output/ace_models_20260910/proof/configs/mathd_algebra_185__prover-xhigh-392a7a2230818467__gpt-5.6-luna__seed0,mathd_algebra_185,train,prove_theorem_grounded,done,no_verifier_evidence,0,0.02571036,dated billing receipts,False,False,audit/cells/6c3636093eb9109a60fe110a5627a865b11f6827c3c772f2299e7515b1ba1e6e.json
experiments/output/ace_snippets_20260913/validation/configs/snippets-v1__mathd_numbertheory_37__validation-A__seed0,mathd_numbertheory_37,validation,prove_theorem_grounded,done,other_or_unobserved,23,0.02392192,"cache tokens, current tariff; unrecorded retries unknown",False,False,audit/cells/6c646fcfdb39fcc9c72af407bb1df191edb56c54f1b21c258db98498adcc58e7.json
experiments/output/ace_review_development/configs/aime_1991_p9__repair1-r64__gpt-5.6-luna__seed1,aime_1991_p9,validation,prove_theorem_ace,done,incomplete_proof,10,0.11954122,"cache tokens, current tariff; unrecorded retries unknown",False,False,audit/cells/6c6502c37f9a6f331870f5578dc8d433498feed37a0401ba9ffa4b0e6aca0c1c.json
experiments/output/ace_mechanisms_20260910/validation/configs/imo_1984_p6__validation-E__gpt-5.6-luna__seed1,imo_1984_p6,validation,prove_theorem_grounded,done,other_or_unobserved,2,0.02776706,dated billing receipts,False,False,audit/cells/6c96c57172330da38bf1c0fe6fd0e8bf178332579f173524f3d5f3a6a231db17.json
experiments/output/ace_economy_20260916/validation/configs/validation__views__algebra_others_exirrpowirrrat__seed0,algebra_others_exirrpowirrrat,validation,prove_theorem_grounded,done,other_or_unobserved,6,0.03767222,dated billing receipts,False,False,audit/cells/6ca0a26e290d3401c14160efa0a29d03606f9ba4a3634ddee0f313a19c90a8e3.json
experiments/output/ace_x_validation_ace_x5_offline_rv3_agentic/configs/mathd_numbertheory_530__ace-fc7b45d4-core-medium__gpt-5.6-luna__seed1,mathd_numbertheory_530,validation,prove_theorem_ace,done,unproved_prerequisite,8,0.029947380000000003,"cache tokens, current tariff; unrecorded retries unknown",False,False,audit/cells/6cbe4123e218454f879b528aeee147d1fdf7f268f926eab0ad6ec8154feb6e57.json
experiments/output/ace_review_calibration/configs/amc12b_2002_p11__baseline-r32__gpt-5.6-luna__seed1,amc12b_2002_p11,train,prove_theorem_agentic,done,syntax,14,0.053461339999999996,"cache tokens, current tariff; unrecorded retries unknown",False,False,audit/cells/6cca9df73a7c1d2640c4635646976f9f296afb6cd123798cf2846b04918f0313.json
experiments/output/ace_revision_20260913/training/configs/training__control__proof__amc12a_2020_p13__seed0,amc12a_2020_p13,train,prove_theorem_grounded,done,other_or_unobserved,6,0.03469154,dated billing receipts,False,False,audit/cells/6cccd22d78829f3bcf0deab3bdc9c4ed90c3574f061b1d606e680cbae5945740.json
experiments/output/ace_roles_20260913/training/configs/training__candidate__proof__imo_1977_p6__seed0,imo_1977_p6,train,prove_theorem_grounded,done,arithmetic_or_search,8,0.04058932,dated billing receipts,False,False,audit/cells/6cf86024eb74adc7972d9d0443e232b2a21cf00a97c6eb5986c385315da34e20.json
experiments/output/ace_adaptation_x3-offline-e3/configs/step77_generator_mathd_numbertheory_629,mathd_numbertheory_629,train,prove_theorem_ace,done,arithmetic_or_search,20,0.04892720000000001,"cache tokens, current tariff; unrecorded retries unknown",False,False,audit/cells/6cfbd4db1b7272c72a24368f82d5b1b7e1ed14538a77b594bd091d34a506a625.json
experiments/output/ace_sanitized_20260917/validation/configs/validation__agentic_coverage__proof__amc12a_2019_p21__seed0,amc12a_2019_p21,validation,prove_theorem_grounded,done,unknown_reference,11,0.059734239999999994,dated billing receipts,False,False,audit/cells/6d1a176c9d1fa58adbd801ccf428561d7985fc4cce2ce3dbeeb9be363ba5092a.json
experiments/output/coverage_cycle_20260911/training/E2/configs/imo_1977_p6__training-E2__gpt-5.6-luna__seed0,imo_1977_p6,train,prove_theorem_grounded,done,unproved_prerequisite,8,0.0381293,dated billing receipts,False,False,audit/cells/6d6806dd683321387a8783f2782c8ecb748d667e83072014a1f26c54d3df02a6.json
experiments/output/ace_x_validation_ace_digest_table_rv2_agentic/configs/mathd_algebra_282__ace-ca62b40b-core-medium__gpt-5.6-luna__seed1,mathd_algebra_282,validation,prove_theorem_ace,done,incomplete_proof,23,0.02354128,"cache tokens, current tariff; unrecorded retries unknown",False,False,audit/cells/6d95baa86f5998b83c42db8441b53194619199687d555153edb244183afb47c3.json
experiments/output/ace_adaptation_x3-offline-e3/configs/step21_generator_amc12a_2020_p13,amc12a_2020_p13,train,prove_theorem_ace,done,unproved_prerequisite,18,0.0681289,"cache tokens, current tariff; unrecorded retries unknown",False,False,audit/cells/6d95c5933f7890212f36ca4e9048f738e1da83f1f7d26960ec1b9e08a2cff46f.json
experiments/output/ace_economy_refinement_20260916/final03/configs/validation__agentic__imo_1984_p6__seed1,imo_1984_p6,validation,prove_theorem_grounded,done,other_or_unobserved,10,0.03204448,dated billing receipts,False,False,audit/cells/6da1073ef6f4e971b395b46b4c998faa59d1c9841ebc82f83c99af7c16149fd2.json
experiments/output/ace_models_20260910/proof/configs/imo_1977_p6__prover-xhigh-3e6016d332df5347__gpt-5.6-luna__seed0,imo_1977_p6,train,prove_theorem_grounded,done,other_or_unobserved,1,0.03724996,dated billing receipts,False,False,audit/cells/6de4ad0869b2426ceb04e5c4451b541680326c1e8e926d755d20eb57c146a668.json
experiments/output/ace_economy_refinement_20260916/final00/configs/validation__ace__mathd_algebra_282__seed0,mathd_algebra_282,validation,prove_theorem_grounded,done,incomplete_proof,16,0.02762374,dated billing receipts,False,False,audit/cells/6df6ce4d7a7c950b365f8abc39f18e5cfc1ebd67590d8f209b0c24d3f19a786b.json
experiments/output/ace_online_x-online-s0_agentic/configs/imo_1984_p6__ace-8f076832-core-medium__gpt-5.6-luna__seed0,imo_1984_p6,validation,prove_theorem_ace,done,arithmetic_or_search,21,0.03241406,"cache tokens, current tariff; unrecorded retries unknown",False,False,audit/cells/6e1cb132f34387ce0e4f176a6c1746b64a6049b091a7023e25c5cd429dd8aeee.json
experiments/output/ace_mechanisms_20260910/training/configs/induction_pord1p1on2powklt5on2__training-C__gpt-5.6-luna__seed0,induction_pord1p1on2powklt5on2,train,prove_theorem_grounded,done,other_or_unobserved,16,0.03436192,dated billing receipts,False,False,audit/cells/6e3391d78bb09c1f62939e7a0be0d03020410634e6938de9b86e961fe8f4baa3.json
experiments/output/ace_sanitized_20260917/pilots/configs/pilots__drop__proof__amc12_2000_p6__seed0,amc12_2000_p6,train,prove_theorem_grounded,done,arithmetic_or_search,13,0.04097628,dated billing receipts,False,False,audit/cells/6e51ba7b01d5113381f94e9580731b00e28567054fd1d4793c5d9cde5feff462.json
experiments/output/ace_capacity_20260912/cross/configs/imo_1969_p2__cross-level0__gpt-5.6-terra__seed0,imo_1969_p2,validation,prove_theorem_grounded,done,other_or_unobserved,1,0.3453059999999999,"cache tokens, current tariff; unrecorded retries unknown",False,False,audit/cells/6e86588dc4822a862ecfe630142013e28e5f623cad74e9d0a5919e3dc9b2667f.json
experiments/output/ace_polish_pilots/configs/induction_pord1p1on2powklt5on2__resource_recovery-on-r64__gpt-5.6-luna__seed0,induction_pord1p1on2powklt5on2,train,prove_theorem_grounded,done,unproved_prerequisite,11,0.03761258,"cache tokens, current tariff; unrecorded retries unknown",False,False,audit/cells/6e8c8e00bed3f5c4f4d973d508b8f3cbc0915ee755d549a56a18aec5e6d95d05.json
experiments/output/ace_mechanisms_20260910/training/configs/amc12_2000_p1__training-S__gpt-5.6-luna__seed0,amc12_2000_p1,train,prove_theorem_grounded,done,unknown_reference,6,0.01859856,dated billing receipts,False,False,audit/cells/6eafa6979295b025600415f823386dea23a63c0e70fa131d1baa86e871e9e99e.json
experiments/output/ace_x_validation_ace_x3_mono_rv3_agentic/configs/amc12a_2020_p21__ace-0e162d51-core-medium__gpt-5.6-luna__seed1,amc12a_2020_p21,validation,prove_theorem_ace,done,other_or_unobserved,17,0.11090022,"cache tokens, current tariff; unrecorded retries unknown",False,False,audit/cells/6eb8fe65fdf80c5008d16847d90bd60bc652526de75d4f3a1fead733fbe5072e.json
experiments/output/ace_adaptation_x3-offline-e3/configs/step44_generator_imo_1967_p3,imo_1967_p3,train,prove_theorem_ace,done,other_or_unobserved,19,0.0467337,"cache tokens, current tariff; unrecorded retries unknown",False,False,audit/cells/6ec229e67a1d945193005268e99134f3c35d3887cf9fab5353f3c3394aee54d4.json
experiments/output/ace_x_validation_ace_x3_offline_rv3_agentic/configs/mathd_numbertheory_530__ace-1e4aec7d-core-medium__gpt-5.6-luna__seed0,mathd_numbertheory_530,validation,prove_theorem_ace,done,unknown_reference,9,0.02878076,"cache tokens, current tariff; unrecorded retries unknown",False,False,audit/cells/6ec63a8b747c09a27f3694fbe99842ca6455f2cf1a4fa3b7d1795c67be7f5eea.json
experiments/output/ace_sanitized_20260917/validation/configs/validation__agentic__proof__amc12a_2020_p21__seed0,amc12a_2020_p21,validation,prove_theorem_grounded,done,other_or_unobserved,9,0.03965978,dated billing receipts,False,False,audit/cells/6ed5bd1f747ab32c22e94562a194bc8c919292d14168fb16af45020e45113a04.json
experiments/output/ace_polish_training/configs/induction_pord1p1on2powklt5on2__candidate-r64__gpt-5.6-luna__seed0,induction_pord1p1on2powklt5on2,train,prove_theorem_grounded,done,syntax,10,0.039183319999999994,"cache tokens, current tariff; unrecorded retries unknown",False,False,audit/cells/6ee5e4f9ab5909c5dc091f0b3cb213c13b7a8c225ac31ecc971c1dc1d1587c26.json
experiments/output/ace_x_validation_agentic/configs/mathd_numbertheory_405__ace-1ac8a092-core-medium__gpt-5.6-luna__seed0,mathd_numbertheory_405,validation,prove_theorem_ace,done,incomplete_proof,25,0.042696279999999996,"cache tokens, current tariff; unrecorded retries unknown",False,False,audit/cells/6efa8d7ebf79b63a3383fa0709dd562af4f27e1af8f4ccb6cbefa370f7777ca5.json
experiments/output/ace_x_validation_ace_x3_noreflect_rv3_agentic/configs/imo_1969_p2__ace-ce233fe0-core-medium__gpt-5.6-luna__seed0,imo_1969_p2,validation,prove_theorem_ace,done,incomplete_proof,23,0.05253685999999999,"cache tokens, current tariff; unrecorded retries unknown",False,False,audit/cells/6f1d80503f182cc8c297471071cdf305b24dd8a7a423b736171b8547f1d39b1e.json
experiments/output/ace_sanitized_20260917/validation/configs/validation__ace_coverage__proof__imo_1984_p6__seed1,imo_1984_p6,validation,prove_theorem_grounded,done,other_or_unobserved,8,0.02503348,dated billing receipts,False,False,audit/cells/6f20824d8a2ab167a5c6876232cf04500f2294c03cc5dcd1fb03b4de810f9af1.json
experiments/output/ace_attribution_20260912/validation/luna-none/configs/amc12a_2019_p21__luna-none-medium__gpt-5.6-luna__seed0,amc12a_2019_p21,validation,prove_theorem_grounded,done,other_or_unobserved,12,0.03950654,dated billing receipts,False,False,audit/cells/6f3041e57b092585675e38f8a97a0dfaa7887d2b159264e4f28d0d8843636cc1.json
experiments/output/ace_adaptation_x3-mono/configs/step10_curator_aime_1990_p4,aime_1990_p4,train,rewrite_playbook,done,no_verifier_evidence,0,0.00985116,"cache tokens, current tariff; unrecorded retries unknown",False,False,audit/cells/6f5073e8cb5186f74dbe51616784fd9275c38f70206543c8b0751fc9f5dcd939.json
experiments/output/ace_economy_20260916/validation/configs/validation__agentic__algebra_others_exirrpowirrrat__seed1,algebra_others_exirrpowirrrat,validation,prove_theorem_grounded,done,other_or_unobserved,4,0.03874688,dated billing receipts,False,False,audit/cells/6f525e29c8eed712c4d6e56f8011f98de205d887c063060b8369089a9eaeca50.json
experiments/output/ace_adaptation_x-offline-e3/configs/step105_curator_amc12b_2002_p11,amc12b_2002_p11,train,,failed,platform_failure,0,0.0,"cache tokens, current tariff; unrecorded retries unknown",False,False,audit/cells/6f971abf5a5a2d8ebd4f6a3c74a3bfceed16f086b191fbbe94efdd9a34e70edf.json
experiments/output/ace_economy_refinement_20260916/final00/configs/validation__ace_reset_compact__algebra_others_exirrpowirrrat__seed1,algebra_others_exirrpowirrrat,validation,prove_theorem_grounded,done,other_or_unobserved,6,0.041552979999999996,dated billing receipts,False,False,audit/cells/6fe080275a899f4f30e6a8e2a23e16e64d9332ef51ff29590104fb74577f6982.json
experiments/output/ace_economy_refinement_20260916/final09/configs/validation__ace_compact__amc12a_2020_p21__seed0,amc12a_2020_p21,validation,prove_theorem_grounded,done,other_or_unobserved,17,0.03565646,dated billing receipts,False,False,audit/cells/6fe16e2e07139047b85304d4a0b90a3c8ca46e65edef720aa5ac4a1c1e7bbac9.json
experiments/output/ace_attribution_20260912/validation/luna-none/configs/aime_1991_p9__luna-none-medium__gpt-5.6-luna__seed0,aime_1991_p9,validation,prove_theorem_grounded,done,arithmetic_or_search,17,0.04211476,dated billing receipts,False,False,audit/cells/6fe60ca06f1ccebe942108fc8963090cab15a439ebe2bdb25efefc62c020ba8f.json
experiments/output/ace_mechanisms_20260910/validation/configs/amc12a_2016_p3__validation-E__gpt-5.6-luna__seed1,amc12a_2016_p3,validation,prove_theorem_grounded,done,unproved_prerequisite,2,0.02947088,dated billing receipts,False,False,audit/cells/6ff96b76eaf3cb3746a8ae34d5f6eca767fbee99996ad6c49f50a7b38c9366af.json
experiments/output/ace_attribution_20260912/swaps/configs/amc12a_2008_p4__luna-terra-book-medium__gpt-5.6-luna__seed0,amc12a_2008_p4,validation,prove_theorem_grounded,done,incomplete_proof,23,0.02631586,dated billing receipts,False,False,audit/cells/703b844014cedf55e65342899815404202f24c1c6c86202c29476ed167b519e7.json
experiments/output/ace_snippets_20260913/writer_pilot/seed0/configs/writer-drafts-v1__mathd_algebra_28__curator-draft__seed0,mathd_algebra_28,train,write_rocq_drafts,done,incomplete_proof,2,0.00547314,"cache tokens, current tariff; unrecorded retries unknown",False,False,audit/cells/7070b10868e02455e84e42275805adc13eed6a5e3af38d0ef1876ddf6c2a2a59.json
experiments/output/ace_attribution_20260912/training/luna-none/configs/aime_1988_p3__luna-none-medium__gpt-5.6-luna__seed0,aime_1988_p3,train,prove_theorem_grounded,done,other_or_unobserved,10,0.038920199999999995,dated billing receipts,False,False,audit/cells/70795f5401cc138e6ff8e143c7c324ba540e9ddec0440c448df6b6efac385476.json
experiments/output/ace_x_validation_ace_x5_offline_rv3_agentic/configs/imo_1984_p6__ace-fc7b45d4-core-medium__gpt-5.6-luna__seed1,imo_1984_p6,validation,prove_theorem_ace,done,arithmetic_or_search,17,0.03110372,"cache tokens, current tariff; unrecorded retries unknown",False,False,audit/cells/70812fb3bb4ae8a2413aff45d8c7274ff7f491f221945d840fd98ab9219df063.json
experiments/output/ace_x_validation_ace_x3_mono_rv3_agentic/configs/mathd_numbertheory_530__ace-0e162d51-core-medium__gpt-5.6-luna__seed0,mathd_numbertheory_530,validation,prove_theorem_ace,done,other_or_unobserved,12,0.04235852,"cache tokens, current tariff; unrecorded retries unknown",False,False,audit/cells/7082b9b19299707d5dbde902e74ae0d495602fd77b152588b16c16f0f1fa42ac.json
experiments/output/ace_polish_validation/configs/aime_1991_p6__candidate-r64__gpt-5.6-luna__seed1,aime_1991_p6,validation,prove_theorem_grounded,done,arithmetic_or_search,3,0.048810259999999994,"cache tokens, current tariff; unrecorded retries unknown",False,False,audit/cells/709355102f72a428638534901f26ce50338904948f29bec756d0a13f276c6194.json
experiments/output/ace_review_development/configs/algebra_others_exirrpowirrrat__repair1-r64__gpt-5.6-luna__seed1,algebra_others_exirrpowirrrat,validation,prove_theorem_ace,done,incomplete_proof,50,0.07623300000000001,"cache tokens, current tariff; unrecorded retries unknown",False,False,audit/cells/7098e61c65b92284cc9642a7efd347f038bdb3a2ee9182838fecde0f5dbac59f.json
experiments/output/ace_sanitized_20260917/validation/configs/validation__ace_coverage__proof__amc12a_2019_p21__seed0,amc12a_2019_p21,validation,prove_theorem_grounded,done,other_or_unobserved,9,0.06444596,dated billing receipts,False,False,audit/cells/70b4396a800d92c980f3fb4494ac6538138fba6483d0a7f45b5d20fd818849b2.json
experiments/output/ace_review_development/configs/mathd_algebra_282__repair0-r64__gpt-5.6-luna__seed1,mathd_algebra_282,validation,prove_theorem_ace,done,incomplete_proof,48,0.04496146,"cache tokens, current tariff; unrecorded retries unknown",False,False,audit/cells/70d7c82da59ebc1df2411c4368b92a2abf74001476d5fe7d96f6a782237f3fea.json
experiments/output/ace_sanitized_20260917/pilots/configs/pilots__concise__proof__mathd_algebra_224__seed0,mathd_algebra_224,train,prove_theorem_grounded,done,other_or_unobserved,9,0.04085576,dated billing receipts,False,False,audit/cells/70e022801f6c991f933759eecd1aa6abb18db710991ff02440206c9b603c2a03.json
experiments/output/ace_review_development/configs/amc12_2001_p21__baseline-r64__gpt-5.6-luna__seed0,amc12_2001_p21,validation,prove_theorem_agentic,done,verifier_resource,48,0.09386820000000001,"cache tokens, current tariff; unrecorded retries unknown",False,False,audit/cells/70e3359ddce082502b675be10bac4a6c42579750b55c16b97ef3b3e10b41a489.json
experiments/output/coverage_cycle_20260911/training/E2/configs/amc12a_2002_p13__training-E2__gpt-5.6-luna__seed0,amc12a_2002_p13,train,prove_theorem_grounded,done,unproved_prerequisite,10,0.040869459999999996,dated billing receipts,False,False,audit/cells/713c3fcfdf2a535a1780a90bffd1e90f66c6b567cd013b8a15a50ea86662ac33.json
experiments/output/ace_economy_budget_20260916/validation/configs/validation__agentic__mathd_numbertheory_43__seed1,mathd_numbertheory_43,validation,prove_theorem_grounded,done,other_or_unobserved,12,0.0240906,dated billing receipts,False,False,audit/cells/71455b4b888038b6b24f91b1ba7c1d18a2e9a26cfb47b26e7d7483d9a13353ae.json
experiments/output/ace_x_validation_ace_x3_noreflect_agentic/configs/aime_1991_p6__ace-1ac8a092-core-medium__gpt-5.6-luna__seed0,aime_1991_p6,validation,prove_theorem_ace,done,incomplete_proof,19,0.040848039999999995,"cache tokens, current tariff; unrecorded retries unknown",False,False,audit/cells/715cd8fcdc652b8992b8ff6f4797d875b33015f63fb1d497fca718035e65837d.json
experiments/output/ace_economy_refinement_20260916/final18/configs/validation__ace__mathd_numbertheory_303__seed0,mathd_numbertheory_303,validation,prove_theorem_grounded,done,other_or_unobserved,5,0.03799796,dated billing receipts,False,False,audit/cells/7176e402126aa0aeba8f9c88949f73978850e1729d5356101f5b1838da765888.json
experiments/output/ace_revision_20260913/validation/configs/validation__candidate__proof__mathd_numbertheory_303__seed1,mathd_numbertheory_303,validation,prove_theorem_grounded,done,unknown_reference,5,0.03678682,dated billing receipts,False,False,audit/cells/7183c09f6992f9ad508c16fbdb5dd1e751e6dc37e38a3dd95c7c2bbf2a091358.json
experiments/output/ace_review_development/configs/mathd_numbertheory_303__repair0-r64__gpt-5.6-luna__seed1,mathd_numbertheory_303,validation,prove_theorem_ace,done,incomplete_proof,19,0.12476409999999998,"cache tokens, current tariff; unrecorded retries unknown",False,False,audit/cells/719089abf450d5e18fafc200f342aee0c26c11dc75418c93423740f05e14c703.json
experiments/output/ace_mechanisms_20260910/training/configs/imo_1983_p6__training-S__gpt-5.6-luna__seed0,imo_1983_p6,train,prove_theorem_grounded,done,syntax,3,0.0147367,dated billing receipts,False,False,audit/cells/71926651705d1e8df7813025b4d9704ea661ad88ef7a715aae21f9261daed634.json
experiments/output/ace_polish_training/configs/mathd_algebra_185__candidate-r64__gpt-5.6-luna__seed0,mathd_algebra_185,train,prove_theorem_grounded,done,other_or_unobserved,10,0.04118232,"cache tokens, current tariff; unrecorded retries unknown",False,False,audit/cells/72037a5140965bc89c8879aca2876d22ece4637d8cfcdf07ee0187dea0347f12.json
experiments/output/ace_x_validation_ace_x3_offline_e3_rv3_agentic/configs/imo_1984_p6__ace-d0d7ce24-core-medium__gpt-5.6-luna__seed0,imo_1984_p6,validation,prove_theorem_ace,done,incomplete_proof,23,0.030849480000000006,"cache tokens, current tariff; unrecorded retries unknown",False,False,audit/cells/7230ea12190d4e47d26e0e8da0173b411b4939eba92bf156b430b23b4782cb69.json
experiments/output/ace_polish_validation/configs/mathd_numbertheory_530__reference-r64__gpt-5.6-luna__seed0,mathd_numbertheory_530,validation,prove_theorem_grounded,done,unknown_reference,6,0.03573844,"cache tokens, current tariff; unrecorded retries unknown",False,False,audit/cells/72340a44f82d110af594f29127dfc41c588df937285f8e4ec8e4fb3a2000058a.json
experiments/output/ace_x_validation_ace_x3_noreflect_agentic/configs/mathd_algebra_282__ace-1ac8a092-core-medium__gpt-5.6-luna__seed0,mathd_algebra_282,validation,prove_theorem_ace,done,incomplete_proof,19,0.02294522,"cache tokens, current tariff; unrecorded retries unknown",False,False,audit/cells/724a70dcd19f4a1034bf26167dd37a54115e39d74f66d402e0477acbc385a2d7.json
experiments/output/ace_economy_budget_20260916/validation/configs/validation__agentic__amc12_2001_p21__seed0,amc12_2001_p21,validation,prove_theorem_grounded,done,other_or_unobserved,8,0.01654206,dated billing receipts,False,False,audit/cells/7259929907647208f8d558193d4045fcfe6c87ee66ac6297a87e18f207cf909c.json
experiments/output/ace_contenders_20260910/configs/induction_prod1p1onk3le3m1onn__validation-reflector-xhigh__gpt-5.6-luna__seed0,induction_prod1p1onk3le3m1onn,validation,prove_theorem_grounded,done,no_verifier_evidence,0,0.0268199,dated billing receipts,False,False,audit/cells/725b09a180e72da4e062bc8f2b48a645c12f48ab0bcebc9e752b637ca4f7012f.json
experiments/output/ace_adaptation_review-repair-s1/configs/step39_generator_imo_1967_p3,imo_1967_p3,train,prove_theorem_ace,done,arithmetic_or_search,23,0.029260500000000002,"cache tokens, current tariff; unrecorded retries unknown",False,False,audit/cells/72759034182af836a54097bd647c763c5e329cfeda8a90b5428c7bba4bc9bc38.json
experiments/output/ace_economy_20260916/validation/configs/validation__ace__mathd_numbertheory_530__seed0,mathd_numbertheory_530,validation,prove_theorem_grounded,done,unknown_reference,8,0.0360834,dated billing receipts,False,False,audit/cells/72a7bc68ac2aa1e6113304c58aded6adaa0340a10e273a95a04ef791b01d3ef9.json
experiments/output/x_validation_stall_seenstate4_agentic/configs/imo_1984_p6__core-medium-stall-seenstate4__gpt-5.6-luna__seed0,imo_1984_p6,validation,prove_theorem_agentic_stall,done,incomplete_proof,9,0.016244980000000003,"cache tokens, current tariff; unrecorded retries unknown",False,False,audit/cells/72b7582a8bc498cf34375c3625d33aa7aeab6c6bd5b9d59f0b89ef40c119e5f2.json
experiments/output/ace_adaptation_x5-offline/configs/step14_generator_algebra_amgm_sum1toneqn_prod1tonleq1,algebra_amgm_sum1toneqn_prod1tonleq1,train,prove_theorem_ace,done,incomplete_proof,22,0.0239464,"cache tokens, current tariff; unrecorded retries unknown",False,False,audit/cells/73047a40e91240382cc80f6ab4dbf57c503df90bb9870743995928eecad8b931.json
experiments/output/x_train_agentic/configs/mathd_algebra_185__core-medium__gpt-5.6-luna__seed0,mathd_algebra_185,train,prove_theorem_agentic,done,arithmetic_or_search,18,0.06427859999999999,"cache tokens, current tariff; unrecorded retries unknown",False,False,audit/cells/73233fa8f846523e5a5a916cd9409e31ad3a797cd3e32813477177f885e495ab.json
experiments/output/ace_sanitized_20260917/validation/configs/validation__ace_coverage__proof__mathd_numbertheory_37__seed1,mathd_numbertheory_37,validation,prove_theorem_grounded,done,incomplete_proof,16,0.028823579999999998,dated billing receipts,False,False,audit/cells/73248280e625804b99a1c944c9f9c203f8ff708862953962665add25706e975b.json
experiments/output/ace_x_validation_ace_x3_offline_rv3_agentic/configs/imo_1984_p6__ace-1e4aec7d-core-medium__gpt-5.6-luna__seed0,imo_1984_p6,validation,prove_theorem_ace,done,verifier_resource,16,0.028397739999999998,"cache tokens, current tariff; unrecorded retries unknown",False,False,audit/cells/734dd1ad6d7330a23386999488bfe1669e36c3c89175c76fc3954e4d9aa2731e.json
experiments/output/ace_online_x-online-s1_agentic/configs/amc12a_2019_p21__ace-c462e436-core-medium__gpt-5.6-luna__seed1,amc12a_2019_p21,validation,prove_theorem_ace,done,syntax,10,0.037936519999999994,"cache tokens, current tariff; unrecorded retries unknown",False,False,audit/cells/7380f097e781f6ff5e5ec0578b38bba9741a6b9d62a5bbc86e253193095894f9.json
experiments/output/ace_economy_20260916/validation/configs/validation__session__mathd_numbertheory_530__seed1,mathd_numbertheory_530,validation,prove_theorem_grounded,done,syntax,7,0.03940922,dated billing receipts,False,False,audit/cells/7385df5bd279783ec852e9128176e08e4b99849829b20d8aadfa86b706d71fcf.json
experiments/output/ace_sanitized_20260917/validation/configs/validation__agentic_coverage__proof__mathd_numbertheory_43__seed1,mathd_numbertheory_43,validation,prove_theorem_grounded,done,other_or_unobserved,6,0.02089934,dated billing receipts,False,False,audit/cells/73b6c86a60fcfe3fe0b0f5c9e36a8da668d0977e75c433c5a860b7ee4092727a.json
experiments/output/ace_economy_refinement_20260916/final13/configs/validation__agentic__aime_1991_p6__seed0,aime_1991_p6,validation,prove_theorem_grounded,done,unproved_prerequisite,3,0.03019422,dated billing receipts,False,False,audit/cells/73b83d2a48655ae2406ea4ecd4e6ffa77db7d44ebf8f97cf52c1dc9f03e33052.json
experiments/output/ace_x_validation_ace_x3_offline_agentic/configs/mathd_numbertheory_43__ace-1ac8a092-core-medium__gpt-5.6-luna__seed0,mathd_numbertheory_43,validation,,failed,platform_failure,0,0.0032839,"cache tokens, current tariff; unrecorded retries unknown",False,False,audit/cells/73d873b544cc6063f81f984d361f4c549e5b7fa40d9d0e3e531d4bbbb3e217f5.json
experiments/output/ace_capacity_20260912/mechanisms/configs/amc12a_2020_p13__B-level0__gpt-5.6-luna__seed0,amc12a_2020_p13,train,prove_theorem_grounded,done,syntax,7,0.03892346,"cache tokens, current tariff; unrecorded retries unknown",False,False,audit/cells/73e3cf2ce63c3899004c91bb8ec92e6c7c51425547a505db335e60741d101f35.json
experiments/output/ace_x_validation_agentic/configs/mathd_numbertheory_405__ace-1ac8a092-k10-core-medium__gpt-5.6-luna__seed0,mathd_numbertheory_405,validation,prove_theorem_ace,done,incomplete_proof,30,0.05406006,"cache tokens, current tariff; unrecorded retries unknown",False,False,audit/cells/73ee7c6a51e8b6993ba052a1028022668a6778747f9926829e474e5985966631.json
experiments/output/ace_economy_budget_20260916/validation/configs/validation__agentic__mathd_numbertheory_530__seed1,mathd_numbertheory_530,validation,prove_theorem_grounded,done,syntax,20,0.12323261999999999,dated billing receipts,False,False,audit/cells/742e14fd0ff4af8a45c7d047cc155f2872c7ca4e9b686e8198b6b8a735438652.json
experiments/output/ace_mechanisms_20260910/training/configs/aime_1990_p4__training-R__gpt-5.6-luna__seed0,aime_1990_p4,train,prove_theorem_grounded,done,other_or_unobserved,2,0.00339882,dated billing receipts,False,False,audit/cells/74366d5451d642b4642cbfae37e5dd1a8c9781986110f0cab5824913ad10c731.json
experiments/output/ace_online_x-online-warm-s1_agentic/configs/mathd_algebra_282__ace-f3d1aecb-core-medium__gpt-5.6-luna__seed1,mathd_algebra_282,validation,prove_theorem_ace,done,incomplete_proof,12,0.024126320000000003,"cache tokens, current tariff; unrecorded retries unknown",False,False,audit/cells/74371ed1fdaf5c5086a1a1165b4ad3b1095cd28367c1f3630c546610546fa480.json
experiments/output/ace_sanitized_20260917/validation/configs/validation__agentic_coverage__proof__induction_prod1p1onk3le3m1onn__seed0,induction_prod1p1onk3le3m1onn,validation,prove_theorem_grounded,done,unproved_prerequisite,9,0.0669847,dated billing receipts,False,False,audit/cells/7472055a857f39c142ad8724dfd469b593cf813590394e344c5e83acd9f79fac.json
experiments/output/ace_economy_refinement_20260916/final05/configs/validation__ace_reset_compact__induction_prod1p1onk3le3m1onn__seed1,induction_prod1p1onk3le3m1onn,validation,prove_theorem_grounded,done,unproved_prerequisite,8,0.045009839999999995,dated billing receipts,False,False,audit/cells/747dcb89b7c9b6fab56f1b6e55567e0747b90f49eed1953fd15311c8783f154e.json
experiments/output/acet_x_validation_ace_x5_offline_k3_agentic/configs/mathd_numbertheory_37__acet-fc7b45d4-b1806cce-k3-core-medium__gpt-5.6-luna__seed1,mathd_numbertheory_37,validation,prove_theorem_ace_triggered,done,incomplete_proof,20,0.027661899999999996,"cache tokens, current tariff; unrecorded retries unknown",False,False,audit/cells/7483434a0163cd5c0e8be07ac1d999036acfdfd10f4313180a2328382bae9317.json
experiments/output/ace_x_validation_ace_x3_mono_rv3_agentic/configs/mathd_numbertheory_43__ace-0e162d51-core-medium__gpt-5.6-luna__seed0,mathd_numbertheory_43,validation,prove_theorem_ace,done,verifier_resource,17,0.026203219999999996,"cache tokens, current tariff; unrecorded retries unknown",False,False,audit/cells/7486c0ff05ffa3f89265af75e05ae1778dcbb494504c757b6d21ebcbfe293630.json
experiments/output/ace_capacity_20260912/mechanisms/configs/amc12b_2002_p11__D-level0__gpt-5.6-luna__seed0,amc12b_2002_p11,train,prove_theorem_grounded,done,other_or_unobserved,6,0.03851196,"cache tokens, current tariff; unrecorded retries unknown",False,False,audit/cells/74955f8052a6d1ed558686e9a49cbbe428ff4d830bfc3861e26962145e2c46ad.json
experiments/output/ace_contenders_20260910/configs/algebra_amgm_sum1toneqn_prod1tonleq1__training-reflector-xhigh__gpt-5.6-luna__seed0,algebra_amgm_sum1toneqn_prod1tonleq1,train,prove_theorem_grounded,done,no_verifier_evidence,0,0.02389218,dated billing receipts,False,False,audit/cells/74db3efe558e8a79643ed900078cbe687a780fab3aa74f7dda6c834a269ee3dc.json
experiments/output/ace_economy_20260916/validation/configs/validation__session__mathd_numbertheory_43__seed1,mathd_numbertheory_43,validation,prove_theorem_grounded,done,other_or_unobserved,6,0.02683706,dated billing receipts,False,False,audit/cells/74f3b4b6a6b1695bdc36fee2f9d63798fd5088a34fec3d3fbb9267b1ae245462.json
experiments/output/coverage_cycle_20260911/validation/S/configs/aime_1991_p6__validation-S__gpt-5.6-luna__seed0,aime_1991_p6,validation,prove_theorem_grounded,done,other_or_unobserved,5,0.03998188,dated billing receipts,False,False,audit/cells/74f57ea304b0734ae6171e9f5cf04bcedf039e4a8c589356eca0f28ef65afbcc.json
experiments/output/ace_models_20260910/proof/configs/imo_1977_p6__prover-xhigh-34e051ff5274f9eb__gpt-5.6-luna__seed0,imo_1977_p6,train,prove_theorem_grounded,done,no_verifier_evidence,0,0.02693044,dated billing receipts,False,False,audit/cells/750f65665344ab1fb2b7e4e63fc65a75884c2353b95aa1aef514a794b1844435.json
experiments/output/ace_online_x-online-s0_agentic/configs/mathd_numbertheory_405__ace-9653b154-core-medium__gpt-5.6-luna__seed0,mathd_numbertheory_405,validation,prove_theorem_ace,done,incomplete_proof,30,0.09088006,"cache tokens, current tariff; unrecorded retries unknown",False,False,audit/cells/7528c5eea503638849cd421195adb1b414a5e25a8189e3c13a9884f78e35c562.json
experiments/output/ace_sanitized_20260917/validation/configs/validation__ace_coverage__proof__mathd_numbertheory_43__seed1,mathd_numbertheory_43,validation,prove_theorem_grounded,done,other_or_unobserved,6,0.013276399999999999,dated billing receipts,False,False,audit/cells/752f8a217f9713c81e120b2a4484b9d90253e76a88aefa4f04ed886e23a28cdc.json
experiments/output/ace_x_validation_ace_x3_mono_rv3_agentic/configs/amc12a_2019_p21__ace-0e162d51-core-medium__gpt-5.6-luna__seed1,amc12a_2019_p21,validation,prove_theorem_ace,done,arithmetic_or_search,11,0.0354086,"cache tokens, current tariff; unrecorded retries unknown",False,False,audit/cells/754e6ba917841f144cc7b775e85ab4942f46a01ee764bb53255128c7213990dd.json
experiments/output/ace_capacity_20260912/cross/configs/imo_1969_p2__cross-level0__gpt-5.6-luna__seed0,imo_1969_p2,validation,prove_theorem_grounded,done,unknown_reference,7,0.0380244,"cache tokens, current tariff; unrecorded retries unknown",False,False,audit/cells/7551fd81bae5a060007c60baa12720c60c83704fe4f70b5e9d795b2faa3f2cf9.json
experiments/output/ace_capacity_20260912/cross/configs/imo_1984_p6__cross-level0__gpt-5.6-terra__seed0,imo_1984_p6,validation,prove_theorem_grounded,done,other_or_unobserved,4,0.3357090000000001,"cache tokens, current tariff; unrecorded retries unknown",False,False,audit/cells/75601b66c96aaf9ca383ae212f5a7b5b1c7407e98ced809e02c4d9a2f35f8b4c.json
experiments/output/coverage_cycle_20260911/validation/E2/configs/mathd_numbertheory_530__validation-E2__gpt-5.6-luna__seed0,mathd_numbertheory_530,validation,prove_theorem_grounded,done,other_or_unobserved,7,0.03971144,dated billing receipts,False,False,audit/cells/759007c66356617d9c8ea707da154b29f7c57d4caeef86c25e962e0037740539.json
experiments/output/x_train_agentic/configs/mathd_algebra_224__core-medium__gpt-5.6-luna__seed0,mathd_algebra_224,train,prove_theorem_agentic,done,unproved_prerequisite,19,0.058593659999999985,"cache tokens, current tariff; unrecorded retries unknown",False,False,audit/cells/75974d7f7a4b6c5cf20982a6030b7c42963230429d6edd46351f845b6481e011.json
experiments/output/ace_economy_refinement_20260916/final13/configs/validation__agentic_reset_compact__aime_1991_p6__seed0,aime_1991_p6,validation,prove_theorem_grounded,done,unknown_reference,6,0.04228288,dated billing receipts,False,False,audit/cells/759de0be2c35c494b3a5ee0fb315d3c072c6fd37c3e35fd391028a22380e038f.json
experiments/output/ace_x_validation_ace_x3_offline_rv2_agentic/configs/algebra_others_exirrpowirrrat__ace-1e4aec7d-core-medium__gpt-5.6-luna__seed1,algebra_others_exirrpowirrrat,validation,prove_theorem_ace,done,other_or_unobserved,16,0.03543906000000001,"cache tokens, current tariff; unrecorded retries unknown",False,False,audit/cells/75a0890a257257fe4e0aacba85aab88cf901f3068b5bf00375c4b5f173bcbb7b.json
experiments/output/ace_review_development/configs/induction_prod1p1onk3le3m1onn__baseline-r64__gpt-5.6-luna__seed0,induction_prod1p1onk3le3m1onn,validation,prove_theorem_agentic,done,arithmetic_or_search,18,0.10647915999999999,"cache tokens, current tariff; unrecorded retries unknown",False,False,audit/cells/75aafb5c41b0a72cd695ef2cdb85c4748cfecd8d4a80c02e59ccd250ab9cd112.json
experiments/output/ace_economy_refinement_20260916/final02/configs/validation__ace_reset_compact__amc12a_2019_p21__seed1,amc12a_2019_p21,validation,prove_theorem_grounded,done,syntax,9,0.04586352,dated billing receipts,False,False,audit/cells/75ada1515ccd7ec6a8e7852786cfc0843dd512f329ffffda93c3b1432cfdc47d.json
experiments/output/ace_adaptation_x3-offline-e3/configs/step100_generator_mathd_numbertheory_629,mathd_numbertheory_629,train,prove_theorem_ace,done,other_or_unobserved,12,0.041760040000000005,"cache tokens, current tariff; unrecorded retries unknown",False,False,audit/cells/75b4b47a1f8e8db644591a720413ec4192d7ef8440795ff1c9d45e9ce453c6c2.json
experiments/output/ace_economy_refinement_20260916/final03/configs/validation__agentic_compact__imo_1984_p6__seed1,imo_1984_p6,validation,prove_theorem_grounded,done,other_or_unobserved,3,0.013123019999999999,dated billing receipts,False,False,audit/cells/75ca7e79190a9af167c97411f4f58f36af8a9fdf15d4f8e9f2713301e1833608.json
experiments/output/ace_learning_20260914/training/configs/training__B__proof__aime_1984_p1__seed0,aime_1984_p1,train,prove_theorem_grounded,done,arithmetic_or_search,10,0.038779959999999995,dated billing receipts,False,False,audit/cells/75e4c9fe98979a8094a2785781fe33b2ffe61b88619338e223510c28f6c6de06.json
experiments/output/ace_capacity_20260912/mechanisms/configs/amc12a_2020_p13__D-level0__gpt-5.6-terra__seed0,amc12a_2020_p13,train,prove_theorem_grounded,done,other_or_unobserved,4,0.36304179999999997,"cache tokens, current tariff; unrecorded retries unknown",False,False,audit/cells/75ebc9d7bfa8ad5fb189b47a1e6ee7a94889929bf895bfb1b1650b6b416abeab.json
experiments/output/ace_x_validation_ace_x4_offline_rv3_agentic/configs/aime_1991_p6__ace-f1dd5c3a-core-medium__gpt-5.6-luna__seed0,aime_1991_p6,validation,prove_theorem_ace,done,unproved_prerequisite,19,0.05077237999999999,"cache tokens, current tariff; unrecorded retries unknown",False,False,audit/cells/75efddab03568b691baaa13e2257ef091792db0fed8ddb83f52635f284eda0d1.json
experiments/output/ace_revision_20260913/training/configs/training__control__proof__amc12a_2016_p2__seed0,amc12a_2016_p2,train,prove_theorem_grounded,done,other_or_unobserved,9,0.029618139999999998,dated billing receipts,False,False,audit/cells/761c7befd11939e8d51f7427d10e8c791d8699f7fd30155e42aa9a84098ab506.json
experiments/output/ace_bounded_pilot/configs/mathd_algebra_224__money-on-r64__gpt-5.6-luna__seed0,mathd_algebra_224,train,prove_theorem_grounded,done,syntax,9,0.041220259999999995,"cache tokens, current tariff; unrecorded retries unknown",False,False,audit/cells/7625b1e2dd1d3668fe344f89432b115fca5a7981168338c7a61d4e01ed3b2d4d.json
experiments/output/ace_sanitized_20260917/validation/configs/validation__ace_selected__proof__amc12a_2020_p21__seed1,amc12a_2020_p21,validation,prove_theorem_grounded,done,incomplete_proof,12,0.03143366,dated billing receipts,False,False,audit/cells/763a21c123cb417e9087b07844db58b8a7c03d3dbf43d1ef30c37d0c8f76aa5b.json
experiments/output/ace_revision_20260913/validation/configs/validation__candidate__proof__mathd_algebra_282__seed0,mathd_algebra_282,validation,prove_theorem_grounded,done,incomplete_proof,19,0.03117184,dated billing receipts,False,False,audit/cells/768b56534677e4d3f10e452272eadea40a9f6183c90da36a665f49aeb3b2c698.json
experiments/output/ace_sanitized_20260917/validation/configs/validation__ace_selected__proof__amc12_2000_p12__seed1,amc12_2000_p12,validation,prove_theorem_grounded,done,other_or_unobserved,12,0.02363804,dated billing receipts,False,False,audit/cells/76957f133729c5d80f2d528ab544574648476585330943bffc9b2566e20fc916.json
experiments/output/ace_x_validation_ace_x3_offline_e3_rv3_agentic/configs/mathd_numbertheory_43__ace-d0d7ce24-core-medium__gpt-5.6-luna__seed1,mathd_numbertheory_43,validation,prove_theorem_ace,done,other_or_unobserved,22,0.0281931,"cache tokens, current tariff; unrecorded retries unknown",False,False,audit/cells/769a251529601eb37e8625daa470a2814e2bd0e064c842c12470b0d88aff18e2.json
experiments/output/ace_economy_refinement_20260916/final05/configs/validation__agentic_reset_compact__mathd_numbertheory_43__seed0,mathd_numbertheory_43,validation,prove_theorem_grounded,done,unknown_reference,6,0.027710279999999997,dated billing receipts,False,False,audit/cells/76aa9c62d8365d89f46fc52342111bef566d52708c830053e4867d97ece24b5a.json
experiments/output/ace_control_cycle_training/configs/mathd_algebra_224__trained-r64__gpt-5.6-luna__seed0,mathd_algebra_224,train,prove_theorem_grounded,done,unproved_prerequisite,15,0.07148262000000001,"cache tokens, current tariff; unrecorded retries unknown",False,False,audit/cells/76f22361ae0b92852126c2d43a77e29d16983532ffedc10b315260356dbd1926.json
experiments/output/ace_x_validation_ace_x3_noreflect_rv3_agentic/configs/amc12_2001_p21__ace-ce233fe0-core-medium__gpt-5.6-luna__seed1,amc12_2001_p21,validation,prove_theorem_ace,done,unknown_reference,25,0.05285538,"cache tokens, current tariff; unrecorded retries unknown",False,False,audit/cells/76f9bcb84f6c450f41dac476b25d1a238944ceb639687bd8699c83b9006a77f2.json
experiments/output/ace_mechanisms_20260910/training/configs/imo_1967_p3__training-R__gpt-5.6-luna__seed0,imo_1967_p3,train,prove_theorem_grounded,done,arithmetic_or_search,2,0.049197779999999997,dated billing receipts,False,False,audit/cells/76ff26b71ce6b624cc32919f82921107ae4418d3f3dad63fb8356ec4c50461d4.json
experiments/output/ace_adaptation_x3-strong/configs/step39_generator_imo_1967_p3,imo_1967_p3,train,prove_theorem_ace,done,incomplete_proof,22,0.0254374,"cache tokens, current tariff; unrecorded retries unknown",False,False,audit/cells/7710ca74b3eade4a19faf165fbe73385ae98a0cb3724d6a1430c5964c040b964.json
experiments/output/ace_models_20260910/proof/configs/amc12b_2002_p11__prover-xhigh-392a7a2230818467__gpt-5.6-luna__seed0,amc12b_2002_p11,train,prove_theorem_grounded,done,other_or_unobserved,1,0.03481196,dated billing receipts,False,False,audit/cells/7712737404e64bcd3dbe84b9956205831d96cda494cf1df1b0c42f3a4ce0ae30.json
experiments/output/ace_sanitized_20260917/validation/configs/validation__ace_selected__proof__mathd_algebra_282__seed1,mathd_algebra_282,validation,prove_theorem_grounded,done,incomplete_proof,15,0.03089786,dated billing receipts,False,False,audit/cells/7716618301e0d6034b9b104ba0e3751057ba3f48ae951c4307c0ad7f2b132892.json
experiments/output/ace_x_validation_ace_x3_offline_rv3_agentic/configs/imo_1969_p2__ace-1e4aec7d-core-medium__gpt-5.6-luna__seed0,imo_1969_p2,validation,prove_theorem_ace,done,incomplete_proof,22,0.04477149999999999,"cache tokens, current tariff; unrecorded retries unknown",False,False,audit/cells/77369df2a44cf86528b8170dec3929c09b9bc01f81dfbbe91a5dda7ff4c16c3f.json
experiments/output/ace_x_validation_ace_x5_offline_rv2_agentic/configs/amc12a_2019_p21__ace-fc7b45d4-core-medium__gpt-5.6-luna__seed0,amc12a_2019_p21,validation,prove_theorem_ace,done,other_or_unobserved,20,0.04265984,"cache tokens, current tariff; unrecorded retries unknown",False,False,audit/cells/7762be764ff0a43689afbf21119f161cfc88963ba9a1c5f01076df2a4df03b91.json
experiments/output/ace_economy_refinement_20260916/final04/configs/validation__ace_reset__mathd_numbertheory_37__seed0,mathd_numbertheory_37,validation,prove_theorem_grounded,done,other_or_unobserved,12,0.023815219999999998,dated billing receipts,False,False,audit/cells/7785bfff1729241e9b6a8ecb0032fdc376cd57696d935cf40782a9e91da791ba.json
experiments/output/x_validation_stall_seenstate4_agentic/configs/amc12_2001_p21__core-medium-stall-seenstate4__gpt-5.6-luna__seed0,amc12_2001_p21,validation,prove_theorem_agentic_stall,done,syntax,10,0.01905724,"cache tokens, current tariff; unrecorded retries unknown",False,False,audit/cells/77a751bd4058afa78d597908410a8366cd25267f99fff945144ded78e1526f4e.json
experiments/output/x_validation_stall_seenstate4_agentic/configs/mathd_numbertheory_64__core-medium-stall-seenstate4__gpt-5.6-luna__seed0,mathd_numbertheory_64,validation,prove_theorem_agentic_stall,done,arithmetic_or_search,16,0.049378619999999984,"cache tokens, current tariff; unrecorded retries unknown",False,False,audit/cells/77ad051e22a32877901c56aad527113bcaeaaaaa85aae8865c2921ea6bebaefc.json
experiments/output/ace_adaptation_x3-mono/configs/step01_generator_amc12b_2002_p11,amc12b_2002_p11,train,prove_theorem_ace,done,other_or_unobserved,12,0.04633288,"cache tokens, current tariff; unrecorded retries unknown",False,False,audit/cells/77b26fe36437622f3132b967fb4e011568433f91f2b0082752bff3e1fbb9211f.json
experiments/output/ace_adaptation_x3-offline-e3/configs/step04_generator_amc12b_2004_p3,amc12b_2004_p3,train,prove_theorem_ace,done,arithmetic_or_search,7,0.13969631999999998,"cache tokens, current tariff; unrecorded retries unknown",False,False,audit/cells/77b8d966db1e330a9b3f4e02614d821b1cb6c6cfbc0f68c9ec16914ffcbc9ea5.json
experiments/output/ace_economy_refinement_20260916/final04/configs/validation__agentic_reset__mathd_numbertheory_37__seed0,mathd_numbertheory_37,validation,prove_theorem_grounded,done,other_or_unobserved,15,0.02429012,dated billing receipts,False,False,audit/cells/77d203c522a610dfb5de0f6a652fc5a411cf813675a054eb850e468f2c21102b.json
experiments/output/ace_adaptation_x3-offline-e3/configs/step17_generator_induction_pord1p1on2powklt5on2,induction_pord1p1on2powklt5on2,train,prove_theorem_ace,done,syntax,16,0.046828959999999996,"cache tokens, current tariff; unrecorded retries unknown",False,False,audit/cells/77e40e9555d000cdfd5f20cb70604fb10be4c567e1d7fbcd34f48ecf9d17ad8e.json
experiments/output/ace_models_20260910/proof/configs/amc12b_2002_p11__prover-xhigh-b439ff17e44fdd2f__gpt-5.6-luna__seed0,amc12b_2002_p11,train,prove_theorem_grounded,done,no_verifier_evidence,0,0.02326742,dated billing receipts,False,False,audit/cells/7822f1c77a658817a9dfa4a5f5a34979113159eabdd917b5f339f8da3611165d.json
experiments/output/ace_contenders_20260910/configs/induction_pord1p1on2powklt5on2__training-reflector-medium__gpt-5.6-luna__seed0,induction_pord1p1on2powklt5on2,train,prove_theorem_grounded,done,arithmetic_or_search,3,0.035426019999999996,dated billing receipts,False,False,audit/cells/78431df54d5f926589cccd3bfd733f5e2ad622213615c1bfa76dd05babffa60f.json
experiments/output/ace_economy_20260916/validation/configs/validation__agentic__induction_prod1p1onk3le3m1onn__seed0,induction_prod1p1onk3le3m1onn,validation,prove_theorem_grounded,done,other_or_unobserved,11,0.03993914,dated billing receipts,False,False,audit/cells/78522fac94d7028cb62b0950cf33b4d6a7ac6a325e777d73675fc99af11ee58e.json
experiments/output/ace_sanitized_20260917/validation/configs/validation__ace_selected__proof__mathd_algebra_282__seed0,mathd_algebra_282,validation,prove_theorem_grounded,done,incomplete_proof,19,0.02890748,dated billing receipts,False,False,audit/cells/787dceda402e1d399129b1edc7d0620a40cabe4584d73466e5ea7ab20419c43a.json
experiments/output/ace_adaptation_x-noreflect/configs/step01_generator_amc12b_2002_p11,amc12b_2002_p11,train,prove_theorem_ace,done,syntax,16,0.06509451999999999,"cache tokens, current tariff; unrecorded retries unknown",False,False,audit/cells/78882ad459d1da409406179482d1834f7b28b39f327569a06d5128fcb6592679.json
experiments/output/ace_mechanisms_20260910/validation/configs/amc12b_2003_p6__validation-E__gpt-5.6-luna__seed0,amc12b_2003_p6,validation,prove_theorem_grounded,done,no_verifier_evidence,0,0.02547182,dated billing receipts,False,False,audit/cells/788f3b86c306f40a5b2c06084508a370fd53bfd4b56b6bb8a44c7eebb46805a6.json
experiments/output/ace_economy_20260916/validation/configs/validation__views__imo_1969_p2__seed0,imo_1969_p2,validation,prove_theorem_grounded,done,arithmetic_or_search,5,0.03980428,dated billing receipts,False,False,audit/cells/7899e6aa497cadb6f824cacd894604730d9f4b274710fc949259e545130644b5.json
experiments/output/ace_online_x-online-s0_agentic/configs/imo_1969_p2__ace-305d0235-core-medium__gpt-5.6-luna__seed0,imo_1969_p2,validation,prove_theorem_ace,done,unknown_reference,17,0.07378254,"cache tokens, current tariff; unrecorded retries unknown",False,False,audit/cells/78b5056ce51dfa4d1b134abd5b455cc2c3acfebdced69abb85828aa4ade53cc4.json
experiments/output/acet_x_validation_ace_x5_offline_k3_agentic/configs/mathd_algebra_282__acet-fc7b45d4-b1806cce-k3-core-medium__gpt-5.6-luna__seed1,mathd_algebra_282,validation,prove_theorem_ace_triggered,done,incomplete_proof,18,0.028690080000000003,"cache tokens, current tariff; unrecorded retries unknown",False,False,audit/cells/78c5133e1e4bc58f74d480d21808b5ed62dc5dae64b87166c25f225b514e4131.json
experiments/output/ace_economy_refinement_20260916/final09/configs/validation__agentic__aime_1991_p9__seed1,aime_1991_p9,validation,prove_theorem_grounded,done,arithmetic_or_search,14,0.04023604,dated billing receipts,False,False,audit/cells/78c795bccb985918a1b0eb2f9d0403791f785637f9e9120119b015667377ab84.json
experiments/output/ace_economy_20260916/validation/configs/validation__agentic__imo_1984_p6__seed0,imo_1984_p6,validation,prove_theorem_grounded,done,other_or_unobserved,4,0.01395546,dated billing receipts,False,False,audit/cells/78e99d278bf74d7eecc09d198e03e89ee7a46e875bdec022686672e6c21306e1.json
experiments/output/ace_mechanisms_20260910/validation/configs/mathd_algebra_282__validation-E__gpt-5.6-luna__seed1,mathd_algebra_282,validation,prove_theorem_grounded,done,no_verifier_evidence,0,0.021997,dated billing receipts,False,False,audit/cells/79140e094d3c01085f18bf7901ba9e6b89bbd7fcd2a308413691c97df18a7685.json
experiments/output/ace_adaptation_x-offline-e3/configs/step82_curator_mathd_algebra_28,mathd_algebra_28,train,,failed,platform_failure,0,0.0,"cache tokens, current tariff; unrecorded retries unknown",False,False,audit/cells/7933b73e69643b0cd708ced7d17dc64d1dd895b0073becfcf3a4fc844f0daaa1.json
experiments/output/ace_mechanisms_20260910/training/configs/amc12b_2004_p3__training-C__gpt-5.6-luna__seed0,amc12b_2004_p3,train,prove_theorem_grounded,done,unknown_reference,15,0.039384539999999996,dated billing receipts,False,False,audit/cells/79396c2985a23c4dc9a694cf06b615097fb515e3bf47f54d7ee4b6b0aeccaddf.json
experiments/output/ace_x_validation_ace_x3_strong_rv3_agentic/configs/mathd_numbertheory_405__ace-b596e7df-core-medium__gpt-5.6-luna__seed0,mathd_numbertheory_405,validation,prove_theorem_ace,done,incomplete_proof,28,0.08160314000000002,"cache tokens, current tariff; unrecorded retries unknown",False,False,audit/cells/797a11e5bee1b73964e625eefcde7eb5515a0e201bf102dfca40b7541a960945.json
experiments/output/coverage_cycle_20260911/validation/E2/configs/amc12a_2008_p4__validation-E2__gpt-5.6-luna__seed0,amc12a_2008_p4,validation,prove_theorem_grounded,done,other_or_unobserved,13,0.04011568,dated billing receipts,False,False,audit/cells/7a000fbd5efe8dc8d123f671115d4fe2925be3471d8b339a07c2e2fb4169363f.json
experiments/output/ace_economy_refinement_20260916/final04/configs/validation__agentic_reset__mathd_numbertheory_37__seed1,mathd_numbertheory_37,validation,prove_theorem_grounded,done,unproved_prerequisite,13,0.025342399999999998,dated billing receipts,False,False,audit/cells/7a0941a3c40467cdf24e6bcd73e78fdd69fa1ea3d0470ea6a28804b61bd1395e.json
experiments/output/ace_x_validation_agentic/configs/amc12a_2020_p21__ace-1ac8a092-k10-core-medium__gpt-5.6-luna__seed0,amc12a_2020_p21,validation,prove_theorem_ace,done,arithmetic_or_search,7,0.13630084,"cache tokens, current tariff; unrecorded retries unknown",False,False,audit/cells/7a2524c03acff495f45b44ce4dc72b6c7a8e8bfc8c9810fef0e7cd583d5fd252.json
experiments/output/ace_learning_20260914/validation/configs/validation__B__proof__amc12_2001_p21__seed1,amc12_2001_p21,validation,prove_theorem_grounded,done,syntax,15,0.043404859999999997,dated billing receipts,False,False,audit/cells/7a4a90cd29a3ec28fd384676297a36e2a9892c11cd4e858277eb6c45cbc25df1.json
experiments/output/ace_attribution_20260912/training/terra/configs/amc12b_2002_p11__terra-ace-medium__gpt-5.6-terra__seed0,amc12b_2002_p11,train,prove_theorem_grounded,done,incomplete_proof,5,0.3499714,dated billing receipts,False,False,audit/cells/7a4f15fa5479536c3a89e36dd1282247609f2895f9ed701bc54f02b9e21d1600.json
experiments/output/coverage_cycle_20260911/validation/S/configs/imo_1984_p6__validation-S__gpt-5.6-luna__seed0,imo_1984_p6,validation,prove_theorem_grounded,done,other_or_unobserved,5,0.03295462,dated billing receipts,False,False,audit/cells/7a504f604753b19cac4a99ee375c46e59e16dbbee8480c7c8ecfce17172ed8e6.json
experiments/output/ace_roles_20260913/training/configs/training__candidate__proof__aime_1984_p1__seed0,aime_1984_p1,train,prove_theorem_grounded,done,syntax,12,0.039767859999999995,dated billing receipts,False,False,audit/cells/7a701dba64bbeb327ac122a431a280aa80be2d7ac442bbc77dc83fb64a0c6215.json
experiments/output/ace_economy_refinement_20260916/final05/configs/validation__ace__mathd_numbertheory_43__seed1,mathd_numbertheory_43,validation,prove_theorem_grounded,done,other_or_unobserved,10,0.01521054,dated billing receipts,False,False,audit/cells/7a854ffffbb7d2a74d493a1e0dd74d3d31bd9973065cbf7510db72e5e1c4a111.json
experiments/output/ace_economy_20260916/validation/configs/validation__ace__algebra_others_exirrpowirrrat__seed1,algebra_others_exirrpowirrrat,validation,prove_theorem_grounded,done,other_or_unobserved,10,0.03581368,dated billing receipts,False,False,audit/cells/7a8e6f1deb9ac70f83ef94e8fc556b90634f777ea06362158da8b734873a9fcf.json
experiments/output/ace_snippets_20260913/writer_pilot/receipt_repair/configs/writer-receipts-v2__amc12b_2004_p3__curator__seed0,amc12b_2004_p3,train,write_rocq_receipts,done,incomplete_proof,2,0.0072616,"cache tokens, current tariff; unrecorded retries unknown",False,False,audit/cells/7aa0a76e9851ffa1f2b710df96f62c6cb7f63c46d741b83ea1da1b387a37a129.json
experiments/output/ace_models_20260910/proof/configs/amc12b_2002_p11__prover-medium-68338b80d7121921__gpt-5.6-luna__seed0,amc12b_2002_p11,train,prove_theorem_grounded,done,unproved_prerequisite,6,0.0377621,dated billing receipts,False,False,audit/cells/7aacbf00d7f8fd2bee828c3b253237fa9109ddfc2e915aa6ad0a21c5ec0edb3f.json
experiments/output/ace_x_validation_ace_x4_offline_rv3_agentic/configs/amc12a_2019_p21__ace-f1dd5c3a-core-medium__gpt-5.6-luna__seed1,amc12a_2019_p21,validation,prove_theorem_ace,done,unproved_prerequisite,10,0.025587499999999996,"cache tokens, current tariff; unrecorded retries unknown",False,False,audit/cells/7af5229650cea5ece829bed4ac946c177136ce1474183d4c0c5879fd44a75111.json
experiments/output/ace_economy_20260916/validation/configs/validation__agentic__aime_1991_p6__seed1,aime_1991_p6,validation,prove_theorem_grounded,done,unproved_prerequisite,4,0.03271258,dated billing receipts,False,False,audit/cells/7b157f18dffbf70e0267cd2dc1cbbb64958a84720e580cff51b55c6947fb18f9.json
experiments/output/ace_adaptation_x-mono/configs/step32_curator_mathd_numbertheory_48,mathd_numbertheory_48,train,rewrite_playbook,done,no_verifier_evidence,0,0.015498839999999996,"cache tokens, current tariff; unrecorded retries unknown",False,False,audit/cells/7b1fc7c12aeaca87790f7c081af60eae80602ec600b405e35df9723460ab9691.json
experiments/output/ace_x_validation_ace_x3_offline_agentic/configs/aime_1991_p6__ace-1ac8a092-core-medium__gpt-5.6-luna__seed0,aime_1991_p6,validation,,failed,platform_failure,0,0.00327796,"cache tokens, current tariff; unrecorded retries unknown",False,False,audit/cells/7b3c4b5941adcf55233aa760442769d3c4ddc8058f80af9b4fe726fac1cda71d.json
experiments/output/ace_economy_refinement_20260916/final10/configs/validation__ace_compact__mathd_numbertheory_405__seed1,mathd_numbertheory_405,validation,prove_theorem_grounded,done,other_or_unobserved,8,0.038570759999999996,dated billing receipts,False,False,audit/cells/7b5d9caf6467f8d2e627a9a0ec32c1554ab5599c037bc4aeb411e0b2a0109954.json
experiments/output/ace_adaptation_x-mono/configs/step17_generator_induction_pord1p1on2powklt5on2,induction_pord1p1on2powklt5on2,train,prove_theorem_ace,done,other_or_unobserved,10,0.03363092,"cache tokens, current tariff; unrecorded retries unknown",False,False,audit/cells/7b88e596ac2159bb8929ad13da82a1b925aa175662e90882809920a0624b2f78.json
experiments/output/ace_bounded_validation/configs/mathd_numbertheory_530__integrated-r64__gpt-5.6-luna__seed0,mathd_numbertheory_530,validation,prove_theorem_grounded,done,other_or_unobserved,5,0.03860048,"cache tokens, current tariff; unrecorded retries unknown",False,False,audit/cells/7b8f4260c1099d5eac3789867a8f5b7b8e76a658ed1b917d3e4344c3a5b8b61f.json
experiments/output/coverage_cycle_20260911/validation/H/configs/imo_1969_p2__validation-H__gpt-5.6-luna__seed0,imo_1969_p2,validation,prove_theorem_grounded,done,no_verifier_evidence,0,0.045368099999999995,dated billing receipts,False,False,audit/cells/7ba5ea4b1b8a915313a2e8feb34465446da75fac26990e85e8eb485199e33aa4.json
experiments/output/ace_revision_20260913/validation/configs/validation__control__proof__amc12_2000_p12__seed1,amc12_2000_p12,validation,prove_theorem_grounded,done,other_or_unobserved,12,0.0312553,dated billing receipts,False,False,audit/cells/7ba9d98eb69ed571a356760918761eb190d2aeef6d0447904434a196040dc76a.json
experiments/output/x_validation_stall_seenstate4_agentic/configs/amc12a_2020_p21__core-medium-stall-seenstate4__gpt-5.6-luna__seed0,amc12a_2020_p21,validation,prove_theorem_agentic_stall,done,incomplete_proof,14,0.04619909999999999,"cache tokens, current tariff; unrecorded retries unknown",False,False,audit/cells/7be6b4f432ca6507b628a110872e881afa76b72122d74eee11d764da142db791.json
experiments/output/ace_x_validation_ace_x5_offline_rv2_agentic/configs/algebra_others_exirrpowirrrat__ace-fc7b45d4-core-medium__gpt-5.6-luna__seed1,algebra_others_exirrpowirrrat,validation,prove_theorem_ace,done,syntax,22,0.04646024,"cache tokens, current tariff; unrecorded retries unknown",False,False,audit/cells/7c25433be098d002702d987110425f46afb8e252ceffb6c36e9b9b59dc820378.json
experiments/output/ace_adaptation_x-online-warm-s0/configs/step31_curator_mathd_numbertheory_461,mathd_numbertheory_461,validation,,failed,platform_failure,0,0.0,"cache tokens, current tariff; unrecorded retries unknown",False,False,audit/cells/7c2bf9cc1bd041f246fe413426a38fbcffcc01fcecd5e5c5c22a35ef0b4a9a5d.json
experiments/output/ace_economy_refinement_20260916/final00/configs/validation__agentic__algebra_others_exirrpowirrrat__seed1,algebra_others_exirrpowirrrat,validation,prove_theorem_grounded,done,other_or_unobserved,7,0.03982542,dated billing receipts,False,False,audit/cells/7c3fae32a1bf62d34ed404ab6a2a99f87c80494205dacdcb7ce0784f133f5c7e.json
experiments/output/ace_sanitized_20260917/pilots/configs/pilots__concise__proof__amc12a_2020_p13__seed0,amc12a_2020_p13,train,prove_theorem_grounded,done,unproved_prerequisite,6,0.04235736,dated billing receipts,False,False,audit/cells/7c46ec76000b65c00f60fd0bae6524c08010246b46e07db0632ff60df8eb6f7c.json
experiments/output/ace_models_20260910/proof/configs/aime_1988_p3__selection-xhigh-3bfe5109dc462e8c__gpt-5.6-luna__seed0,aime_1988_p3,train,prove_theorem_grounded,done,no_verifier_evidence,0,0.02717176,dated billing receipts,False,False,audit/cells/7c62a3f88efae6ca29c91a8dd9f8918ec0e5d5c516f913b0ad751d9fb2331485.json
experiments/output/ace_models_20260910/proof/configs/amc12b_2002_p11__prover-xhigh-c58062708d40c581__gpt-5.6-luna__seed0,amc12b_2002_p11,train,prove_theorem_grounded,done,no_verifier_evidence,0,0.02703202,dated billing receipts,False,False,audit/cells/7cae88cc4a09458415538a1ac9e75ceb46c71d6d05f1b7c1319515c0f03ed7bd.json
experiments/output/ace_models_20260910/proof/configs/induction_pord1p1on2powklt5on2__prover-xhigh-1e4aec7dbbe80e7a__gpt-5.6-luna__seed0,induction_pord1p1on2powklt5on2,train,prove_theorem_grounded,done,other_or_unobserved,2,0.03103494,dated billing receipts,False,False,audit/cells/7caf6cacab089924e374b5d88c9539b1cf85f7d502a588bdb45901d26a57ef33.json
experiments/output/x_validation_agentic/configs/amc12a_2019_p21__core-medium__gpt-5.6-luna__seed1,amc12a_2019_p21,validation,prove_theorem_agentic,done,other_or_unobserved,17,0.05699038,"cache tokens, current tariff; unrecorded retries unknown",False,False,audit/cells/7cb5e16e04f14d404d77dca56b4cd362779a88d212bb083a8a451e627ad30003.json
experiments/output/ace_adaptation_review-repair-s0/configs/step28_generator_mathd_algebra_185,mathd_algebra_185,train,prove_theorem_ace,done,verifier_resource,19,0.10600194,"cache tokens, current tariff; unrecorded retries unknown",False,False,audit/cells/7ccb5405e05668ed9d6a7bce469d4c1cf5becccf4d5fcfb6fd49749c87474272.json
experiments/output/ace_sanitized_20260917/validation/configs/validation__agentic__proof__mathd_numbertheory_43__seed1,mathd_numbertheory_43,validation,prove_theorem_grounded,done,other_or_unobserved,8,0.02138976,dated billing receipts,False,False,audit/cells/7cde587458deef59878264a82d0204136127ba4c667e95653f0278ddc3f3b56c.json
experiments/output/ace_x_validation_agentic/configs/mathd_numbertheory_530__ace-1ac8a092-core-medium__gpt-5.6-luna__seed1,mathd_numbertheory_530,validation,prove_theorem_ace,done,unknown_reference,11,0.0424003,"cache tokens, current tariff; unrecorded retries unknown",False,False,audit/cells/7ce58892f7c9f8848b37148baa8a69a424dfc0f8ddb3b002b3d5e850f10d4787.json
experiments/output/acet_x_validation_ace_x5_offline_k3_agentic/configs/imo_1984_p6__acet-fc7b45d4-b1806cce-k3-core-medium__gpt-5.6-luna__seed1,imo_1984_p6,validation,prove_theorem_ace_triggered,done,incomplete_proof,21,0.02865676,"cache tokens, current tariff; unrecorded retries unknown",False,False,audit/cells/7cf3a8db5c39db040e6c6e011796cd028560171c1b8aa3df3333fdec516e3545.json
experiments/output/ace_x_validation_ace_x5_offline_rv3_agentic/configs/imo_1984_p6__ace-fc7b45d4-core-medium__gpt-5.6-luna__seed0,imo_1984_p6,validation,prove_theorem_ace,done,verifier_resource,22,0.0371971,"cache tokens, current tariff; unrecorded retries unknown",False,False,audit/cells/7d1d3745639c1f80833707dab63f9ceaca2e65b368c4918b117856b3c609937b.json
experiments/output/ace_x_validation_agentic/configs/aime_1991_p6__ace-d56da056-core-medium__gpt-5.6-luna__seed1,aime_1991_p6,validation,prove_theorem_ace,done,unproved_prerequisite,17,0.08116428,"cache tokens, current tariff; unrecorded retries unknown",False,False,audit/cells/7d2276389484a5d485b80f9c0fa788746a6c14f1fdef6bbf23731628ffdc7585.json
experiments/output/ace_mechanisms_20260910/training/configs/mathd_algebra_224__training-E__gpt-5.6-luna__seed0,mathd_algebra_224,train,prove_theorem_grounded,done,no_verifier_evidence,0,0.029424339999999997,dated billing receipts,False,False,audit/cells/7d39b1c506b10d1bdd427ff69ac4f41b683bb3eae164b38169369c9c1d81cee8.json
experiments/output/acet_x_validation_ace_x5_offline_k3_agentic/configs/imo_1969_p2__acet-fc7b45d4-b1806cce-k3-core-medium__gpt-5.6-luna__seed0,imo_1969_p2,validation,prove_theorem_ace_triggered,done,arithmetic_or_search,23,0.05123292,"cache tokens, current tariff; unrecorded retries unknown",False,False,audit/cells/7d414de3e0d1b7bdd9c7c6d460174e5bae1ebfafd2eaa9bf7cefb5643f617171.json
experiments/output/ace_online_x-online-s1_agentic/configs/mathd_algebra_282__ace-d2353690-core-medium__gpt-5.6-luna__seed1,mathd_algebra_282,validation,prove_theorem_ace,done,incomplete_proof,16,0.023088519999999998,"cache tokens, current tariff; unrecorded retries unknown",False,False,audit/cells/7d58bbe60db79f996f2be039f9d739813da0b84fc68710c077b349ece26bb37d.json
experiments/output/ace_adaptation_x-offline-e3/configs/step83_curator_mathd_algebra_247,mathd_algebra_247,train,,failed,platform_failure,0,0.0,"cache tokens, current tariff; unrecorded retries unknown",False,False,audit/cells/7d7ae56520ed2000457d29576ad51f8087a4d3894838bd2c9b70ab639dbc3cfa.json
experiments/output/ace_polish_validation/configs/mathd_numbertheory_405__candidate-r64__gpt-5.6-luna__seed1,mathd_numbertheory_405,validation,prove_theorem_grounded,done,other_or_unobserved,9,0.04207194,"cache tokens, current tariff; unrecorded retries unknown",False,False,audit/cells/7d8a3a4cf975e011610e207fc1404b76f10d3a1a3ca371341d482c29522b515c.json
experiments/output/ace_economy_refinement_20260916/final18/configs/validation__agentic_reset__mathd_numbertheory_303__seed0,mathd_numbertheory_303,validation,prove_theorem_grounded,done,other_or_unobserved,10,0.04695688,dated billing receipts,False,False,audit/cells/7da51d669ab7c50bb6fa83a41e13d423975b0ecb4979ea3814a2a915ad2ceab4.json
experiments/output/coverage_cycle_20260911/validation/D2/configs/mathd_numbertheory_530__validation-D2__gpt-5.6-luna__seed0,mathd_numbertheory_530,validation,prove_theorem_grounded,done,other_or_unobserved,6,0.03713666,dated billing receipts,False,False,audit/cells/7db1e661b264fa2d55738abb904455970608fd4d2f54587eaafd4a024c45b46f.json
experiments/output/ace_x_validation_ace_x3_offline_agentic/configs/mathd_numbertheory_303__ace-1ac8a092-core-medium__gpt-5.6-luna__seed0,mathd_numbertheory_303,validation,,failed,platform_failure,2,0.00936888,"cache tokens, current tariff; unrecorded retries unknown",False,False,audit/cells/7dd0e43e4e8c07dc78f7da6bdd090efaf86596aa428c6aa4ff2712a9a8aa26b7.json
experiments/output/ace_adaptation_x-mono/configs/step28_curator_mathd_algebra_185,mathd_algebra_185,train,rewrite_playbook,done,no_verifier_evidence,0,0.014828039999999997,"cache tokens, current tariff; unrecorded retries unknown",False,False,audit/cells/7de9b050329dba78831c9a6eb3eb4db0c4d6bee55763113c08d0283333c1efbc.json
experiments/output/ace_models_20260910/proof/configs/amc12b_2002_p11__prover-xhigh-125d7332ca106585__gpt-5.6-luna__seed0,amc12b_2002_p11,train,prove_theorem_grounded,done,no_verifier_evidence,0,0.022179519999999998,dated billing receipts,False,False,audit/cells/7dff20cd9e98903ce73145443815230050d20b0e7b25139f657aa8148f63341d.json
experiments/output/x_validation_agentic/configs/mathd_numbertheory_37__core-medium__gpt-5.6-luna__seed1,mathd_numbertheory_37,validation,prove_theorem_agentic,done,syntax,15,0.02622635999999999,"cache tokens, current tariff; unrecorded retries unknown",False,False,audit/cells/7e04905c35c3a4c3ab2d61a3885ab63b76d1e67b0e118befb9e6c16b34ae8ff2.json
experiments/output/ace_polish_validation/configs/aime_1991_p6__reference-r64__gpt-5.6-luna__seed1,aime_1991_p6,validation,prove_theorem_grounded,done,unproved_prerequisite,5,0.04218519999999999,"cache tokens, current tariff; unrecorded retries unknown",False,False,audit/cells/7ed033f470356d4e5bf91cae6cac488706893fd4de2294f07691618a220df8c4.json
experiments/output/ace_x_validation_ace_x3_strong_rv3_agentic/configs/mathd_numbertheory_530__ace-b596e7df-core-medium__gpt-5.6-luna__seed1,mathd_numbertheory_530,validation,prove_theorem_ace,done,other_or_unobserved,8,0.03236668,"cache tokens, current tariff; unrecorded retries unknown",False,False,audit/cells/7ed7c22c253629cc84538e9624dcb2157ab0af083289c7caba9ecf547e639b8d.json
experiments/output/ace_economy_session_20260916/validation/configs/validation__agentic_session__aime_1984_p7__seed0,aime_1984_p7,validation,prove_theorem_grounded,done,unproved_prerequisite,11,0.04290828,dated billing receipts,False,False,audit/cells/7eddb551dfa3635c40df3c675194d661e6f36b64b900f740324ec8e08127b39f.json
experiments/output/ace_sanitized_20260917/validation/configs/validation__agentic__proof__mathd_algebra_282__seed0,mathd_algebra_282,validation,prove_theorem_grounded,done,incomplete_proof,9,0.0378989,dated billing receipts,False,False,audit/cells/7ee81997382f34c77cc9a116d03550f39436f0e9abff09867d89f039df048492.json
experiments/output/ace_models_20260910/proof/configs/imo_1977_p6__prover-xhigh-f05fbcb501c34473__gpt-5.6-luna__seed0,imo_1977_p6,train,prove_theorem_grounded,done,no_verifier_evidence,0,0.02934506,dated billing receipts,False,False,audit/cells/7f2a1a4da27cbf41a549f60a0c5a9fecbb05a6cba3630b3b24b01f3fdf5066ca.json
experiments/output/ace_x_validation_ace_x3_offline_agentic/configs/mathd_numbertheory_530__ace-1ac8a092-core-medium__gpt-5.6-luna__seed1,mathd_numbertheory_530,validation,prove_theorem_ace,done,other_or_unobserved,9,0.03733928,"cache tokens, current tariff; unrecorded retries unknown",False,False,audit/cells/7f4a4d69018fe1ac60aaa7d5497b701c8337642c480a4e3e3723400acc043a23.json
experiments/output/ace_x_validation_ace_x3_mono_rv3_agentic/configs/algebra_others_exirrpowirrrat__ace-0e162d51-core-medium__gpt-5.6-luna__seed1,algebra_others_exirrpowirrrat,validation,prove_theorem_ace,done,arithmetic_or_search,14,0.0357661,"cache tokens, current tariff; unrecorded retries unknown",False,False,audit/cells/7fa776069096d3017b6ad27b15ecbdeab5579c61049ee875ce26bb5fe102e4e8.json
experiments/output/coverage_cycle_20260911/validation/E2/configs/mathd_algebra_282__validation-E2__gpt-5.6-luna__seed0,mathd_algebra_282,validation,prove_theorem_grounded,done,incomplete_proof,9,0.037759459999999995,dated billing receipts,False,False,audit/cells/80906067b05fa3e449607cef5820b3ba10a1793e35dba8770af618aee69e7c02.json
experiments/output/ace_attribution_20260912/training/terra/configs/mathd_algebra_185__terra-none-medium__gpt-5.6-terra__seed0,mathd_algebra_185,train,prove_theorem_grounded,done,other_or_unobserved,5,0.3520492,dated billing receipts,False,False,audit/cells/80a220e5a6e261f3272c1f7300241990e9fe55f5ad39dd9e5e863427ff42879d.json
experiments/output/ace_economy_refinement_20260916/final18/configs/validation__ace_reset_compact__mathd_numbertheory_303__seed1,mathd_numbertheory_303,validation,prove_theorem_grounded,done,other_or_unobserved,4,0.0375259,dated billing receipts,False,False,audit/cells/80bae1c252c1e63e11d085f3ea351d6ed1811f4a62c982d56b96bd95ca5fe9f5.json
experiments/output/ace_x_validation_ace_x3_offline_rv2_agentic/configs/mathd_numbertheory_37__ace-1e4aec7d-core-medium__gpt-5.6-luna__seed1,mathd_numbertheory_37,validation,prove_theorem_ace,done,syntax,26,0.060679340000000005,"cache tokens, current tariff; unrecorded retries unknown",False,False,audit/cells/80d0c1d4302b2d1288d7a5ac9b7138b1446c45c2e7b29f8c152530dd0e07642f.json
experiments/output/ace_sanitized_20260917/validation/configs/validation__agentic__proof__mathd_numbertheory_530__seed1,mathd_numbertheory_530,validation,prove_theorem_grounded,done,other_or_unobserved,7,0.03715222,dated billing receipts,False,False,audit/cells/80d79b83c0650a9317e22aa31c6e10a6f8869018d78021bdbb5adf2ba523c041.json
experiments/output/ace_control_cycle_validation/configs/algebra_others_exirrpowirrrat__validation-r64__gpt-5.6-luna__seed0,algebra_others_exirrpowirrrat,validation,prove_theorem_grounded,done,other_or_unobserved,13,0.0669746,"cache tokens, current tariff; unrecorded retries unknown",False,False,audit/cells/80fca99c6646616244dde30d0ed710cb9a797b9bc7dadb3e0555734a6ea7d49e.json
experiments/output/ace_mechanisms_20260910/training/configs/mathd_numbertheory_48__training-E__gpt-5.6-luna__seed0,mathd_numbertheory_48,train,prove_theorem_grounded,done,arithmetic_or_search,1,0.02586586,dated billing receipts,False,False,audit/cells/811062afe9c74a19dc17d88b8065c848de5a6cfc1ab9231604ec1307cf13457e.json
experiments/output/ace_revision_20260913/training/configs/training__candidate__proof__amc12b_2002_p11__seed0,amc12b_2002_p11,train,prove_theorem_grounded,done,other_or_unobserved,5,0.038112599999999996,dated billing receipts,False,False,audit/cells/815b33a2557c964ea0b68e68df194abf45f0a6a85bfa87424ff0c7353fa905b1.json
experiments/output/ace_capacity_20260912/headroom2/configs/algebra_amgm_sum1toneqn_prod1tonleq1__E-level2__gpt-5.6-luna__seed0,algebra_amgm_sum1toneqn_prod1tonleq1,train,prove_theorem_grounded,done,unproved_prerequisite,46,0.10936666000000003,"cache tokens, current tariff; unrecorded retries unknown",False,False,audit/cells/8160938e64e0c766ca005445fc475340f37d1a00132e7d739c63628154e834ff.json
experiments/output/x_validation_agentic/configs/imo_1969_p2__core-medium__gpt-5.6-luna__seed0,imo_1969_p2,validation,prove_theorem_agentic,done,incomplete_proof,21,0.0275082,"cache tokens, current tariff; unrecorded retries unknown",False,False,audit/cells/816f2bb0e371b3b427d490647a51073173d0b167e75418a386fb545d7036efb4.json
experiments/output/ace_economy_refinement_20260916/final04/configs/validation__ace_reset__mathd_numbertheory_37__seed1,mathd_numbertheory_37,validation,prove_theorem_grounded,done,other_or_unobserved,16,0.03862636,dated billing receipts,False,False,audit/cells/8184a4135366a00509767e769d4278f90c6dc1c648a76dc088c3fddb5acd4d43.json
experiments/output/ace_models_20260910/proof/configs/algebra_amgm_sum1toneqn_prod1tonleq1__prover-medium-1e4aec7dbbe80e7a__gpt-5.6-luna__seed0,algebra_amgm_sum1toneqn_prod1tonleq1,train,prove_theorem_grounded,done,unproved_prerequisite,14,0.04007636,dated billing receipts,False,False,audit/cells/818e21cc5d0ca9d94b5f0a47b4b975c2a54ada52e6ddd5994aa05426f9f2b081.json
experiments/output/x_train_agentic/configs/mathd_algebra_224__core-medium__gpt-5.6-luna__seed1,mathd_algebra_224,train,prove_theorem_agentic,done,syntax,19,0.05510938,"cache tokens, current tariff; unrecorded retries unknown",False,False,audit/cells/818ece87520b9a610f4c43ccc9ae58bde3eebda61c3fef937ac05672d778b92e.json
experiments/output/ace_x_validation_ace_x3_offline_e3_rv3_agentic/configs/algebra_others_exirrpowirrrat__ace-d0d7ce24-core-medium__gpt-5.6-luna__seed1,algebra_others_exirrpowirrrat,validation,prove_theorem_ace,done,incomplete_proof,11,0.0274221,"cache tokens, current tariff; unrecorded retries unknown",False,False,audit/cells/81a65656014440eaf08f43f2eeeead46200e8927e54fcbb982b0889d8dd7f736.json
experiments/output/ace_contenders_20260910/configs/amc12a_2019_p21__validation-reflector-xhigh__gpt-5.6-luna__seed0,amc12a_2019_p21,validation,prove_theorem_grounded,done,no_verifier_evidence,0,0.024417,dated billing receipts,False,False,audit/cells/81b8eeb36a5f5fa9d4c5262f4730a3b5c1f6cc6cdd68b76176e561ffe83cb700.json
experiments/output/ace_x_validation_ace_x3_offline_agentic/configs/mathd_numbertheory_37__ace-1ac8a092-core-medium__gpt-5.6-luna__seed0,mathd_numbertheory_37,validation,prove_theorem_ace,done,unknown_reference,12,0.10443012,"cache tokens, current tariff; unrecorded retries unknown",False,False,audit/cells/81b905734fbc4a373de8978be13512f925416653358aab22ece1d884dcd442b3.json
experiments/output/ace_polish_validation/configs/algebra_others_exirrpowirrrat__reference-r64__gpt-5.6-luna__seed0,algebra_others_exirrpowirrrat,validation,prove_theorem_grounded,done,arithmetic_or_search,6,0.03667356,"cache tokens, current tariff; unrecorded retries unknown",False,False,audit/cells/81c170a7be7d2c6e19e0e77e79eaa52526a6b1ff93279dae31a522f84ff84514.json
experiments/output/ace_mechanisms_20260910/validation/configs/induction_prod1p1onk3le3m1onn__validation-E__gpt-5.6-luna__seed0,induction_prod1p1onk3le3m1onn,validation,prove_theorem_grounded,done,no_verifier_evidence,0,0.0263403,dated billing receipts,False,False,audit/cells/81c1ca215e975ee5305ee78555133ab247dad1c6ca790980b84439671e9d2ad2.json
experiments/output/x_train_agentic/configs/algebra_amgm_sum1toneqn_prod1tonleq1__core-medium__gpt-5.6-luna__seed1,algebra_amgm_sum1toneqn_prod1tonleq1,train,prove_theorem_agentic,done,incomplete_proof,23,0.019157200000000003,"cache tokens, current tariff; unrecorded retries unknown",False,False,audit/cells/8214446bed08340702e17ad7c21630aeec84ce072d1b4540533b5cb29073106c.json
experiments/output/ace_revision_20260913/validation/configs/validation__control__proof__induction_prod1p1onk3le3m1onn__seed0,induction_prod1p1onk3le3m1onn,validation,prove_theorem_grounded,done,arithmetic_or_search,11,0.03976758,dated billing receipts,False,False,audit/cells/8216713af8d77d1531014bb9af90e887d6e1c24a7d75dd543ded1bc828d9381a.json
experiments/output/ace_polish_validation/configs/mathd_numbertheory_37__reference-r64__gpt-5.6-luna__seed1,mathd_numbertheory_37,validation,prove_theorem_grounded,done,other_or_unobserved,20,0.03493179999999999,"cache tokens, current tariff; unrecorded retries unknown",False,False,audit/cells/825413940161aba2147d04dc09a286e9f5365bc64988ba1f96480e54650d989c.json
experiments/output/ace_x_validation_ace_x3_mono_rv3_agentic/configs/aime_1991_p6__ace-0e162d51-core-medium__gpt-5.6-luna__seed1,aime_1991_p6,validation,prove_theorem_ace,done,incomplete_proof,24,0.03867175999999999,"cache tokens, current tariff; unrecorded retries unknown",False,False,audit/cells/8254339d4477edca4308e2dac06d1e8778ff4fcb344099b6fe46fe2ba89d66e2.json
experiments/output/ace_economy_20260916/validation/configs/validation__session__mathd_numbertheory_530__seed0,mathd_numbertheory_530,validation,prove_theorem_grounded,done,unproved_prerequisite,9,0.04112184,dated billing receipts,False,False,audit/cells/82559a9ff7737da89725229941ff01fb07abb4318fc79fa7f2b428945f6dea9b.json
experiments/output/ace_online_x-online-warm-s0_agentic/configs/aime_1991_p6__ace-3218116e-core-medium__gpt-5.6-luna__seed0,aime_1991_p6,validation,prove_theorem_ace,done,incomplete_proof,22,0.0565647,"cache tokens, current tariff; unrecorded retries unknown",False,False,audit/cells/82585a893a7e1f295950577a5dc788baee73264ec46b2ab2ea6a4f962f5c2edf.json
experiments/output/ace_x_validation_ace_x5_offline_rv2_agentic/configs/amc12_2001_p21__ace-fc7b45d4-core-medium__gpt-5.6-luna__seed1,amc12_2001_p21,validation,prove_theorem_ace,done,incomplete_proof,25,0.03404101999999999,"cache tokens, current tariff; unrecorded retries unknown",False,False,audit/cells/8288953b387396606525067accc9e427c80ac7d7c6bbc1c932ff193c520a84c9.json
experiments/output/ace_review_calibration/configs/mathd_algebra_185__baseline-r32__gpt-5.6-luna__seed1,mathd_algebra_185,train,prove_theorem_agentic,done,verifier_resource,22,0.09371904,"cache tokens, current tariff; unrecorded retries unknown",False,False,audit/cells/82b06818ee14d1bdb06fea21be63ff07c6d869e57564c170c608b10a63d5091c.json
experiments/output/ace_x_validation_ace_x5_offline_rv3_agentic/configs/algebra_others_exirrpowirrrat__ace-fc7b45d4-core-medium__gpt-5.6-luna__seed1,algebra_others_exirrpowirrrat,validation,prove_theorem_ace,done,arithmetic_or_search,9,0.03056129999999999,"cache tokens, current tariff; unrecorded retries unknown",False,False,audit/cells/82c09bedb2a8ab9da0898ff406631fe3074cb7bda84958d013dd39c87a2c368b.json
experiments/output/ace_snippets_20260913/writer_pilot/seed0/configs/writer-drafts-v1__mathd_algebra_28__curator-control__seed0,mathd_algebra_28,train,write_checked_rocq_advice,done,no_verifier_evidence,0,0.00300292,"cache tokens, current tariff; unrecorded retries unknown",False,False,audit/cells/82c40fb3310f7aa6e294fb3533a8248757acac5141022a1ec49173684fbe14a2.json
experiments/output/ace_economy_refinement_20260916/final11/configs/validation__agentic_reset_compact__mathd_numbertheory_530__seed1,mathd_numbertheory_530,validation,prove_theorem_grounded,done,other_or_unobserved,9,0.04815428,dated billing receipts,False,False,audit/cells/82d0716db64c26f12749fa46f4990c2b328a70162dfb862c4b76576ae274ac95.json
experiments/output/ace_economy_20260916/validation/configs/validation__budget__imo_1969_p2__seed1,imo_1969_p2,validation,prove_theorem_grounded,done,other_or_unobserved,17,0.12576369999999998,dated billing receipts,False,False,audit/cells/82f8dd32d48f7b483663a1b8d63ea074d838b9469a1db35eee2307133277ec6b.json
experiments/output/ace_economy_session_20260916/validation/configs/validation__agentic_session__imo_1969_p2__seed1,imo_1969_p2,validation,prove_theorem_grounded,done,arithmetic_or_search,9,0.0397855,dated billing receipts,False,False,audit/cells/8365ed2a7cb10baeac76cb70c6d1f378c622621381e1c086e832a9d0544489ad.json
experiments/output/ace_polish_pilots/configs/algebra_amgm_sum1toneqn_prod1tonleq1__output_recovery-on-r64__gpt-5.6-luna__seed0,algebra_amgm_sum1toneqn_prod1tonleq1,train,prove_theorem_grounded,done,unproved_prerequisite,8,0.04339692,"cache tokens, current tariff; unrecorded retries unknown",False,False,audit/cells/8391688ed7c59d218524aa3e4dffb70f4190166ee6ba46e7ced45dec44d87579.json
experiments/output/ace_capacity_20260912/cross/configs/mathd_numbertheory_37__cross-level0__gpt-5.6-luna__seed0,mathd_numbertheory_37,validation,prove_theorem_grounded,done,other_or_unobserved,17,0.03399562,"cache tokens, current tariff; unrecorded retries unknown",False,False,audit/cells/83ae4a1749ab7dcfc854ff8576a443c0182971961dfbd5a08a6dbda6c33eed31.json
experiments/output/ace_economy_refinement_20260916/final05/configs/validation__ace_reset_compact__mathd_numbertheory_43__seed0,mathd_numbertheory_43,validation,prove_theorem_grounded,done,verifier_resource,15,0.02207592,dated billing receipts,False,False,audit/cells/83bf42b0b61f17b22e4edb605126903ff7af2c5d8dd0bbd1d366ad03cd2d139d.json
experiments/output/ace_x_validation_ace_x3_noreflect_rv3_agentic/configs/amc12a_2020_p21__ace-ce233fe0-core-medium__gpt-5.6-luna__seed1,amc12a_2020_p21,validation,prove_theorem_ace,done,incomplete_proof,29,0.021763720000000004,"cache tokens, current tariff; unrecorded retries unknown",False,False,audit/cells/83c584e07da0a77b9bca29beccb9cc582440c319c53039d3e0c60faa141a31e1.json
experiments/output/ace_economy_refinement_20260916/final11/configs/validation__ace__mathd_numbertheory_530__seed1,mathd_numbertheory_530,validation,prove_theorem_grounded,done,unproved_prerequisite,5,0.0355318,dated billing receipts,False,False,audit/cells/83e2d6ca5d3f5347a050f64a5c952ee6f1b74bcd0337fdb311886d1e4be77bf1.json
experiments/output/ace_x_validation_ace_x3_mono_rv3_agentic/configs/mathd_numbertheory_303__ace-0e162d51-core-medium__gpt-5.6-luna__seed0,mathd_numbertheory_303,validation,prove_theorem_ace,done,unknown_reference,15,0.05314479999999999,"cache tokens, current tariff; unrecorded retries unknown",False,False,audit/cells/83eeba6abfc03e9238b74790873ccb33a52f77c8b247eb40a0e0a6aa88b4e6ab.json
experiments/output/ace_review_development/configs/aime_1984_p7__baseline-r64__gpt-5.6-luna__seed0,aime_1984_p7,validation,prove_theorem_agentic,done,incomplete_proof,12,0.11970671999999999,"cache tokens, current tariff; unrecorded retries unknown",False,False,audit/cells/83ff64d78ba9fc298adaca16a2dc44d44b02fde9236df0f78336a869f892920a.json
experiments/output/ace_review_development/configs/amc12a_2019_p21__x3-r64__gpt-5.6-luna__seed1,amc12a_2019_p21,validation,prove_theorem_ace,done,other_or_unobserved,27,0.10021334,"cache tokens, current tariff; unrecorded retries unknown",False,False,audit/cells/83ffec268582a23c25258ba1b89e51d0f2f0082b381446ec24f94372dccddb2b.json
experiments/output/ace_contenders_20260910/configs/imo_1964_p2__validation-reflector-medium__gpt-5.6-luna__seed0,imo_1964_p2,validation,prove_theorem_grounded,done,arithmetic_or_search,7,0.0362298,dated billing receipts,False,False,audit/cells/840d9cd19af44b0a7f7b4161e3c9064beac040c7d5e259ad181e26b47dfb8f8e.json
experiments/output/x_validation_agentic/configs/amc12a_2020_p21__core-medium__gpt-5.6-luna__seed1,amc12a_2020_p21,validation,prove_theorem_agentic,done,other_or_unobserved,16,0.055845139999999995,"cache tokens, current tariff; unrecorded retries unknown",False,False,audit/cells/842e694b0fe866e38452857b9c17d628a5703ac5789bdbe06ae1147a72ebff37.json
experiments/output/ace_x_validation_ace_x3_strong_rv3_agentic/configs/imo_1969_p2__ace-b596e7df-core-medium__gpt-5.6-luna__seed1,imo_1969_p2,validation,prove_theorem_ace,done,other_or_unobserved,16,0.06324512,"cache tokens, current tariff; unrecorded retries unknown",False,False,audit/cells/843ea1c25ca140d8ca6cf95bcdbe6980cc7f21cacc605e60f6e07b943e52b800.json
experiments/output/ace_sanitized_20260917/validation/configs/validation__ace_coverage__proof__aime_1991_p6__seed1,aime_1991_p6,validation,prove_theorem_grounded,done,unproved_prerequisite,4,0.05796056,dated billing receipts,False,False,audit/cells/84476cdd40f708627a14e6a2e4348022c062fa2a9c57072f88c3db50245b9971.json
experiments/output/ace_bounded_validation/configs/amc12a_2020_p21__integrated-r64__gpt-5.6-luna__seed0,amc12a_2020_p21,validation,prove_theorem_grounded,done,incomplete_proof,15,0.03542984,"cache tokens, current tariff; unrecorded retries unknown",False,False,audit/cells/845f6e7c3ba639927c376b832f06ebbea3febc5d90dc993f8a1968f353501ddb.json
experiments/output/ace_economy_refinement_20260916/final05/configs/validation__ace_compact__induction_prod1p1onk3le3m1onn__seed0,induction_prod1p1onk3le3m1onn,validation,prove_theorem_grounded,done,syntax,4,0.04049564,dated billing receipts,False,False,audit/cells/847588d069d0ab4f443925e9d68b2ebe28594215cf897e2de1c489f5d106ec32.json
experiments/output/ace_snippets_20260913/validation/configs/snippets-v1__aime_1991_p6__validation-A__seed0,aime_1991_p6,validation,prove_theorem_grounded,done,other_or_unobserved,5,0.035498999999999996,"cache tokens, current tariff; unrecorded retries unknown",False,False,audit/cells/8476391d8a963659a79b3dc54f8fe4dde871c1e0e1a4ae536ce04b551d924ba8.json
experiments/output/ace_x_validation_ace_x3_offline_agentic/configs/algebra_others_exirrpowirrrat__ace-1e4aec7d-core-medium__gpt-5.6-luna__seed0,algebra_others_exirrpowirrrat,validation,prove_theorem_ace,done,arithmetic_or_search,14,0.03656575999999999,"cache tokens, current tariff; unrecorded retries unknown",False,False,audit/cells/848e896bac2d7f4a8064ae61993e37c040d01bc175e171d63f3615c1eaa88d5e.json
experiments/output/x_validation_agentic/configs/mathd_algebra_282__core-medium__gpt-5.6-luna__seed0,mathd_algebra_282,validation,prove_theorem_agentic,done,incomplete_proof,18,0.0196335,"cache tokens, current tariff; unrecorded retries unknown",False,False,audit/cells/8492c9d1f5082476906f88328a6def55da2dcd7804eba971d65a69f743aad00f.json
experiments/output/ace_learning_20260914/validation/configs/validation__B__proof__aime_1991_p6__seed1,aime_1991_p6,validation,prove_theorem_grounded,done,unproved_prerequisite,4,0.03307902,dated billing receipts,False,False,audit/cells/84ab94f2a4c142befc000c169377fddb7abb2ad309b9c4fbd07195d5909d0e42.json
experiments/output/ace_x_validation_ace_x3_offline_agentic/configs/amc12a_2019_p21__ace-1ac8a092-core-medium__gpt-5.6-luna__seed1,amc12a_2019_p21,validation,prove_theorem_ace,done,syntax,11,0.04162470000000001,"cache tokens, current tariff; unrecorded retries unknown",False,False,audit/cells/84c1397089cc2b8272997a2f31f9b80bd367f669411c0ea661fde15d3cc5c6fc.json
experiments/output/acet_x_validation_ace_x6_repairs_k3_r2_agentic/configs/mathd_numbertheory_37__acet-1d2bc630-30d3e288-k3-r2-core-medium__gpt-5.6-luna__seed1,mathd_numbertheory_37,validation,prove_theorem_ace_triggered,done,incomplete_proof,22,0.10360026,"cache tokens, current tariff; unrecorded retries unknown",False,False,audit/cells/84dad3e30a4d64795bc8a59b265b47354ab8afb4be8d6e5620691fe58bf05541.json
experiments/output/ace_contenders_20260910/configs/mathd_algebra_185__training-reflector-xhigh__gpt-5.6-luna__seed0,mathd_algebra_185,train,prove_theorem_grounded,done,syntax,1,0.03127734,dated billing receipts,False,False,audit/cells/84e10371a81535cf85e7e6a4767d29c221bb3b0c52cbcd1508004834bad4eea9.json
experiments/output/ace_snippets_20260913/validation/configs/snippets-v1__mathd_numbertheory_303__validation-A__seed0,mathd_numbertheory_303,validation,prove_theorem_grounded,done,unknown_reference,5,0.03740024,"cache tokens, current tariff; unrecorded retries unknown",False,False,audit/cells/851beb5e8858100f538e195227a7a15074f9a1429f88b6a6625b20cd4ceb1ddf.json
experiments/output/ace_attribution_20260912/training/luna-none/configs/mathd_numbertheory_629__luna-none-medium__gpt-5.6-luna__seed0,mathd_numbertheory_629,train,prove_theorem_grounded,done,other_or_unobserved,10,0.03751076,dated billing receipts,False,False,audit/cells/85268b1b41d916a0b9a353e98babf4db0bed85875b1bb7b63b7d1f86862c4135.json
experiments/output/ace_control_cycle_tuning/configs/aime_1988_p3__tuning-r64__gpt-5.6-luna__seed0,aime_1988_p3,train,prove_theorem_grounded,done,unknown_reference,9,0.0387887,"cache tokens, current tariff; unrecorded retries unknown",False,False,audit/cells/8530f1f07e4f08352532d76861d216048c1094f05fd4e230190c7eb5cf716a24.json
experiments/output/ace_economy_budget_20260916/validation/configs/validation__agentic__mathd_algebra_282__seed0,mathd_algebra_282,validation,prove_theorem_grounded,done,incomplete_proof,8,0.04527982,dated billing receipts,False,False,audit/cells/85350a91225b45f1d7ac70f751e34a0eb8d40f647016a9163fda2f42444f1bf1.json
experiments/output/ace_economy_refinement_20260916/final13/configs/validation__agentic_compact__aime_1991_p6__seed1,aime_1991_p6,validation,prove_theorem_grounded,done,unproved_prerequisite,6,0.037059999999999996,dated billing receipts,False,False,audit/cells/8546bc0e570cf7ba73f330da3effe8e8c442c2c734afda2e9a33459b2305f9e6.json
experiments/output/ace_adaptation_x3-offline-e3/configs/step62_generator_imo_1977_p6,imo_1977_p6,train,prove_theorem_ace,done,incomplete_proof,29,0.06932053999999999,"cache tokens, current tariff; unrecorded retries unknown",False,False,audit/cells/8567b3cc7b3df04a83716dacdbfdd83d03a6dbffca108c21af0f8c22b1cc3e01.json
experiments/output/ace_adaptation_x-offline-e3/configs/step39_generator_imo_1967_p3,imo_1967_p3,train,prove_theorem_ace,done,incomplete_proof,17,0.03680888000000001,"cache tokens, current tariff; unrecorded retries unknown",False,False,audit/cells/857a55789776e1439e5961b17789469378e850ad866de0c4ce4c7d3a7f2089cd.json
experiments/output/ace_x_validation_agentic/configs/mathd_algebra_282__ace-1ac8a092-k10-core-medium__gpt-5.6-luna__seed1,mathd_algebra_282,validation,prove_theorem_ace,done,incomplete_proof,20,0.02479716,"cache tokens, current tariff; unrecorded retries unknown",False,False,audit/cells/859a7546ec52360581c53fb503fbc030a3f573a03f0f6aaa5c5ae3bfb9d74540.json
experiments/output/ace_contenders_20260910/configs/imo_1984_p6__validation-reflector-medium__gpt-5.6-luna__seed0,imo_1984_p6,validation,prove_theorem_grounded,done,no_verifier_evidence,0,0.024541,dated billing receipts,False,False,audit/cells/85b79f6e875a85cfef6968e5c93b27ecb04f173dff87422e6ed14e484119697a.json
experiments/output/ace_sanitized_20260917/pilots/configs/pilots__concise__proof__mathd_algebra_185__seed0,mathd_algebra_185,train,prove_theorem_grounded,done,other_or_unobserved,7,0.0370466,dated billing receipts,False,False,audit/cells/85cbc72114fc1f171c2e471c77a9473e7533b0fd361d7c0966062393d4cb9336.json
experiments/output/ace_x_validation_ace_x4_offline_rv3_agentic/configs/imo_1984_p6__ace-f1dd5c3a-core-medium__gpt-5.6-luna__seed1,imo_1984_p6,validation,prove_theorem_ace,done,arithmetic_or_search,24,0.034780759999999994,"cache tokens, current tariff; unrecorded retries unknown",False,False,audit/cells/85dde008ec0594ab88ade757f28bafa7591e18261ad3d474464226a01e6ed42c.json
experiments/output/ace_attribution_20260912/validation/luna-none/configs/amc12b_2002_p3__luna-none-medium__gpt-5.6-luna__seed0,amc12b_2002_p3,validation,prove_theorem_grounded,done,incomplete_proof,8,0.03719388,dated billing receipts,False,False,audit/cells/85e009f94b9d47420282c2329c5770acc43fb69874823bf86e5434a07c6fc302.json
experiments/output/ace_review_development/configs/amc12_2001_p21__repair1-r64__gpt-5.6-luna__seed0,amc12_2001_p21,validation,prove_theorem_ace,done,incomplete_proof,48,0.08565093999999998,"cache tokens, current tariff; unrecorded retries unknown",False,False,audit/cells/85ec0700fffda837ceb4187952fb171efd314612cc06d85725fe5e754183a3c7.json
experiments/output/ace_economy_refinement_20260916/final11/configs/validation__ace_reset_compact__mathd_numbertheory_530__seed0,mathd_numbertheory_530,validation,prove_theorem_grounded,done,other_or_unobserved,10,0.04709886,dated billing receipts,False,False,audit/cells/8603a8daf065aed0971907c727379f12db2ba61c4ceeeaa9977c1805ad8cb6f6.json
experiments/output/ace_models_20260910/proof/configs/amc12a_2020_p13__selection-xhigh-3bfe5109dc462e8c__gpt-5.6-luna__seed0,amc12a_2020_p13,train,prove_theorem_grounded,done,other_or_unobserved,2,0.02846596,dated billing receipts,False,False,audit/cells/860b372feac9ec611f3d2475af7001634458860e355f4d3d419b52e8fe04a7e4.json
experiments/output/ace_economy_refinement_20260916/final06/configs/validation__agentic_reset__imo_1969_p2__seed0,imo_1969_p2,validation,prove_theorem_grounded,done,syntax,11,0.044196,dated billing receipts,False,False,audit/cells/8638cf0b2b18eed469b90a7f262c7ba13172356cd980524b89089a2b95276b2a.json
experiments/output/ace_polish_validation/configs/imo_1984_p6__candidate-r64__gpt-5.6-luna__seed0,imo_1984_p6,validation,prove_theorem_grounded,done,other_or_unobserved,11,0.043218239999999984,"cache tokens, current tariff; unrecorded retries unknown",False,False,audit/cells/8649749ddc60a0b1da0fe0a2ba480e202f68c82580b0412cb7c860fc389074e4.json
experiments/output/ace_contenders_20260910/configs/aime_1991_p6__validation-reflector-xhigh__gpt-5.6-luna__seed0,aime_1991_p6,validation,prove_theorem_grounded,done,no_verifier_evidence,0,0.0241841,dated billing receipts,False,False,audit/cells/866143126f42f31a522e458877445a3df93594905aa4c7943270b9ca3da42525.json
experiments/output/ace_economy_budget_20260916/validation/configs/validation__agentic__mathd_numbertheory_530__seed0,mathd_numbertheory_530,validation,prove_theorem_grounded,done,other_or_unobserved,18,0.12393024,dated billing receipts,False,False,audit/cells/867fa1d518c799fe39c0ce7356f1dd2457e62fbb6ee992431e33f954681c9071.json
experiments/output/ace_review_development/configs/mathd_numbertheory_530__baseline-r64__gpt-5.6-luna__seed0,mathd_numbertheory_530,validation,prove_theorem_agentic,done,incomplete_proof,15,0.12654316,"cache tokens, current tariff; unrecorded retries unknown",False,False,audit/cells/86a58a8609853131a2754ae988e7f50ecabb737dd0c1102764b4fbacdd06fa2b.json
experiments/output/ace_x_validation_ace_x3_offline_agentic/configs/amc12a_2020_p21__ace-1ac8a092-core-medium__gpt-5.6-luna__seed0,amc12a_2020_p21,validation,prove_theorem_ace,done,other_or_unobserved,18,0.05226472,"cache tokens, current tariff; unrecorded retries unknown",False,False,audit/cells/86c29e055519952a797ac672ce8f1fe5922680e45dd76124da11f30790b5d1c2.json
experiments/output/ace_adaptation_x3-mono/configs/step15_curator_amc12a_2013_p7,amc12a_2013_p7,train,rewrite_playbook,done,no_verifier_evidence,0,0.00959316,"cache tokens, current tariff; unrecorded retries unknown",False,False,audit/cells/86fb9a8144ca2cf3939354525e670dab98fa244a288c1b6494a708b709a7af11.json
experiments/output/ace_capacity_20260912/mechanisms/configs/amc12a_2020_p13__E-level0__gpt-5.6-terra__seed0,amc12a_2020_p13,train,prove_theorem_grounded,done,unproved_prerequisite,4,0.3677586,"cache tokens, current tariff; unrecorded retries unknown",False,False,audit/cells/8714432582bbeb797c1fa4f6c1cbceb936256c7f51e0707bc25ee2729481ab86.json
experiments/output/ace_economy_session_20260916/validation/configs/validation__agentic_session__imo_1984_p6__seed1,imo_1984_p6,validation,prove_theorem_grounded,done,unknown_reference,10,0.042406799999999994,dated billing receipts,False,False,audit/cells/8717a573147ea2ad2b34f27d6533b4188606486c8785da3dba7bfac1bebffbf4.json
experiments/output/ace_x_validation_ace_x5_offline_rv3_agentic/configs/mathd_algebra_282__ace-fc7b45d4-core-medium__gpt-5.6-luna__seed0,mathd_algebra_282,validation,prove_theorem_ace,done,incomplete_proof,20,0.025775259999999994,"cache tokens, current tariff; unrecorded retries unknown",False,False,audit/cells/876c659751e0624672f11425fc2aefb3be73c95ab85edc53846350be73116440.json
experiments/output/ace_x_validation_ace_x3_mono_rv3_agentic/configs/mathd_algebra_282__ace-0e162d51-core-medium__gpt-5.6-luna__seed0,mathd_algebra_282,validation,prove_theorem_ace,done,incomplete_proof,21,0.02786812,"cache tokens, current tariff; unrecorded retries unknown",False,False,audit/cells/877188b959e48b0d01f471ff7b993def93de2faa8751905fcaf49daae0fdd6ce.json
experiments/output/ace_online_x-online-warm-s0_agentic/configs/mathd_algebra_282__ace-74222ebc-core-medium__gpt-5.6-luna__seed0,mathd_algebra_282,validation,prove_theorem_ace,done,incomplete_proof,15,0.02410134,"cache tokens, current tariff; unrecorded retries unknown",False,False,audit/cells/87769f39d21ce1ebfed8c44b68bc85a28296e2e72b93088d13f2eeef39109caa.json
experiments/output/ace_review_calibration/configs/mathd_numbertheory_629__baseline-r64__gpt-5.6-luna__seed0,mathd_numbertheory_629,train,prove_theorem_agentic,done,incomplete_proof,37,0.10038966,"cache tokens, current tariff; unrecorded retries unknown",False,False,audit/cells/87addf666a3e9367a5b55a58a5e87fad38580f0c3bae82d16045fbb4b4d1a7b7.json
experiments/output/ace_revision_20260913/validation/configs/validation__control__proof__aime_1991_p9__seed1,aime_1991_p9,validation,prove_theorem_grounded,done,other_or_unobserved,11,0.04032514,dated billing receipts,False,False,audit/cells/87bdc31fa197904eeff5a6a937ca81f3c84920f91babfc6b141df8670e8a41cf.json
experiments/output/ace_capacity_20260912/mechanisms/configs/amc12b_2002_p11__E-level0__gpt-5.6-terra__seed0,amc12b_2002_p11,train,prove_theorem_grounded,done,other_or_unobserved,3,0.3661926,"cache tokens, current tariff; unrecorded retries unknown",False,False,audit/cells/87d98f795095d5458edee828756cf101392aee7291f660c2ceb1267e14fac8d7.json
experiments/output/ace_economy_refinement_20260916/final09/configs/validation__agentic_reset__amc12a_2020_p21__seed0,amc12a_2020_p21,validation,prove_theorem_grounded,done,other_or_unobserved,15,0.03725422,dated billing receipts,False,False,audit/cells/87e5d92af3bb185ad5d17f3c40aeaecea13f4634de7bd1fbe49cc8aabf10cee4.json
experiments/output/ace_attribution_20260912/validation/terra/configs/algebra_others_exirrpowirrrat__terra-ace-medium__gpt-5.6-terra__seed0,algebra_others_exirrpowirrrat,validation,prove_theorem_grounded,done,other_or_unobserved,2,0.329133,dated billing receipts,False,False,audit/cells/880b586169e9387a62846cdd1dd653a2a5191b24c3030fc46b97939321747f31.json
experiments/output/ace_economy_20260916/validation/configs/validation__session__aime_1991_p9__seed1,aime_1991_p9,validation,prove_theorem_grounded,done,other_or_unobserved,14,0.040118839999999996,dated billing receipts,False,False,audit/cells/883f47ff992f612cc306902e9e9b5b04e060084657c08d7e2562e6a97721a1fb.json
experiments/output/ace_adaptation_x-offline-e3/configs/step94_curator_amc12a_2003_p1,amc12a_2003_p1,train,,failed,platform_failure,0,0.0,"cache tokens, current tariff; unrecorded retries unknown",False,False,audit/cells/88b6a93e66cd2dbd818c1273ba1693f9d044a0feea53b5306f47c13750270b88.json
experiments/output/ace_economy_refinement_20260916/final03/configs/validation__agentic_reset_compact__imo_1984_p6__seed0,imo_1984_p6,validation,prove_theorem_grounded,done,other_or_unobserved,4,0.019367739999999998,dated billing receipts,False,False,audit/cells/88c3c4ecde8c6d1c1192b991fab8a9fe0306464708b8a28d89302e82b34ac26c.json
experiments/output/ace_economy_refinement_20260916/final09/configs/validation__ace_compact__aime_1991_p9__seed1,aime_1991_p9,validation,prove_theorem_grounded,done,other_or_unobserved,1,0.03361082,dated billing receipts,False,False,audit/cells/88f5c13081c7ddd7fabec6209435924d41859d2033638d2b42b1d56aa4b4a280.json
experiments/output/ace_adaptation_x-offline-e3/configs/step87_curator_imo_1968_p5_1,imo_1968_p5_1,train,,failed,platform_failure,0,0.0,"cache tokens, current tariff; unrecorded retries unknown",False,False,audit/cells/8958c6dc6013efce82c81fb89be6ff145237a86677527e4fd1fcd2ba0419624f.json
experiments/output/ace_attribution_20260912/validation/terra/configs/imo_1984_p6__terra-none-medium__gpt-5.6-terra__seed0,imo_1984_p6,validation,prove_theorem_grounded,done,other_or_unobserved,7,0.2397728,dated billing receipts,False,False,audit/cells/8970dd5df1e02d15cdd19e130880f4c29909aeb8c4975d1235e181417890cfe1.json
experiments/output/ace_adaptation_review-repair-s0/configs/step01_generator_amc12b_2002_p11,amc12b_2002_p11,train,prove_theorem_ace,done,syntax,17,0.08218845999999999,"cache tokens, current tariff; unrecorded retries unknown",False,False,audit/cells/89744cd32661f027e718398ccb68b255473ec4511c287e16e46ad3a25e11926c.json
experiments/output/ace_x_validation_ace_x5_offline_rv3_agentic/configs/mathd_numbertheory_405__ace-fc7b45d4-core-medium__gpt-5.6-luna__seed0,mathd_numbertheory_405,validation,prove_theorem_ace,done,other_or_unobserved,8,0.028230599999999995,"cache tokens, current tariff; unrecorded retries unknown",False,False,audit/cells/898e17b30a0e6d720029433e51450938ce90c651103d1cc92aefdd27a336f133.json
experiments/output/ace_online_x-online-warm-s1_agentic/configs/amc12a_2020_p21__ace-2dca22e6-core-medium__gpt-5.6-luna__seed1,amc12a_2020_p21,validation,prove_theorem_ace,done,syntax,14,0.054489260000000005,"cache tokens, current tariff; unrecorded retries unknown",False,False,audit/cells/898ebddf785081c2ec2e57a8de932f543f5eaa6f5a414b9e62e327e3acb5f024.json
experiments/output/coverage_cycle_20260911/validation/E2/configs/amc12a_2019_p21__validation-E2__gpt-5.6-luna__seed0,amc12a_2019_p21,validation,prove_theorem_grounded,done,unknown_reference,5,0.03521974,dated billing receipts,False,False,audit/cells/899a2b823948287840fdfd7965bcb200cd43075011e36565a366ebd01b567650.json
experiments/output/ace_sanitized_20260917/validation/configs/validation__ace_coverage__proof__mathd_numbertheory_303__seed0,mathd_numbertheory_303,validation,prove_theorem_grounded,done,unknown_reference,10,0.06420366,dated billing receipts,False,False,audit/cells/89c78496b51d95d7ee85228c646613f35573fbd2ac69b59e69add651d1167bde.json
experiments/output/ace_adaptation_review-repair-s0/configs/step39_generator_imo_1967_p3,imo_1967_p3,train,prove_theorem_ace,done,unknown_reference,16,0.032956580000000006,"cache tokens, current tariff; unrecorded retries unknown",False,False,audit/cells/89ceffaa5f9a7950e3e6b0e415363d14a7aa2b4b0466e9b4c2d7a0021697b211.json
experiments/output/coverage_cycle_20260911/training/S/configs/algebra_amgm_sum1toneqn_prod1tonleq1__training-S__gpt-5.6-luna__seed0,algebra_amgm_sum1toneqn_prod1tonleq1,train,prove_theorem_grounded,done,other_or_unobserved,7,0.040533299999999994,dated billing receipts,False,False,audit/cells/89f232d3eb978d643a769ee2f7bab575f055ed8a9e13b4c37b191e8708c33630.json
experiments/output/acet_x_validation_ace_x6_repairs_k3_r2_agentic/configs/imo_1984_p6__acet-1d2bc630-30d3e288-k3-r2-core-medium__gpt-5.6-luna__seed1,imo_1984_p6,validation,prove_theorem_ace_triggered,done,incomplete_proof,26,0.028678160000000008,"cache tokens, current tariff; unrecorded retries unknown",False,False,audit/cells/89f36b1cc6fcb98994fbcb3c8574b8c84998c1ebddc21f20ed3dbde76b7817f5.json
experiments/output/ace_economy_refinement_20260916/final13/configs/validation__ace_reset_compact__aime_1991_p6__seed1,aime_1991_p6,validation,prove_theorem_grounded,done,unknown_reference,7,0.04521412,dated billing receipts,False,False,audit/cells/8a2c7ff75f5500cd634056b2bfa52844009d72c406897fa4be8cef7550fa0bd6.json
experiments/output/ace_models_20260910/proof/configs/amc12b_2004_p3__prover-low-1e4aec7dbbe80e7a__gpt-5.6-luna__seed0,amc12b_2004_p3,train,prove_theorem_grounded,done,unknown_reference,16,0.04223556,dated billing receipts,False,False,audit/cells/8a4da4569f279ed9452e3d2ed8acb3330fee831a689842cf3fa7058460e36838.json
experiments/output/ace_snippets_20260913/training/configs/snippets-v1__aime_1984_p1__training-A__seed0,aime_1984_p1,train,prove_theorem_grounded,done,other_or_unobserved,11,0.04230512,"cache tokens, current tariff; unrecorded retries unknown",False,False,audit/cells/8aa5228a632fd3faa6c73231c95efef54f551e869af842baab09976a11b0d09a.json
experiments/output/ace_capacity_20260912/mechanisms/configs/algebra_amgm_sum1toneqn_prod1tonleq1__C-level0__gpt-5.6-luna__seed0,algebra_amgm_sum1toneqn_prod1tonleq1,train,prove_theorem_grounded,done,other_or_unobserved,8,0.043168559999999995,"cache tokens, current tariff; unrecorded retries unknown",False,False,audit/cells/8aaeac08efb4a8dff709807a282541ba481dee773282672ef01476833b9340bd.json
experiments/output/ace_economy_20260916/validation/configs/validation__budget__mathd_algebra_282__seed0,mathd_algebra_282,validation,prove_theorem_grounded,done,incomplete_proof,48,0.05835588,dated billing receipts,False,False,audit/cells/8ac433ef423ee655c2d386b50f6ab6b182e7bb74ea2974bf9aab082cebd48889.json
experiments/output/ace_review_development/configs/mathd_numbertheory_37__x3-r64__gpt-5.6-luna__seed0,mathd_numbertheory_37,validation,prove_theorem_ace,done,arithmetic_or_search,19,0.10004632000000001,"cache tokens, current tariff; unrecorded retries unknown",False,False,audit/cells/8ac856ec81522f822add1bf725226c95d2dec8950ff7c14fe3ae03e75ae6e352.json
experiments/output/coverage_cycle_20260911/validation/S/configs/mathd_numbertheory_405__validation-S__gpt-5.6-luna__seed0,mathd_numbertheory_405,validation,prove_theorem_grounded,done,unknown_reference,9,0.03712704,dated billing receipts,False,False,audit/cells/8ae59827129cf3fb6d7d40ed6b93def52e4c20ae8f76e5a10812383b83a8ff48.json
experiments/output/ace_economy_budget_20260916/validation/configs/validation__agentic__mathd_numbertheory_43__seed0,mathd_numbertheory_43,validation,prove_theorem_grounded,done,other_or_unobserved,11,0.02494756,dated billing receipts,False,False,audit/cells/8b0be45d83e8cb86105be2d1f16be3734e131a3e3fdb407aa4e309c85bc851f1.json
experiments/output/ace_x_validation_ace_x3_offline_rv3_agentic/configs/algebra_others_exirrpowirrrat__ace-1e4aec7d-core-medium__gpt-5.6-luna__seed0,algebra_others_exirrpowirrrat,validation,prove_theorem_ace,done,other_or_unobserved,12,0.02833146,"cache tokens, current tariff; unrecorded retries unknown",False,False,audit/cells/8b1463467a6cf5b7b328dd3a7a3b58c9b191a9b4eae89cde4cbb7d0a0998d25f.json
experiments/output/ace_mechanisms_20260910/training/configs/mathd_numbertheory_301__training-R__gpt-5.6-luna__seed0,mathd_numbertheory_301,train,prove_theorem_grounded,done,incomplete_proof,1,0.00157142,dated billing receipts,False,False,audit/cells/8b206687e11af97d27dedb09c90ff548f08cb69b8bf392667c9d7e960b2fcdbe.json
experiments/output/ace_control_cycle_tuning/configs/imo_1967_p3__tuning-r64__gpt-5.6-luna__seed0,imo_1967_p3,train,prove_theorem_grounded,done,unproved_prerequisite,8,0.041013600000000004,"cache tokens, current tariff; unrecorded retries unknown",False,False,audit/cells/8b3737393cf673f704a81b4267fc38e2530bf38d71aa84a63e1b6a0896d9c727.json
experiments/output/ace_online_x3-online-s0_agentic/configs/amc12a_2020_p21__ace-21ac450b-core-medium__gpt-5.6-luna__seed0,amc12a_2020_p21,validation,prove_theorem_ace,done,other_or_unobserved,6,0.1057967,"cache tokens, current tariff; unrecorded retries unknown",False,False,audit/cells/8b497f608c1fda9b6c6db2ae210c8d259eff853764caf496aadedec1745daf77.json
experiments/output/ace_contenders_20260910/configs/mathd_numbertheory_405__validation-reflector-xhigh__gpt-5.6-luna__seed0,mathd_numbertheory_405,validation,prove_theorem_grounded,done,unknown_reference,4,0.039577579999999994,dated billing receipts,False,False,audit/cells/8b62ebe4b87e9df57330afa69e21f141574302071ceed5e9af8989e36fb00e89.json
experiments/output/ace_economy_refinement_20260916/final00/configs/validation__ace_reset__mathd_algebra_282__seed0,mathd_algebra_282,validation,prove_theorem_grounded,done,incomplete_proof,12,0.04158096,dated billing receipts,False,False,audit/cells/8b7ad922fc0d22ea27f4a1c6541175c29cf86c886828719a9742dfa51c22d624.json
experiments/output/ace_learning_20260914/validation/configs/validation__B__proof__mathd_numbertheory_37__seed1,mathd_numbertheory_37,validation,prove_theorem_grounded,done,other_or_unobserved,18,0.024888479999999998,dated billing receipts,False,False,audit/cells/8b81f3cdf7e349516fda99bde12ed18c19e134d5de5d77826dc1eb854b718c7b.json
experiments/output/ace_bounded_validation/configs/mathd_numbertheory_43__integrated-r64__gpt-5.6-luna__seed0,mathd_numbertheory_43,validation,prove_theorem_grounded,done,other_or_unobserved,9,0.027390220000000003,"cache tokens, current tariff; unrecorded retries unknown",False,False,audit/cells/8b9114d882438a4ee84777c83d65083398850e01a725fabc0cdfc6d00b01b007.json
experiments/output/ace_x_validation_agentic/configs/aime_1991_p6__ace-1ac8a092-core-medium__gpt-5.6-luna__seed0,aime_1991_p6,validation,prove_theorem_ace,done,incomplete_proof,21,0.0532463,"cache tokens, current tariff; unrecorded retries unknown",False,False,audit/cells/8b9718bd5a6a6b5f887fb2680e89c1fc749081720aa7e4eedec93acaa41c263c.json
experiments/output/ace_adaptation_x3-mono/configs/step33_curator_amc12_2000_p6,amc12_2000_p6,train,rewrite_playbook,done,no_verifier_evidence,0,0.01420476,"cache tokens, current tariff; unrecorded retries unknown",False,False,audit/cells/8ba88752459d5d77705863b0c724de198cafe1890b3a9b6b72df0ea82c4ba0c6.json
experiments/output/ace_sanitized_20260917/validation/configs/validation__agentic__proof__mathd_numbertheory_405__seed1,mathd_numbertheory_405,validation,prove_theorem_grounded,done,other_or_unobserved,8,0.0378017,dated billing receipts,False,False,audit/cells/8baf38168679966079e6cb97fc0190cfc9f4174fd85964d3ae798d0dbdea19a6.json
experiments/output/ace_economy_refinement_20260916/final00/configs/validation__ace_reset__mathd_algebra_282__seed1,mathd_algebra_282,validation,prove_theorem_grounded,done,incomplete_proof,21,0.03547406,dated billing receipts,False,False,audit/cells/8bb12957c9b3585e822f74b48d56c80e1b457dd5ae7bcaa341c5a1832d8ea2a3.json
experiments/output/ace_economy_refinement_20260916/final07/configs/validation__agentic__aime_1984_p7__seed0,aime_1984_p7,validation,prove_theorem_grounded,done,syntax,13,0.03558998,dated billing receipts,False,False,audit/cells/8bdae8db5600d92a96baa73ceda123796f066fb7d1e0d85857aa3fa1992a2b9f.json
experiments/output/ace_polish_training/configs/algebra_amgm_sum1toneqn_prod1tonleq1__candidate-r64__gpt-5.6-luna__seed0,algebra_amgm_sum1toneqn_prod1tonleq1,train,prove_theorem_grounded,done,unproved_prerequisite,12,0.03919006,"cache tokens, current tariff; unrecorded retries unknown",False,False,audit/cells/8bfe02af6a72d5d0af1a3e37c906b63a5836eda350688b5286012e4e58400b84.json
experiments/output/ace_x_validation_ace_x3_noreflect_agentic/configs/amc12a_2020_p21__ace-1ac8a092-core-medium__gpt-5.6-luna__seed0,amc12a_2020_p21,validation,prove_theorem_ace,done,incomplete_proof,19,0.10034342,"cache tokens, current tariff; unrecorded retries unknown",False,False,audit/cells/8c0ddf449c3213db16f675f01d736fccde8b3b88d35fb7b760c96eb26fcd49fc.json
experiments/output/ace_adaptation_x-mono/configs/step37_curator_imo_1968_p5_1,imo_1968_p5_1,train,rewrite_playbook,done,no_verifier_evidence,0,0.01492764,"cache tokens, current tariff; unrecorded retries unknown",False,False,audit/cells/8c3a7ead2a921e06938b19fb19cacef181e897f2b4981d11f78f6aba884474b5.json
experiments/output/ace_revision_20260913/validation/configs/validation__candidate__proof__mathd_numbertheory_37__seed0,mathd_numbertheory_37,validation,prove_theorem_grounded,done,incomplete_proof,17,0.03623244,dated billing receipts,False,False,audit/cells/8ca70097b22fa6af9cf7a8bf4ceb705b3d2e435379606dd5db44c13c3537cf50.json
experiments/output/ace_economy_20260916/validation/configs/validation__views__mathd_algebra_282__seed0,mathd_algebra_282,validation,prove_theorem_grounded,done,incomplete_proof,17,0.03120724,dated billing receipts,False,False,audit/cells/8cc91527e87466292780f4d105c24c3e012ce10c564365293adc7c1cdb141124.json
experiments/output/ace_economy_refinement_20260916/final09/configs/validation__agentic__amc12a_2020_p21__seed0,amc12a_2020_p21,validation,prove_theorem_grounded,done,arithmetic_or_search,10,0.03410472,dated billing receipts,False,False,audit/cells/8cdb1a52513d56b9a7b56b3680bfe236c5cde348d7fc4c98f23063209c96ba7f.json
experiments/output/ace_economy_budget_20260916/validation/configs/validation__agentic__mathd_algebra_282__seed1,mathd_algebra_282,validation,prove_theorem_grounded,done,incomplete_proof,46,0.04902048,dated billing receipts,False,False,audit/cells/8cdd41716209527b3df77ff646982ab628c4165a7f59924932055ded6a6579bc.json
experiments/output/ace_revision_20260913/training/configs/training__candidate__proof__mathd_algebra_224__seed0,mathd_algebra_224,train,prove_theorem_grounded,done,unknown_reference,8,0.03716328,dated billing receipts,False,False,audit/cells/8ce85d5fd5ee689d3dd6ccd6f3bb4d5eaee9412b771329dad2c777ad6c8dac9f.json
experiments/output/ace_adaptation_x-mono/configs/step21_generator_amc12a_2020_p13,amc12a_2020_p13,train,prove_theorem_ace,done,unproved_prerequisite,13,0.05550020000000001,"cache tokens, current tariff; unrecorded retries unknown",False,False,audit/cells/8cea088cd38acb02f76412774c5efe7202e86b2789bc45340e99d45a7ea89a48.json
experiments/output/ace_bounded_validation/configs/mathd_numbertheory_303__integrated-r64__gpt-5.6-luna__seed0,mathd_numbertheory_303,validation,prove_theorem_grounded,done,other_or_unobserved,7,0.042615759999999996,"cache tokens, current tariff; unrecorded retries unknown",False,False,audit/cells/8cfe1c511b961fe7855b71a35c3e0cb0e877b004f3b3a9c465b72f7f74ec0dd1.json
experiments/output/ace_sanitized_20260917/validation/configs/validation__agentic_coverage__proof__mathd_numbertheory_303__seed1,mathd_numbertheory_303,validation,prove_theorem_grounded,done,syntax,2,0.028772959999999997,dated billing receipts,False,False,audit/cells/8d77debc5ead657d80b6309d91ea0ab4a8bf80a8d165d0893e6b1669af514f1b.json
experiments/output/ace_x_validation_agentic/configs/imo_1964_p2__ace-d56da056-core-medium__gpt-5.6-luna__seed1,imo_1964_p2,validation,prove_theorem_ace,done,unproved_prerequisite,25,0.07690452,"cache tokens, current tariff; unrecorded retries unknown",False,False,audit/cells/8d7a906978b70bb2a55ba54a3b87f536b9226fa3156e4360a3868863eb523591.json
experiments/output/ace_adaptation_x-offline-e3/configs/step93_curator_amc12_2000_p1,amc12_2000_p1,train,,failed,platform_failure,0,0.0,"cache tokens, current tariff; unrecorded retries unknown",False,False,audit/cells/8d8c83020cd49f49805078e2bcae5dd7623aa6665f15bfadc2a17d43d9e90fc5.json
experiments/output/coverage_cycle_20260911/validation/S/configs/mathd_numbertheory_530__validation-S__gpt-5.6-luna__seed0,mathd_numbertheory_530,validation,prove_theorem_grounded,done,unproved_prerequisite,7,0.038698619999999996,dated billing receipts,False,False,audit/cells/8d98890573adc85c7c393d49c1adbd2ae311ebf1a181f7e36eed7201533f19aa.json
experiments/output/ace_online_x4-online-s0_agentic/configs/amc12_2001_p21__ace-1153545d-core-medium__gpt-5.6-luna__seed0,amc12_2001_p21,validation,prove_theorem_ace,done,incomplete_proof,20,0.10035026000000001,"cache tokens, current tariff; unrecorded retries unknown",False,False,audit/cells/8da27f43bb7f76879b01c3ebd02b527a901ec0dff96a6c16c222a3f64bd8a295.json
experiments/output/ace_adaptation_x3-mono/configs/step25_curator_amc12a_2016_p2,amc12a_2016_p2,train,rewrite_playbook,done,no_verifier_evidence,0,0.011797799999999999,"cache tokens, current tariff; unrecorded retries unknown",False,False,audit/cells/8da47d470db8a78fdcf84f947960f9cdcfd55f17a0f2c73428c98778411afbd6.json
experiments/output/ace_contenders_20260910/configs/mathd_numbertheory_43__validation-reflector-xhigh__gpt-5.6-luna__seed0,mathd_numbertheory_43,validation,prove_theorem_grounded,done,verifier_resource,1,0.02589422,dated billing receipts,False,False,audit/cells/8db39924ac65551b8c83b26e91d0be770b4fb1da2d82a7a153040304c23e06de.json
experiments/output/ace_capacity_20260912/headroom2/configs/amc12b_2002_p11__E-level2__gpt-5.6-luna__seed0,amc12b_2002_p11,train,prove_theorem_grounded,done,syntax,15,0.12018572,"cache tokens, current tariff; unrecorded retries unknown",False,False,audit/cells/8dc9e46172efd18ff228830914ac19ecb3e18375dc4b2c9df436b9f362dffed0.json
experiments/output/ace_snippets_20260913/training/configs/snippets-v1__aime_1988_p3__training-A__seed0,aime_1988_p3,train,prove_theorem_grounded,done,other_or_unobserved,10,0.04287404,"cache tokens, current tariff; unrecorded retries unknown",False,False,audit/cells/8df20c8ecd1c77db66c650348e73a23c91e7b5047b2cde6c0b041243179280fb.json
experiments/output/ace_models_20260910/proof/configs/imo_1977_p6__prover-xhigh-38ac3031ca8083bc__gpt-5.6-luna__seed0,imo_1977_p6,train,prove_theorem_grounded,done,no_verifier_evidence,0,0.02538824,dated billing receipts,False,False,audit/cells/8dfaf4d0d7bc04d02eeb2d0fe5b34664881a8b1bdab9547e5c34ff64955e421f.json
experiments/output/ace_revision_20260913/validation/configs/validation__candidate__proof__aime_1984_p7__seed1,aime_1984_p7,validation,prove_theorem_grounded,done,unknown_reference,10,0.04108986,dated billing receipts,False,False,audit/cells/8e21efcb11331aaab358a7d8a9cd2f09147116409fbc2949afcde874789e6ee7.json
experiments/output/ace_models_20260910/proof/configs/amc12b_2002_p11__prover-xhigh-4de2b7bf26816e71__gpt-5.6-luna__seed0,amc12b_2002_p11,train,prove_theorem_grounded,done,no_verifier_evidence,0,0.0255669,dated billing receipts,False,False,audit/cells/8e276f82befc2dfc54df4d5c75b3290e462d8ff3b9687227e2bb69e656772e63.json
experiments/output/acet_x_validation_ace_x5_offline_k3_agentic/configs/amc12a_2019_p21__acet-fc7b45d4-b1806cce-k3-core-medium__gpt-5.6-luna__seed0,amc12a_2019_p21,validation,prove_theorem_ace_triggered,done,other_or_unobserved,20,0.09056255999999999,"cache tokens, current tariff; unrecorded retries unknown",False,False,audit/cells/8e33cfba80973910aa0d7371a3331d77f97e0417bbfe46f0c4ad874c768ece64.json
experiments/output/ace_mechanisms_20260910/training/configs/imo_1968_p5_1__training-R__gpt-5.6-luna__seed0,imo_1968_p5_1,train,prove_theorem_grounded,done,unknown_reference,1,0.00575062,dated billing receipts,False,False,audit/cells/8e570b8dbbe79ce246af4a04049a6ec926a2ef3a7ebe065f3ee44dc4cb1ed9a2.json
experiments/output/ace_polish_validation/configs/mathd_numbertheory_37__candidate-r64__gpt-5.6-luna__seed1,mathd_numbertheory_37,validation,prove_theorem_grounded,done,other_or_unobserved,15,0.03462836,"cache tokens, current tariff; unrecorded retries unknown",False,False,audit/cells/8e5ee417ca3895f993578548e791d5248811e6c319a7bf72c4de58291970837e.json
experiments/output/acet_x_validation_ace_x6_repairs_k3_r2_agentic/configs/amc12a_2020_p21__acet-1d2bc630-30d3e288-k3-r2-core-medium__gpt-5.6-luna__seed0,amc12a_2020_p21,validation,prove_theorem_ace_triggered,done,other_or_unobserved,10,0.12236845999999998,"cache tokens, current tariff; unrecorded retries unknown",False,False,audit/cells/8e60d39060beabd9d781410c36ed185057f7bd17aba9bb01fb7e6aa4ff043e6a.json
experiments/output/coverage_cycle_20260911/validation/H/configs/imo_1984_p6__validation-H__gpt-5.6-luna__seed0,imo_1984_p6,validation,prove_theorem_grounded,done,other_or_unobserved,4,0.013767979999999999,dated billing receipts,False,False,audit/cells/8e6cbe80ee6d417753f67fdcdb4bfaf2c8d8e0f8a1a7f2ec342246523dd42b36.json
experiments/output/ace_models_20260910/proof/configs/imo_1977_p6__prover-medium-68338b80d7121921__gpt-5.6-luna__seed0,imo_1977_p6,train,prove_theorem_grounded,done,arithmetic_or_search,12,0.03983718,dated billing receipts,False,False,audit/cells/8e7ae02cb9b614a1bec531e5c7b4bf1fae4102c1c0445acc149547d659f5cf3f.json
experiments/output/ace_polish_validation/configs/aime_1991_p9__candidate-r64__gpt-5.6-luna__seed1,aime_1991_p9,validation,prove_theorem_grounded,done,unproved_prerequisite,15,0.039507060000000004,"cache tokens, current tariff; unrecorded retries unknown",False,False,audit/cells/8eaefe4f0a723f1df1a283d1c7e92f8bf63db0100b969cc3d2e257c923b0c294.json
experiments/output/ace_economy_refinement_20260916/final13/configs/validation__ace__aime_1991_p6__seed0,aime_1991_p6,validation,prove_theorem_grounded,done,unproved_prerequisite,9,0.04218702,dated billing receipts,False,False,audit/cells/8ed3b720486bb50cbf57cd04c17ce5ca55cfb0ec05cb745b1bc9b61a8182a97e.json
experiments/output/ace_review_development/configs/algebra_others_exirrpowirrrat__repair1-r64__gpt-5.6-luna__seed0,algebra_others_exirrpowirrrat,validation,prove_theorem_ace,done,incomplete_proof,43,0.09096807999999997,"cache tokens, current tariff; unrecorded retries unknown",False,False,audit/cells/8f0427d4ae401766730565ad37e491d844e86476ae7d9eea2342be526105351a.json
experiments/output/ace_review_development/configs/mathd_numbertheory_303__repair1-r64__gpt-5.6-luna__seed0,mathd_numbertheory_303,validation,prove_theorem_ace,done,other_or_unobserved,24,0.10151221999999999,"cache tokens, current tariff; unrecorded retries unknown",False,False,audit/cells/8f17ef9b197612f67c045cfd83314578f50e039ca09ba278e17fab978a3b7301.json
experiments/output/ace_bounded_validation/configs/imo_1984_p6__integrated-r64__gpt-5.6-luna__seed0,imo_1984_p6,validation,prove_theorem_grounded,done,other_or_unobserved,4,0.01407868,"cache tokens, current tariff; unrecorded retries unknown",False,False,audit/cells/8f25f70a49d6498301e9a69104d3fa3bd7d3aa5e029a02210ad587f8bda60827.json
experiments/output/ace_x_validation_ace_x3_strong_rv3_agentic/configs/mathd_numbertheory_37__ace-b596e7df-core-medium__gpt-5.6-luna__seed1,mathd_numbertheory_37,validation,prove_theorem_ace,done,arithmetic_or_search,19,0.04249974,"cache tokens, current tariff; unrecorded retries unknown",False,False,audit/cells/8f712a961951f615d1f4bda06a694550a7eea26dd456957f0eec9727dedbdef8.json
experiments/output/ace_x_validation_ace_x3_noreflect_rv3_agentic/configs/mathd_algebra_282__ace-ce233fe0-core-medium__gpt-5.6-luna__seed1,mathd_algebra_282,validation,prove_theorem_ace,done,incomplete_proof,20,0.026376220000000006,"cache tokens, current tariff; unrecorded retries unknown",False,False,audit/cells/8f8e7d0c7c1451c47d8506c114217160f8225f33993d661b0a16b631f63720d0.json
experiments/output/ace_online_x4-online-s0_agentic/configs/mathd_numbertheory_37__ace-f477830d-core-medium__gpt-5.6-luna__seed0,mathd_numbertheory_37,validation,prove_theorem_ace,done,unproved_prerequisite,11,0.030681060000000003,"cache tokens, current tariff; unrecorded retries unknown",False,False,audit/cells/8f98e1b1765f750074cf7e9e966ceadbdb753f673cb904d8933fa34dc1dfed59.json
experiments/output/ace_online_x3-online-s1_agentic/configs/mathd_algebra_282__ace-3e2b09ba-core-medium__gpt-5.6-luna__seed1,mathd_algebra_282,validation,prove_theorem_ace,done,incomplete_proof,19,0.02272524,"cache tokens, current tariff; unrecorded retries unknown",False,False,audit/cells/8fa9cc1583d29ac9311733d712750965c2cbd085a1b1632a18a36cdf1ba67c5d.json
experiments/output/ace_x_validation_ace_x5_offline_rv3_agentic/configs/mathd_numbertheory_43__ace-fc7b45d4-core-medium__gpt-5.6-luna__seed0,mathd_numbertheory_43,validation,prove_theorem_ace,done,other_or_unobserved,26,0.033185959999999994,"cache tokens, current tariff; unrecorded retries unknown",False,False,audit/cells/8fa9fe0fdb60f08ecc049770ebd9e00b0b86222bdc91a77ede20c2a854e35213.json
experiments/output/ace_models_20260910/proof/configs/imo_1977_p6__prover-xhigh-f6dd4886ff6a140b__gpt-5.6-luna__seed0,imo_1977_p6,train,prove_theorem_grounded,done,syntax,1,0.0299944,dated billing receipts,False,False,audit/cells/8faffb8f00e016831ec0382f90370e0dd9cbd2805c6c4b26d700a1be221f346a.json
experiments/output/ace_sanitized_20260917/validation/configs/validation__agentic_coverage__proof__imo_1984_p6__seed0,imo_1984_p6,validation,prove_theorem_grounded,done,other_or_unobserved,6,0.01945744,dated billing receipts,False,False,audit/cells/8fb7a266bd4e7ae2865fafcb6e2aee227ffef533eb7e766941d02bddae8a4053.json
experiments/output/ace_x_validation_ace_x3_offline_rv3_agentic/configs/algebra_others_exirrpowirrrat__ace-1e4aec7d-core-medium__gpt-5.6-luna__seed1,algebra_others_exirrpowirrrat,validation,prove_theorem_ace,done,unproved_prerequisite,17,0.06908525999999998,"cache tokens, current tariff; unrecorded retries unknown",False,False,audit/cells/8fbfa40fb3430bc5af9fd1575d639d0478e16cf4e1a225c773cde7b3c2d77db5.json
experiments/output/ace_roles_20260913/training/configs/training__candidate__proof__mathd_algebra_224__seed0,mathd_algebra_224,train,prove_theorem_grounded,done,unknown_reference,7,0.035050819999999996,dated billing receipts,False,False,audit/cells/8ff4f9db14bd9de1f843bf3576adc3dccaef5d98f17f8212e20fd2c3b1bdd00e.json
experiments/output/ace_online_x-online-warm-s0_agentic/configs/mathd_numbertheory_43__ace-707c26fd-core-medium__gpt-5.6-luna__seed0,mathd_numbertheory_43,validation,prove_theorem_ace,done,other_or_unobserved,17,0.043566759999999996,"cache tokens, current tariff; unrecorded retries unknown",False,False,audit/cells/90082d0fbb5cfd56cda63ef8ebdeb3ec3c85080fa979b892daebf59c4a6b5d0f.json
experiments/output/ace_contenders_20260910/configs/amc12b_2003_p6__validation-reflector-xhigh__gpt-5.6-luna__seed0,amc12b_2003_p6,validation,prove_theorem_grounded,done,other_or_unobserved,2,0.03690432,dated billing receipts,False,False,audit/cells/9082f48ecb931adab86ec8ef4e417c6a5482de2cb6f44778fa9fffe4d61d977b.json
experiments/output/ace_economy_refinement_20260916/final09/configs/validation__ace_reset_compact__amc12a_2020_p21__seed1,amc12a_2020_p21,validation,prove_theorem_grounded,done,other_or_unobserved,14,0.046486799999999995,dated billing receipts,False,False,audit/cells/90acc798a10a074be5f42b91a9c991d5f17031ab225584008e661c425ad6a96a.json
experiments/output/ace_mechanisms_20260910/validation/configs/mathd_numbertheory_303__validation-E__gpt-5.6-luna__seed1,mathd_numbertheory_303,validation,prove_theorem_grounded,done,no_verifier_evidence,0,0.02594256,dated billing receipts,False,False,audit/cells/90cc8f6b843c479c910aabff451c69793c69896cffcebb30b10ee1e2c82eeecd.json
experiments/output/acet_x_validation_ace_x5_offline_k3_agentic/configs/amc12_2001_p21__acet-fc7b45d4-b1806cce-k3-core-medium__gpt-5.6-luna__seed0,amc12_2001_p21,validation,prove_theorem_ace_triggered,done,other_or_unobserved,24,0.08701265999999999,"cache tokens, current tariff; unrecorded retries unknown",False,False,audit/cells/90df2939a213ea5adc5512f619cd368b8a88d310478e1cced483ff7afb352734.json
experiments/output/ace_economy_refinement_20260916/final00/configs/validation__ace_reset_compact__algebra_others_exirrpowirrrat__seed0,algebra_others_exirrpowirrrat,validation,prove_theorem_grounded,done,other_or_unobserved,6,0.04233854,dated billing receipts,False,False,audit/cells/9126ac9aaa29884095bfafce5ee6e4ead89fd13683dd0af0a1c8d96c42c1c8ee.json
experiments/output/ace_economy_20260916/validation/configs/validation__agentic__mathd_numbertheory_43__seed1,mathd_numbertheory_43,validation,prove_theorem_grounded,done,other_or_unobserved,11,0.0136762,dated billing receipts,False,False,audit/cells/9145856487d6969d14351200234574881e2d225ed4bf8a7645709260c3116533.json
experiments/output/ace_x_validation_agentic/configs/amc12a_2020_p21__ace-1ac8a092-core-medium__gpt-5.6-luna__seed0,amc12a_2020_p21,validation,prove_theorem_ace,done,arithmetic_or_search,15,0.04799842,"cache tokens, current tariff; unrecorded retries unknown",False,False,audit/cells/915bba2bf6f9996efc5cd7de2b8ce74380aeff92c2405ec058aa7a70b37d59aa.json
experiments/output/ace_roles_20260913/validation/configs/validation__candidate__proof__aime_1991_p6__seed1,aime_1991_p6,validation,,missing,other_or_unobserved,2,0.0766098,dated billing receipts,True,False,audit/cells/916319413b305839617c96365b9d19a8387ec85b00c305646f7b22e655ca5d3c.json
experiments/output/ace_revision_20260913/validation/configs/validation__candidate__proof__algebra_others_exirrpowirrrat__seed1,algebra_others_exirrpowirrrat,validation,prove_theorem_grounded,done,other_or_unobserved,6,0.04037872,dated billing receipts,False,False,audit/cells/917c40e9375ef6a7ce1ab2001d15ae957e8ef82ccb55f8f9a925151da83ef252.json
experiments/output/ace_x_validation_ace_digest_table_rv2_agentic/configs/mathd_numbertheory_43__ace-ca62b40b-core-medium__gpt-5.6-luna__seed1,mathd_numbertheory_43,validation,prove_theorem_ace,done,incomplete_proof,21,0.026289120000000003,"cache tokens, current tariff; unrecorded retries unknown",False,False,audit/cells/918af291e6def9c81bfeea955e1a44098d080af1c1ab25abd4e4728c4f0913ca.json
experiments/output/ace_economy_20260916/validation/configs/validation__session__algebra_others_exirrpowirrrat__seed1,algebra_others_exirrpowirrrat,validation,prove_theorem_grounded,done,other_or_unobserved,4,0.04144736,dated billing receipts,False,False,audit/cells/918ca999bc7bc5f8485b1c758f11809ccf12a12662fa035400e1c284bcead07d.json
experiments/output/ace_models_20260910/proof/configs/imo_1983_p6__prover-xhigh-125d7332ca106585__gpt-5.6-luna__seed0,imo_1983_p6,train,prove_theorem_grounded,done,incomplete_proof,6,0.035691799999999996,dated billing receipts,False,False,audit/cells/918f55c10396d3e7ad2bd381c3b943f6873b3863a9e5f89f2d84271af1bb0ed5.json
experiments/output/ace_polish_validation/configs/amc12a_2019_p21__reference-r64__gpt-5.6-luna__seed1,amc12a_2019_p21,validation,prove_theorem_grounded,done,unproved_prerequisite,11,0.04223814,"cache tokens, current tariff; unrecorded retries unknown",False,False,audit/cells/9194eab8165e842d2adf5e89df0065594dcbf800525051744f3759516aaf0178.json
experiments/output/ace_x_validation_agentic/configs/imo_1984_p6__ace-1ac8a092-k10-core-medium__gpt-5.6-luna__seed0,imo_1984_p6,validation,prove_theorem_ace,done,arithmetic_or_search,21,0.027576460000000004,"cache tokens, current tariff; unrecorded retries unknown",False,False,audit/cells/919c7bf493cd8c4c133c00a18e4ac96d61f0ae2b7d3419c7f278f6296a23c5cb.json
experiments/output/ace_economy_20260916/validation/configs/validation__ace__aime_1984_p7__seed1,aime_1984_p7,validation,prove_theorem_grounded,done,arithmetic_or_search,8,0.03379166,dated billing receipts,False,False,audit/cells/91d85aa365cf1e63d9e0e2261e6c22ef310ed43c1781a02006d653fc6ca3f0b7.json
experiments/output/ace_capacity_20260912/mechanisms/configs/mathd_numbertheory_629__B-level0__gpt-5.6-terra__seed0,mathd_numbertheory_629,train,prove_theorem_grounded,done,other_or_unobserved,4,0.3566598,"cache tokens, current tariff; unrecorded retries unknown",False,False,audit/cells/923445e456678c4f9d44c30435ed05923accace84ddc20b36d2603dbb5220602.json
experiments/output/ace_mechanisms_20260910/validation/configs/mathd_numbertheory_37__validation-E__gpt-5.6-luna__seed1,mathd_numbertheory_37,validation,prove_theorem_grounded,done,other_or_unobserved,1,0.02461474,dated billing receipts,False,False,audit/cells/924c92582dd313b0657bbd41e0cc54173af16409d9edf19959b4ef244a023b0b.json
experiments/output/coverage_cycle_20260911/validation/H/configs/amc12_2000_p12__validation-H__gpt-5.6-luna__seed0,amc12_2000_p12,validation,prove_theorem_grounded,done,other_or_unobserved,8,0.01807466,dated billing receipts,False,False,audit/cells/92a0b1f1f99076a0e7c91a0d3d57fc033093d258cc4c042ef552072f4260a757.json
experiments/output/ace_models_20260910/proof/configs/mathd_algebra_185__prover-xhigh-fa6b32f084145e14__gpt-5.6-luna__seed0,mathd_algebra_185,train,prove_theorem_grounded,done,no_verifier_evidence,0,0.02486424,dated billing receipts,False,False,audit/cells/92b876ff53ef6cae5cf56162f9179cdbfe53069b9ca9e0deda1a595b525ce528.json
experiments/output/ace_economy_20260916/validation/configs/validation__budget__algebra_others_exirrpowirrrat__seed0,algebra_others_exirrpowirrrat,validation,prove_theorem_grounded,done,other_or_unobserved,12,0.12171547999999999,dated billing receipts,False,False,audit/cells/92c1c6512dea2ec545158e9e25d1921fc818239c63090db43666e480332ffbcd.json
experiments/output/ace_models_20260910/proof/configs/mathd_algebra_185__prover-xhigh-8eefc07db15048b1__gpt-5.6-luna__seed0,mathd_algebra_185,train,prove_theorem_grounded,done,no_verifier_evidence,0,0.024457359999999997,dated billing receipts,False,False,audit/cells/92cce76d87b54f449a720d20557539a439db28df93c609a716ce170a97772aa4.json
experiments/output/ace_models_20260910/proof/configs/mathd_algebra_185__prover-medium-3bfe5109dc462e8c__gpt-5.6-luna__seed0,mathd_algebra_185,train,prove_theorem_grounded,done,other_or_unobserved,6,0.03309178,dated billing receipts,False,False,audit/cells/932e1600928e3a03833b3421401845bcf3972b0f2196f9be34cbfedb600b9e31.json
experiments/output/ace_economy_refinement_20260916/final02/configs/validation__ace_reset__amc12a_2019_p21__seed1,amc12a_2019_p21,validation,prove_theorem_grounded,done,other_or_unobserved,6,0.04262116,dated billing receipts,False,False,audit/cells/933618c12f63d8e8a9c8feec2a91211d0e126fd05927bfb749ce5fc51144358f.json
experiments/output/ace_x_validation_ace_x3_offline_agentic/configs/mathd_numbertheory_37__ace-1ac8a092-core-medium__gpt-5.6-luna__seed1,mathd_numbertheory_37,validation,,failed,platform_failure,0,0.00050982,"cache tokens, current tariff; unrecorded retries unknown",False,False,audit/cells/933a3b101a0f8aaf2d26e1fe69b26040142fdeaa3b18f2b25b90c1838a534ff5.json
experiments/output/coverage_cycle_20260911/validation/H/configs/algebra_others_exirrpowirrrat__validation-H__gpt-5.6-luna__seed0,algebra_others_exirrpowirrrat,validation,prove_theorem_grounded,done,no_verifier_evidence,0,0.045696099999999996,dated billing receipts,False,False,audit/cells/9341ef122558225259fad00bda6ff17f739d2c725457636b997b2c91ab5b10e1.json
experiments/output/ace_capacity_20260912/mechanisms/configs/mathd_numbertheory_629__A-level0__gpt-5.6-luna__seed0,mathd_numbertheory_629,train,prove_theorem_grounded,done,other_or_unobserved,15,0.04193766,"cache tokens, current tariff; unrecorded retries unknown",False,False,audit/cells/9353862656cf03bd74b9982383fe9b65df4fd4c1224eb7255a4c7540726427b9.json
experiments/output/ace_revision_20260913/validation/configs/validation__candidate__proof__mathd_numbertheory_405__seed0,mathd_numbertheory_405,validation,prove_theorem_grounded,done,other_or_unobserved,10,0.04031842,dated billing receipts,False,False,audit/cells/935be3dbd84ce403a61b5f9635d6b36f407333b96364a8a2efbc0db75ad75614.json
experiments/output/ace_mechanisms_20260910/training/configs/mathd_algebra_28__training-R__gpt-5.6-luna__seed0,mathd_algebra_28,train,prove_theorem_grounded,done,unproved_prerequisite,3,0.00263678,dated billing receipts,False,False,audit/cells/937027a5248e07267dc92ac095775111820e9bc9b42ef7ddc7650f5c0cc380df.json
experiments/output/ace_review_calibration/configs/amc12a_2020_p13__baseline-r32__gpt-5.6-luna__seed0,amc12a_2020_p13,train,prove_theorem_agentic,done,other_or_unobserved,15,0.05190703999999999,"cache tokens, current tariff; unrecorded retries unknown",False,False,audit/cells/937233bb1117de11b3a124e2ba8bf988ed38167b7147c841fa313025bcb440d2.json
experiments/output/coverage_cycle_20260911/validation/E2/configs/aime_1991_p9__validation-E2__gpt-5.6-luna__seed0,aime_1991_p9,validation,prove_theorem_grounded,done,unknown_reference,11,0.039428319999999996,dated billing receipts,False,False,audit/cells/938767861d639b78429490a4008bb75ee27be514a5e2b12335226eb511be7c3d.json
experiments/output/ace_economy_refinement_20260916/final03/configs/validation__ace_reset__imo_1984_p6__seed1,imo_1984_p6,validation,prove_theorem_grounded,done,other_or_unobserved,14,0.040816439999999996,dated billing receipts,False,False,audit/cells/93f26674211f4c941b3eb2947245d031630747ed1bf1a5d12b60345f5aef7b24.json
experiments/output/ace_economy_20260916/validation/configs/validation__session__aime_1991_p6__seed1,aime_1991_p6,validation,prove_theorem_grounded,done,incomplete_proof,6,0.04147698,dated billing receipts,False,False,audit/cells/93fb2adc6b426a68b1effe916443eff5589b99ce2ff486564376df75cb6d7295.json
experiments/output/ace_economy_20260916/validation/configs/validation__ace__imo_1969_p2__seed1,imo_1969_p2,validation,prove_theorem_grounded,done,incomplete_proof,19,0.03437288,dated billing receipts,False,False,audit/cells/9400b148ae05fa5c488481d6b218cea232ee1650a13d5e5f74f7e0fcd29f1c72.json
experiments/output/ace_mechanisms_20260910/training/configs/imo_1983_p6__training-C__gpt-5.6-luna__seed0,imo_1983_p6,train,prove_theorem_grounded,done,unproved_prerequisite,10,0.0412767,dated billing receipts,False,False,audit/cells/9454a77d1b112f8baf6501ee43fd606964c75c9f6f70b4c10312405ca3b55c0d.json
experiments/output/ace_models_20260910/proof/configs/mathd_numbertheory_221__prover-xhigh-f6dd4886ff6a140b__gpt-5.6-luna__seed0,mathd_numbertheory_221,train,prove_theorem_grounded,done,other_or_unobserved,3,0.03226496,dated billing receipts,False,False,audit/cells/94579622d419d83a4efd447d4d81b3be4c87e8777acd08117d547bbfe5ba8506.json
experiments/output/acet_x_validation_ace_x6_repairs_k3_r2_agentic/configs/mathd_algebra_282__acet-1d2bc630-30d3e288-k3-r2-core-medium__gpt-5.6-luna__seed0,mathd_algebra_282,validation,prove_theorem_ace_triggered,done,incomplete_proof,20,0.02077352,"cache tokens, current tariff; unrecorded retries unknown",False,False,audit/cells/949084f350a5e8c84161ec7d061da7455970cd15b9b072a4cd9b300a648626f4.json
experiments/output/ace_learning_20260914/training/configs/training__B__proof__amc12a_2020_p13__seed0,amc12a_2020_p13,train,prove_theorem_grounded,done,unproved_prerequisite,7,0.04052028,dated billing receipts,False,False,audit/cells/94b9b17118f6aedee73fda436a526cf5aeb2814030a64799cc0e473b4d848f9e.json
experiments/output/coverage_cycle_20260911/validation/E2/configs/imo_1984_p6__validation-E2__gpt-5.6-luna__seed0,imo_1984_p6,validation,prove_theorem_grounded,done,other_or_unobserved,4,0.03276888,dated billing receipts,False,False,audit/cells/94d62f6de6dc87343bd456967b25a2366b3f1126fa55fa843c17956d0e46e595.json
experiments/output/ace_review_development/configs/mathd_numbertheory_43__repair0-r64__gpt-5.6-luna__seed1,mathd_numbertheory_43,validation,prove_theorem_ace,done,other_or_unobserved,37,0.05974249999999998,"cache tokens, current tariff; unrecorded retries unknown",False,False,audit/cells/94d7a61ec97d33e6bb48d8328e353243aae1577c6d35f88231dad1810ae29409.json
experiments/output/ace_x_validation_ace_x3_offline_agentic/configs/imo_1984_p6__ace-1ac8a092-core-medium__gpt-5.6-luna__seed0,imo_1984_p6,validation,prove_theorem_ace,done,arithmetic_or_search,25,0.031429839999999994,"cache tokens, current tariff; unrecorded retries unknown",False,False,audit/cells/94dae0fb6eeac59ca82e22e435e34370cf12fa7fbd06f6bce0f7118b8b0088eb.json
experiments/output/ace_x_validation_ace_digest_table_rv2_agentic/configs/aime_1991_p9__ace-ca62b40b-core-medium__gpt-5.6-luna__seed1,aime_1991_p9,validation,prove_theorem_ace,done,arithmetic_or_search,20,0.05681452,"cache tokens, current tariff; unrecorded retries unknown",False,False,audit/cells/9527c39facdcf97c12a75dc052c156a898264b2be8aee8b9107d20977dff7159.json
experiments/output/ace_revision_20260913/validation/configs/validation__control__proof__mathd_numbertheory_303__seed1,mathd_numbertheory_303,validation,prove_theorem_grounded,done,unknown_reference,5,0.03454516,dated billing receipts,False,False,audit/cells/954388c309ef9a45f4fad66928d52219ecab7afbfc2a36d012d73d45d7722b05.json
experiments/output/ace_economy_20260916/validation/configs/validation__ace__induction_prod1p1onk3le3m1onn__seed0,induction_prod1p1onk3le3m1onn,validation,prove_theorem_grounded,done,other_or_unobserved,7,0.03889538,dated billing receipts,False,False,audit/cells/955eb9e39d2b840abd7dac6426a5ea2b7d639890db596f6dfba8ce46b6dfceb2.json
experiments/output/ace_x_validation_ace_x3_strong_rv3_agentic/configs/imo_1969_p2__ace-b596e7df-core-medium__gpt-5.6-luna__seed0,imo_1969_p2,validation,prove_theorem_ace,done,incomplete_proof,22,0.03051818,"cache tokens, current tariff; unrecorded retries unknown",False,False,audit/cells/957f32cd3e4ca29ea5441649627911cd7c23aafecd8a9eed609319fac14de68b.json
experiments/output/ace_mechanisms_20260910/validation/configs/imo_1984_p6__validation-E__gpt-5.6-luna__seed0,imo_1984_p6,validation,prove_theorem_grounded,done,no_verifier_evidence,0,0.0255924,dated billing receipts,False,False,audit/cells/958e0d1ed3efcbcd7339e46217400913cd30ecb53b41f74d304e37b51f3b3264.json
experiments/output/ace_sanitized_20260917/pilots/configs/pilots__book__proof__amc12a_2020_p13__seed0,amc12a_2020_p13,train,prove_theorem_grounded,done,arithmetic_or_search,7,0.037992399999999996,dated billing receipts,False,False,audit/cells/95911b5029d4295d4630400044f7a5e461c6af14ad721f0bd864dd78d33ad843.json
experiments/output/x_train_agentic/configs/amc12a_2020_p13__core-medium__gpt-5.6-luna__seed1,amc12a_2020_p13,train,prove_theorem_agentic,done,other_or_unobserved,14,0.05778791999999999,"cache tokens, current tariff; unrecorded retries unknown",False,False,audit/cells/9598eaca42ff1011e7e37fb6a06cb2869bd5595a8c0ce0dbfde8a37860de5ea4.json
experiments/output/ace_models_20260910/proof/configs/amc12b_2002_p11__prover-xhigh-10cc02b07a1c6c29__gpt-5.6-luna__seed0,amc12b_2002_p11,train,prove_theorem_grounded,done,unknown_reference,2,0.03641478,dated billing receipts,False,False,audit/cells/95bae8aff21f126de13b17c7c3b1e709b6886c9d89734051d51b03bb0ebce83d.json
experiments/output/ace_sanitized_20260917/validation/configs/validation__ace_selected__proof__amc12a_2019_p21__seed0,amc12a_2019_p21,validation,prove_theorem_grounded,done,no_verifier_evidence,0,0.0246731,dated billing receipts,False,False,audit/cells/95bcd7199e78573f9f44d38d74433a4212bab9542fcfd1ec2a5944299f4f1ddb.json
experiments/output/ace_capacity_20260912/headroom1/configs/amc12b_2002_p11__C-level1__gpt-5.6-luna__seed0,amc12b_2002_p11,train,prove_theorem_grounded,done,other_or_unobserved,17,0.11954284000000001,"cache tokens, current tariff; unrecorded retries unknown",False,False,audit/cells/95c9846688a2587ebe6a9e6073c6911297caa99024ce0672d5f1660a37b1a299.json
experiments/output/ace_economy_refinement_20260916/final00/configs/validation__ace_reset__algebra_others_exirrpowirrrat__seed0,algebra_others_exirrpowirrrat,validation,,failed,platform_failure,5,0.04139804,dated billing receipts,False,False,audit/cells/95d20fcc4f7c3f408c7f969ca5e71cd89c66a026cbca248c20035eaf03f34f80.json
experiments/output/ace_revision_20260913/validation/configs/validation__candidate__proof__mathd_numbertheory_303__seed0,mathd_numbertheory_303,validation,prove_theorem_grounded,done,unknown_reference,5,0.03832704,dated billing receipts,False,False,audit/cells/95f42b2993a19fcae4f18a8c96714e7f9d8fee695365b5e7b85a2eecc4e6b2d8.json
experiments/output/ace_online_x-online-warm-s1_agentic/configs/amc12_2001_p21__ace-481607c1-core-medium__gpt-5.6-luna__seed1,amc12_2001_p21,validation,prove_theorem_ace,done,incomplete_proof,20,0.06030811999999999,"cache tokens, current tariff; unrecorded retries unknown",False,False,audit/cells/962bfb8c26b10b2199e5ab3fb96d5c8cb24de405aecbc863d3d12941cf948d06.json
experiments/output/ace_mechanisms_20260910/validation/configs/mathd_numbertheory_43__validation-E__gpt-5.6-luna__seed1,mathd_numbertheory_43,validation,prove_theorem_grounded,done,no_verifier_evidence,0,0.02220068,dated billing receipts,False,False,audit/cells/963636ec2df0716fa057eb3eddb4705539f9adbabb0e99c8ac97095489eb3b7a.json
experiments/output/ace_review_development/configs/imo_1969_p2__x3-r64__gpt-5.6-luna__seed0,imo_1969_p2,validation,prove_theorem_ace,done,incomplete_proof,47,0.07511458,"cache tokens, current tariff; unrecorded retries unknown",False,False,audit/cells/9637b9881fe38c851a084c1402025047940f8abb6c8f59a008e8067f0822a491.json
experiments/output/ace_sanitized_20260917/validation/configs/validation__agentic__proof__aime_1984_p7__seed1,aime_1984_p7,validation,prove_theorem_grounded,done,arithmetic_or_search,1,0.04561972,dated billing receipts,False,False,audit/cells/9646ee20d7476a36f8f21ad46fe3919d8d792ebbad59c5afb1c5d435c52adcad.json
experiments/output/ace_learning_20260914/validation/configs/validation__B__proof__aime_1991_p6__seed0,aime_1991_p6,validation,prove_theorem_grounded,done,unproved_prerequisite,5,0.03600614,dated billing receipts,False,False,audit/cells/968900eb37971c50eb71ed4a0a70a3462dd273494416d0840b71c0600d577b26.json
experiments/output/ace_adaptation_x-mono/configs/step13_curator_mathd_algebra_43,mathd_algebra_43,train,rewrite_playbook,done,no_verifier_evidence,0,0.00919608,"cache tokens, current tariff; unrecorded retries unknown",False,False,audit/cells/9696e60868e466e976888481a1bad48989f42bc1ff59f23ba84eefe2da5d889a.json
experiments/output/ace_polish_validation/configs/amc12a_2019_p21__reference-r64__gpt-5.6-luna__seed0,amc12a_2019_p21,validation,prove_theorem_grounded,done,unproved_prerequisite,11,0.040915639999999996,"cache tokens, current tariff; unrecorded retries unknown",False,False,audit/cells/96c21ba28904e38949e8d464a3b5b5d432c7be73bad65a4e80958a202b16b3c3.json
experiments/output/ace_x_validation_ace_x3_noreflect_agentic/configs/amc12a_2019_p21__ace-1ac8a092-core-medium__gpt-5.6-luna__seed0,amc12a_2019_p21,validation,,failed,platform_failure,9,0.040836479999999994,"cache tokens, current tariff; unrecorded retries unknown",False,False,audit/cells/96f0f4385f9b5c6fa235541c4279a4546b53e2f4b5b93a8d4fc6dcd32de9a8c8.json
experiments/output/ace_sanitized_20260917/validation/configs/validation__ace_selected__proof__aime_1991_p6__seed1,aime_1991_p6,validation,prove_theorem_grounded,done,other_or_unobserved,4,0.04167208,dated billing receipts,False,False,audit/cells/9706621ea200b0deee2b9cb1d030b12c24a8e5468f071c2ac4695c007a029f00.json
experiments/output/ace_sanitized_20260917/validation/configs/validation__ace_selected__proof__imo_1964_p2__seed0,imo_1964_p2,validation,prove_theorem_grounded,done,unproved_prerequisite,13,0.03697536,dated billing receipts,False,False,audit/cells/9706ea991354b2c1a35f9e44ca43e234e57fb670b1037871a043bbe17104de7b.json
experiments/output/ace_sanitized_20260917/validation/configs/validation__ace_coverage__proof__mathd_numbertheory_303__seed1,mathd_numbertheory_303,validation,prove_theorem_grounded,done,unknown_reference,11,0.05998314,dated billing receipts,False,False,audit/cells/9709483a9a21f34559ac6cb0e2328ec6cb331a7010d950f074989bc726be0bf9.json
experiments/output/ace_revision_20260913/validation/configs/validation__candidate__proof__aime_1991_p6__seed0,aime_1991_p6,validation,prove_theorem_grounded,done,unknown_reference,8,0.0401068,dated billing receipts,False,False,audit/cells/97100076b2ff185ba04e5e1fdbc93bb280bef8366967c29788c86e42d1a37dca.json
experiments/output/ace_x_validation_ace_x5_offline_rv3_agentic/configs/amc12a_2020_p21__ace-fc7b45d4-core-medium__gpt-5.6-luna__seed0,amc12a_2020_p21,validation,prove_theorem_ace,done,other_or_unobserved,17,0.10430739999999998,"cache tokens, current tariff; unrecorded retries unknown",False,False,audit/cells/971608e0b2e34afd3c1aac0588e563a2707fd9d700ddc7106e6adf165f3880b9.json
experiments/output/ace_economy_refinement_20260916/final05/configs/validation__ace__mathd_numbertheory_43__seed0,mathd_numbertheory_43,validation,prove_theorem_grounded,done,other_or_unobserved,10,0.03142488,dated billing receipts,False,False,audit/cells/976b900a7a9e0f11deca42fb87802738546bd7efb5002c2d92ff56b1cfac6561.json
experiments/output/ace_adaptation_x-offline-e3/configs/step49_generator_amc12b_2002_p11,amc12b_2002_p11,train,prove_theorem_ace,done,arithmetic_or_search,12,0.06353402,"cache tokens, current tariff; unrecorded retries unknown",False,False,audit/cells/977a269d713b3b40ddf93e7c2241657ace20cd272cc777b1418416eba93ae34a.json
experiments/output/ace_attribution_20260912/effort/configs/amc12b_2002_p11__terra-none-low__gpt-5.6-terra__seed0,amc12b_2002_p11,train,prove_theorem_grounded,done,arithmetic_or_search,6,0.4010682,dated billing receipts,False,False,audit/cells/977f3b4fe529e22728463bcaa269bd88a7e4044f933bb82813277f6099904194.json
experiments/output/ace_economy_refinement_20260916/final09/configs/validation__agentic_reset__aime_1991_p9__seed1,aime_1991_p9,validation,prove_theorem_grounded,done,syntax,19,0.0461209,dated billing receipts,False,False,audit/cells/9784085c437971ddfbed8e0d2113501b1f5f2cc42041ea81373d77be40536bcb.json
experiments/output/ace_models_20260910/proof/configs/imo_1977_p6__prover-xhigh-fa6b32f084145e14__gpt-5.6-luna__seed0,imo_1977_p6,train,prove_theorem_grounded,done,syntax,1,0.03772232,dated billing receipts,False,False,audit/cells/9790328e53d785c527c108eb09000e9b612be65c31a34e94023e7f181e513b05.json
experiments/output/ace_roles_20260913/validation/configs/validation__control__proof__mathd_numbertheory_43__seed1,mathd_numbertheory_43,validation,,missing,other_or_unobserved,2,0.0051468799999999995,dated billing receipts,False,False,audit/cells/9797ea64428ca5bf80f93f6adbaf2096c215c397a0fb150c8d430f79dffdc80e.json
experiments/output/x_validation_stall_seenstate4_agentic/configs/mathd_numbertheory_43__core-medium-stall-seenstate4__gpt-5.6-luna__seed0,mathd_numbertheory_43,validation,prove_theorem_agentic_stall,done,verifier_resource,7,0.01689612,"cache tokens, current tariff; unrecorded retries unknown",False,False,audit/cells/97dcb662e6b3eac3f1a7694691efce7b3f5babca9632b657d4065bb17968b012.json
experiments/output/ace_attribution_20260912/validation/terra/configs/mathd_algebra_282__terra-none-medium__gpt-5.6-terra__seed0,mathd_algebra_282,validation,prove_theorem_grounded,done,incomplete_proof,17,0.3005246,dated billing receipts,False,False,audit/cells/97e708a5b8dc5f8a40c585db4fa2a7b984db1e93200caba8d378b0281d4e5c0f.json
experiments/output/ace_learning_20260914/validation/configs/validation__B__proof__induction_prod1p1onk3le3m1onn__seed0,induction_prod1p1onk3le3m1onn,validation,prove_theorem_grounded,done,other_or_unobserved,11,0.03863418,dated billing receipts,False,False,audit/cells/980036e5bd9bc79467be87ae70cb1ea1783243b439e433ffcfeda551d94c7773.json
experiments/output/ace_adaptation_x5-offline/configs/step20_generator_imo_1977_p6,imo_1977_p6,train,prove_theorem_ace,done,incomplete_proof,28,0.027024519999999993,"cache tokens, current tariff; unrecorded retries unknown",False,False,audit/cells/98095e91bdebb3b5795faa89701c7acd951c166dc8b5347f5f5ca650ce3a16a9.json
experiments/output/ace_economy_refinement_20260916/final18/configs/validation__ace__mathd_numbertheory_303__seed1,mathd_numbertheory_303,validation,prove_theorem_grounded,done,syntax,7,0.0350481,dated billing receipts,False,False,audit/cells/981ace7e2b309920c870c30bf94cfa974004cc9ca7b333126e6b92bb29696309.json
experiments/output/ace_online_x-online-warm-s1_agentic/configs/induction_prod1p1onk3le3m1onn__ace-4101c59d-core-medium__gpt-5.6-luna__seed1,induction_prod1p1onk3le3m1onn,validation,prove_theorem_ace,done,other_or_unobserved,21,0.06361474,"cache tokens, current tariff; unrecorded retries unknown",False,False,audit/cells/9821b06961e356449e102f182710bc11ae29bd98ec1776ae8330dff19199cb2a.json
experiments/output/ace_control_cycle_tuning/configs/amc12b_2002_p11__tuning-r64__gpt-5.6-luna__seed0,amc12b_2002_p11,train,prove_theorem_grounded,done,arithmetic_or_search,6,0.03806728,"cache tokens, current tariff; unrecorded retries unknown",False,False,audit/cells/983f139979da6e5dc391e72b1a75ec71015a735073bd2d307d7f12ebef5a429a.json
experiments/output/ace_x_validation_agentic/configs/mathd_numbertheory_303__ace-d56da056-core-medium__gpt-5.6-luna__seed1,mathd_numbertheory_303,validation,prove_theorem_ace,done,other_or_unobserved,19,0.06515966,"cache tokens, current tariff; unrecorded retries unknown",False,False,audit/cells/98472956740f4138f2b56514eddd24c4e68e22bc8274802a13ed166c3957e574.json
experiments/output/ace_mechanisms_20260910/training/configs/mathd_numbertheory_48__training-R__gpt-5.6-luna__seed0,mathd_numbertheory_48,train,prove_theorem_grounded,done,arithmetic_or_search,1,0.0008491,dated billing receipts,False,False,audit/cells/986c231666c3db09fabf12bc04ab4b937c0499be4eadb8b135ffa1039f3e32c3.json
experiments/output/ace_learning_20260914/validation/configs/validation__B__proof__mathd_numbertheory_530__seed0,mathd_numbertheory_530,validation,prove_theorem_grounded,done,unproved_prerequisite,5,0.04059172,dated billing receipts,False,False,audit/cells/98a97e0f179f86ba89487c92e7a98327e93a19c7c6bd6f9a23b2666b0d5c4bf3.json
experiments/output/ace_capacity_20260912/headroom2/configs/amc12a_2020_p13__C-level2__gpt-5.6-luna__seed0,amc12a_2020_p13,train,prove_theorem_grounded,done,syntax,18,0.12268652,"cache tokens, current tariff; unrecorded retries unknown",False,False,audit/cells/98aae6e99243b0595d7d8b871564b3e267c36d328b8937a0467e016b27ba8c75.json
experiments/output/ace_adaptation_review-repair-s0/configs/step24_generator_mathd_numbertheory_629,mathd_numbertheory_629,train,prove_theorem_ace,done,other_or_unobserved,20,0.047926639999999986,"cache tokens, current tariff; unrecorded retries unknown",False,False,audit/cells/98c0a1a0a66851968c4fb5030ad026fcced696577fa8d78dba87fbcd44c9fd47.json
experiments/output/ace_x_validation_ace_x4_offline_rv3_agentic/configs/mathd_numbertheory_43__ace-f1dd5c3a-core-medium__gpt-5.6-luna__seed0,mathd_numbertheory_43,validation,prove_theorem_ace,done,other_or_unobserved,11,0.02715046,"cache tokens, current tariff; unrecorded retries unknown",False,False,audit/cells/98c8f3d91c223437e654cabd49d27c4064465d99ad7182ad9fdf72060887ad90.json
experiments/output/ace_sanitized_20260917/validation/configs/validation__ace_selected__proof__aime_1991_p9__seed0,aime_1991_p9,validation,prove_theorem_grounded,done,other_or_unobserved,13,0.04231472,dated billing receipts,False,False,audit/cells/98dace16dfe27397eec1d3acf9a096d64fb3f5ab882828e822f11291acb77b42.json
experiments/output/ace_economy_20260916/validation/configs/validation__views__amc12_2001_p21__seed1,amc12_2001_p21,validation,prove_theorem_grounded,done,other_or_unobserved,10,0.03571132,dated billing receipts,False,False,audit/cells/98e4d2c97cc7a7ae7107672c2aeb8d9d55c66dc63e7c0894a8962e4a4d40a2cb.json
experiments/output/ace_sanitized_20260917/pilots/configs/pilots__concise__proof__aime_1988_p3__seed0,aime_1988_p3,train,prove_theorem_grounded,done,other_or_unobserved,10,0.0422571,dated billing receipts,False,False,audit/cells/98ed22b7f5a09f3e7b52060d1afeee9a7ebfac76828bcfa7788c5a476553c6be.json
experiments/output/ace_contenders_20260910/configs/imo_1984_p6__validation-reflector-xhigh__gpt-5.6-luna__seed0,imo_1984_p6,validation,prove_theorem_grounded,done,no_verifier_evidence,0,0.02307262,dated billing receipts,False,False,audit/cells/98eec68961e62f3972faa83b8b7028acd38a0ae1fc4f71e228a9e24cb5a40d0b.json
experiments/output/ace_attribution_20260912/validation/terra/configs/mathd_numbertheory_530__terra-ace-medium__gpt-5.6-terra__seed0,mathd_numbertheory_530,validation,prove_theorem_grounded,done,unproved_prerequisite,7,0.3715006,dated billing receipts,False,False,audit/cells/997fc29eb66b7288f03ef61e266a67822f38a72158a63123f2bbd7d0398cf388.json
experiments/output/ace_roles_20260913/reflection_pilot/configs/reflection_pilot__candidate__reflector__amc12_2000_p1__seed0,amc12_2000_p1,train,reflect_ace_evidence,done,no_verifier_evidence,0,0.0114398,dated billing receipts,False,False,audit/cells/99857955c6a73e5fe0c643ccb918cc915dc24a83fba9198ebf381b215818f8d5.json
experiments/output/ace_revision_20260913/validation/configs/validation__control__proof__algebra_others_exirrpowirrrat__seed1,algebra_others_exirrpowirrrat,validation,prove_theorem_grounded,done,other_or_unobserved,5,0.03579144,dated billing receipts,False,False,audit/cells/999a927bbbf60ecf2a039bd483eae0bc64e733f7188b6923c9a5886a141765d0.json
experiments/output/ace_attribution_20260912/effort/configs/amc12a_2020_p13__terra-none-high__gpt-5.6-terra__seed0,amc12a_2020_p13,train,prove_theorem_grounded,done,syntax,3,0.31954,dated billing receipts,False,False,audit/cells/99b2226ac53ee4f47a9025c09d8b066414741575ba3a18e5e2b8cc9f07284368.json
experiments/output/ace_models_20260910/proof/configs/amc12b_2002_p11__prover-xhigh-9771a16dde5dd680__gpt-5.6-luna__seed0,amc12b_2002_p11,train,prove_theorem_grounded,done,unproved_prerequisite,1,0.032053899999999996,dated billing receipts,False,False,audit/cells/99f38228f6f210ad742f57f961fe6d7667c59ec156a18bb3db03126434f6ea5f.json
experiments/output/ace_mechanisms_20260910/training/configs/mathd_algebra_224__training-R__gpt-5.6-luna__seed0,mathd_algebra_224,train,prove_theorem_grounded,done,arithmetic_or_search,14,0.03876598,dated billing receipts,False,False,audit/cells/9a10b98185e6abc9c57d8bfc1d542ee20fb0f150a1f5623c77c6510fd10dc7c7.json
experiments/output/ace_roles_20260913/validation/configs/validation__candidate__proof__mathd_numbertheory_43__seed1,mathd_numbertheory_43,validation,,missing,no_verifier_evidence,0,0.05660444,dated billing receipts,True,False,audit/cells/9a15b632acc2442020b180c90d684efa3abcd97e6dcf5e1481e5a0a9557c367f.json
experiments/output/ace_capacity_20260912/mechanisms/configs/mathd_numbertheory_629__C-level0__gpt-5.6-terra__seed0,mathd_numbertheory_629,train,prove_theorem_grounded,done,other_or_unobserved,13,0.4015512,"cache tokens, current tariff; unrecorded retries unknown",False,False,audit/cells/9a227b48db2c8b1ec41c0667bb1b14da3d82f99521648514157c4123e8ea0c39.json
experiments/output/ace_learning_20260914/validation/configs/validation__B__proof__mathd_numbertheory_303__seed0,mathd_numbertheory_303,validation,prove_theorem_grounded,done,unknown_reference,8,0.037201359999999996,dated billing receipts,False,False,audit/cells/9a4b17bf5da31febda369d6da89e12d526f7d677e3f3875751a196590ecb9e4f.json
experiments/output/ace_mechanisms_20260910/validation/configs/algebra_others_exirrpowirrrat__validation-E__gpt-5.6-luna__seed0,algebra_others_exirrpowirrrat,validation,prove_theorem_grounded,done,no_verifier_evidence,0,0.0247303,dated billing receipts,False,False,audit/cells/9a9ea034a15dfd7ee605fc14fb9dcc14cc37c34597051c0abcd5d3abe05ff13b.json
experiments/output/ace_revision_20260913/training/configs/training__candidate__proof__amc12_2000_p1__seed0,amc12_2000_p1,train,prove_theorem_grounded,done,unproved_prerequisite,12,0.0386663,dated billing receipts,False,False,audit/cells/9aafec41260096cb40868ace4b02e6ee942bd45afc183d9cfe783e32ac17904a.json
experiments/output/ace_x_validation_ace_x3_strong_rv3_agentic/configs/amc12a_2019_p21__ace-b596e7df-core-medium__gpt-5.6-luna__seed0,amc12a_2019_p21,validation,prove_theorem_ace,done,other_or_unobserved,12,0.026245279999999996,"cache tokens, current tariff; unrecorded retries unknown",False,False,audit/cells/9ac0550f5b40bee6deff9a968fd9303f4a2b3434c4dd727f75fb609d6c720f40.json
experiments/output/ace_adaptation_x3-strong/configs/step28_generator_mathd_algebra_185,mathd_algebra_185,train,prove_theorem_ace,done,syntax,14,0.031009820000000004,"cache tokens, current tariff; unrecorded retries unknown",False,False,audit/cells/9aef214b4a7d7d8c0e81a17d4300bf03679b1559ede1d8cda16d02370cde896d.json
experiments/output/ace_economy_refinement_20260916/final05/configs/validation__agentic__mathd_numbertheory_43__seed0,mathd_numbertheory_43,validation,prove_theorem_grounded,done,other_or_unobserved,12,0.04030918,dated billing receipts,False,False,audit/cells/9b39fe049912066c927d15c9f394c76afab1fcf8deb3c82e7b847defc73c6899.json
experiments/output/ace_bounded_validation/configs/mathd_algebra_282__integrated-r64__gpt-5.6-luna__seed0,mathd_algebra_282,validation,prove_theorem_grounded,done,incomplete_proof,8,0.03244514,"cache tokens, current tariff; unrecorded retries unknown",False,False,audit/cells/9b93438179e2265bf486022d61218e47a47ce5b78965684005a089d574adcd6d.json
experiments/output/ace_revision_20260913/validation/configs/validation__candidate__proof__algebra_others_exirrpowirrrat__seed0,algebra_others_exirrpowirrrat,validation,prove_theorem_grounded,done,other_or_unobserved,7,0.03675184,dated billing receipts,False,False,audit/cells/9bb4e74399a488f092034a6cde7b789f2786bd43f70f0beb17bb12bb4ffc0acc.json
experiments/output/ace_economy_refinement_20260916/final00/configs/validation__ace_compact__algebra_others_exirrpowirrrat__seed1,algebra_others_exirrpowirrrat,validation,prove_theorem_grounded,done,other_or_unobserved,4,0.037888939999999996,dated billing receipts,False,False,audit/cells/9bd2276cdcd2acc51ff082d594ddf154bbb0bb0c58047454f265d01ef036dadd.json
experiments/output/coverage_cycle_20260911/validation/H/configs/mathd_algebra_282__validation-H__gpt-5.6-luna__seed0,mathd_algebra_282,validation,prove_theorem_grounded,done,no_verifier_evidence,0,0.045518819999999995,dated billing receipts,False,False,audit/cells/9bd53dedf0f3c25ca9ab519c441bce0fe6bac84a5ff4b6bbd136fcab005ff87b.json
experiments/output/ace_polish_validation/configs/amc12a_2019_p21__candidate-r64__gpt-5.6-luna__seed0,amc12a_2019_p21,validation,prove_theorem_grounded,done,unproved_prerequisite,14,0.04703328,"cache tokens, current tariff; unrecorded retries unknown",False,False,audit/cells/9be64919774e2ae3ee54222dee455f5045110374bec143b77486ab689b6e2300.json
experiments/output/ace_adaptation_x4-offline/configs/step07_generator_amc12a_2017_p7,amc12a_2017_p7,train,prove_theorem_ace,done,verifier_resource,16,0.03762858,"cache tokens, current tariff; unrecorded retries unknown",False,False,audit/cells/9c0070a8a745148975559987c0156b735f3f79fcd143869be486e7f5eff8819a.json
experiments/output/ace_online_x-online-warm-s1_agentic/configs/amc12a_2008_p4__ace-c96b5190-core-medium__gpt-5.6-luna__seed1,amc12a_2008_p4,validation,prove_theorem_ace,done,other_or_unobserved,2,0.15981922,"cache tokens, current tariff; unrecorded retries unknown",False,False,audit/cells/9c0a35432a2614ea0e891a03d383e54e877cd2e5c1b748dd033097cf275a85d5.json
experiments/output/ace_economy_refinement_20260916/pilot/configs/train__agentic_reset__aime_1988_p3__seed0,aime_1988_p3,train,prove_theorem_grounded,done,other_or_unobserved,13,0.046592339999999996,dated billing receipts,False,False,audit/cells/9c3a534bb86a1cbc48e7f448058d4ebd91bdd2d1b5a370da2bae5d26904569c6.json
experiments/output/ace_models_20260910/proof/configs/imo_1977_p6__prover-medium-1e4aec7dbbe80e7a__gpt-5.6-luna__seed0,imo_1977_p6,train,prove_theorem_grounded,done,arithmetic_or_search,8,0.03942496,dated billing receipts,False,False,audit/cells/9c699c5239b8d9bbaac91b39da8c0debd83aaf4807704f01ea97e8279c0934e5.json
experiments/output/ace_sanitized_20260917/validation/configs/validation__agentic_coverage__proof__imo_1969_p2__seed0,imo_1969_p2,validation,prove_theorem_grounded,done,unknown_reference,12,0.06109832,dated billing receipts,False,False,audit/cells/9c71293dca468786dab25bdc9bf5d7418789eaec45c71652fae342e185784b10.json
experiments/output/ace_attribution_20260912/effort/configs/amc12b_2002_p11__terra-none-high__gpt-5.6-terra__seed0,amc12b_2002_p11,train,prove_theorem_grounded,done,no_verifier_evidence,0,0.2579802,dated billing receipts,False,False,audit/cells/9c79fa0fcde87c5ce4619e0c672becff5eaf642d4cb999cec72be010530e5a12.json
experiments/output/ace_x_validation_ace_digest_table_rv2_agentic/configs/imo_1969_p2__ace-ca62b40b-core-medium__gpt-5.6-luna__seed0,imo_1969_p2,validation,prove_theorem_ace,done,incomplete_proof,25,0.01739666,"cache tokens, current tariff; unrecorded retries unknown",False,False,audit/cells/9c7dc3d5953241026299c7b44dd944d01a3e1a9a98775e8f4058b40c2f79f960.json
experiments/output/ace_adaptation_x3-noreflect/configs/step14_generator_algebra_amgm_sum1toneqn_prod1tonleq1,algebra_amgm_sum1toneqn_prod1tonleq1,train,prove_theorem_ace,done,incomplete_proof,22,0.02059436,"cache tokens, current tariff; unrecorded retries unknown",False,False,audit/cells/9c81536db8b344a876a0bbde7e63c4174ff0b94b5160eed281a94789b455801d.json
experiments/output/coverage_cycle_20260911/validation/H/configs/mathd_numbertheory_43__validation-H__gpt-5.6-luna__seed0,mathd_numbertheory_43,validation,prove_theorem_grounded,done,verifier_resource,5,0.04563518,dated billing receipts,False,False,audit/cells/9c9da506087572e3922206467131a57cf61a9b298483b5a0943e82eeee4fdeff.json
experiments/output/ace_review_development/configs/amc12a_2020_p21__baseline-r64__gpt-5.6-luna__seed1,amc12a_2020_p21,validation,prove_theorem_agentic,done,incomplete_proof,20,0.1001476,"cache tokens, current tariff; unrecorded retries unknown",False,False,audit/cells/9cd8800273120247cb17cfe98f7500552a00073e05c5b0ca248c3bf01d04665a.json
experiments/output/ace_economy_refinement_20260916/final10/configs/validation__agentic_reset__mathd_numbertheory_405__seed0,mathd_numbertheory_405,validation,prove_theorem_grounded,done,other_or_unobserved,10,0.04344352,dated billing receipts,False,False,audit/cells/9d1f99a9c4836c9b7e37ebb73c428e1684c09e3661b90156db76d4c532ebbed1.json
experiments/output/acet_x_validation_ace_x6_repairs_k3_r2_agentic/configs/amc12a_2019_p21__acet-1d2bc630-30d3e288-k3-r2-core-medium__gpt-5.6-luna__seed0,amc12a_2019_p21,validation,prove_theorem_ace_triggered,done,incomplete_proof,20,0.10171644,"cache tokens, current tariff; unrecorded retries unknown",False,False,audit/cells/9d42cf06038fe01b2826bde70affeeed05de25b51aad114c0aebc839762592db.json
experiments/output/ace_x_validation_ace_x5_offline_rv2_agentic/configs/mathd_numbertheory_43__ace-fc7b45d4-core-medium__gpt-5.6-luna__seed1,mathd_numbertheory_43,validation,prove_theorem_ace,done,incomplete_proof,23,0.020849899999999994,"cache tokens, current tariff; unrecorded retries unknown",False,False,audit/cells/9d4c817ecc8378877c9881ed69b38dba131c09689c1700f1aff5fd1aeb755154.json
experiments/output/coverage_cycle_20260911/training/E2/configs/mathd_algebra_224__training-E2__gpt-5.6-luna__seed0,mathd_algebra_224,train,prove_theorem_grounded,done,arithmetic_or_search,9,0.03817324,dated billing receipts,False,False,audit/cells/9d734dcf7e1c95822f059dc011edcc662a649ca62da9a1b270e5fe77a4bdc3b1.json
experiments/output/acet_x_validation_ace_x5_offline_k3_agentic/configs/mathd_numbertheory_43__acet-fc7b45d4-b1806cce-k3-core-medium__gpt-5.6-luna__seed0,mathd_numbertheory_43,validation,prove_theorem_ace_triggered,done,other_or_unobserved,17,0.022134019999999997,"cache tokens, current tariff; unrecorded retries unknown",False,False,audit/cells/9d9293ef70a38a1a92e9390b8ecf2478c348b3cc9094359464254f3c2afdf4aa.json
experiments/output/ace_x_validation_agentic/configs/mathd_algebra_282__ace-d56da056-core-medium__gpt-5.6-luna__seed0,mathd_algebra_282,validation,prove_theorem_ace,done,incomplete_proof,16,0.024729299999999996,"cache tokens, current tariff; unrecorded retries unknown",False,False,audit/cells/9da239668507105071c35a413b85451981080a69ddb533c9c943ea5ab13d841e.json
experiments/output/ace_economy_refinement_20260916/final09/configs/validation__ace__aime_1991_p9__seed1,aime_1991_p9,validation,prove_theorem_grounded,done,unproved_prerequisite,9,0.03427722,dated billing receipts,False,False,audit/cells/9dbfd7be31b22775cb023cb01eef2e2e15ff748e425a2d72a188013cc80ea9b0.json
experiments/output/coverage_cycle_20260911/training/H/configs/aime_1988_p3__training-H__gpt-5.6-luna__seed0,aime_1988_p3,train,prove_theorem_grounded,done,unknown_reference,8,0.0441802,dated billing receipts,False,False,audit/cells/9dcfd91ec49e9d6db56f85cab86cd33681edd5f96f3bf7c2920e1cc593c00bab.json
experiments/output/ace_adaptation_x-offline-e3/configs/step103_curator_mathd_numbertheory_326,mathd_numbertheory_326,train,,failed,platform_failure,0,0.0,"cache tokens, current tariff; unrecorded retries unknown",False,False,audit/cells/9dd580b14d4ab3f53540d981ffc39045aba28bec750ccca11bf3f9b9b477c11f.json
experiments/output/x_validation_stall_seenstate4_agentic/configs/mathd_numbertheory_303__core-medium-stall-seenstate4__gpt-5.6-luna__seed0,mathd_numbertheory_303,validation,prove_theorem_agentic_stall,done,incomplete_proof,11,0.02114472,"cache tokens, current tariff; unrecorded retries unknown",False,False,audit/cells/9e0c72e98ef8f3c0ffa903d788ea017123d9a8d705fb9520142a882bbac37721.json
experiments/output/ace_economy_session_20260916/validation/configs/validation__agentic_session__amc12a_2020_p21__seed0,amc12a_2020_p21,validation,prove_theorem_grounded,done,other_or_unobserved,9,0.03398924,dated billing receipts,False,False,audit/cells/9e0ed82ca282216fd07a19fb9df0140a966dd7c35520cb3e91a39484112eaf18.json
experiments/output/ace_x_validation_agentic/configs/amc12_2001_p21__ace-d56da056-core-medium__gpt-5.6-luna__seed0,amc12_2001_p21,validation,prove_theorem_ace,done,other_or_unobserved,21,0.07784598000000001,"cache tokens, current tariff; unrecorded retries unknown",False,False,audit/cells/9e18bbd30f906cf1b3f947c438f5f9302b06aec8ba46cd9226f7f8a93e0552de.json
experiments/output/ace_economy_20260916/validation/configs/validation__budget__imo_1969_p2__seed0,imo_1969_p2,validation,prove_theorem_grounded,done,arithmetic_or_search,19,0.13016478,dated billing receipts,False,False,audit/cells/9e7a5ceec1f1d021633df0ec0257630638121c119c78813972e92c216ff6adb8.json
experiments/output/ace_control_cycle_validation/configs/amc12_2001_p21__validation-r64__gpt-5.6-luna__seed0,amc12_2001_p21,validation,prove_theorem_grounded,done,other_or_unobserved,19,0.041152339999999996,"cache tokens, current tariff; unrecorded retries unknown",False,False,audit/cells/9e83d6599cbf8a43f50c9529e9ff69a364b3d5e552ac7161ffbeaebf152a9671.json
experiments/output/ace_snippets_20260913/writer_pilot/seed0/configs/writer-drafts-v1__mathd_algebra_224__curator-draft__seed0,mathd_algebra_224,train,write_rocq_drafts,done,incomplete_proof,2,0.007343279999999999,"cache tokens, current tariff; unrecorded retries unknown",False,False,audit/cells/9e9bc143e093dd70adf0843d1830ccbf794a6d8502a850adcbdf01cb3cab0a37.json
experiments/output/coverage_cycle_20260911/training/S/configs/imo_1977_p6__training-S__gpt-5.6-luna__seed0,imo_1977_p6,train,prove_theorem_grounded,done,other_or_unobserved,11,0.035700459999999996,dated billing receipts,False,False,audit/cells/9eac247de907e7f6a3fe0e92b3423fe2f77be2245bf8d6609371369d8c38f21c.json
experiments/output/ace_contenders_20260910/configs/mathd_algebra_224__training-reflector-medium__gpt-5.6-luna__seed0,mathd_algebra_224,train,prove_theorem_grounded,done,no_verifier_evidence,0,0.024784439999999998,dated billing receipts,False,False,audit/cells/9eacbef41fc5bdb1dd1524fa346a3fdbf2f408b30666c720ec50ee6158e8f194.json
experiments/output/ace_x_validation_agentic/configs/mathd_numbertheory_405__ace-d56da056-core-medium__gpt-5.6-luna__seed0,mathd_numbertheory_405,validation,prove_theorem_ace,done,other_or_unobserved,8,0.10769968,"cache tokens, current tariff; unrecorded retries unknown",False,False,audit/cells/9eb301b80f0b85f70c1abf6fbc3c44bf5cd2af8d524f6ffdd973c633e3e0df14.json
experiments/output/ace_economy_20260916/validation/configs/validation__agentic__amc12a_2020_p21__seed0,amc12a_2020_p21,validation,prove_theorem_grounded,done,other_or_unobserved,9,0.03829884,dated billing receipts,False,False,audit/cells/9ec2b0530661ca49867a6ce0b03e6518446147ceef6f2c7dea633fbcd0fa774d.json
experiments/output/ace_attribution_20260912/validation/terra/configs/imo_1969_p2__terra-none-medium__gpt-5.6-terra__seed0,imo_1969_p2,validation,prove_theorem_grounded,done,unknown_reference,8,0.42109219999999997,dated billing receipts,False,False,audit/cells/9ed663ad3269db6845eb90488a97c410b4329b6e3479b915c595356f13b52b68.json
experiments/output/coverage_cycle_20260911/training/H/configs/imo_1963_p5__training-H__gpt-5.6-luna__seed0,imo_1963_p5,train,prove_theorem_grounded,done,unknown_reference,5,0.04469502,dated billing receipts,False,False,audit/cells/9ef9b4e60141ee55bdd84c9c0c6ccf4d414d4c1753e63dad23e6ad739c577c38.json
experiments/output/ace_x_validation_agentic/configs/algebra_others_exirrpowirrrat__ace-1ac8a092-core-medium__gpt-5.6-luna__seed1,algebra_others_exirrpowirrrat,validation,prove_theorem_ace,done,unknown_reference,10,0.036623720000000005,"cache tokens, current tariff; unrecorded retries unknown",False,False,audit/cells/9f008e4f7bb27763463bbc287caa86e2cc2ee4921cdcf2649304268e51756ead.json
experiments/output/ace_economy_refinement_20260916/final06/configs/validation__ace_reset__imo_1969_p2__seed1,imo_1969_p2,validation,prove_theorem_grounded,done,unknown_reference,6,0.04292174,dated billing receipts,False,False,audit/cells/9f3a384cee456528fe72503caaef21535e379c0c58ed51da0bb11e0b7ba56908.json
experiments/output/ace_x_validation_ace_x5_offline_rv2_agentic/configs/mathd_numbertheory_405__ace-fc7b45d4-core-medium__gpt-5.6-luna__seed0,mathd_numbertheory_405,validation,prove_theorem_ace,done,incomplete_proof,29,0.06277764,"cache tokens, current tariff; unrecorded retries unknown",False,False,audit/cells/9f8a20113879e9799f0559d5792696a47a2ac00ce1e6cb255224ae17ba9514a6.json
experiments/output/ace_attribution_20260912/validation/terra/configs/mathd_algebra_282__terra-ace-medium__gpt-5.6-terra__seed0,mathd_algebra_282,validation,prove_theorem_grounded,done,incomplete_proof,23,0.3066342,dated billing receipts,False,False,audit/cells/9f9f0bc3fb5499a9cf0fa5c83bb748b26db6cd4d4d55c05c08ee19560112e4fe.json
experiments/output/coverage_cycle_20260911/training/S/configs/imo_1967_p3__training-S__gpt-5.6-luna__seed0,imo_1967_p3,train,prove_theorem_grounded,done,incomplete_proof,10,0.03771898,dated billing receipts,False,False,audit/cells/9fb3be43afd90b0e5d78ec06124410adad99849f032c73385b1b5381aa4ea8d2.json
experiments/output/ace_x_validation_ace_x3_mono_rv3_agentic/configs/mathd_numbertheory_303__ace-0e162d51-core-medium__gpt-5.6-luna__seed1,mathd_numbertheory_303,validation,prove_theorem_ace,done,arithmetic_or_search,14,0.04582971999999999,"cache tokens, current tariff; unrecorded retries unknown",False,False,audit/cells/9fd8a0ad198f20d5eba954c6198193ce4265c5ad9bbb201ac7688b4c02c757f6.json
experiments/output/ace_attribution_20260912/training/luna-none/configs/imo_1977_p6__luna-none-medium__gpt-5.6-luna__seed0,imo_1977_p6,train,prove_theorem_grounded,done,other_or_unobserved,8,0.03940944,dated billing receipts,False,False,audit/cells/9fe723030cf56713cb29e8f50054877239725f0961d0b1f2d81224857a0bdc30.json
experiments/output/ace_x_validation_agentic/configs/algebra_others_exirrpowirrrat__ace-d56da056-core-medium__gpt-5.6-luna__seed0,algebra_others_exirrpowirrrat,validation,prove_theorem_ace,done,arithmetic_or_search,14,0.041276339999999995,"cache tokens, current tariff; unrecorded retries unknown",False,False,audit/cells/a0092ddfc51f99f9f4f4d6e4952cb4e5b03c36df603790a50d655cb7b7d97913.json
experiments/output/ace_adaptation_x-mono/configs/step24_curator_mathd_numbertheory_629,mathd_numbertheory_629,train,rewrite_playbook,done,no_verifier_evidence,0,0.014264520000000001,"cache tokens, current tariff; unrecorded retries unknown",False,False,audit/cells/a00f8f5625a21945f2c76ced49dcc1a5ec9d07d0aa06caf0ab04243f2ccbba31.json
experiments/output/ace_sanitized_20260917/validation/configs/validation__agentic_coverage__proof__mathd_numbertheory_37__seed0,mathd_numbertheory_37,validation,prove_theorem_grounded,done,other_or_unobserved,18,0.03123066,dated billing receipts,False,False,audit/cells/a069ddcf95719f194a44f8cb35dffa4767acbf788eb074ca470fd57a75a3d321.json
experiments/output/ace_revision_20260913/validation/configs/validation__control__proof__imo_1964_p2__seed1,imo_1964_p2,validation,prove_theorem_grounded,done,arithmetic_or_search,13,0.04168934,dated billing receipts,False,False,audit/cells/a095a691ce81618371c856a2dddcb03b560866e6cad50b26ffd7375ea7c8d6f9.json
experiments/output/ace_adaptation_x-offline/configs/step28_generator_mathd_algebra_185,mathd_algebra_185,train,prove_theorem_ace,done,arithmetic_or_search,20,0.08197858,"cache tokens, current tariff; unrecorded retries unknown",False,False,audit/cells/a099f8ff035c869f3fe8fb089d7777782c6e770d7b704a2227844f66247e9a7d.json
experiments/output/ace_economy_refinement_20260916/final07/configs/validation__agentic_compact__aime_1984_p7__seed1,aime_1984_p7,validation,prove_theorem_grounded,done,unknown_reference,11,0.04823426,dated billing receipts,False,False,audit/cells/a0a2c5ce5f17e50ab65d72a155780a5436575fd42a79ba14d4de9e20ba5686e1.json
experiments/output/ace_economy_20260916/validation/configs/validation__budget__mathd_numbertheory_43__seed1,mathd_numbertheory_43,validation,prove_theorem_grounded,done,other_or_unobserved,13,0.03175174,dated billing receipts,False,False,audit/cells/a0a3fcc4ff94a2422c8b2a35be810513396a9df624c31219b5ddfcb3f694b6a4.json
experiments/output/ace_adaptation_x3-offline-e3/configs/step61_generator_algebra_amgm_sum1toneqn_prod1tonleq1,algebra_amgm_sum1toneqn_prod1tonleq1,train,prove_theorem_ace,done,incomplete_proof,19,0.025053719999999998,"cache tokens, current tariff; unrecorded retries unknown",False,False,audit/cells/a0a97f8a3aa593833d1c1a48d717a14312a8f1d05c11f15ed715fb9ae7e2b8f7.json
experiments/output/ace_economy_20260916/validation/configs/validation__agentic__amc12a_2019_p21__seed0,amc12a_2019_p21,validation,prove_theorem_grounded,done,no_verifier_evidence,0,0.02466694,dated billing receipts,False,False,audit/cells/a0b3ac581e10bd9b76ce4be49c88c193ae66863a3afa5b11b288ae2e1910d6c1.json
experiments/output/ace_adaptation_x3-mono/configs/step13_curator_mathd_algebra_43,mathd_algebra_43,train,rewrite_playbook,done,no_verifier_evidence,0,0.00799836,"cache tokens, current tariff; unrecorded retries unknown",False,False,audit/cells/a0cbf5c2912cc70384760e81761ba8aab1b0f23646be228bf26f2d023a77e36a.json
experiments/output/ace_economy_refinement_20260916/final02/configs/validation__ace__amc12a_2019_p21__seed1,amc12a_2019_p21,validation,prove_theorem_grounded,done,arithmetic_or_search,5,0.0395764,dated billing receipts,False,False,audit/cells/a12b3f11d4c52cc27a4139583d060658cd329494e2d4bbf206050a4ff0f40a99.json
experiments/output/ace_revision_20260913/training/configs/training__candidate__proof__amc12a_2020_p13__seed0,amc12a_2020_p13,train,prove_theorem_grounded,done,other_or_unobserved,7,0.036148559999999996,dated billing receipts,False,False,audit/cells/a12f0494c7f27d30b08bfc578f0d99d35d86f3f5ea8ce67edca74963b0140023.json
experiments/output/ace_polish_training/configs/imo_1983_p6__candidate-r64__gpt-5.6-luna__seed0,imo_1983_p6,train,prove_theorem_grounded,done,arithmetic_or_search,12,0.041271819999999994,"cache tokens, current tariff; unrecorded retries unknown",False,False,audit/cells/a12f4c281f5f63ff7f6cec1442aa1b1da02ee807f7829c1494a3c5e6f2f21eac.json
experiments/output/ace_capacity_20260912/mechanisms/configs/imo_1967_p3__A-level0__gpt-5.6-terra__seed0,imo_1967_p3,train,prove_theorem_grounded,done,unknown_reference,10,0.37344399999999994,"cache tokens, current tariff; unrecorded retries unknown",False,False,audit/cells/a1533e10ecabe292e76350904b34053af87542e76155670478449291bb82756b.json
experiments/output/ace_review_development/configs/amc12a_2019_p21__repair1-r64__gpt-5.6-luna__seed1,amc12a_2019_p21,validation,prove_theorem_ace,done,incomplete_proof,38,0.10156107999999998,"cache tokens, current tariff; unrecorded retries unknown",False,False,audit/cells/a16617815adb759689c6d7fd0af21c6362cd1d356a1fb9c56448650a33c152f0.json
experiments/output/coverage_cycle_20260911/validation/E2/configs/induction_prod1p1onk3le3m1onn__validation-E2__gpt-5.6-luna__seed0,induction_prod1p1onk3le3m1onn,validation,prove_theorem_grounded,done,unknown_reference,11,0.03937276,dated billing receipts,False,False,audit/cells/a17630f387057def4f8aff06893299d627019dd8671ebb3ee5fbc9fc631147e7.json
experiments/output/ace_capacity_20260912/mechanisms/configs/mathd_numbertheory_629__A-level0__gpt-5.6-terra__seed0,mathd_numbertheory_629,train,prove_theorem_grounded,done,other_or_unobserved,3,0.38037080000000006,"cache tokens, current tariff; unrecorded retries unknown",False,False,audit/cells/a1a174bb89bb1f5fe7d0a01ba2009dacdfca5e2c362660194f20ff5b96179c5a.json
experiments/output/coverage_cycle_20260911/validation/S/configs/induction_prod1p1onk3le3m1onn__validation-S__gpt-5.6-luna__seed0,induction_prod1p1onk3le3m1onn,validation,prove_theorem_grounded,done,other_or_unobserved,12,0.04060578,dated billing receipts,False,False,audit/cells/a1ec2275b7d7b801a12309c1937c426b251fa5dea9fea5834ed480046fa99be8.json
experiments/output/ace_economy_refinement_20260916/final04/configs/validation__agentic_reset_compact__mathd_numbertheory_37__seed0,mathd_numbertheory_37,validation,prove_theorem_grounded,done,other_or_unobserved,16,0.02242092,dated billing receipts,False,False,audit/cells/a1f98bd5cf8ab55280b9fe7119e262d19abb0bde290398c73e4461b760ed50da.json
experiments/output/ace_economy_refinement_20260916/final05/configs/validation__ace_reset__mathd_numbertheory_43__seed0,mathd_numbertheory_43,validation,prove_theorem_grounded,done,other_or_unobserved,9,0.03978202,dated billing receipts,False,False,audit/cells/a2144eb7d02a423791bc1a0629e8e9249b2b54b6ded01c70691c4d6a28ec9946.json
experiments/output/ace_adaptation_x3-offline/configs/step01_generator_amc12b_2002_p11,amc12b_2002_p11,train,prove_theorem_ace,done,other_or_unobserved,15,0.06340754000000001,"cache tokens, current tariff; unrecorded retries unknown",False,False,audit/cells/a2253efcfc5746252bfc6fd35e5e52399152c0b131a72bbe373a6d01267c7c20.json
experiments/output/ace_adaptation_x3-mono/configs/step34_curator_mathd_algebra_224,mathd_algebra_224,train,rewrite_playbook,done,no_verifier_evidence,0,0.013262759999999998,"cache tokens, current tariff; unrecorded retries unknown",False,False,audit/cells/a38d7387c5cf4cde32bc20290a3db3114bc0ba158b97cd78d15d1f9115a3cbba.json
experiments/output/ace_x_validation_ace_x4_offline_rv3_agentic/configs/mathd_numbertheory_530__ace-f1dd5c3a-core-medium__gpt-5.6-luna__seed1,mathd_numbertheory_530,validation,prove_theorem_ace,done,other_or_unobserved,8,0.025790320000000002,"cache tokens, current tariff; unrecorded retries unknown",False,False,audit/cells/a3bb826da2fb6bc7aeb9715f68adcb3fbb1dd153ddef749c4de6938d921ea6ef.json
experiments/output/ace_economy_20260916/validation/configs/validation__views__aime_1991_p6__seed0,aime_1991_p6,validation,prove_theorem_grounded,done,unproved_prerequisite,3,0.040567599999999995,dated billing receipts,False,False,audit/cells/a3d4a43c1efc8f5672939d59200f000ed8b1be56031dfe764a442464482f2a14.json
experiments/output/ace_x_validation_agentic/configs/imo_1969_p2__ace-d56da056-core-medium__gpt-5.6-luna__seed0,imo_1969_p2,validation,prove_theorem_ace,done,incomplete_proof,25,0.03152358,"cache tokens, current tariff; unrecorded retries unknown",False,False,audit/cells/a3f2fab14d204549b2403e8a3f52ffb345acd0a1f4de3971c187b3abf2aa35a4.json
experiments/output/ace_economy_20260916/validation/configs/validation__views__amc12_2001_p21__seed0,amc12_2001_p21,validation,prove_theorem_grounded,done,syntax,12,0.03433066,dated billing receipts,False,False,audit/cells/a3fd7b865ebb8b36fced910e4d1b928788f2e975b9114290fb6b4f892f0dbfde.json
experiments/output/ace_review_development/configs/imo_1984_p6__repair0-r64__gpt-5.6-luna__seed0,imo_1984_p6,validation,prove_theorem_ace,done,incomplete_proof,42,0.09333789999999999,"cache tokens, current tariff; unrecorded retries unknown",False,False,audit/cells/a41c57987ec3715b998908520ac67eafbd38044ec478b552311f15a011de6d32.json
experiments/output/ace_review_development/configs/mathd_numbertheory_37__repair1-r64__gpt-5.6-luna__seed0,mathd_numbertheory_37,validation,prove_theorem_ace,done,arithmetic_or_search,44,0.09435569999999999,"cache tokens, current tariff; unrecorded retries unknown",False,False,audit/cells/a44490701b5e9b196ef4f35e7e981504eb160b0521a5dcdc45e927cc8888e819.json
experiments/output/ace_contenders_20260910/configs/mathd_numbertheory_37__validation-reflector-medium__gpt-5.6-luna__seed0,mathd_numbertheory_37,validation,prove_theorem_grounded,done,other_or_unobserved,9,0.03564688,dated billing receipts,False,False,audit/cells/a462875970da2e7b033b3a9dce3c67efa5d8e303d6e36ac1342abf69168475e4.json
experiments/output/ace_models_20260910/proof/configs/mathd_algebra_185__prover-xhigh-2ebdaef5c0d8b7ce__gpt-5.6-luna__seed0,mathd_algebra_185,train,prove_theorem_grounded,done,no_verifier_evidence,0,0.0241403,dated billing receipts,False,False,audit/cells/a47f84afb078d5fd69d9489d8d133f95e05cecd43f7055dc2353b773129d921f.json
experiments/output/ace_x_validation_agentic/configs/mathd_numbertheory_303__ace-1ac8a092-k10-core-medium__gpt-5.6-luna__seed1,mathd_numbertheory_303,validation,prove_theorem_ace,done,other_or_unobserved,14,0.04733752000000001,"cache tokens, current tariff; unrecorded retries unknown",False,False,audit/cells/a4a862af1b8803a40ee6355ad4e051a75b6b7261b57429e712ab2b427f1d0869.json
experiments/output/ace_economy_20260916/validation/configs/validation__ace__aime_1984_p7__seed0,aime_1984_p7,validation,prove_theorem_grounded,done,unproved_prerequisite,8,0.03864314,dated billing receipts,False,False,audit/cells/a53644bbe23179f7e6069618a3725094a13f9bc65642667c025a7018bb2f583b.json
experiments/output/ace_economy_20260916/validation/configs/validation__budget__amc12a_2019_p21__seed0,amc12a_2019_p21,validation,prove_theorem_grounded,done,other_or_unobserved,18,0.12461076,dated billing receipts,False,False,audit/cells/a540b1ea8eaa23c8fd4a7c4e1d47d7bc7f0784a9c620dbb757434d176f97a794.json
experiments/output/ace_x_validation_ace_x3_offline_agentic/configs/imo_1969_p2__ace-1ac8a092-core-medium__gpt-5.6-luna__seed1,imo_1969_p2,validation,prove_theorem_ace,done,incomplete_proof,17,0.023266360000000003,"cache tokens, current tariff; unrecorded retries unknown",False,False,audit/cells/a5430b1eac548a42415207ee828ef1b884f62384f81d7264da6a5b03541ba369.json
experiments/output/ace_adaptation_x3-mono/configs/step34_generator_mathd_algebra_224,mathd_algebra_224,train,prove_theorem_ace,done,other_or_unobserved,17,0.06387527999999999,"cache tokens, current tariff; unrecorded retries unknown",False,False,audit/cells/a553067db6590dd89c61c9322219701379962adcae3c0495ab3423cda8acee33.json
experiments/output/ace_sanitized_20260917/validation/configs/validation__agentic_coverage__proof__amc12_2001_p21__seed1,amc12_2001_p21,validation,prove_theorem_grounded,done,other_or_unobserved,7,0.01170568,dated billing receipts,False,False,audit/cells/a58d51be7dc771b33fcfe9a87dd643a11580cb4e05e4613d05a35dae9db5906d.json
experiments/output/ace_attribution_20260912/swaps/configs/mathd_numbertheory_303__terra-luna-book-medium__gpt-5.6-terra__seed0,mathd_numbertheory_303,validation,prove_theorem_grounded,done,syntax,8,0.3975038,dated billing receipts,False,False,audit/cells/a59f52337ab39889e2225aaf0ccb9acc56fd25c9eb7ab5d5437356f96989d881.json
experiments/output/ace_economy_refinement_20260916/final06/configs/validation__agentic__imo_1969_p2__seed0,imo_1969_p2,validation,prove_theorem_grounded,done,other_or_unobserved,10,0.04059794,dated billing receipts,False,False,audit/cells/a5faad9c5dc3fcdfd722145ac82145c82acdb9524ae6957d8c7613dafd2d1acc.json
experiments/output/ace_x_validation_ace_x4_offline_rv3_agentic/configs/amc12a_2020_p21__ace-f1dd5c3a-core-medium__gpt-5.6-luna__seed1,amc12a_2020_p21,validation,prove_theorem_ace,done,unknown_reference,12,0.10104146,"cache tokens, current tariff; unrecorded retries unknown",False,False,audit/cells/a5fcd08fe4ac7f2a381384d654c0fbad3a4956e0c6d10cb87c8691d64782978c.json
experiments/output/ace_economy_refinement_20260916/pilot/configs/train__agentic_compact__aime_1988_p3__seed0,aime_1988_p3,train,prove_theorem_grounded,done,unproved_prerequisite,10,0.04067264,dated billing receipts,False,False,audit/cells/a616dbc52488af023ac7caf1a1ae24380687e7935bae60b815cbdc7bd7ca84c9.json
experiments/output/ace_models_20260910/proof/configs/mathd_algebra_185__prover-xhigh-b439ff17e44fdd2f__gpt-5.6-luna__seed0,mathd_algebra_185,train,prove_theorem_grounded,done,no_verifier_evidence,0,0.0243466,dated billing receipts,False,False,audit/cells/a63cbc955decdb379246b5ef59c701b01273e96da17c74610156805f379641af.json
experiments/output/ace_x_validation_ace_x3_offline_rv3_agentic/configs/imo_1984_p6__ace-1e4aec7d-core-medium__gpt-5.6-luna__seed1,imo_1984_p6,validation,prove_theorem_ace,done,arithmetic_or_search,20,0.027774160000000003,"cache tokens, current tariff; unrecorded retries unknown",False,False,audit/cells/a65a0b2a0b5cc076d9fba89ca9bb1b9da248a65a1d362487e4717d9aa3aaed2f.json
experiments/output/ace_x_validation_ace_x3_offline_rv2_agentic/configs/aime_1991_p6__ace-1e4aec7d-core-medium__gpt-5.6-luna__seed1,aime_1991_p6,validation,prove_theorem_ace,done,incomplete_proof,24,0.03572062,"cache tokens, current tariff; unrecorded retries unknown",False,False,audit/cells/a696ffd78578898f10f867c7393da851fae60436b6406118c4c82a1dbdd59d56.json
experiments/output/ace_economy_20260916/validation/configs/validation__views__mathd_numbertheory_37__seed1,mathd_numbertheory_37,validation,prove_theorem_grounded,done,syntax,13,0.02535744,dated billing receipts,False,False,audit/cells/a6b7869004f6b8bf7853a2308add4718c80ec8076394ec316cb437690dc8855c.json
experiments/output/ace_x_validation_ace_x3_noreflect_rv3_agentic/configs/mathd_numbertheory_37__ace-ce233fe0-core-medium__gpt-5.6-luna__seed0,mathd_numbertheory_37,validation,prove_theorem_ace,done,arithmetic_or_search,23,0.04964396,"cache tokens, current tariff; unrecorded retries unknown",False,False,audit/cells/a6b79d265204dfac856e5d23d89c6d6d9c62f08500f539c0045f728357af12f0.json
experiments/output/ace_adaptation_x-offline-e3/configs/step117_curator_mathd_algebra_43,mathd_algebra_43,train,,failed,platform_failure,0,0.0,"cache tokens, current tariff; unrecorded retries unknown",False,False,audit/cells/a6ba1e11b7b92644b97817ff718d1d3041ecad2b52297c5e6e6fb5b7f2832d8b.json
experiments/output/ace_contenders_20260910/configs/amc12b_2002_p11__training-reflector-xhigh__gpt-5.6-luna__seed0,amc12b_2002_p11,train,prove_theorem_grounded,done,no_verifier_evidence,0,0.02666944,dated billing receipts,False,False,audit/cells/a6bb625c60a8c6f4d4e7fcc2c872f26c0d04f074428037840c1304ba78d6470e.json
experiments/output/ace_online_x-online-warm-s1_agentic/configs/imo_1984_p6__ace-c34604e0-core-medium__gpt-5.6-luna__seed1,imo_1984_p6,validation,prove_theorem_ace,done,incomplete_proof,18,0.03477108,"cache tokens, current tariff; unrecorded retries unknown",False,False,audit/cells/a7073c7f6f6c09fa953903830019146839043570d4302c66806b4d90bad5ea06.json
experiments/output/coverage_cycle_20260911/validation/S/configs/mathd_algebra_282__validation-S__gpt-5.6-luna__seed0,mathd_algebra_282,validation,prove_theorem_grounded,done,incomplete_proof,26,0.031228,dated billing receipts,False,False,audit/cells/a707cd0cb1787863007ff73430ca4776fa9647476a374fe7c5bbcdda2fcff448.json
experiments/output/ace_models_20260910/proof/configs/mathd_numbertheory_629__selection-xhigh-3bfe5109dc462e8c__gpt-5.6-luna__seed0,mathd_numbertheory_629,train,prove_theorem_grounded,done,no_verifier_evidence,0,0.0246824,dated billing receipts,False,False,audit/cells/a709f1e344299b872bdf2982dac4db899969d106ce9b93677cf50f8a36a9fdb2.json
experiments/output/ace_contenders_20260910/configs/imo_1977_p6__training-reflector-xhigh__gpt-5.6-luna__seed0,imo_1977_p6,train,prove_theorem_grounded,done,no_verifier_evidence,0,0.02763814,dated billing receipts,False,False,audit/cells/a72377fefedb47352717efa17647cea61374a9a65974019693251d2ccca99059.json
experiments/output/ace_revision_20260913/training/configs/training__control__proof__mathd_algebra_224__seed0,mathd_algebra_224,train,prove_theorem_grounded,done,arithmetic_or_search,10,0.04045842,dated billing receipts,False,False,audit/cells/a742a838f2378ee5dbc92efe9c07ef055b1190e243599808648d23a90b662328.json
experiments/output/ace_x_validation_ace_x3_strong_rv3_agentic/configs/imo_1984_p6__ace-b596e7df-core-medium__gpt-5.6-luna__seed1,imo_1984_p6,validation,prove_theorem_ace,done,incomplete_proof,15,0.03449956,"cache tokens, current tariff; unrecorded retries unknown",False,False,audit/cells/a752901a67c79848ccc6ba289fe2570c979ad7e06630eccc4f69b9580346c852.json
experiments/output/ace_x_validation_ace_x3_noreflect_agentic/configs/aime_1991_p6__ace-1ac8a092-core-medium__gpt-5.6-luna__seed1,aime_1991_p6,validation,,failed,platform_failure,0,0.0075269199999999994,"cache tokens, current tariff; unrecorded retries unknown",False,False,audit/cells/a79f7589bd3af8165c704fc5af7bec642c3fff11d06267a7e6ad9153b30cc3a6.json
experiments/output/ace_economy_20260916/validation/configs/validation__ace__imo_1969_p2__seed0,imo_1969_p2,validation,prove_theorem_grounded,done,arithmetic_or_search,10,0.0384387,dated billing receipts,False,False,audit/cells/a7b1df510106f1e4fe4c29696814f61c824fac4a08d2cf91828d41298833de22.json
experiments/output/ace_contenders_20260910/configs/aime_1988_p3__training-reflector-medium__gpt-5.6-luna__seed0,aime_1988_p3,train,prove_theorem_grounded,done,syntax,2,0.033499459999999995,dated billing receipts,False,False,audit/cells/a7b81f848d839b75ecaa09358e9f3463e2fe28b541cd75c3f7484b76289cd1e5.json
experiments/output/coverage_cycle_20260911/validation/D2/configs/mathd_numbertheory_303__validation-D2__gpt-5.6-luna__seed0,mathd_numbertheory_303,validation,prove_theorem_grounded,done,other_or_unobserved,8,0.03913526,dated billing receipts,False,False,audit/cells/a7db29551f3f21ed97d8bfc1f038fb4735a3c406eda53142507b4ae640f17035.json
experiments/output/ace_polish_validation/configs/mathd_numbertheory_303__candidate-r64__gpt-5.6-luna__seed0,mathd_numbertheory_303,validation,prove_theorem_grounded,done,other_or_unobserved,9,0.03776186,"cache tokens, current tariff; unrecorded retries unknown",False,False,audit/cells/a7f22fdf0fb2ee36289b3aaa17e5e0f2f136d60b9743ad7180da00c7bd11984f.json
experiments/output/ace_x_validation_ace_x3_offline_rv2_agentic/configs/mathd_algebra_282__ace-1e4aec7d-core-medium__gpt-5.6-luna__seed0,mathd_algebra_282,validation,prove_theorem_ace,done,incomplete_proof,14,0.016986139999999997,"cache tokens, current tariff; unrecorded retries unknown",False,False,audit/cells/a7f282a5304d389c764ae6844bbf58de6644cf58fbab65f69235183976e4942e.json
experiments/output/ace_learning_20260914/training/configs/training__B__proof__mathd_algebra_185__seed0,mathd_algebra_185,train,prove_theorem_grounded,done,other_or_unobserved,11,0.035564899999999997,dated billing receipts,False,False,audit/cells/a7fb1d3248447b0573a4cb856cb9a14d219ecf88e3f5be7e68c8fff3ff39404e.json
experiments/output/acet_x_validation_ace_x5_offline_k3_agentic/configs/amc12a_2019_p21__acet-fc7b45d4-b1806cce-k3-core-medium__gpt-5.6-luna__seed1,amc12a_2019_p21,validation,prove_theorem_ace_triggered,done,other_or_unobserved,17,0.062388839999999994,"cache tokens, current tariff; unrecorded retries unknown",False,False,audit/cells/a80149b3dea5ee52057ffc3a3b75ee92d28d55be0a1342071f30ad9ea6d3e568.json
experiments/output/ace_economy_refinement_20260916/final03/configs/validation__ace__imo_1984_p6__seed0,imo_1984_p6,validation,prove_theorem_grounded,done,other_or_unobserved,12,0.031719,dated billing receipts,False,False,audit/cells/a80512154e87fd4d7a176c847d218fbf0c7a01e1c768d8a4762e7b6462ea44c9.json
experiments/output/ace_capacity_20260912/headroom1/configs/imo_1967_p3__C-level1__gpt-5.6-luna__seed0,imo_1967_p3,train,prove_theorem_grounded,done,incomplete_proof,48,0.06435789999999998,"cache tokens, current tariff; unrecorded retries unknown",False,False,audit/cells/a8300e60ba9d8e353fba9c1ae85148ba2c887dc9e25eac7862791516f5dfc51b.json
experiments/output/ace_economy_20260916/validation/configs/validation__agentic__mathd_numbertheory_303__seed0,mathd_numbertheory_303,validation,prove_theorem_grounded,done,other_or_unobserved,9,0.042241879999999996,dated billing receipts,False,False,audit/cells/a83207da99e040ee5dc0588622c0cef3cad43aadf33006d0bcb3e49f56950f26.json
experiments/output/ace_models_20260910/proof/configs/imo_1977_p6__prover-xhigh-125d7332ca106585__gpt-5.6-luna__seed0,imo_1977_p6,train,prove_theorem_grounded,done,no_verifier_evidence,0,0.030671939999999998,dated billing receipts,False,False,audit/cells/a836bc3e97c80fc44ea6a570a90e556f9f63197208bd24f1fc02befd49dd46b3.json
experiments/output/ace_review_calibration/configs/mathd_numbertheory_629__baseline-r32__gpt-5.6-luna__seed1,mathd_numbertheory_629,train,prove_theorem_agentic,done,incomplete_proof,27,0.05402479999999998,"cache tokens, current tariff; unrecorded retries unknown",False,False,audit/cells/a83dfd450abf7d3805ccaa4a638b7c287f946159f020c528990c02411b9b9870.json
experiments/output/ace_bounded_adapt/configs/aime_1990_p4__adapt__gpt-5.6-luna__seed0,aime_1990_p4,train,adapt_grounded_transition,done,unknown_reference,2,0.0015236,"cache tokens, current tariff; unrecorded retries unknown",False,False,audit/cells/a880c5311a1e63a82b1011ea50354d86743b244a2beea79ef8816985405a9272.json
experiments/output/ace_revision_20260913/validation/configs/validation__control__proof__mathd_numbertheory_530__seed1,mathd_numbertheory_530,validation,prove_theorem_grounded,done,other_or_unobserved,6,0.03619904,dated billing receipts,False,False,audit/cells/a88e1dc74e7677e597f5002b27926bc150bba020997d290a5c75b64deedb32e6.json
experiments/output/ace_control_cycle_validation/configs/imo_1969_p2__validation-r64__gpt-5.6-luna__seed0,imo_1969_p2,validation,prove_theorem_grounded,done,other_or_unobserved,13,0.0662352,"cache tokens, current tariff; unrecorded retries unknown",False,False,audit/cells/a89acc7cd2fdfe09c3d5f93a4b01509851bbcc8224651cc4a83f971f21890e70.json
experiments/output/ace_polish_training/configs/amc12b_2004_p3__candidate-r64__gpt-5.6-luna__seed0,amc12b_2004_p3,train,prove_theorem_grounded,done,syntax,13,0.041076400000000006,"cache tokens, current tariff; unrecorded retries unknown",False,False,audit/cells/a8b02e95dd21d9d40d030ee601b6accf255439fdcd7453d547865a488af434d4.json
experiments/output/ace_x_validation_ace_x5_offline_rv2_agentic/configs/algebra_others_exirrpowirrrat__ace-fc7b45d4-core-medium__gpt-5.6-luna__seed0,algebra_others_exirrpowirrrat,validation,prove_theorem_ace,done,arithmetic_or_search,18,0.0348683,"cache tokens, current tariff; unrecorded retries unknown",False,False,audit/cells/a8b15f5fa3655a0cfb95f889afad1d9f368d1b391290bf10602996c064da9357.json
experiments/output/ace_economy_20260916/validation/configs/validation__views__mathd_algebra_282__seed1,mathd_algebra_282,validation,prove_theorem_grounded,done,other_or_unobserved,6,0.03249912,dated billing receipts,False,False,audit/cells/a8dac92b9baaf8d0f59e5c6cc77a0a8317dcbd83a0fbe0cd7331394faa43df02.json
experiments/output/ace_adaptation_x-mono/configs/step39_generator_imo_1967_p3,imo_1967_p3,train,prove_theorem_ace,done,other_or_unobserved,14,0.02853896,"cache tokens, current tariff; unrecorded retries unknown",False,False,audit/cells/a8e2887226230e4b27f01cb53eb4cd7aa8074651d22670de43c51b2e265cf02d.json
experiments/output/ace_models_20260910/proof/configs/mathd_algebra_185__prover-xhigh-f05fbcb501c34473__gpt-5.6-luna__seed0,mathd_algebra_185,train,prove_theorem_grounded,done,syntax,1,0.03243542,dated billing receipts,False,False,audit/cells/a90daaf8a3a64f7f9349f9ac5aeca542d47777afa945044f43544b702f82b3d7.json
experiments/output/ace_sanitized_20260917/validation/configs/validation__agentic__proof__mathd_algebra_282__seed1,mathd_algebra_282,validation,prove_theorem_grounded,done,incomplete_proof,16,0.03355694,dated billing receipts,False,False,audit/cells/a923ad40f3ddcbdb4c2115e0b10f7577992b476412fc316766c51dba693d478e.json
experiments/output/ace_roles_20260913/validation/configs/validation__control__proof__amc12_2000_p12__seed0,amc12_2000_p12,validation,,missing,other_or_unobserved,2,0.05286356,dated billing receipts,True,False,audit/cells/a93bdfe84ddd517746bf373537c31e50cb86f8d1b11ba7171d2546ee8acaf95b.json
experiments/output/ace_sanitized_20260917/validation/configs/validation__agentic__proof__imo_1984_p6__seed0,imo_1984_p6,validation,prove_theorem_grounded,done,other_or_unobserved,6,0.013335,dated billing receipts,False,False,audit/cells/a94a3e5d581325929f649937c120fed1905e618002cdf02da4a6f4bcab84114e.json
experiments/output/ace_economy_session_20260916/validation/configs/validation__agentic_session__mathd_algebra_282__seed0,mathd_algebra_282,validation,prove_theorem_grounded,done,incomplete_proof,7,0.03974984,dated billing receipts,False,False,audit/cells/a94e5e1ba9bb98e9dcec3749897792df4ac0628411184c49240b0a577e9168c0.json
experiments/output/ace_models_20260910/proof/configs/imo_1977_p6__prover-xhigh-8eefc07db15048b1__gpt-5.6-luna__seed0,imo_1977_p6,train,prove_theorem_grounded,done,other_or_unobserved,3,0.03751166,dated billing receipts,False,False,audit/cells/a95caebb36d89742a9618c4404d7aada95f11171c445976562cbca7e82f544b1.json
experiments/output/ace_sanitized_20260917/validation/configs/validation__ace_coverage__proof__aime_1984_p7__seed1,aime_1984_p7,validation,prove_theorem_grounded,done,unknown_reference,13,0.06307001999999999,dated billing receipts,False,False,audit/cells/a965718603bb0b00f9ca87e5e60f6517669202319e1c5bd271be425433805411.json
experiments/output/ace_sanitized_20260917/validation/configs/validation__agentic_coverage__proof__algebra_others_exirrpowirrrat__seed1,algebra_others_exirrpowirrrat,validation,prove_theorem_grounded,done,arithmetic_or_search,7,0.06400922,dated billing receipts,False,False,audit/cells/a970ffe9014a7a0f26fc5b9e9dea42377ee63525c97a69dff37ff30e116ffebb.json
experiments/output/coverage_cycle_20260911/validation/H/configs/amc12a_2019_p21__validation-H__gpt-5.6-luna__seed0,amc12a_2019_p21,validation,prove_theorem_grounded,done,syntax,11,0.04673128,dated billing receipts,False,False,audit/cells/a97fadf2820ccb00b35b04fa22206062d5d3b17c859570c6eb61f72d69d0ce50.json
experiments/output/ace_models_20260910/proof/configs/amc12b_2002_p11__prover-xhigh-fa6b32f084145e14__gpt-5.6-luna__seed0,amc12b_2002_p11,train,prove_theorem_grounded,done,no_verifier_evidence,0,0.025976239999999998,dated billing receipts,False,False,audit/cells/a989334e1a1f04a93a26fe894d174658d0637f5c75d6c9d9c547c9597da2666e.json
experiments/output/ace_models_20260910/proof/configs/imo_1977_p6__prover-xhigh-c42d9ea2fa1215e2__gpt-5.6-luna__seed0,imo_1977_p6,train,prove_theorem_grounded,done,other_or_unobserved,1,0.0343947,dated billing receipts,False,False,audit/cells/a9a83c66032002de5e8672ffd39573c5bb4126c31504f24ceb525bd84e19a2fb.json
experiments/output/ace_x_validation_ace_x3_mono_rv3_agentic/configs/mathd_algebra_282__ace-0e162d51-core-medium__gpt-5.6-luna__seed1,mathd_algebra_282,validation,prove_theorem_ace,done,incomplete_proof,14,0.03043338,"cache tokens, current tariff; unrecorded retries unknown",False,False,audit/cells/a9ba27abd74504c2246614d355d1612025cc9f0e8853f4d829ee7c3a93504cb7.json
experiments/output/ace_revision_20260913/training/configs/training__candidate__proof__algebra_amgm_sum1toneqn_prod1tonleq1__seed0,algebra_amgm_sum1toneqn_prod1tonleq1,train,prove_theorem_grounded,done,other_or_unobserved,5,0.0390439,dated billing receipts,False,False,audit/cells/a9d287b9960911330099eacdedc12d927b1bff28bafaa3de6f8c00b184c119e7.json
experiments/output/ace_snippets_20260913/training/configs/snippets-v1__mathd_algebra_224__training-A__seed0,mathd_algebra_224,train,prove_theorem_grounded,done,unknown_reference,8,0.03939488,"cache tokens, current tariff; unrecorded retries unknown",False,False,audit/cells/a9fb96f08bd5a7a847453322efa62e174a0f0313e5aa296d96fe33326ec167ec.json
experiments/output/ace_review_development/configs/amc12a_2020_p21__repair0-r64__gpt-5.6-luna__seed1,amc12a_2020_p21,validation,prove_theorem_ace,done,incomplete_proof,24,0.10143658000000003,"cache tokens, current tariff; unrecorded retries unknown",False,False,audit/cells/a9fc8e191ce2c751e054f0ff2510f5b78879220978a9652f29b54ebb1f645b99.json
experiments/output/ace_roles_20260913/validation/configs/validation__control__proof__aime_1991_p6__seed0,aime_1991_p6,validation,,missing,unproved_prerequisite,3,0.0873798,dated billing receipts,True,False,audit/cells/aa02285cc5c24fe9753f904b9583361c168b55597f3336622d4ac7872f2df940.json
experiments/output/ace_adaptation_x-offline-e3/configs/step109_curator_mathd_algebra_206,mathd_algebra_206,train,,failed,platform_failure,0,0.0,"cache tokens, current tariff; unrecorded retries unknown",False,False,audit/cells/aa09ff91cb8ad2f5aa522d71a0e171ccdfadc2d059232b8ed4e57182885aa579.json
experiments/output/x_validation_agentic/configs/mathd_numbertheory_530__core-medium__gpt-5.6-luna__seed1,mathd_numbertheory_530,validation,prove_theorem_agentic,done,other_or_unobserved,12,0.035536,"cache tokens, current tariff; unrecorded retries unknown",False,False,audit/cells/aa5427384406ad1f77f15d1a718df7d6fea27eb3d300285fd7f045f36c8f1a36.json
experiments/output/ace_x_validation_agentic/configs/aime_1991_p6__ace-1ac8a092-core-medium__gpt-5.6-luna__seed1,aime_1991_p6,validation,prove_theorem_ace,done,incomplete_proof,27,0.027662360000000004,"cache tokens, current tariff; unrecorded retries unknown",False,False,audit/cells/aa5de422295476ede82a1405cf5d09c944eb0c768a047277b7871b5437ef816b.json
experiments/output/ace_x_validation_ace_x3_offline_e3_rv3_agentic/configs/amc12a_2020_p21__ace-d0d7ce24-core-medium__gpt-5.6-luna__seed1,amc12a_2020_p21,validation,prove_theorem_ace,done,incomplete_proof,13,0.13159962,"cache tokens, current tariff; unrecorded retries unknown",False,False,audit/cells/aa6291ca88acc25c47abd833fae0ff5486b86873659d3ae4a393b5256263044d.json
experiments/output/ace_sanitized_20260917/validation/configs/validation__ace_selected__proof__mathd_numbertheory_405__seed1,mathd_numbertheory_405,validation,prove_theorem_grounded,done,other_or_unobserved,8,0.04236764,dated billing receipts,False,False,audit/cells/aa9e78dc9588ce3f8e273a62c9c60d6eb69d2048ffaf236d9c1bddc6f302dd3b.json
experiments/output/ace_sanitized_20260917/validation/configs/validation__agentic__proof__amc12a_2008_p4__seed0,amc12a_2008_p4,validation,prove_theorem_grounded,done,incomplete_proof,33,0.02634308,dated billing receipts,False,False,audit/cells/aae131ad32d0c24e3498e9c63b319b8b8f6c332d5d2d95b7ff7a4df40dc2b31c.json
experiments/output/ace_attribution_20260912/swaps/configs/mathd_numbertheory_43__luna-terra-book-medium__gpt-5.6-luna__seed0,mathd_numbertheory_43,validation,prove_theorem_grounded,done,other_or_unobserved,12,0.01713406,dated billing receipts,False,False,audit/cells/ab472cf613d06212c9b30606f838e78c900f86046fc1363d10961d026bb2ebbf.json
experiments/output/ace_capacity_20260912/mechanisms/configs/amc12a_2020_p13__A-level0__gpt-5.6-terra__seed0,amc12a_2020_p13,train,prove_theorem_grounded,done,unproved_prerequisite,6,0.34747160000000005,"cache tokens, current tariff; unrecorded retries unknown",False,False,audit/cells/ab6525cd49279dcce0c18bf59c206f1291d755a02584005ed343dacb9ee3b701.json
experiments/output/ace_mechanisms_20260910/training/configs/amc12a_2016_p2__training-R__gpt-5.6-luna__seed0,amc12a_2016_p2,train,prove_theorem_grounded,done,other_or_unobserved,5,0.00887568,dated billing receipts,False,False,audit/cells/ab69eaf82eb6e99e6eda328395bf69a9f989d6236021733ad6683dc907ee15c2.json
experiments/output/ace_x_validation_ace_digest_table_rv2_agentic/configs/imo_1984_p6__ace-ca62b40b-core-medium__gpt-5.6-luna__seed1,imo_1984_p6,validation,prove_theorem_ace,done,verifier_resource,25,0.019991899999999996,"cache tokens, current tariff; unrecorded retries unknown",False,False,audit/cells/ab901eb6705947d0a138d1130a42b7924b781a330781a3a366f2c26f2eba2ab1.json
experiments/output/ace_sanitized_20260917/validation/configs/validation__ace_selected__proof__amc12_2001_p21__seed0,amc12_2001_p21,validation,prove_theorem_grounded,done,other_or_unobserved,9,0.025885279999999997,dated billing receipts,False,False,audit/cells/ab9988e37efe468e106d3736f208a49065f094c2de978aca215c58626f69c61a.json
experiments/output/ace_review_calibration/configs/imo_1977_p6__baseline-r32__gpt-5.6-luna__seed1,imo_1977_p6,train,prove_theorem_agentic,done,incomplete_proof,28,0.026146640000000006,"cache tokens, current tariff; unrecorded retries unknown",False,False,audit/cells/ab9ddd6a91301881d88d267e68808a0b4492f02d1bed5bee348eb3aeb39295bf.json
experiments/output/ace_economy_refinement_20260916/final07/configs/validation__ace_reset__aime_1984_p7__seed0,aime_1984_p7,validation,prove_theorem_grounded,done,other_or_unobserved,10,0.046287039999999995,dated billing receipts,False,False,audit/cells/abb16819ef574ec006747f32ea09b413dbde72836f8169c6e21355ec6e1b774b.json
experiments/output/ace_x_validation_ace_x3_offline_rv2_agentic/configs/amc12a_2019_p21__ace-1e4aec7d-core-medium__gpt-5.6-luna__seed0,amc12a_2019_p21,validation,prove_theorem_ace,done,incomplete_proof,16,0.0246889,"cache tokens, current tariff; unrecorded retries unknown",False,False,audit/cells/abbaf95a970bafd28601ec66cfcbda381e085fb076b8bbeac8c3218c8317f009.json
experiments/output/coverage_cycle_20260911/training/D2/configs/algebra_amgm_sum1toneqn_prod1tonleq1__training-D2__gpt-5.6-luna__seed0,algebra_amgm_sum1toneqn_prod1tonleq1,train,prove_theorem_grounded,done,unknown_reference,8,0.03863412,dated billing receipts,False,False,audit/cells/abf615e4a8c29a0424f359d9d5d5a8c39c3b4d937f7284aa978a0079325aeb07.json
experiments/output/ace_attribution_20260912/validation/terra/configs/amc12a_2020_p21__terra-none-medium__gpt-5.6-terra__seed0,amc12a_2020_p21,validation,prove_theorem_grounded,done,other_or_unobserved,11,0.41969639999999997,dated billing receipts,False,False,audit/cells/abfb920225df5ef18673e22a7a8ebd1e9fa100d479ca2596d4d9a13bf92abef6.json
experiments/output/ace_online_x-online-warm-s1_agentic/configs/mathd_numbertheory_405__ace-f3d1aecb-core-medium__gpt-5.6-luna__seed1,mathd_numbertheory_405,validation,prove_theorem_ace,done,incomplete_proof,28,0.07370176,"cache tokens, current tariff; unrecorded retries unknown",False,False,audit/cells/ac171cf4d08fbf10407a5db20800a8597816f9d635056779787fa851021ace35.json
experiments/output/ace_economy_refinement_20260916/final14/configs/validation__ace_reset_compact__amc12_2001_p21__seed1,amc12_2001_p21,validation,prove_theorem_grounded,done,arithmetic_or_search,4,0.02459446,dated billing receipts,False,False,audit/cells/ac200eab4bb4ec15bc719070f13c8b8f43893aa5e9f182ffb13eb5b342369dbf.json
experiments/output/ace_adaptation_x4-offline/configs/step28_generator_mathd_algebra_185,mathd_algebra_185,train,prove_theorem_ace,done,incomplete_proof,19,0.10378747999999999,"cache tokens, current tariff; unrecorded retries unknown",False,False,audit/cells/ac3a6ffc09383c4e5fa3e8a82b8d11409e5a46b200f75f5e28819a50ed7008f9.json
experiments/output/ace_models_20260910/proof/configs/induction_pord1p1on2powklt5on2__prover-low-1e4aec7dbbe80e7a__gpt-5.6-luna__seed0,induction_pord1p1on2powklt5on2,train,prove_theorem_grounded,done,unproved_prerequisite,15,0.043560259999999996,dated billing receipts,False,False,audit/cells/ac41c8aa26ed725f0598fbb579864a169d98c29eff35bd23d6970daa316e1284.json
experiments/output/ace_adaptation_x-online-warm-s0/configs/step29_curator_amc12b_2003_p6,amc12b_2003_p6,validation,,failed,platform_failure,0,0.0,"cache tokens, current tariff; unrecorded retries unknown",False,False,audit/cells/ac75aaf9ab85df109ccf6ad69ad5c4ef61c5b939e8e2a85778f4a256de8252be.json
experiments/output/ace_economy_refinement_20260916/final18/configs/validation__agentic__mathd_numbertheory_303__seed1,mathd_numbertheory_303,validation,prove_theorem_grounded,done,syntax,8,0.0382036,dated billing receipts,False,False,audit/cells/ac7b41cf4c7c1430e8db04da4f07f4ed7665f43d3ac62327321b741530054148.json
experiments/output/ace_mechanisms_20260910/training/configs/imo_1977_p6__training-R__gpt-5.6-luna__seed0,imo_1977_p6,train,prove_theorem_grounded,done,other_or_unobserved,12,0.042083119999999995,dated billing receipts,False,False,audit/cells/ac92c7ae3348d953e7a710216509bc084a16a315d538b4389d043aaaa812788f.json
experiments/output/ace_x_validation_ace_x3_noreflect_rv3_agentic/configs/mathd_numbertheory_43__ace-ce233fe0-core-medium__gpt-5.6-luna__seed0,mathd_numbertheory_43,validation,prove_theorem_ace,done,incomplete_proof,25,0.02852329999999999,"cache tokens, current tariff; unrecorded retries unknown",False,False,audit/cells/acbb591bdd510c4810a82e681989089d1976067f72c3fd7e9f716068b56e25d6.json
experiments/output/ace_x_validation_ace_x3_mono_rv3_agentic/configs/amc12a_2020_p21__ace-0e162d51-core-medium__gpt-5.6-luna__seed0,amc12a_2020_p21,validation,prove_theorem_ace,done,incomplete_proof,28,0.03913294,"cache tokens, current tariff; unrecorded retries unknown",False,False,audit/cells/acce7fb43be6e2927f20875f9c8520866eaaa3612f15b938507a42bfc95e2837.json
experiments/output/ace_adaptation_x-offline-e3/configs/step101_generator_imo_1977_p6,imo_1977_p6,train,prove_theorem_ace,done,incomplete_proof,27,0.07101954,"cache tokens, current tariff; unrecorded retries unknown",False,False,audit/cells/acdb61cd5e6d46159c26ac325796cfe9d4fa91652f5a5e7e8831e5409865cf3b.json
experiments/output/ace_economy_budget_20260916/validation/configs/validation__agentic__mathd_numbertheory_303__seed1,mathd_numbertheory_303,validation,prove_theorem_grounded,done,syntax,19,0.12697648,dated billing receipts,False,False,audit/cells/ad0c692285e33c2efd57fe315de89220c8dd030712d63bbee8cb2fee4d5fbad8.json
experiments/output/ace_models_20260910/proof/configs/aime_1988_p3__selection-xhigh-68338b80d7121921__gpt-5.6-luna__seed0,aime_1988_p3,train,prove_theorem_grounded,done,no_verifier_evidence,0,0.02763686,dated billing receipts,False,False,audit/cells/ad26308f618b2b6df682dbafab17f65b8e21b019d03b21fce9a5b5d97c39a832.json
experiments/output/ace_snippets_20260913/training/configs/snippets-v1__imo_1963_p5__training-A__seed0,imo_1963_p5,train,prove_theorem_grounded,done,unproved_prerequisite,10,0.041821899999999995,"cache tokens, current tariff; unrecorded retries unknown",False,False,audit/cells/ad26ceb8df28ad56cc38f0353ac55404bbf9f83f91e6a908c5ac90384fad660a.json
experiments/output/ace_sanitized_20260917/validation/configs/validation__ace_coverage__proof__algebra_others_exirrpowirrrat__seed1,algebra_others_exirrpowirrrat,validation,prove_theorem_grounded,done,other_or_unobserved,9,0.06494902,dated billing receipts,False,False,audit/cells/ad3063aef260749d4c260204a8bdb6de3f5f12c0285b064b0c9c1142442a0a7b.json
experiments/output/ace_economy_refinement_20260916/final13/configs/validation__ace_reset__aime_1991_p6__seed1,aime_1991_p6,validation,prove_theorem_grounded,done,incomplete_proof,4,0.03447604,dated billing receipts,False,False,audit/cells/ad41e963a32e3a244b90ea40dc6bccc0797e95a14171373099993f442491ef6f.json
experiments/output/ace_economy_refinement_20260916/final00/configs/validation__agentic_compact__mathd_algebra_282__seed0,mathd_algebra_282,validation,prove_theorem_grounded,done,incomplete_proof,37,0.03034552,dated billing receipts,False,False,audit/cells/ad4f53a32bea89f280f0dbf0bfa972a74afbb0dfbb24bb48fa425a4e35f99702.json
experiments/output/ace_learning_20260914/validation/configs/validation__B__proof__mathd_algebra_282__seed1,mathd_algebra_282,validation,prove_theorem_grounded,done,incomplete_proof,19,0.02789924,dated billing receipts,False,False,audit/cells/ad561207c946e0220bb71e90dff8d9bba7a4de6b51d8b9fe96d3d9b92aa90d54.json
experiments/output/ace_economy_refinement_20260916/final11/configs/validation__agentic_reset_compact__amc12_2000_p12__seed1,amc12_2000_p12,validation,prove_theorem_grounded,done,other_or_unobserved,14,0.041731279999999996,dated billing receipts,False,False,audit/cells/ad5b586e90fd7a21cdc42c4b256526ce46978030a8c5dc02b5fcf87ff29360a1.json
experiments/output/ace_economy_budget_20260916/validation/configs/validation__agentic__mathd_numbertheory_405__seed0,mathd_numbertheory_405,validation,prove_theorem_grounded,done,other_or_unobserved,18,0.12992402,dated billing receipts,False,False,audit/cells/ad5c89884bceb4cc833c90b41749ca1ee90aa4fa74e8629beb3afaa5497c0efa.json
experiments/output/ace_online_x-online-s1_agentic/configs/amc12b_2002_p3__ace-d663da9e-core-medium__gpt-5.6-luna__seed1,amc12b_2002_p3,validation,prove_theorem_ace,done,arithmetic_or_search,17,0.05734089999999999,"cache tokens, current tariff; unrecorded retries unknown",False,False,audit/cells/ad6528dc9ba4a65bf137685d01bbeb27da530a3a0aa611ac18ad2017f0d2d232.json
experiments/output/ace_economy_20260916/validation/configs/validation__agentic__mathd_algebra_282__seed1,mathd_algebra_282,validation,prove_theorem_grounded,done,incomplete_proof,27,0.0295687,dated billing receipts,False,False,audit/cells/ad8cd983347bc0e8b05c90e6c6746913f4939e6d8a2dde62a5b8869cd9952842.json
experiments/output/ace_economy_refinement_20260916/final11/configs/validation__ace_reset_compact__amc12_2000_p12__seed0,amc12_2000_p12,validation,prove_theorem_grounded,done,other_or_unobserved,10,0.02142024,dated billing receipts,False,False,audit/cells/ad9e0302433d893fbed82da87388a7690f0658ca6b6004f9b50314f54d02b890.json
experiments/output/ace_sanitized_20260917/validation/configs/validation__agentic_coverage__proof__mathd_numbertheory_43__seed0,mathd_numbertheory_43,validation,prove_theorem_grounded,done,other_or_unobserved,9,0.02617288,dated billing receipts,False,False,audit/cells/adebd4e5387a18f8f8665cdfacd6c74b0cefde9d4d12b6aa4d3275b735545f3b.json
experiments/output/ace_x_validation_ace_x3_strong_rv3_agentic/configs/amc12a_2019_p21__ace-b596e7df-core-medium__gpt-5.6-luna__seed1,amc12a_2019_p21,validation,prove_theorem_ace,done,other_or_unobserved,13,0.02830006,"cache tokens, current tariff; unrecorded retries unknown",False,False,audit/cells/adf0d3c977d895f7c68c69392cd8f42df9b1a3261a79ad2df229256115ddefcd.json
experiments/output/ace_capacity_20260912/mechanisms/configs/amc12b_2002_p11__B-level0__gpt-5.6-luna__seed0,amc12b_2002_p11,train,prove_theorem_grounded,done,other_or_unobserved,3,0.034160939999999994,"cache tokens, current tariff; unrecorded retries unknown",False,False,audit/cells/adf19f024a3445368ac3faf86d4e27c1a787d611a73f9831550ab1bdb451c819.json
experiments/output/ace_economy_refinement_20260916/final06/configs/validation__ace_reset__imo_1969_p2__seed0,imo_1969_p2,validation,prove_theorem_grounded,done,other_or_unobserved,10,0.04717678,dated billing receipts,False,False,audit/cells/adf7dd083dee31170b902094e37d541474bb50ff78ab0f862773b15af84fb164.json
experiments/output/ace_review_development/configs/imo_1984_p6__x3-r64__gpt-5.6-luna__seed0,imo_1984_p6,validation,prove_theorem_ace,done,verifier_resource,50,0.1019184,"cache tokens, current tariff; unrecorded retries unknown",False,False,audit/cells/ae049f8d705c40ce9bd1db7668d3cbabe7bf72e1d0cda273e562c7d378499541.json
experiments/output/ace_economy_refinement_20260916/final14/configs/validation__agentic_reset_compact__amc12_2001_p21__seed0,amc12_2001_p21,validation,prove_theorem_grounded,done,arithmetic_or_search,22,0.04259536,dated billing receipts,False,False,audit/cells/ae13447dee419f75fe2766b7a627c8912e55e5240115b559040c404f3e8e78bf.json
experiments/output/ace_snippets_20260913/validation/configs/snippets-v1__amc12a_2019_p21__validation-A__seed0,amc12a_2019_p21,validation,prove_theorem_grounded,done,unproved_prerequisite,10,0.04079442,"cache tokens, current tariff; unrecorded retries unknown",False,False,audit/cells/ae17bb68ccbd58e6a21dd8155b6c580ccf3fcc36e6bdf0734bcb85c2c2eb9aec.json
experiments/output/ace_learning_20260914/validation/configs/validation__B__proof__imo_1984_p6__seed0,imo_1984_p6,validation,prove_theorem_grounded,done,other_or_unobserved,12,0.04200458,dated billing receipts,False,False,audit/cells/ae2bb753a0a511290ad55709fd7626c0917fc59eb31db7670fc55f06c317f80f.json
experiments/output/ace_bounded_pilot/configs/imo_1967_p3__restart-on-r64__gpt-5.6-luna__seed0,imo_1967_p3,train,prove_theorem_grounded,done,other_or_unobserved,17,0.10131724,"cache tokens, current tariff; unrecorded retries unknown",False,False,audit/cells/ae34148b5aa9b288dd3c6e717467467ba762794b2606d8d57ce08219df2a635f.json
experiments/output/ace_economy_20260916/validation/configs/validation__session__aime_1991_p9__seed0,aime_1991_p9,validation,prove_theorem_grounded,done,syntax,15,0.04483364,dated billing receipts,False,False,audit/cells/af07b49f57274789629565f21efc7ba584e4db2d363a04bb23d091678f51fbfe.json
experiments/output/ace_x_validation_ace_digest_table_rv2_agentic/configs/mathd_numbertheory_37__ace-ca62b40b-core-medium__gpt-5.6-luna__seed1,mathd_numbertheory_37,validation,prove_theorem_ace,done,other_or_unobserved,25,0.030230419999999997,"cache tokens, current tariff; unrecorded retries unknown",False,False,audit/cells/af134ca585b7d8afe17fb71657d8dfee616beafe49c4ea2f5f028d6757f6514f.json
experiments/output/ace_adaptation_x3-offline/configs/step24_generator_mathd_numbertheory_629,mathd_numbertheory_629,train,prove_theorem_ace,done,other_or_unobserved,18,0.04640972,"cache tokens, current tariff; unrecorded retries unknown",False,False,audit/cells/af16c8e9d5c818ed7b6bd2d90b32ed1f0c2d957c4395b08611a7212f9852ab8d.json
experiments/output/ace_mechanisms_20260910/training/configs/imo_1967_p3__training-C__gpt-5.6-luna__seed0,imo_1967_p3,train,prove_theorem_grounded,done,unknown_reference,6,0.0289456,dated billing receipts,False,False,audit/cells/af2d8e29bd3c6bf8c893159d75b2e77b02a4c571ff55de2711248dea307e01a4.json
experiments/output/ace_online_x-online-s1_agentic/configs/mathd_numbertheory_37__ace-cf3b9281-core-medium__gpt-5.6-luna__seed1,mathd_numbertheory_37,validation,prove_theorem_ace,done,other_or_unobserved,15,0.08007062,"cache tokens, current tariff; unrecorded retries unknown",False,False,audit/cells/af4339b4767f5b61b18fefbe8b1d565c01f858b3beba33229c4b5729074264fd.json
experiments/output/ace_contenders_20260910/configs/amc12a_2020_p21__validation-reflector-medium__gpt-5.6-luna__seed0,amc12a_2020_p21,validation,prove_theorem_grounded,done,no_verifier_evidence,0,0.02423154,dated billing receipts,False,False,audit/cells/af449a705af29d16cfe17ff997133509e088d16672ee9d6622f7128c3fd4969e.json
experiments/output/ace_economy_20260916/validation/configs/validation__budget__imo_1984_p6__seed1,imo_1984_p6,validation,prove_theorem_grounded,done,other_or_unobserved,15,0.04214456,dated billing receipts,False,False,audit/cells/af5149d7f33313aeb046e7a5845b1b0785fbbd68534db741462f7b82c7f245cb.json
experiments/output/ace_roles_20260913/training/configs/training__candidate__proof__amc12b_2002_p11__seed0,amc12b_2002_p11,train,prove_theorem_grounded,done,other_or_unobserved,5,0.03832576,dated billing receipts,False,False,audit/cells/af782bfc248e73b2f84a4e48601a86f5ee1044e7185fd76797402072d159ab97.json
experiments/output/ace_online_x-online-warm-s0_agentic/configs/mathd_numbertheory_37__ace-55bcacee-core-medium__gpt-5.6-luna__seed0,mathd_numbertheory_37,validation,prove_theorem_ace,done,arithmetic_or_search,19,0.04204955999999999,"cache tokens, current tariff; unrecorded retries unknown",False,False,audit/cells/af7b49e5b5ae52c4ff15df90a1a4e22d4756d2750d755b84da7f80c5f3345cfb.json
experiments/output/ace_economy_refinement_20260916/final13/configs/validation__ace__aime_1991_p6__seed1,aime_1991_p6,validation,prove_theorem_grounded,done,incomplete_proof,9,0.02886234,dated billing receipts,False,False,audit/cells/af7d5d9018cc8b2150763c36009e9c0a0c8e7570e0bbed128359af616c2bcec9.json
experiments/output/ace_models_20260910/proof/configs/imo_1968_p5_1__selection-medium-1e4aec7dbbe80e7a__gpt-5.6-luna__seed0,imo_1968_p5_1,train,prove_theorem_grounded,done,arithmetic_or_search,11,0.03879356,dated billing receipts,False,False,audit/cells/af8cb4eed0b4814a1b4a2ba2ef731aeefa5bdd3fd8195aaf5cb8b21b3d0706ab.json
experiments/output/ace_bounded_pilot/configs/amc12b_2002_p11__money-off-r64__gpt-5.6-luna__seed0,amc12b_2002_p11,train,prove_theorem_grounded,done,syntax,14,0.10355938,"cache tokens, current tariff; unrecorded retries unknown",False,False,audit/cells/afa096e39a8466783f93daf1d1aefef4512fa61ea8e1c424cf614b2a2261275a.json
experiments/output/ace_revision_20260913/validation/configs/validation__candidate__proof__imo_1984_p6__seed1,imo_1984_p6,validation,prove_theorem_grounded,done,other_or_unobserved,12,0.036902239999999996,dated billing receipts,False,False,audit/cells/afd97da284e7b13e68f465d307f0bd02203f80f4c1dbe1f5e0082e169360e294.json
experiments/output/ace_control_cycle_tuning/configs/mathd_algebra_185__tuning-r64__gpt-5.6-luna__seed0,mathd_algebra_185,train,prove_theorem_grounded,done,other_or_unobserved,12,0.0397525,"cache tokens, current tariff; unrecorded retries unknown",False,False,audit/cells/afe0ffe924731c37d07e4b7250e57660a5f8c03f2f1c34df35b6eb004747e14d.json
experiments/output/ace_x_validation_ace_x5_offline_rv2_agentic/configs/aime_1991_p6__ace-fc7b45d4-core-medium__gpt-5.6-luna__seed0,aime_1991_p6,validation,prove_theorem_ace,done,incomplete_proof,24,0.03514644,"cache tokens, current tariff; unrecorded retries unknown",False,False,audit/cells/afe41e45cb117a4605e5b4eb421beed7722a2538544e97904ec1e9748aad7e08.json
experiments/output/x_validation_stall_seenstate4_agentic/configs/algebra_others_exirrpowirrrat__core-medium-stall-seenstate4__gpt-5.6-luna__seed0,algebra_others_exirrpowirrrat,validation,prove_theorem_agentic_stall,done,arithmetic_or_search,13,0.03178223999999999,"cache tokens, current tariff; unrecorded retries unknown",False,False,audit/cells/afe426a2d5449fe89bf13332a7854b6b80366efaf97ae21fbe894a48dcd31e06.json
experiments/output/acet_x_validation_ace_x6_repairs_k3_r2_agentic/configs/mathd_numbertheory_530__acet-1d2bc630-30d3e288-k3-r2-core-medium__gpt-5.6-luna__seed1,mathd_numbertheory_530,validation,prove_theorem_ace_triggered,done,unproved_prerequisite,14,0.036933499999999994,"cache tokens, current tariff; unrecorded retries unknown",False,False,audit/cells/b003361d6e907cd37c9e3c9350311e4999a50089eb2f201c2f51ceac8d5d43c5.json
experiments/output/ace_economy_refinement_20260916/final06/configs/validation__agentic__imo_1969_p2__seed1,imo_1969_p2,validation,prove_theorem_grounded,done,arithmetic_or_search,10,0.0390946,dated billing receipts,False,False,audit/cells/b00435bacd9ca33c5746ce2d2a2ff4acf18be330d7fd98d1b17ae9728251cea0.json
experiments/output/ace_mechanisms_20260910/training/configs/mathd_algebra_224__training-S__gpt-5.6-luna__seed0,mathd_algebra_224,train,prove_theorem_grounded,done,other_or_unobserved,5,0.017124939999999998,dated billing receipts,False,False,audit/cells/b02d429c26a14d03e16a14ae5fb5de7c68c8c3d750345599b4693ab551b8a5e4.json
experiments/output/ace_x_validation_ace_x3_mono_rv3_agentic/configs/mathd_numbertheory_43__ace-0e162d51-core-medium__gpt-5.6-luna__seed1,mathd_numbertheory_43,validation,prove_theorem_ace,done,verifier_resource,22,0.021094560000000005,"cache tokens, current tariff; unrecorded retries unknown",False,False,audit/cells/b03dba0d8e988fb53f32966868f2398fcc9dd520f00b1193517e2586b96c496f.json
experiments/output/ace_review_development/configs/algebra_others_exirrpowirrrat__repair0-r64__gpt-5.6-luna__seed0,algebra_others_exirrpowirrrat,validation,prove_theorem_ace,done,incomplete_proof,49,0.08128476000000003,"cache tokens, current tariff; unrecorded retries unknown",False,False,audit/cells/b04e39b6a2c8bbc440d4c908c25f074cb5dc7fc60a4c88087a0cb01dcd8ad271.json
experiments/output/ace_economy_refinement_20260916/pilot/configs/train__agentic_compact__imo_1967_p3__seed0,imo_1967_p3,train,prove_theorem_grounded,done,arithmetic_or_search,12,0.04044294,dated billing receipts,False,False,audit/cells/b0593164ad55f48b95f79d05035827eea95115d572ec3ef235580666acbe19c1.json
experiments/output/ace_x_validation_ace_x3_strong_rv3_agentic/configs/mathd_numbertheory_530__ace-b596e7df-core-medium__gpt-5.6-luna__seed0,mathd_numbertheory_530,validation,prove_theorem_ace,done,other_or_unobserved,14,0.05141765999999998,"cache tokens, current tariff; unrecorded retries unknown",False,False,audit/cells/b07a52689d51558279650f5c4dd6cda11895ff7391738a336422d986a93af823.json
experiments/output/ace_models_20260910/proof/configs/mathd_numbertheory_221__prover-xhigh-3e6016d332df5347__gpt-5.6-luna__seed0,mathd_numbertheory_221,train,prove_theorem_grounded,done,other_or_unobserved,1,0.02295574,dated billing receipts,False,False,audit/cells/b090a54a0c2642d296ec7750027f9bab25ecaf91ccee72041a9944bc546484a6.json
experiments/output/ace_economy_20260916/validation/configs/validation__budget__mathd_numbertheory_530__seed0,mathd_numbertheory_530,validation,prove_theorem_grounded,done,other_or_unobserved,18,0.11984755999999999,dated billing receipts,False,False,audit/cells/b0a0c192aec6eaccc5a55460111b43099bebb2c7ab29b845f2bed717a0c87336.json
experiments/output/ace_adaptation_review-repair-s1/configs/step24_generator_mathd_numbertheory_629,mathd_numbertheory_629,train,prove_theorem_ace,done,arithmetic_or_search,21,0.057569379999999996,"cache tokens, current tariff; unrecorded retries unknown",False,False,audit/cells/b0a26b5d8754b9f5e651e89352fadb5968fdbd3c0ef58af03c9a24cf825f7dc2.json
experiments/output/ace_economy_20260916/validation/configs/validation__ace__mathd_numbertheory_405__seed0,mathd_numbertheory_405,validation,prove_theorem_grounded,done,other_or_unobserved,7,0.03593458,dated billing receipts,False,False,audit/cells/b0ae8c73dc354e83bd8d805ce2e4abec4ed3086b4d297d477654ef9311abba8c.json
experiments/output/acet_x_validation_ace_x6_repairs_k3_r2_agentic/configs/aime_1984_p7__acet-1d2bc630-30d3e288-k3-r2-core-medium__gpt-5.6-luna__seed0,aime_1984_p7,validation,prove_theorem_ace_triggered,done,incomplete_proof,32,0.062304679999999994,"cache tokens, current tariff; unrecorded retries unknown",False,False,audit/cells/b0e188d5f00944c2172584a5f1d5070dfb6e45eac58638b08910248a731d6c1a.json
experiments/output/ace_economy_20260916/validation/configs/validation__agentic__amc12_2001_p21__seed1,amc12_2001_p21,validation,prove_theorem_grounded,done,no_verifier_evidence,0,0.0136984,dated billing receipts,False,False,audit/cells/b10391443080f7ace829621e0abf1a24bca4f41753a9988e0261996c2ec353b4.json
experiments/output/coverage_cycle_20260911/validation/H/configs/aime_1991_p6__validation-H__gpt-5.6-luna__seed0,aime_1991_p6,validation,prove_theorem_grounded,done,incomplete_proof,3,0.0412963,dated billing receipts,False,False,audit/cells/b1051d682c6a66e95ef6317222b00d88447a61d432bfa18bb87f27f1c1d955e7.json
experiments/output/ace_x_validation_ace_x4_offline_rv3_agentic/configs/amc12a_2019_p21__ace-f1dd5c3a-core-medium__gpt-5.6-luna__seed0,amc12a_2019_p21,validation,prove_theorem_ace,done,syntax,12,0.12835356,"cache tokens, current tariff; unrecorded retries unknown",False,False,audit/cells/b134126ceef157deb996f7e284fc4da0e3ac7f400b41776d423ad09f7dbe55b2.json
experiments/output/ace_review_calibration/configs/algebra_amgm_sum1toneqn_prod1tonleq1__baseline-r64__gpt-5.6-luna__seed1,algebra_amgm_sum1toneqn_prod1tonleq1,train,prove_theorem_agentic,done,incomplete_proof,41,0.06264236000000001,"cache tokens, current tariff; unrecorded retries unknown",False,False,audit/cells/b1408965b6a3867930f8e173452237f82e384fd9f10095c12a018cb861755aa6.json
experiments/output/ace_adaptation_review-repair-s0/configs/step14_generator_algebra_amgm_sum1toneqn_prod1tonleq1,algebra_amgm_sum1toneqn_prod1tonleq1,train,prove_theorem_ace,done,incomplete_proof,22,0.020281619999999997,"cache tokens, current tariff; unrecorded retries unknown",False,False,audit/cells/b1431044f51c5630b25ea0edfe30645b5ba9726fd2e90de2d436dc4f9119add8.json
experiments/output/ace_x_validation_ace_x3_mono_rv3_agentic/configs/amc12a_2019_p21__ace-0e162d51-core-medium__gpt-5.6-luna__seed0,amc12a_2019_p21,validation,prove_theorem_ace,done,arithmetic_or_search,13,0.18443816,"cache tokens, current tariff; unrecorded retries unknown",False,False,audit/cells/b19290253018cb02308d07f03f7c28ea1a59f0ab7c16dcf5ce4ac77a00779ac2.json
experiments/output/ace_capacity_20260912/cross/configs/amc12_2001_p21__cross-level0__gpt-5.6-terra__seed0,amc12_2001_p21,validation,prove_theorem_grounded,done,arithmetic_or_search,12,0.3972274,"cache tokens, current tariff; unrecorded retries unknown",False,False,audit/cells/b198d01ab9d11787c8059a56c0cf41ac0e3d842ee1dcc409cbe498f2d9cf745b.json
experiments/output/ace_adaptation_x5-offline/configs/step01_generator_amc12b_2002_p11,amc12b_2002_p11,train,prove_theorem_ace,done,other_or_unobserved,12,0.052407199999999994,"cache tokens, current tariff; unrecorded retries unknown",False,False,audit/cells/b19cdff1e63375ae374d0ea3f7b374059dfaf7bcdf9534e29a1a6ad258998b11.json
experiments/output/ace_economy_refinement_20260916/final02/configs/validation__agentic_reset_compact__amc12a_2019_p21__seed1,amc12a_2019_p21,validation,prove_theorem_grounded,done,other_or_unobserved,18,0.0428297,dated billing receipts,False,False,audit/cells/b1d4b9b950cfc9d59c84e06ba914c5a39e0f48d92ea8e2814f46f4759414f2f1.json
experiments/output/ace_contenders_20260910/configs/imo_1969_p2__validation-reflector-medium__gpt-5.6-luna__seed0,imo_1969_p2,validation,prove_theorem_grounded,done,no_verifier_evidence,0,0.02563938,dated billing receipts,False,False,audit/cells/b256a19f2d180cba1275e485313b5fde326fc6649ad8050fa6fd17c0b576efe2.json
experiments/output/ace_x_validation_ace_digest_table_rv2_agentic/configs/amc12a_2020_p21__ace-ca62b40b-core-medium__gpt-5.6-luna__seed1,amc12a_2020_p21,validation,prove_theorem_ace,done,incomplete_proof,12,0.12153201999999999,"cache tokens, current tariff; unrecorded retries unknown",False,False,audit/cells/b2afcacc6656bf24aae850833e100aff0e55a790528701a06b4465d4d70b9df0.json
experiments/output/ace_attribution_20260912/training/luna-none/configs/induction_pord1p1on2powklt5on2__luna-none-medium__gpt-5.6-luna__seed0,induction_pord1p1on2powklt5on2,train,prove_theorem_grounded,done,other_or_unobserved,10,0.0396692,dated billing receipts,False,False,audit/cells/b2b1aa1f5e34348bac1415e376280d8ced2790ad520e0c82a7a06397903830c4.json
experiments/output/ace_polish_validation/configs/mathd_algebra_282__candidate-r64__gpt-5.6-luna__seed1,mathd_algebra_282,validation,prove_theorem_grounded,done,incomplete_proof,20,0.03190826,"cache tokens, current tariff; unrecorded retries unknown",False,False,audit/cells/b2cbb52003fce89c78d4a9156d102d2e40ecd875bfd1a3f7414c98e0ea5f61de.json
experiments/output/ace_x_validation_ace_x3_offline_agentic/configs/imo_1969_p2__ace-1e4aec7d-core-medium__gpt-5.6-luna__seed0,imo_1969_p2,validation,prove_theorem_ace,done,incomplete_proof,19,0.02958912,"cache tokens, current tariff; unrecorded retries unknown",False,False,audit/cells/b2d263be666f15e1c4a9a185658b1c1a493e046955a103c2abab9e5151cf846a.json
experiments/output/ace_contenders_20260910/configs/algebra_amgm_sum1toneqn_prod1tonleq1__training-reflector-medium__gpt-5.6-luna__seed0,algebra_amgm_sum1toneqn_prod1tonleq1,train,prove_theorem_grounded,done,no_verifier_evidence,0,0.02439776,dated billing receipts,False,False,audit/cells/b3516a9e42b23f608b17544d40af68803e1a0ec713cfc19f6be695261f461433.json
experiments/output/ace_economy_refinement_20260916/final14/configs/validation__ace_reset__amc12_2001_p21__seed1,amc12_2001_p21,validation,prove_theorem_grounded,done,other_or_unobserved,14,0.037773259999999996,dated billing receipts,False,False,audit/cells/b35de01bde6b8080a5fd5ad1a6f12b522d3f80c45181ce1e1285ceee8860f7e9.json
experiments/output/ace_models_20260910/proof/configs/imo_1977_p6__prover-xhigh-2ebdaef5c0d8b7ce__gpt-5.6-luna__seed0,imo_1977_p6,train,prove_theorem_grounded,done,syntax,2,0.040003779999999996,dated billing receipts,False,False,audit/cells/b393e21ad764e333b53f67a3614b3f538a4db6640ac0fe97179b70cf9e206f97.json
experiments/output/ace_revision_20260913/validation/configs/validation__candidate__proof__amc12a_2008_p4__seed1,amc12a_2008_p4,validation,prove_theorem_grounded,done,unknown_reference,15,0.039334879999999996,dated billing receipts,False,False,audit/cells/b3b61cf0fa3dacd14896b4624480913c05c666ba383ae9037a3fd3e78bcb238f.json
experiments/output/ace_x_validation_agentic/configs/algebra_others_exirrpowirrrat__ace-d56da056-core-medium__gpt-5.6-luna__seed1,algebra_others_exirrpowirrrat,validation,prove_theorem_ace,done,other_or_unobserved,11,0.03518038,"cache tokens, current tariff; unrecorded retries unknown",False,False,audit/cells/b3d8b3e7c68f2daf78f40f49a237508800042f5ff58ab5c8bbd83bc61ec83ebb.json
experiments/output/ace_sanitized_20260917/validation/configs/validation__agentic_coverage__proof__mathd_algebra_282__seed1,mathd_algebra_282,validation,prove_theorem_grounded,done,incomplete_proof,42,0.04693132,dated billing receipts,False,False,audit/cells/b3f2dc8b31eb9e23aa3fda33cbc70e3ac78fb85c84fc5141c85a30eb2675c05a.json
experiments/output/ace_economy_refinement_20260916/final02/configs/validation__agentic_compact__amc12a_2019_p21__seed1,amc12a_2019_p21,validation,prove_theorem_grounded,done,other_or_unobserved,8,0.03939984,dated billing receipts,False,False,audit/cells/b4030b103dd9e41cc6a5db16cada2572524093af37e479a78b8ce1359211bed4.json
experiments/output/ace_adaptation_x-offline-e3/configs/step14_generator_algebra_amgm_sum1toneqn_prod1tonleq1,algebra_amgm_sum1toneqn_prod1tonleq1,train,prove_theorem_ace,done,unproved_prerequisite,23,0.028530699999999992,"cache tokens, current tariff; unrecorded retries unknown",False,False,audit/cells/b40cc46ebbb228d4f03221fa8c58fdb3edebadf5ba3640e7a369b2e9d9b71215.json
experiments/output/ace_online_x3-online-s1_agentic/configs/algebra_others_exirrpowirrrat__ace-787cd4e3-core-medium__gpt-5.6-luna__seed1,algebra_others_exirrpowirrrat,validation,prove_theorem_ace,done,arithmetic_or_search,16,0.03978156000000001,"cache tokens, current tariff; unrecorded retries unknown",False,False,audit/cells/b4152741870de3055ffdbbf089197e9fed188795594bafa2b4e35347d499fee2.json
experiments/output/ace_roles_20260913/validation/configs/validation__candidate__proof__mathd_numbertheory_405__seed1,mathd_numbertheory_405,validation,,missing,other_or_unobserved,4,0.07781786,dated billing receipts,True,False,audit/cells/b426b2defb6ff778ffb0f13ea9bc3067c7a75bbabf97d99e11fec7b586c8f51b.json
experiments/output/ace_models_20260910/proof/configs/mathd_algebra_185__prover-xhigh-1e4aec7dbbe80e7a__gpt-5.6-luna__seed0,mathd_algebra_185,train,prove_theorem_grounded,done,no_verifier_evidence,0,0.02710394,dated billing receipts,False,False,audit/cells/b4728b7253c3da3c05cc3bde5aa8d344bc387b06d1bef1cf91d622f4bc191a6b.json
experiments/output/ace_economy_20260916/validation/configs/validation__views__amc12a_2019_p21__seed1,amc12a_2019_p21,validation,prove_theorem_grounded,done,arithmetic_or_search,2,0.02909172,dated billing receipts,False,False,audit/cells/b4b786c7468defc77c4b9cdf5ef792b25308606b4ca644ceff739ac864efe459.json
experiments/output/ace_adaptation_x-offline-e3/configs/step116_generator_imo_1967_p3,imo_1967_p3,train,prove_theorem_ace,done,incomplete_proof,22,0.028547700000000002,"cache tokens, current tariff; unrecorded retries unknown",False,False,audit/cells/b4c48a0468bb6c2546c8a6cb8d24fda88256ec465530f34c9f392f509fc201f9.json
experiments/output/ace_polish_pilots/configs/algebra_amgm_sum1toneqn_prod1tonleq1__output_recovery-off-r64__gpt-5.6-luna__seed0,algebra_amgm_sum1toneqn_prod1tonleq1,train,prove_theorem_grounded,done,unknown_reference,6,0.0395409,"cache tokens, current tariff; unrecorded retries unknown",False,False,audit/cells/b4eecc2327f8cd2d046cf94f083e782aed8c509c2d27ef3525b7fa2569347722.json
experiments/output/ace_x_validation_ace_x4_offline_rv3_agentic/configs/amc12a_2020_p21__ace-f1dd5c3a-core-medium__gpt-5.6-luna__seed0,amc12a_2020_p21,validation,prove_theorem_ace,done,other_or_unobserved,16,0.0534513,"cache tokens, current tariff; unrecorded retries unknown",False,False,audit/cells/b51158b34d83619515045d1976cbabbd6048332ad2f4e55176c4c6e63043061f.json
experiments/output/ace_x_validation_ace_x5_offline_rv3_agentic/configs/aime_1991_p6__ace-fc7b45d4-core-medium__gpt-5.6-luna__seed0,aime_1991_p6,validation,prove_theorem_ace,done,incomplete_proof,16,0.03515688,"cache tokens, current tariff; unrecorded retries unknown",False,False,audit/cells/b51373bbcba948570c30cf116280b76edf0ce944870a633130006fa56f5079dc.json
experiments/output/x_validation_stall_seenstate4_agentic/configs/mathd_numbertheory_530__core-medium-stall-seenstate4__gpt-5.6-luna__seed0,mathd_numbertheory_530,validation,prove_theorem_agentic_stall,done,syntax,16,0.05599632,"cache tokens, current tariff; unrecorded retries unknown",False,False,audit/cells/b545ab6fece9f16966fdd56147e90e237ca0d07eab79f13d3419b0ce0bd828b3.json
experiments/output/ace_capacity_20260912/cross/configs/mathd_numbertheory_530__cross-level0__gpt-5.6-terra__seed0,mathd_numbertheory_530,validation,prove_theorem_grounded,done,unproved_prerequisite,7,0.37506779999999995,"cache tokens, current tariff; unrecorded retries unknown",False,False,audit/cells/b58ce458eeb7eb49594a4aab5dc53486ed053274261ff2617e0fc48b254d2a07.json
experiments/output/ace_economy_20260916/validation/configs/validation__budget__induction_prod1p1onk3le3m1onn__seed0,induction_prod1p1onk3le3m1onn,validation,prove_theorem_grounded,done,other_or_unobserved,22,0.12759468,dated billing receipts,False,False,audit/cells/b5ac044459f484524915afd2a49f5a7c374bd127e94ff4ea7d2d968be13280a2.json
experiments/output/ace_economy_session_20260916/validation/configs/validation__agentic_session__induction_prod1p1onk3le3m1onn__seed1,induction_prod1p1onk3le3m1onn,validation,prove_theorem_grounded,done,unknown_reference,15,0.043884519999999996,dated billing receipts,False,False,audit/cells/b5bc8c462d04969d4643296ea47b7f6a04bb8493a6f0670f780cb8ec01c2a618.json
experiments/output/ace_capacity_20260912/headroom1/configs/mathd_numbertheory_629__E-level1__gpt-5.6-luna__seed0,mathd_numbertheory_629,train,prove_theorem_grounded,done,arithmetic_or_search,28,0.12479015999999998,"cache tokens, current tariff; unrecorded retries unknown",False,False,audit/cells/b5e5a553018a26eba558d7979a7ef33e603aaf9a5bdb02c733f7e5cee3bc05bb.json
experiments/output/ace_review_development/configs/aime_1991_p6__baseline-r64__gpt-5.6-luna__seed0,aime_1991_p6,validation,prove_theorem_agentic,done,incomplete_proof,32,0.10010354,"cache tokens, current tariff; unrecorded retries unknown",False,False,audit/cells/b5e785469a07eea63cb4b4c7d2dcbdfd62f5769ea479161f7c6219aa5c724bb1.json
experiments/output/ace_x_validation_ace_x5_offline_rv3_agentic/configs/imo_1969_p2__ace-fc7b45d4-core-medium__gpt-5.6-luna__seed1,imo_1969_p2,validation,prove_theorem_ace,done,incomplete_proof,25,0.019587479999999997,"cache tokens, current tariff; unrecorded retries unknown",False,False,audit/cells/b5e9c5ddbd2d9202d6e8aa48ca09bb14f31a1d5c3e5dc2d55050b1a34bb6d246.json
experiments/output/ace_sanitized_20260917/validation/configs/validation__agentic__proof__amc12a_2020_p21__seed1,amc12a_2020_p21,validation,prove_theorem_grounded,done,other_or_unobserved,8,0.03151192,dated billing receipts,False,False,audit/cells/b60da08d3b2e2ec881416b37c9399713229fcdae236dd7659fdfa719a0fc327f.json
experiments/output/x_validation_stall_seenstate4_agentic/configs/imo_1969_p2__core-medium-stall-seenstate4__gpt-5.6-luna__seed0,imo_1969_p2,validation,prove_theorem_agentic_stall,done,arithmetic_or_search,18,0.03433344000000001,"cache tokens, current tariff; unrecorded retries unknown",False,False,audit/cells/b620f6edfbdbadc2bdccb76a7f82938fc2c30f078ce23fd2e53f95048a19168b.json
experiments/output/acet_x_validation_ace_x6_repairs_k3_r2_agentic/configs/algebra_others_exirrpowirrrat__acet-1d2bc630-30d3e288-k3-r2-core-medium__gpt-5.6-luna__seed1,algebra_others_exirrpowirrrat,validation,prove_theorem_ace_triggered,done,syntax,12,0.03126769999999999,"cache tokens, current tariff; unrecorded retries unknown",False,False,audit/cells/b62a1f7d8a13be99d7718d7ff24b9110329853c8ea0510e32c77650030caa5ec.json
experiments/output/ace_economy_refinement_20260916/pilot/configs/train__agentic__aime_1988_p3__seed0,aime_1988_p3,train,prove_theorem_grounded,done,unproved_prerequisite,12,0.043132659999999996,dated billing receipts,False,False,audit/cells/b64cd316728506d0cdb3c50a7039a9b14d21ad4b917f5749ed46d9a37a31ce2e.json
experiments/output/ace_online_x-online-warm-s0_agentic/configs/imo_1964_p2__ace-c45e4acd-core-medium__gpt-5.6-luna__seed0,imo_1964_p2,validation,prove_theorem_ace,done,unproved_prerequisite,28,0.08942838,"cache tokens, current tariff; unrecorded retries unknown",False,False,audit/cells/b67bfebb7850145f2686270131f890a56bed8702c6029b1bbe60b01f614a22fa.json
experiments/output/ace_attribution_20260912/training/terra/configs/imo_1977_p6__terra-ace-medium__gpt-5.6-terra__seed0,imo_1977_p6,train,prove_theorem_grounded,done,arithmetic_or_search,8,0.3685402,dated billing receipts,False,False,audit/cells/b689b275892794c9aa0ef297aed6365c2da8bcda73664f74bc551c102894aeec.json
experiments/output/ace_models_20260910/proof/configs/amc12a_2002_p13__prover-low-1e4aec7dbbe80e7a__gpt-5.6-luna__seed0,amc12a_2002_p13,train,prove_theorem_grounded,done,other_or_unobserved,11,0.03717918,dated billing receipts,False,False,audit/cells/b6f1a93de7a7468956b4b8e6034231e785d5085daa7ce6b7db42697212986b9b.json
experiments/output/ace_x_validation_ace_x4_offline_rv3_agentic/configs/mathd_numbertheory_43__ace-f1dd5c3a-core-medium__gpt-5.6-luna__seed1,mathd_numbertheory_43,validation,prove_theorem_ace,done,incomplete_proof,19,0.03434108,"cache tokens, current tariff; unrecorded retries unknown",False,False,audit/cells/b6f722636b269c4b766d2e86672bf82df3920da5d43930fddbce4860d653a9f2.json
experiments/output/ace_sanitized_20260917/validation/configs/validation__ace_selected__proof__aime_1984_p7__seed0,aime_1984_p7,validation,prove_theorem_grounded,done,arithmetic_or_search,11,0.03829968,dated billing receipts,False,False,audit/cells/b6fadb0e521192b180941cfb19cca55b671e3fe7e170d1d2fa70008501becea6.json
experiments/output/ace_economy_session_20260916/validation/configs/validation__agentic_session__aime_1991_p6__seed0,aime_1991_p6,validation,prove_theorem_grounded,done,unknown_reference,7,0.040419,dated billing receipts,False,False,audit/cells/b70670267bf4c087714af4effba285d05c067c275ca5d5d3fa6be6dde28f0929.json
experiments/output/ace_x_validation_ace_x3_noreflect_rv3_agentic/configs/amc12a_2019_p21__ace-ce233fe0-core-medium__gpt-5.6-luna__seed1,amc12a_2019_p21,validation,prove_theorem_ace,done,unproved_prerequisite,11,0.021376980000000007,"cache tokens, current tariff; unrecorded retries unknown",False,False,audit/cells/b70dda377d84c7d7e9fad0b6771a9f2d5b99cd472a40cd487c1c0faecfad7cce.json
experiments/output/ace_x_validation_agentic/configs/mathd_algebra_282__ace-1ac8a092-core-medium__gpt-5.6-luna__seed1,mathd_algebra_282,validation,prove_theorem_ace,done,incomplete_proof,17,0.022533659999999997,"cache tokens, current tariff; unrecorded retries unknown",False,False,audit/cells/b713d808c0d8f8a66f410300a56642cec87d6a5682957e99f44a76c18142c8b5.json
experiments/output/ace_roles_20260913/validation/configs/validation__control__proof__amc12_2000_p12__seed1,amc12_2000_p12,validation,,missing,other_or_unobserved,3,0.057621439999999996,dated billing receipts,True,False,audit/cells/b71a9a20b05ed9cf375b5abc4d95741fe1e9b563c1a79e1001ab24bb81f97964.json
experiments/output/ace_adaptation_x-offline-e3/configs/step21_generator_amc12a_2020_p13,amc12a_2020_p13,train,prove_theorem_ace,done,unproved_prerequisite,10,0.03509309999999999,"cache tokens, current tariff; unrecorded retries unknown",False,False,audit/cells/b72596cb8562bbf7f8f00546455c02050f1327ae3c751f57cb59a02ba2d39703.json
experiments/output/ace_roles_20260913/validation/configs/validation__candidate__proof__mathd_numbertheory_530__seed1,mathd_numbertheory_530,validation,,missing,other_or_unobserved,6,0.08934472,dated billing receipts,True,False,audit/cells/b74cbea98f26876c0bd1a8aab6137f4068e03c4e349fd168b19471381139750a.json
experiments/output/ace_models_20260910/proof/configs/mathd_algebra_185__prover-xhigh-9771a16dde5dd680__gpt-5.6-luna__seed0,mathd_algebra_185,train,prove_theorem_grounded,done,no_verifier_evidence,0,0.024330539999999998,dated billing receipts,False,False,audit/cells/b75289efc593864ac4fdb57a85d15ecf355f903514bdf3a1e9014327d1e7f01f.json
experiments/output/ace_review_development/configs/aime_1991_p9__x3-r64__gpt-5.6-luna__seed0,aime_1991_p9,validation,prove_theorem_ace,done,other_or_unobserved,13,0.11138931999999999,"cache tokens, current tariff; unrecorded retries unknown",False,False,audit/cells/b757160294280b5bf55bfa1f2515f2f21f8ab7d5b2a0ecbfa2e36ec506c5e519.json
experiments/output/ace_economy_refinement_20260916/pilot/configs/train__ace_compact__mathd_algebra_185__seed0,mathd_algebra_185,train,prove_theorem_grounded,done,other_or_unobserved,11,0.038285099999999996,dated billing receipts,False,False,audit/cells/b77e86fce856bbd039c70d57949d1d7ba6a881d324fc8884619944093fa375b9.json
experiments/output/ace_review_development/configs/amc12_2001_p21__baseline-r64__gpt-5.6-luna__seed1,amc12_2001_p21,validation,prove_theorem_agentic,done,incomplete_proof,45,0.1005511,"cache tokens, current tariff; unrecorded retries unknown",False,False,audit/cells/b78798fc2d7e7e93df3c62701e8c1f0eb853ea6d69c2bd2abc12c96c41e9db1b.json
experiments/output/ace_review_calibration/configs/imo_1977_p6__baseline-r64__gpt-5.6-luna__seed0,imo_1977_p6,train,prove_theorem_agentic,done,incomplete_proof,41,0.06953404000000002,"cache tokens, current tariff; unrecorded retries unknown",False,False,audit/cells/b7fbd70b78e2f1b730e20a971d9054ea38ff6127657a922913e668f57dcff4fc.json
experiments/output/ace_x_validation_ace_x3_offline_e3_rv3_agentic/configs/mathd_numbertheory_530__ace-d0d7ce24-core-medium__gpt-5.6-luna__seed1,mathd_numbertheory_530,validation,prove_theorem_ace,done,unproved_prerequisite,5,0.024643259999999993,"cache tokens, current tariff; unrecorded retries unknown",False,False,audit/cells/b81a43fe65ad0e5aaaf4705fdc69eca17df52d1d4a9a899f8b91ac8934bfa629.json
experiments/output/ace_revision_20260913/validation/configs/validation__control__proof__mathd_numbertheory_405__seed0,mathd_numbertheory_405,validation,prove_theorem_grounded,done,syntax,8,0.03792142,dated billing receipts,False,False,audit/cells/b85d8a0710ba2f98f4d456c994f531b2057a0987ef5d1f1bc4846f2bf10822e2.json
experiments/output/ace_revision_20260913/validation/configs/validation__control__proof__amc12a_2020_p21__seed1,amc12a_2020_p21,validation,prove_theorem_grounded,done,other_or_unobserved,10,0.03612162,dated billing receipts,False,False,audit/cells/b8b50800a61a398b64c6cf650ff3d2bf9fde593c18afe9d06f266c2b40a26df5.json
experiments/output/ace_economy_refinement_20260916/pilot/configs/train__agentic__mathd_algebra_185__seed0,mathd_algebra_185,train,prove_theorem_grounded,done,other_or_unobserved,10,0.0375222,dated billing receipts,False,False,audit/cells/b8f1b098a56d751107335861a71923e313ce9716736ad505080c5d2693092d29.json
experiments/output/ace_models_20260910/proof/configs/amc12b_2002_p11__prover-xhigh-3e6016d332df5347__gpt-5.6-luna__seed0,amc12b_2002_p11,train,prove_theorem_grounded,done,no_verifier_evidence,0,0.02400646,dated billing receipts,False,False,audit/cells/b9019e7aad7b765a789599507171d001c6aa52424cdc61d609e9780b2f01f3d6.json
experiments/output/ace_review_calibration/configs/imo_1967_p3__baseline-r64__gpt-5.6-luna__seed0,imo_1967_p3,train,prove_theorem_agentic,done,incomplete_proof,50,0.10009219999999999,"cache tokens, current tariff; unrecorded retries unknown",False,False,audit/cells/b903c7286a36af87024bb252ebfe5eb6682784fa4a592ebc4929d06dca88a5ea.json
experiments/output/ace_economy_refinement_20260916/final03/configs/validation__agentic_reset__imo_1984_p6__seed1,imo_1984_p6,validation,prove_theorem_grounded,done,other_or_unobserved,8,0.021617039999999997,dated billing receipts,False,False,audit/cells/b90d7fbd6c984682348708130eb33c96efacec9b94b8bed858f84cfb49fc2b5b.json
experiments/output/ace_economy_20260916/validation/configs/validation__ace__amc12a_2020_p21__seed1,amc12a_2020_p21,validation,prove_theorem_grounded,done,incomplete_proof,7,0.0352226,dated billing receipts,False,False,audit/cells/b9118fb100e230fe3af62e98d590c624326db26d29e60fe36d115d7faccfb44d.json
experiments/output/ace_x_validation_ace_x3_offline_e3_rv3_agentic/configs/amc12a_2008_p4__ace-d0d7ce24-core-medium__gpt-5.6-luna__seed0,amc12a_2008_p4,validation,prove_theorem_ace,done,incomplete_proof,25,0.019146419999999997,"cache tokens, current tariff; unrecorded retries unknown",False,False,audit/cells/b9421f94d75431e96d39182880cf742611df3359c3b15ce6011df07ecec28ee3.json
experiments/output/ace_adaptation_x-noreflect/configs/step23_generator_imo_1983_p6,imo_1983_p6,train,prove_theorem_ace,done,unproved_prerequisite,25,0.030438419999999997,"cache tokens, current tariff; unrecorded retries unknown",False,False,audit/cells/b945337f33a5150083c32aed701a369bd6c2936466f79d2d4d9742220cfd8223.json
experiments/output/x_train_agentic/configs/imo_1967_p3__core-medium__gpt-5.6-luna__seed1,imo_1967_p3,train,prove_theorem_agentic,done,incomplete_proof,20,0.038730239999999985,"cache tokens, current tariff; unrecorded retries unknown",False,False,audit/cells/b9ba6c70da318685e88065a3585722ed11ce15cad184c675e9f134ac0cf8d8a4.json
experiments/output/coverage_cycle_20260911/training/E2/configs/amc12_2000_p1__training-E2__gpt-5.6-luna__seed0,amc12_2000_p1,train,prove_theorem_grounded,done,unknown_reference,11,0.0397045,dated billing receipts,False,False,audit/cells/b9de045aa485536271d1d9fd82dab7e01c7de7fa2aebc2b5b1957cbce4637cb4.json
experiments/output/coverage_cycle_20260911/training/H/configs/imo_1977_p6__training-H__gpt-5.6-luna__seed0,imo_1977_p6,train,prove_theorem_grounded,done,syntax,8,0.04333078,dated billing receipts,False,False,audit/cells/ba11313d1911aa24a3d85c78a90004d62486d0459fa4bf6b7e832e6b98a7b2fc.json
experiments/output/ace_adaptation_x3-mono/configs/step18_curator_amc12_2000_p1,amc12_2000_p1,train,rewrite_playbook,done,no_verifier_evidence,0,0.01128828,"cache tokens, current tariff; unrecorded retries unknown",False,False,audit/cells/ba15fc4f08565d7971bb9210d590a252987e919177e63f5aa74f336a1c7d14ca.json
experiments/output/ace_review_calibration/configs/mathd_algebra_224__baseline-r64__gpt-5.6-luna__seed1,mathd_algebra_224,train,prove_theorem_agentic,done,other_or_unobserved,21,0.10658650000000003,"cache tokens, current tariff; unrecorded retries unknown",False,False,audit/cells/ba3b7b3723b8ad88c7fc5aab3a011e6129c6a3b242694ec31b26049d32265dc7.json
experiments/output/ace_economy_refinement_20260916/final09/configs/validation__ace_compact__aime_1991_p9__seed0,aime_1991_p9,validation,prove_theorem_grounded,done,other_or_unobserved,4,0.037932679999999996,dated billing receipts,False,False,audit/cells/ba8dcd9f39ed437335a2677e9add7a0c566704d50988010c71c01a521a091cb6.json
experiments/output/coverage_cycle_20260911/validation/S/configs/aime_1984_p7__validation-S__gpt-5.6-luna__seed0,aime_1984_p7,validation,prove_theorem_grounded,done,arithmetic_or_search,8,0.038133879999999995,dated billing receipts,False,False,audit/cells/ba927e7fb86ffbd7294e03fa19aa02898f9be8257c075d2714c67b551f24c50c.json
experiments/output/ace_review_calibration/configs/mathd_algebra_224__baseline-r64__gpt-5.6-luna__seed0,mathd_algebra_224,train,prove_theorem_agentic,done,syntax,22,0.24940844,"cache tokens, current tariff; unrecorded retries unknown",False,False,audit/cells/baf338860bbbd1ada35142629e02e8db50f0fb5e0ec728fb46a21a76a3e81b15.json
experiments/output/ace_contenders_20260910/configs/amc12a_2020_p13__training-reflector-medium__gpt-5.6-luna__seed0,amc12a_2020_p13,train,prove_theorem_grounded,done,incomplete_proof,1,0.0279774,dated billing receipts,False,False,audit/cells/baf4bd84dc3cc1c5f09f7e6d02a32714893f73d3830e8e7a77d04bd1031381b4.json
experiments/output/ace_adaptation_x-offline-e3/configs/step112_curator_amc12a_2020_p13,amc12a_2020_p13,train,,failed,platform_failure,0,0.0,"cache tokens, current tariff; unrecorded retries unknown",False,False,audit/cells/bb130d9471b7d278ca9f5a9828f79ddccb8ddce2589868c4f6f96f027bc7b8b3.json
experiments/output/ace_contenders_20260910/configs/amc12b_2003_p6__validation-reflector-medium__gpt-5.6-luna__seed0,amc12b_2003_p6,validation,prove_theorem_grounded,done,no_verifier_evidence,0,0.02806214,dated billing receipts,False,False,audit/cells/bb17a36c6fe373ee8637acc555e516abb6b6ab0974837890a4a948c4de8b70c8.json
experiments/output/ace_polish_validation/configs/aime_1991_p6__candidate-r64__gpt-5.6-luna__seed0,aime_1991_p6,validation,prove_theorem_grounded,done,incomplete_proof,5,0.033327459999999996,"cache tokens, current tariff; unrecorded retries unknown",False,False,audit/cells/bb1cd4baf01c0f31d7650928f4c79d4dcac2d00b85263f21cc5cf729df3ffaec.json
experiments/output/ace_models_20260910/proof/configs/imo_1977_p6__prover-xhigh-eded856fb989c1f6__gpt-5.6-luna__seed0,imo_1977_p6,train,prove_theorem_grounded,done,other_or_unobserved,1,0.03344948,dated billing receipts,False,False,audit/cells/bb319a703b331f5ac7bec27d9fc534318aaddd95d9d80bcf9e72aee388dd20b0.json
experiments/output/coverage_cycle_20260911/training/E2/configs/imo_1963_p5__training-E2__gpt-5.6-luna__seed0,imo_1963_p5,train,prove_theorem_grounded,done,arithmetic_or_search,11,0.03946636,dated billing receipts,False,False,audit/cells/bb40c3a98c719279cc755c547e1e5f9da5a74d7b2fc5a3bca7cccab6f82c1e63.json
experiments/output/ace_economy_refinement_20260916/final17/configs/validation__agentic__imo_1964_p2__seed0,imo_1964_p2,validation,prove_theorem_grounded,done,unproved_prerequisite,10,0.03889112,dated billing receipts,False,False,audit/cells/bb4a80da52e13bdfdba824611af4d67e38b65bf0acfe937289afe1f0ed3cc998.json
experiments/output/acet_x_validation_ace_x5_offline_k3_agentic/configs/mathd_numbertheory_405__acet-fc7b45d4-b1806cce-k3-core-medium__gpt-5.6-luna__seed0,mathd_numbertheory_405,validation,prove_theorem_ace_triggered,done,incomplete_proof,26,0.0479016,"cache tokens, current tariff; unrecorded retries unknown",False,False,audit/cells/bb7b5dfd59c93aec2a5770e8873523575677df4d8a33ac4f3428ba6dc77d49d3.json
experiments/output/ace_contenders_20260910/configs/amc12b_2004_p3__training-reflector-medium__gpt-5.6-luna__seed0,amc12b_2004_p3,train,prove_theorem_grounded,done,no_verifier_evidence,0,0.02605432,dated billing receipts,False,False,audit/cells/bb7c01c928af8f33524e6e2dcc7e929f4fd10ec75d3375dbee50a77a6cc9974a.json
experiments/output/ace_online_x3-online-s0_agentic/configs/mathd_numbertheory_303__ace-d51fb057-core-medium__gpt-5.6-luna__seed0,mathd_numbertheory_303,validation,prove_theorem_ace,done,other_or_unobserved,14,0.048536899999999994,"cache tokens, current tariff; unrecorded retries unknown",False,False,audit/cells/bbfcdb8c0632950e885c6a02c0cdf5d048d55f6b85f60e70a74a2f094d4e79e1.json
experiments/output/ace_economy_20260916/validation/configs/validation__views__amc12a_2020_p21__seed1,amc12a_2020_p21,validation,prove_theorem_grounded,done,unknown_reference,11,0.03836474,dated billing receipts,False,False,audit/cells/bc0df18c4f458f40fc4f95b3ec7f727a7298bc58d2fc2d61bc8ac388f09fc17f.json
experiments/output/ace_polish_training/configs/amc12a_2017_p7__candidate-r64__gpt-5.6-luna__seed0,amc12a_2017_p7,train,prove_theorem_grounded,done,arithmetic_or_search,12,0.04245602,"cache tokens, current tariff; unrecorded retries unknown",False,False,audit/cells/bc0e1d762499ac8c8ceb6203a6ed563c01f22dd3234ab941a9bb9b2b5e12536f.json
experiments/output/x_validation_agentic/configs/mathd_numbertheory_43__core-medium__gpt-5.6-luna__seed1,mathd_numbertheory_43,validation,prove_theorem_agentic,done,incomplete_proof,23,0.021355479999999996,"cache tokens, current tariff; unrecorded retries unknown",False,False,audit/cells/bc32d4ec785de1117d506cadbfb3b386211524697dcf8e80c18867768a799007.json
experiments/output/ace_sanitized_20260917/pilots/configs/pilots__incumbent__proof__amc12a_2020_p13__seed0,amc12a_2020_p13,train,prove_theorem_grounded,done,unproved_prerequisite,8,0.03940114,dated billing receipts,False,False,audit/cells/bc4466b211a7d250c859ac2748fdcf663b7a0becba9ec8b9a6d00c2d28704dbb.json
experiments/output/ace_economy_refinement_20260916/final17/configs/validation__ace_reset_compact__imo_1964_p2__seed0,imo_1964_p2,validation,prove_theorem_grounded,done,other_or_unobserved,15,0.04596462,dated billing receipts,False,False,audit/cells/bc4720b42d3cf48b8129d0d432369843dcd4bd2d942e58493f0c9408361f2f06.json
experiments/output/ace_adaptation_x-online-warm-s1/configs/step38_curator_amc12_2001_p21,amc12_2001_p21,validation,,failed,platform_failure,0,0.0,"cache tokens, current tariff; unrecorded retries unknown",False,False,audit/cells/bc486b06ece65cbe7558cc9c6cd0e492c5aa2428e6c31377b871d8e312c07a41.json
experiments/output/ace_polish_training/configs/mathd_algebra_224__candidate-r64__gpt-5.6-luna__seed0,mathd_algebra_224,train,prove_theorem_grounded,done,unproved_prerequisite,12,0.04257634,"cache tokens, current tariff; unrecorded retries unknown",False,False,audit/cells/bc518dec1546cdf440e6b676ce012d80681a2a8523f625d8c97bca713ba8c45b.json
experiments/output/coverage_cycle_20260911/validation/D2/configs/amc12a_2020_p21__validation-D2__gpt-5.6-luna__seed0,amc12a_2020_p21,validation,prove_theorem_grounded,done,other_or_unobserved,9,0.03894542,dated billing receipts,False,False,audit/cells/bc6de6d338c276f441f89c489bf7700b1fb4de671a0252cd5c7c49f77061dc9b.json
experiments/output/ace_capacity_20260912/cross/configs/amc12a_2020_p21__cross-level0__gpt-5.6-luna__seed0,amc12a_2020_p21,validation,prove_theorem_grounded,done,other_or_unobserved,10,0.039640680000000005,"cache tokens, current tariff; unrecorded retries unknown",False,False,audit/cells/bc78b6ce00e91a890bf07562b753ce34093f644a1211b6c61cef564e24bd3f66.json
experiments/output/ace_sanitized_20260917/validation/configs/validation__agentic_coverage__proof__algebra_others_exirrpowirrrat__seed0,algebra_others_exirrpowirrrat,validation,prove_theorem_grounded,done,arithmetic_or_search,13,0.0641089,dated billing receipts,False,False,audit/cells/bc8292b43262f41820e8bfbd85d1692b0e1952ffd5b1a32c183336bc596d0fba.json
experiments/output/ace_x_validation_ace_x5_offline_rv3_agentic/configs/aime_1991_p6__ace-fc7b45d4-core-medium__gpt-5.6-luna__seed1,aime_1991_p6,validation,prove_theorem_ace,done,incomplete_proof,22,0.03930462,"cache tokens, current tariff; unrecorded retries unknown",False,False,audit/cells/bcb6aa5c8c7c7946b28bbd2ab5980ffe6c9349cfc25a12d68367b898408c01b5.json
experiments/output/ace_economy_refinement_20260916/final02/configs/validation__ace_compact__amc12a_2019_p21__seed0,amc12a_2019_p21,validation,prove_theorem_grounded,done,other_or_unobserved,8,0.0362007,dated billing receipts,False,False,audit/cells/bcb866c01db6635453a03ed458a97324c7f000f7611f33bf6c6da23d3bba9954.json
experiments/output/ace_bounded_pilot/configs/amc12b_2002_p11__money-on-r64__gpt-5.6-luna__seed0,amc12b_2002_p11,train,prove_theorem_grounded,done,other_or_unobserved,6,0.03863898,"cache tokens, current tariff; unrecorded retries unknown",False,False,audit/cells/bcbdac7ebdc4370822cdb713d0e8b02706187a415efb1e89476a8cd3be2072bf.json
experiments/output/ace_x_validation_ace_x3_strong_rv3_agentic/configs/amc12_2001_p21__ace-b596e7df-core-medium__gpt-5.6-luna__seed0,amc12_2001_p21,validation,prove_theorem_ace,done,verifier_resource,19,0.04708430000000001,"cache tokens, current tariff; unrecorded retries unknown",False,False,audit/cells/bcd9f9dd5043a8524de671020c15af2a61dafedd379b4574c77e62848c5fb9ea.json
experiments/output/ace_sanitized_20260917/validation/configs/validation__agentic__proof__induction_prod1p1onk3le3m1onn__seed0,induction_prod1p1onk3le3m1onn,validation,prove_theorem_grounded,done,unproved_prerequisite,11,0.04076734,dated billing receipts,False,False,audit/cells/bd05c1a00d22e9ec68957e6b1c42c2ec75ff6e95bf2d9448c98bf0e1a1a58ed7.json
experiments/output/ace_capacity_20260912/mechanisms/configs/amc12b_2002_p11__B-level0__gpt-5.6-terra__seed0,amc12b_2002_p11,train,prove_theorem_grounded,done,other_or_unobserved,6,0.3749828,"cache tokens, current tariff; unrecorded retries unknown",False,False,audit/cells/bdb8b3f9ae998a2d8efe8f29f9c063b2c778857b86c26a3ad88f975feda31fb1.json
experiments/output/ace_sanitized_20260917/validation/configs/validation__ace_selected__proof__amc12_2001_p21__seed1,amc12_2001_p21,validation,prove_theorem_grounded,done,incomplete_proof,5,0.014574,dated billing receipts,False,False,audit/cells/bdca1ce08cec459cd9146b43bc1261e31001b100f498b7bc56e75391aeee5873.json
experiments/output/ace_polish_validation/configs/algebra_others_exirrpowirrrat__candidate-r64__gpt-5.6-luna__seed0,algebra_others_exirrpowirrrat,validation,prove_theorem_grounded,done,syntax,6,0.0418445,"cache tokens, current tariff; unrecorded retries unknown",False,False,audit/cells/be0aa69e05192d204ac130c3509abf2a4879472aaa7ea49d12b55d77494f12a1.json
experiments/output/ace_control_cycle_tuning/configs/imo_1963_p5__tuning-r64__gpt-5.6-luna__seed0,imo_1963_p5,train,prove_theorem_grounded,done,syntax,10,0.0416028,"cache tokens, current tariff; unrecorded retries unknown",False,False,audit/cells/be71d865444a5a3c5c3c32af857e725aa849a7a6a9bbbfa3c0e6ca704f395f7c.json
experiments/output/x_validation_agentic/configs/mathd_numbertheory_303__core-medium__gpt-5.6-luna__seed1,mathd_numbertheory_303,validation,prove_theorem_agentic,done,other_or_unobserved,7,0.031978179999999995,"cache tokens, current tariff; unrecorded retries unknown",False,False,audit/cells/be876a379d674309b04ff30f3122c9e6b261c9bab083a14200771824b1866544.json
experiments/output/ace_models_20260910/proof/configs/amc12b_2002_p11__prover-medium-3bfe5109dc462e8c__gpt-5.6-luna__seed0,amc12b_2002_p11,train,prove_theorem_grounded,done,unknown_reference,6,0.03467414,dated billing receipts,False,False,audit/cells/be8db10f58e633c4c1e84f4a6f051aa78ab717da9cde5f35fb392456473b0016.json
experiments/output/ace_economy_refinement_20260916/final03/configs/validation__agentic_reset__imo_1984_p6__seed0,imo_1984_p6,validation,prove_theorem_grounded,done,other_or_unobserved,6,0.013534059999999999,dated billing receipts,False,False,audit/cells/be9eecc67b3b165f84e795d13d8eca81f3664b7d060cdb7b24a37c5adceab83a.json
experiments/output/ace_economy_refinement_20260916/final02/configs/validation__agentic_compact__amc12a_2019_p21__seed0,amc12a_2019_p21,validation,prove_theorem_grounded,done,syntax,7,0.04017248,dated billing receipts,False,False,audit/cells/bea0dc3402b942f020a7583efa175be46bf4cb71d4e51a35ef5d42330a77637b.json
experiments/output/ace_sanitized_20260917/validation/configs/validation__agentic__proof__aime_1991_p6__seed1,aime_1991_p6,validation,prove_theorem_grounded,done,unproved_prerequisite,5,0.036210639999999995,dated billing receipts,False,False,audit/cells/bea46883632fd720f1486ae4f2f823f6077bf23a7d44d5946cda4b4f60b3ba0c.json
experiments/output/ace_x_validation_agentic/configs/imo_1984_p6__ace-d56da056-core-medium__gpt-5.6-luna__seed0,imo_1984_p6,validation,prove_theorem_ace,done,incomplete_proof,16,0.027939660000000005,"cache tokens, current tariff; unrecorded retries unknown",False,False,audit/cells/bf03940ca16f282b6228b599e996331499dd589b67303bcdb15f0b9985d6a017.json
experiments/output/ace_models_20260910/proof/configs/imo_1977_p6__prover-xhigh-32c2336efd904991__gpt-5.6-luna__seed0,imo_1977_p6,train,prove_theorem_grounded,done,other_or_unobserved,1,0.03271192,dated billing receipts,False,False,audit/cells/bf1dc531989af43392feeaa583ef9262349be369774c0ae8cf0ebc554b01cd46.json
experiments/output/ace_review_development/configs/amc12_2001_p21__repair0-r64__gpt-5.6-luna__seed1,amc12_2001_p21,validation,prove_theorem_ace,done,incomplete_proof,34,0.10056143999999999,"cache tokens, current tariff; unrecorded retries unknown",False,False,audit/cells/bf2797f075e60ecfd2cd688a45bad53675516c78f942584d30415d6cf23f2de1.json
experiments/output/ace_adaptation_x-mono/configs/step28_generator_mathd_algebra_185,mathd_algebra_185,train,prove_theorem_ace,done,unknown_reference,19,0.05379202,"cache tokens, current tariff; unrecorded retries unknown",False,False,audit/cells/bf2bc8452ca20bb95f3fb93390dbf0c086e24612e57ead3e995c9ce6a41e5867.json
experiments/output/ace_economy_refinement_20260916/final11/configs/validation__ace_reset__mathd_numbertheory_530__seed0,mathd_numbertheory_530,validation,prove_theorem_grounded,done,other_or_unobserved,9,0.04473294,dated billing receipts,False,False,audit/cells/bf4ff1663a8b69184a0247a51945fb8aad83778b0c7974a5226626a01f5a81c8.json
experiments/output/ace_adaptation_x-online-warm-s0/configs/step38_curator_amc12_2001_p21,amc12_2001_p21,validation,,failed,platform_failure,0,0.0,"cache tokens, current tariff; unrecorded retries unknown",False,False,audit/cells/bf6b13ac0c89b6eb070b011b9ff467fafe2b29e0f40b5428e551a5f11bc97423.json
experiments/output/ace_contenders_20260910/configs/amc12a_2016_p3__validation-reflector-medium__gpt-5.6-luna__seed0,amc12a_2016_p3,validation,prove_theorem_grounded,done,other_or_unobserved,2,0.0329715,dated billing receipts,False,False,audit/cells/bf9a3dbeb658657f67355880e714292ad809cf4c53fdf7d749328841ebd71974.json
experiments/output/ace_x_validation_agentic/configs/amc12a_2019_p21__ace-d56da056-core-medium__gpt-5.6-luna__seed0,amc12a_2019_p21,validation,prove_theorem_ace,done,other_or_unobserved,13,0.03767771999999999,"cache tokens, current tariff; unrecorded retries unknown",False,False,audit/cells/bfc4fda345aab52465645d7796c8929e512bbfbfd871c4b1451521f9ca811ad5.json
experiments/output/acet_x_validation_ace_x5_offline_k3_agentic/configs/amc12a_2020_p21__acet-fc7b45d4-b1806cce-k3-core-medium__gpt-5.6-luna__seed1,amc12a_2020_p21,validation,prove_theorem_ace_triggered,done,syntax,13,0.10224266,"cache tokens, current tariff; unrecorded retries unknown",False,False,audit/cells/bfdc26a41901d04c79b1248cbb337ddcbbff3a4df920fef067dab5c28b197fa1.json
experiments/output/ace_x_validation_ace_digest_table_rv2_agentic/configs/mathd_numbertheory_37__ace-ca62b40b-core-medium__gpt-5.6-luna__seed0,mathd_numbertheory_37,validation,prove_theorem_ace,done,other_or_unobserved,22,0.03554378,"cache tokens, current tariff; unrecorded retries unknown",False,False,audit/cells/c003198ae99752db4a0d08fd590953be6f1f5bdb5028f96fbd194b90de7eb4c8.json
experiments/output/ace_economy_20260916/validation/configs/validation__session__aime_1984_p7__seed1,aime_1984_p7,validation,prove_theorem_grounded,done,other_or_unobserved,8,0.04289982,dated billing receipts,False,False,audit/cells/c02566ddf68afce8877719185b88295d72616e188ebc50c4b2e19dba99d3d830.json
experiments/output/ace_adaptation_x3-mono/configs/step17_curator_induction_pord1p1on2powklt5on2,induction_pord1p1on2powklt5on2,train,rewrite_playbook,done,no_verifier_evidence,0,0.0114522,"cache tokens, current tariff; unrecorded retries unknown",False,False,audit/cells/c03070dbed76bf7baa1e52e34754430cd0a61ab4ec4f06225da4cd1a700a0174.json
experiments/output/ace_economy_refinement_20260916/final11/configs/validation__ace__mathd_numbertheory_530__seed0,mathd_numbertheory_530,validation,prove_theorem_grounded,done,unproved_prerequisite,7,0.03693306,dated billing receipts,False,False,audit/cells/c05db82216df5d56f497b0defd3aea0d1ef3f3b6c17ea701bd80ac81f2fce73c.json
experiments/output/ace_economy_20260916/validation/configs/validation__agentic__mathd_numbertheory_37__seed0,mathd_numbertheory_37,validation,prove_theorem_grounded,done,arithmetic_or_search,15,0.030040439999999998,dated billing receipts,False,False,audit/cells/c0992103a7dbfdfc4804e01d2290006ca4643fb196547f19d317fcd3211c279b.json
experiments/output/ace_economy_session_20260916/validation/configs/validation__agentic_session__mathd_numbertheory_530__seed1,mathd_numbertheory_530,validation,prove_theorem_grounded,done,other_or_unobserved,6,0.03990176,dated billing receipts,False,False,audit/cells/c0a4ca1e796c58d338a1f9aafb24f04bfa30fa731b14dd6bd8fd5ed772ef152f.json
experiments/output/ace_x_validation_ace_x5_offline_rv3_agentic/configs/amc12a_2019_p21__ace-fc7b45d4-core-medium__gpt-5.6-luna__seed0,amc12a_2019_p21,validation,prove_theorem_ace,done,unproved_prerequisite,17,0.08588735999999998,"cache tokens, current tariff; unrecorded retries unknown",False,False,audit/cells/c0d2553b982aaa7124b5b6a485efacb86beafcc7402b6f94fd481fdd67f0b027.json
experiments/output/ace_economy_20260916/validation/configs/validation__agentic__amc12a_2020_p21__seed1,amc12a_2020_p21,validation,prove_theorem_grounded,done,other_or_unobserved,24,0.03425588,dated billing receipts,False,False,audit/cells/c0d3216409d8d7a1541113453092d74a6051b3104e2868181e135b4c153b6c1d.json
experiments/output/ace_learning_20260914/validation/configs/validation__B__proof__amc12a_2020_p21__seed0,amc12a_2020_p21,validation,prove_theorem_grounded,done,other_or_unobserved,9,0.03742322,dated billing receipts,False,False,audit/cells/c0e89d330ed8e841620958f10bbef6cc37a669cc1ef16280d9939560042c3f86.json
experiments/output/ace_revision_20260913/validation/configs/validation__candidate__proof__amc12a_2020_p21__seed0,amc12a_2020_p21,validation,prove_theorem_grounded,done,unproved_prerequisite,7,0.0323896,dated billing receipts,False,False,audit/cells/c0ef056220e0749104b4ba9b0af8ca62f74b6fd26a8147106bfbc68a5e571fb3.json
experiments/output/ace_economy_20260916/validation/configs/validation__agentic__induction_prod1p1onk3le3m1onn__seed1,induction_prod1p1onk3le3m1onn,validation,prove_theorem_grounded,done,unknown_reference,10,0.03970798,dated billing receipts,False,False,audit/cells/c0f51710e496688b67643d6506be112d6679b1437f26aa5b1f351a58cc32178e.json
experiments/output/ace_capacity_20260912/mechanisms/configs/imo_1967_p3__C-level0__gpt-5.6-terra__seed0,imo_1967_p3,train,prove_theorem_grounded,done,incomplete_proof,10,0.33968339999999997,"cache tokens, current tariff; unrecorded retries unknown",False,False,audit/cells/c10d7b08192bc5e8cac56a8b422be9b946257e8540279a79d5343b3fc5964268.json
experiments/output/ace_mechanisms_20260910/validation/configs/aime_1991_p9__validation-E__gpt-5.6-luna__seed1,aime_1991_p9,validation,prove_theorem_grounded,done,no_verifier_evidence,0,0.02632886,dated billing receipts,False,False,audit/cells/c11c6f1b675283ee6648f7c18802e10ecc21f15a77166bd60e815b5eb7c060d5.json
experiments/output/ace_attribution_20260912/validation/luna-none/configs/amc12_2001_p21__luna-none-medium__gpt-5.6-luna__seed0,amc12_2001_p21,validation,prove_theorem_grounded,done,other_or_unobserved,18,0.0446155,dated billing receipts,False,False,audit/cells/c11d83521df64dc42550d34afae2c5d2646dadc5132b21b9663d999e98885950.json
experiments/output/coverage_cycle_20260911/validation/H/configs/mathd_numbertheory_405__validation-H__gpt-5.6-luna__seed0,mathd_numbertheory_405,validation,prove_theorem_grounded,done,syntax,10,0.04676478,dated billing receipts,False,False,audit/cells/c143367e9016a80bdb1353e423b1b41efcfb916a15c1375fe3536200312f1b55.json
experiments/output/ace_x_validation_ace_digest_table_rv2_agentic/configs/algebra_others_exirrpowirrrat__ace-ca62b40b-core-medium__gpt-5.6-luna__seed0,algebra_others_exirrpowirrrat,validation,prove_theorem_ace,done,incomplete_proof,16,0.040577000000000016,"cache tokens, current tariff; unrecorded retries unknown",False,False,audit/cells/c14debfd8d932e4d55cbf8d4fc9a66fdd27f45e4a7bf6a38859db230590ec0dd.json
experiments/output/ace_capacity_20260912/mechanisms/configs/imo_1967_p3__E-level0__gpt-5.6-luna__seed0,imo_1967_p3,train,prove_theorem_grounded,done,incomplete_proof,6,0.0377449,"cache tokens, current tariff; unrecorded retries unknown",False,False,audit/cells/c174d017684ef31c1f2f9932bc86424a98e4a5175a94f07c9e677feac6911822.json
experiments/output/ace_adaptation_x3-offline-e3/configs/step39_generator_imo_1967_p3,imo_1967_p3,train,prove_theorem_ace,done,incomplete_proof,24,0.031284639999999996,"cache tokens, current tariff; unrecorded retries unknown",False,False,audit/cells/c1755f7a89e0860ab1bb44dd96393eda7b84237f5d87b9ffd2638c3386a8c51a.json
experiments/output/ace_economy_refinement_20260916/final00/configs/validation__ace_compact__mathd_algebra_282__seed0,mathd_algebra_282,validation,prove_theorem_grounded,done,incomplete_proof,35,0.029419499999999998,dated billing receipts,False,False,audit/cells/c19dd9aaaf29f16391a30d4a5b32beb5aeca9b59d149e7ba9812e78a89fd8c1c.json
experiments/output/ace_economy_20260916/validation/configs/validation__session__mathd_numbertheory_37__seed0,mathd_numbertheory_37,validation,prove_theorem_grounded,done,other_or_unobserved,17,0.030117019999999998,dated billing receipts,False,False,audit/cells/c1a90d54b8c64185a44c207ffd5bbe3fa799cae515efe0a30ed15c3cc1d511f7.json
experiments/output/ace_adaptation_x-offline-e3/configs/step112_generator_amc12a_2020_p13,amc12a_2020_p13,train,prove_theorem_ace,done,other_or_unobserved,12,0.05026417999999999,"cache tokens, current tariff; unrecorded retries unknown",False,False,audit/cells/c1ac70cd868b71528ddcc9140d002199f33142248c08bc453cc7782dd476babc.json
experiments/output/ace_adaptation_x3-offline-e3/configs/step34_generator_mathd_algebra_224,mathd_algebra_224,train,prove_theorem_ace,done,unproved_prerequisite,17,0.06001382,"cache tokens, current tariff; unrecorded retries unknown",False,False,audit/cells/c1e888e39b11b7554f30edd4e5a112d79286d32ac9c95388ea36737d3e9665b2.json
experiments/output/ace_adaptation_x-offline-e3/configs/step99_curator_mathd_algebra_37,mathd_algebra_37,train,,failed,platform_failure,0,0.0,"cache tokens, current tariff; unrecorded retries unknown",False,False,audit/cells/c1ed65a4bae12d905d68072468b9920d3767b7d051f187d2f7146e647399fcf1.json
experiments/output/ace_economy_refinement_20260916/final00/configs/validation__agentic_reset__mathd_algebra_282__seed0,mathd_algebra_282,validation,prove_theorem_grounded,done,incomplete_proof,25,0.03718508,dated billing receipts,False,False,audit/cells/c1f367ede1960534be58f117b791e2e01ff5f01fae27b3b1e98255e099a8767b.json
experiments/output/ace_attribution_20260912/validation/terra/configs/amc12_2001_p21__terra-none-medium__gpt-5.6-terra__seed0,amc12_2001_p21,validation,prove_theorem_grounded,done,other_or_unobserved,12,0.39720659999999997,dated billing receipts,False,False,audit/cells/c1f77e6cbbfbeb25cab01708cbf6089877edfb282983f94351744a5ef0387403.json
experiments/output/ace_economy_refinement_20260916/final04/configs/validation__agentic_reset_compact__mathd_numbertheory_37__seed1,mathd_numbertheory_37,validation,prove_theorem_grounded,done,arithmetic_or_search,12,0.0219918,dated billing receipts,False,False,audit/cells/c1ffa727806e9f0694db79c971397f9d8339c9e3b427777adcbd0a07d1d1bf49.json
experiments/output/ace_adaptation_x-online-warm-s1/configs/step39_curator_amc12a_2002_p6,amc12a_2002_p6,validation,,failed,platform_failure,0,0.0,"cache tokens, current tariff; unrecorded retries unknown",False,False,audit/cells/c21e62934574670975be31f58181bb7f120630a2495333a1dfd7cf98f80cdb32.json
experiments/output/x_train_agentic/configs/aime_1988_p3__core-medium__gpt-5.6-luna__seed0,aime_1988_p3,train,prove_theorem_agentic,done,arithmetic_or_search,14,0.048421160000000005,"cache tokens, current tariff; unrecorded retries unknown",False,False,audit/cells/c22be379adbb597f421e1209fac99c708a6d75b0858a891b26cea74c20ca68bc.json
experiments/output/ace_adaptation_x-noreflect/configs/step21_generator_amc12a_2020_p13,amc12a_2020_p13,train,prove_theorem_ace,done,unproved_prerequisite,15,0.04731084000000001,"cache tokens, current tariff; unrecorded retries unknown",False,False,audit/cells/c230ae009b298eec3ae26a23ab32aa42fa1a3694eae2527aec83a72af923afd2.json
experiments/output/ace_control_cycle_tuning/configs/amc12a_2020_p13__tuning-r64__gpt-5.6-luna__seed0,amc12a_2020_p13,train,prove_theorem_grounded,done,syntax,9,0.04111234,"cache tokens, current tariff; unrecorded retries unknown",False,False,audit/cells/c248851dc4c1e1827c1aa8a00be0f0fbd1659fa7b1020e26b31273e19bcce349.json
experiments/output/ace_economy_refinement_20260916/final07/configs/validation__ace__aime_1984_p7__seed0,aime_1984_p7,validation,prove_theorem_grounded,done,other_or_unobserved,9,0.038172399999999995,dated billing receipts,False,False,audit/cells/c26d5d8f57797145dd5d36ae88f839df2fc2e84ed00e180b33cba889dd2a8932.json
experiments/output/ace_contenders_20260910/configs/amc12a_2020_p13__training-reflector-xhigh__gpt-5.6-luna__seed0,amc12a_2020_p13,train,prove_theorem_grounded,done,no_verifier_evidence,0,0.02676476,dated billing receipts,False,False,audit/cells/c27887dbad80e86b323e2f25835359175c98cbb3867d7f45278746187a2668cd.json
experiments/output/ace_models_20260910/proof/configs/amc12b_2002_p11__prover-xhigh-68338b80d7121921__gpt-5.6-luna__seed0,amc12b_2002_p11,train,prove_theorem_grounded,done,no_verifier_evidence,0,0.02471516,dated billing receipts,False,False,audit/cells/c2aee957cdf4e9b27f950185da04f22586c940efa265b4ab3f5893db9dc7bc55.json
experiments/output/ace_economy_refinement_20260916/final05/configs/validation__agentic_compact__induction_prod1p1onk3le3m1onn__seed0,induction_prod1p1onk3le3m1onn,validation,prove_theorem_grounded,done,unproved_prerequisite,7,0.04065126,dated billing receipts,False,False,audit/cells/c2c54e4ca76a904e82e0065a79bb442558d9f7d410a8a794e64f04e04da47a09.json
experiments/output/ace_adaptation_x-mono/configs/step38_curator_mathd_algebra_323,mathd_algebra_323,train,rewrite_playbook,done,no_verifier_evidence,0,0.01486548,"cache tokens, current tariff; unrecorded retries unknown",False,False,audit/cells/c2d0c7eb157afb67b1ab4828f7f4bb6d5df906a25f393aca2f9edab40538c27a.json
experiments/output/ace_economy_20260916/validation/configs/validation__ace__mathd_numbertheory_303__seed1,mathd_numbertheory_303,validation,prove_theorem_grounded,done,unknown_reference,4,0.061302579999999995,dated billing receipts,False,False,audit/cells/c2db175d59b54bcfb181486abc630153d001d03ba1075f5be6f55a38a929b1ee.json
experiments/output/coverage_cycle_20260911/training/D2/configs/imo_1977_p6__training-D2__gpt-5.6-luna__seed0,imo_1977_p6,train,prove_theorem_grounded,done,other_or_unobserved,8,0.03776088,dated billing receipts,False,False,audit/cells/c2fc59a438c620d34490775d0ca036dfec9dfe289653f50ccaa38d441b2d0fc8.json
experiments/output/ace_bounded_validation/configs/induction_prod1p1onk3le3m1onn__integrated-r64__gpt-5.6-luna__seed0,induction_prod1p1onk3le3m1onn,validation,prove_theorem_grounded,done,syntax,9,0.03802714,"cache tokens, current tariff; unrecorded retries unknown",False,False,audit/cells/c2ff6f12c1d9af08313f30f24db203ccc7c7d211134154b996ecc83cd2fe9420.json
experiments/output/ace_economy_20260916/validation/configs/validation__views__mathd_numbertheory_405__seed1,mathd_numbertheory_405,validation,prove_theorem_grounded,done,other_or_unobserved,9,0.03796476,dated billing receipts,False,False,audit/cells/c30589272972e02a8043f107e79cdc242cbe8b2ab33e616e0701cfcae21008e9.json
experiments/output/coverage_cycle_20260911/training/H/configs/algebra_amgm_sum1toneqn_prod1tonleq1__training-H__gpt-5.6-luna__seed0,algebra_amgm_sum1toneqn_prod1tonleq1,train,prove_theorem_grounded,done,no_verifier_evidence,0,0.0461115,dated billing receipts,False,False,audit/cells/c3095b98963a5715ca561893cbc01ee2dc7860219970127b37a4c8849223dd3d.json
experiments/output/ace_economy_20260916/validation/configs/validation__ace__imo_1964_p2__seed1,imo_1964_p2,validation,prove_theorem_grounded,done,other_or_unobserved,12,0.0375843,dated billing receipts,False,False,audit/cells/c317134a8210ceaf94e7dc89cf7622654704eb08bb7ae8f97ce5a261ec61306a.json
experiments/output/ace_economy_refinement_20260916/final18/configs/validation__agentic_reset_compact__mathd_numbertheory_303__seed0,mathd_numbertheory_303,validation,prove_theorem_grounded,done,arithmetic_or_search,10,0.0427902,dated billing receipts,False,False,audit/cells/c32bf7619ae21d548c4cacd954b2dc144fefa818290a6989ff48aa881c4dc908.json
experiments/output/ace_review_development/configs/amc12a_2019_p21__repair1-r64__gpt-5.6-luna__seed0,amc12a_2019_p21,validation,prove_theorem_ace,done,arithmetic_or_search,17,0.1002371,"cache tokens, current tariff; unrecorded retries unknown",False,False,audit/cells/c33b66d16278bf2a69625df0480f19e30176d57139fede4ed476860926cedcfe.json
experiments/output/ace_economy_budget_20260916/validation/configs/validation__agentic__mathd_numbertheory_303__seed0,mathd_numbertheory_303,validation,prove_theorem_grounded,done,unknown_reference,5,0.08686898,dated billing receipts,False,False,audit/cells/c349452ecab0410c10511315872a46c9fc1a21c40d4e36c12e849c46b875d42c.json
experiments/output/coverage_cycle_20260911/training/D2/configs/amc12b_2004_p3__training-D2__gpt-5.6-luna__seed0,amc12b_2004_p3,train,prove_theorem_grounded,done,incomplete_proof,11,0.03826594,dated billing receipts,False,False,audit/cells/c3552d18cc9203213f42954b34f9801c5d58e55503eaae50c49ba13f986e4649.json
experiments/output/ace_x_validation_agentic/configs/mathd_numbertheory_37__ace-d56da056-core-medium__gpt-5.6-luna__seed0,mathd_numbertheory_37,validation,prove_theorem_ace,done,unknown_reference,23,0.0480702,"cache tokens, current tariff; unrecorded retries unknown",False,False,audit/cells/c3580c58f8a7a414e1e19a080eb7e730a7d211f13dceca6d69aa1fe46f8fa156.json
experiments/output/ace_contenders_20260910/configs/algebra_others_exirrpowirrrat__validation-reflector-xhigh__gpt-5.6-luna__seed0,algebra_others_exirrpowirrrat,validation,prove_theorem_grounded,done,no_verifier_evidence,0,0.0260039,dated billing receipts,False,False,audit/cells/c35e90a9119841a1bf2008f3241f119b75504f0043a61f7b8549422e9f1a8ed3.json
experiments/output/ace_review_development/configs/imo_1969_p2__repair1-r64__gpt-5.6-luna__seed0,imo_1969_p2,validation,prove_theorem_ace,done,incomplete_proof,48,0.07321775999999999,"cache tokens, current tariff; unrecorded retries unknown",False,False,audit/cells/c373e3fed75a0185422f062c6d7740ecc2f93d56a5a512ceae01ff96ae4e8e2c.json
experiments/output/ace_adaptation_x-mono/configs/step14_generator_algebra_amgm_sum1toneqn_prod1tonleq1,algebra_amgm_sum1toneqn_prod1tonleq1,train,prove_theorem_ace,done,incomplete_proof,23,0.028777279999999995,"cache tokens, current tariff; unrecorded retries unknown",False,False,audit/cells/c3934b41940567d1945052e0997232f775a182fee1d8ea7af5029f66921bdb14.json
experiments/output/ace_x_validation_ace_x3_offline_agentic/configs/mathd_numbertheory_43__ace-1ac8a092-core-medium__gpt-5.6-luna__seed1,mathd_numbertheory_43,validation,,failed,platform_failure,0,0.00261788,"cache tokens, current tariff; unrecorded retries unknown",False,False,audit/cells/c3a95289ebff20c8c6e2533d10a74021e8871cdd6c87a6ec7758282a0a407ed1.json
experiments/output/ace_economy_refinement_20260916/final17/configs/validation__ace_reset__imo_1964_p2__seed0,imo_1964_p2,validation,prove_theorem_grounded,done,unknown_reference,15,0.047654959999999996,dated billing receipts,False,False,audit/cells/c3beb84150ac19af47ac799ce85bc1c5aebc925e9b6d4aa1cfdf5025e85aa74f.json
experiments/output/ace_economy_refinement_20260916/final09/configs/validation__ace__amc12a_2020_p21__seed1,amc12a_2020_p21,validation,prove_theorem_grounded,done,other_or_unobserved,9,0.03733324,dated billing receipts,False,False,audit/cells/c3cf787c3921460bfa024ba984e3701ad8edd28dbeec690c7543b41aea2236c7.json
experiments/output/coverage_cycle_20260911/validation/E2/configs/mathd_numbertheory_43__validation-E2__gpt-5.6-luna__seed0,mathd_numbertheory_43,validation,prove_theorem_grounded,done,other_or_unobserved,6,0.0153669,dated billing receipts,False,False,audit/cells/c3de83b0aa54de11e37723a3fd2b463f3efa94421fb851ed4b8f6d0737af8c45.json
experiments/output/ace_roles_20260913/validation/configs/validation__candidate__proof__amc12_2001_p21__seed0,amc12_2001_p21,validation,,missing,arithmetic_or_search,3,0.061871459999999996,dated billing receipts,True,False,audit/cells/c3e4b5849cb1d20fe2b919f20815ea83a4baddf4228dbd2e0783778c4fbba45b.json
experiments/output/ace_contenders_20260910/configs/mathd_numbertheory_37__validation-reflector-xhigh__gpt-5.6-luna__seed0,mathd_numbertheory_37,validation,prove_theorem_grounded,done,other_or_unobserved,1,0.024317119999999998,dated billing receipts,False,False,audit/cells/c3f4bc57a0c30aa71b526e190d793a92cbc9f14a46a2be9b373dc9f43a1dbe85.json
experiments/output/ace_sanitized_20260917/validation/configs/validation__ace_selected__proof__induction_prod1p1onk3le3m1onn__seed0,induction_prod1p1onk3le3m1onn,validation,prove_theorem_grounded,done,unproved_prerequisite,9,0.04268384,dated billing receipts,False,False,audit/cells/c3f8b2d9b3847e7fda4a5a51f0addb95a268f61ca71f533828c1ed614828d584.json
experiments/output/ace_attribution_20260912/validation/terra/configs/mathd_numbertheory_303__terra-ace-medium__gpt-5.6-terra__seed0,mathd_numbertheory_303,validation,prove_theorem_grounded,done,other_or_unobserved,2,0.329607,dated billing receipts,False,False,audit/cells/c41401e7b867bc43e51cc9e9a68a440ffb451434275cc659a9fdf91bf6abcad5.json
experiments/output/ace_economy_refinement_20260916/final09/configs/validation__agentic_compact__amc12a_2020_p21__seed1,amc12a_2020_p21,validation,prove_theorem_grounded,done,incomplete_proof,38,0.03206656,dated billing receipts,False,False,audit/cells/c45ea3a06095f6497046b85625458234e8105317217e3f3c46569e337b48d6a4.json
experiments/output/ace_economy_20260916/validation/configs/validation__views__imo_1964_p2__seed0,imo_1964_p2,validation,prove_theorem_grounded,done,unproved_prerequisite,13,0.037182099999999996,dated billing receipts,False,False,audit/cells/c4a589ea236f8bc0f07bbfdedec5d85b9e4b9d764f5aad747e97939c823a64b3.json
experiments/output/acet_x_validation_ace_x6_repairs_k3_r2_agentic/configs/aime_1991_p6__acet-1d2bc630-30d3e288-k3-r2-core-medium__gpt-5.6-luna__seed1,aime_1991_p6,validation,prove_theorem_ace_triggered,done,incomplete_proof,28,0.06291298000000001,"cache tokens, current tariff; unrecorded retries unknown",False,False,audit/cells/c4be204a68186e3844890da379ba348bcf2b748c8e869d5fad69c8c4434acb82.json
experiments/output/ace_x_validation_ace_x3_noreflect_rv3_agentic/configs/mathd_numbertheory_530__ace-ce233fe0-core-medium__gpt-5.6-luna__seed0,mathd_numbertheory_530,validation,prove_theorem_ace,done,syntax,7,0.029544779999999996,"cache tokens, current tariff; unrecorded retries unknown",False,False,audit/cells/c4e0555039d36a7308f8c54ef3f7acf5a870900aec4c5a98df9529ddf31f4d49.json
experiments/output/ace_mechanisms_20260910/validation/configs/amc12b_2003_p6__validation-E__gpt-5.6-luna__seed1,amc12b_2003_p6,validation,prove_theorem_grounded,done,other_or_unobserved,1,0.028400079999999998,dated billing receipts,False,False,audit/cells/c4ea7b506f83196e5d82cb50194095d65cd418e70d41edbba878c3b3c9aa320d.json
experiments/output/ace_economy_refinement_20260916/pilot/configs/train__agentic__imo_1967_p3__seed0,imo_1967_p3,train,prove_theorem_grounded,done,other_or_unobserved,10,0.0425317,dated billing receipts,False,False,audit/cells/c510b681462374281209e07e87ba7b245bb062cb33b433fcb854de2ea8f1ea0b.json
experiments/output/ace_economy_refinement_20260916/final18/configs/validation__ace_reset__mathd_numbertheory_303__seed1,mathd_numbertheory_303,validation,prove_theorem_grounded,done,unknown_reference,8,0.0446618,dated billing receipts,False,False,audit/cells/c514930048ec07d689855263c0cbf70b8118334de62e1f9afe2ced87e390ebcc.json
experiments/output/ace_review_development/configs/mathd_numbertheory_303__repair0-r64__gpt-5.6-luna__seed0,mathd_numbertheory_303,validation,prove_theorem_ace,done,arithmetic_or_search,25,0.1011966,"cache tokens, current tariff; unrecorded retries unknown",False,False,audit/cells/c520d6b92c5f0fa1a601b39d7cb132e8c7d2e6a68ba6e01314ab5b46ab7a5f32.json
experiments/output/ace_mechanisms_20260910/training/configs/amc12_2000_p1__training-C__gpt-5.6-luna__seed0,amc12_2000_p1,train,prove_theorem_grounded,done,unproved_prerequisite,14,0.032825759999999995,dated billing receipts,False,False,audit/cells/c537e06bd38bb7e006d9231c6445c21fabcaa79abd6b506d072a11bdcb2e60ed.json
experiments/output/ace_mechanisms_20260910/validation/configs/aime_1991_p6__validation-E__gpt-5.6-luna__seed0,aime_1991_p6,validation,prove_theorem_grounded,done,no_verifier_evidence,0,0.025752999999999998,dated billing receipts,False,False,audit/cells/c572a227a58dcafe04523ea93df72d161860254e1cbae0e1db687533473da143.json
experiments/output/ace_x_validation_ace_x3_noreflect_agentic/configs/induction_prod1p1onk3le3m1onn__ace-1ac8a092-core-medium__gpt-5.6-luna__seed0,induction_prod1p1onk3le3m1onn,validation,prove_theorem_ace,done,unproved_prerequisite,20,0.0760459,"cache tokens, current tariff; unrecorded retries unknown",False,False,audit/cells/c58a06b9eb32e64f1b7a594da1da3f2a6e2c31239af5ff31dd3b6208b3ffebc5.json
experiments/output/ace_sanitized_20260917/validation/configs/validation__agentic_coverage__proof__aime_1984_p7__seed1,aime_1984_p7,validation,prove_theorem_grounded,done,incomplete_proof,26,0.04217642,dated billing receipts,False,False,audit/cells/c591147b5ed5d76e4e4b98a124720c8ae7415bd14794f74bdecfedd205b9b56a.json
experiments/output/ace_attribution_20260912/training/luna-none/configs/imo_1967_p3__luna-none-medium__gpt-5.6-luna__seed0,imo_1967_p3,train,prove_theorem_grounded,done,other_or_unobserved,8,0.04154484,dated billing receipts,False,False,audit/cells/c5ab783e15fc8a9886aa0e08eb6c8619f532a1b22b8fcbd47992c3c9060e5936.json
experiments/output/ace_adaptation_x3-noreflect/configs/step20_generator_imo_1977_p6,imo_1977_p6,train,prove_theorem_ace,done,incomplete_proof,26,0.02764952,"cache tokens, current tariff; unrecorded retries unknown",False,False,audit/cells/c5b1c9cebddfca0675f76c9aea4675877812ce7c9c7a143cbfc22382100961da.json
experiments/output/ace_economy_refinement_20260916/pilot/configs/train__agentic_reset__mathd_algebra_185__seed0,mathd_algebra_185,train,prove_theorem_grounded,done,arithmetic_or_search,13,0.038392539999999996,dated billing receipts,False,False,audit/cells/c5c5b3bc725865a2a68dbce4d7fba6374b3b5431128de201f8e13c0f6392c4e7.json
experiments/output/ace_economy_20260916/validation/configs/validation__ace__mathd_numbertheory_43__seed1,mathd_numbertheory_43,validation,prove_theorem_grounded,done,verifier_resource,13,0.018494379999999998,dated billing receipts,False,False,audit/cells/c5d6b84a92e2686b3f2cf5f3d6a980d86a25bf6581183b29bfa03a415d8f89d2.json
experiments/output/ace_mechanisms_20260910/training/configs/amc12b_2003_p17__training-S__gpt-5.6-luna__seed0,amc12b_2003_p17,train,prove_theorem_grounded,done,other_or_unobserved,1,0.0018195,dated billing receipts,False,False,audit/cells/c6529090fc7ca66227168a3d4709bd8bd92f170ee0dc25eaa7b2fb15a2941752.json
experiments/output/ace_economy_20260916/validation/configs/validation__budget__mathd_numbertheory_37__seed1,mathd_numbertheory_37,validation,prove_theorem_grounded,done,arithmetic_or_search,14,0.02674998,dated billing receipts,False,False,audit/cells/c66319b311909b48818616a075f7a43b8bf3d5088e62d0a5c8fafcdd0c336a97.json
experiments/output/coverage_cycle_20260911/training/D2/configs/amc12b_2002_p11__training-D2__gpt-5.6-luna__seed0,amc12b_2002_p11,train,prove_theorem_grounded,done,other_or_unobserved,7,0.038158599999999994,dated billing receipts,False,False,audit/cells/c6636ccff4cac80c522ca3731d08595ea310fdbdd8434d5b79fed6f650ad0857.json
experiments/output/ace_adaptation_x4-offline/configs/step39_generator_imo_1967_p3,imo_1967_p3,train,prove_theorem_ace,done,incomplete_proof,23,0.02725763999999999,"cache tokens, current tariff; unrecorded retries unknown",False,False,audit/cells/c67b3b2f8f55d7a42ec71c3d4d7621a9fbce857fc626a8adcf23bef0fde5cc8b.json
experiments/output/ace_adaptation_x3-offline-e3/configs/step01_generator_amc12b_2002_p11,amc12b_2002_p11,train,prove_theorem_ace,done,syntax,15,0.05678396000000001,"cache tokens, current tariff; unrecorded retries unknown",False,False,audit/cells/c680b55a5cd54ee8dfdfa058541444709b43450161a09a2b2cf5fd75490a92b1.json
experiments/output/ace_economy_20260916/validation/configs/validation__agentic__algebra_others_exirrpowirrrat__seed0,algebra_others_exirrpowirrrat,validation,prove_theorem_grounded,done,other_or_unobserved,7,0.04146768,dated billing receipts,False,False,audit/cells/c6ab715e5464c3ba732ab8089d9bf7f49925dc4036f842c08a4dc6f330465ebb.json
experiments/output/ace_mechanisms_20260910/validation/configs/aime_1984_p7__validation-E__gpt-5.6-luna__seed1,aime_1984_p7,validation,prove_theorem_grounded,done,no_verifier_evidence,0,0.02626938,dated billing receipts,False,False,audit/cells/c6e52a2f7519264090fccfafff712bf49a7c42a9bf726123b9427ee0573d245a.json
experiments/output/ace_review_calibration/configs/algebra_amgm_sum1toneqn_prod1tonleq1__baseline-r64__gpt-5.6-luna__seed0,algebra_amgm_sum1toneqn_prod1tonleq1,train,prove_theorem_agentic,done,incomplete_proof,37,0.060796219999999984,"cache tokens, current tariff; unrecorded retries unknown",False,False,audit/cells/c6f9cd8ecf0f8ffbbddebd7879bca9cc12b7e7f4b9e1c52e32718d6e90f74ac4.json
experiments/output/ace_adaptation_x-offline-e3/configs/step81_generator_mathd_algebra_185,mathd_algebra_185,train,prove_theorem_ace,done,other_or_unobserved,14,0.05255660000000001,"cache tokens, current tariff; unrecorded retries unknown",False,False,audit/cells/c71c8acb5326ecfa940455243d8b6bd0523190a4432c8af6f169db53f7e0059d.json
experiments/output/ace_x_validation_agentic/configs/aime_1984_p7__ace-d56da056-core-medium__gpt-5.6-luna__seed0,aime_1984_p7,validation,prove_theorem_ace,done,other_or_unobserved,16,0.07344792000000001,"cache tokens, current tariff; unrecorded retries unknown",False,False,audit/cells/c72589e682f72e61c9b7ec9453202d54ecc6752d4f1d971dd4c1b7ee113efcbf.json
experiments/output/ace_bounded_validation/configs/aime_1991_p6__integrated-r64__gpt-5.6-luna__seed0,aime_1991_p6,validation,prove_theorem_grounded,done,unproved_prerequisite,5,0.0373605,"cache tokens, current tariff; unrecorded retries unknown",False,False,audit/cells/c7488b20533516e25a7234cb1e4d435a33df131c7a3c232337a2ea6b13eee407.json
experiments/output/ace_attribution_20260912/validation/luna-none/configs/mathd_numbertheory_530__luna-none-medium__gpt-5.6-luna__seed0,mathd_numbertheory_530,validation,prove_theorem_grounded,done,unknown_reference,8,0.04096698,dated billing receipts,False,False,audit/cells/c7504c8d601d61e5771a97b052168aa6ece557f9b9a82fa02e762edbab120275.json
experiments/output/coverage_cycle_20260911/training/S/configs/mathd_algebra_185__training-S__gpt-5.6-luna__seed0,mathd_algebra_185,train,prove_theorem_grounded,done,arithmetic_or_search,10,0.03290312,dated billing receipts,False,False,audit/cells/c75498bd832a42dc99a58bff3d4b459f84d9b907e20f0cd6b1277b0ba3bc9398.json
experiments/output/coverage_cycle_20260911/training/D2/configs/amc12a_2016_p2__training-D2__gpt-5.6-luna__seed0,amc12a_2016_p2,train,prove_theorem_grounded,done,other_or_unobserved,1,0.04279518,dated billing receipts,False,False,audit/cells/c785108b386c35042cfc8755ca9c954347d534f06620bc0ceade2cd66a7fb8de.json
experiments/output/ace_online_x-online-warm-s0_agentic/configs/mathd_numbertheory_405__ace-fc4b11f7-core-medium__gpt-5.6-luna__seed0,mathd_numbertheory_405,validation,prove_theorem_ace,done,incomplete_proof,28,0.02931543999999999,"cache tokens, current tariff; unrecorded retries unknown",False,False,audit/cells/c7aa1bec73ec4f0ae6e63276be4077f5d5487e8572ea453aca6f6b60e75aaa5e.json
experiments/output/ace_learning_20260914/validation/configs/validation__B__proof__amc12a_2019_p21__seed0,amc12a_2019_p21,validation,prove_theorem_grounded,done,other_or_unobserved,8,0.0403858,dated billing receipts,False,False,audit/cells/c7c9162a7541265147ccac9d7adf049a6cf4fc42ddafbe508210ae2c550011e8.json
experiments/output/ace_economy_20260916/validation/configs/validation__agentic__imo_1969_p2__seed0,imo_1969_p2,validation,prove_theorem_grounded,done,unknown_reference,10,0.040771579999999995,dated billing receipts,False,False,audit/cells/c7dd215a83925d28af3d0e51356d020dfde4f3795187bc1e02dbd2f8eac4fc2c.json
experiments/output/ace_mechanisms_20260910/training/configs/imo_1967_p3__training-S__gpt-5.6-luna__seed0,imo_1967_p3,train,prove_theorem_grounded,done,incomplete_proof,1,0.01051474,dated billing receipts,False,False,audit/cells/c80834fdef246b3bda29a73b3d2f174280ef94d9534a45d935176226d227c873.json
experiments/output/ace_x_validation_ace_x3_offline_e3_rv3_agentic/configs/mathd_numbertheory_37__ace-d0d7ce24-core-medium__gpt-5.6-luna__seed0,mathd_numbertheory_37,validation,prove_theorem_ace,done,other_or_unobserved,18,0.030534699999999998,"cache tokens, current tariff; unrecorded retries unknown",False,False,audit/cells/c823a93dbd6287458b810a7b080016a4c37a1df346177615b1f99b5e36fa552a.json
experiments/output/ace_learning_20260914/training/configs/training__B__proof__amc12_2000_p6__seed0,amc12_2000_p6,train,prove_theorem_grounded,done,unproved_prerequisite,11,0.03886256,dated billing receipts,False,False,audit/cells/c836fcb6955ab26d3b0727fa52898dbef269ccae6e0e1255ede4fd05b6c6449a.json
experiments/output/ace_contenders_20260910/configs/amc12_2000_p1__training-reflector-medium__gpt-5.6-luna__seed0,amc12_2000_p1,train,prove_theorem_grounded,done,unproved_prerequisite,6,0.038181059999999996,dated billing receipts,False,False,audit/cells/c85ff0a448f0ce3d5d668143932bf13e058a0884783fddf8ff01a4ab5fbefab1.json
experiments/output/ace_capacity_20260912/mechanisms/configs/amc12a_2020_p13__D-level0__gpt-5.6-luna__seed0,amc12a_2020_p13,train,prove_theorem_grounded,done,unproved_prerequisite,7,0.04058838,"cache tokens, current tariff; unrecorded retries unknown",False,False,audit/cells/c869f1b855e318f9377e3e9024b78c02f2200010d69d817cbb4a61619eb1264a.json
experiments/output/ace_contenders_20260910/configs/amc12_2000_p12__validation-reflector-medium__gpt-5.6-luna__seed0,amc12_2000_p12,validation,prove_theorem_grounded,done,no_verifier_evidence,0,0.02494252,dated billing receipts,False,False,audit/cells/c89d83b62887e037e9f5329505f09f91002dabdbaa4db662d82363a234e1ee3c.json
experiments/output/ace_adaptation_x3-noreflect/configs/step17_generator_induction_pord1p1on2powklt5on2,induction_pord1p1on2powklt5on2,train,prove_theorem_ace,done,other_or_unobserved,13,0.047102019999999994,"cache tokens, current tariff; unrecorded retries unknown",False,False,audit/cells/c8a2bd022adbf0f6243641b5d5aeddea794dbb0bffe6fe2d52537d27d2acf669.json
experiments/output/ace_models_20260910/proof/configs/amc12b_2002_p11__prover-xhigh-c42d9ea2fa1215e2__gpt-5.6-luna__seed0,amc12b_2002_p11,train,prove_theorem_grounded,done,no_verifier_evidence,0,0.02533632,dated billing receipts,False,False,audit/cells/c8c4286a3441302fc46a106bca5fe4ad9fdbc5ad2c507f30398c4957cbf18fd5.json
experiments/output/ace_models_20260910/proof/configs/imo_1967_p3__selection-xhigh-3bfe5109dc462e8c__gpt-5.6-luna__seed0,imo_1967_p3,train,prove_theorem_grounded,done,no_verifier_evidence,0,0.02418322,dated billing receipts,False,False,audit/cells/c8e2890c0c8270fc84b370e9b6f03d95072c24659539da3db75fe819937b4476.json
experiments/output/ace_sanitized_20260917/validation/configs/validation__ace_coverage__proof__mathd_numbertheory_405__seed0,mathd_numbertheory_405,validation,prove_theorem_grounded,done,other_or_unobserved,12,0.060967719999999996,dated billing receipts,False,False,audit/cells/c8e6971937b1a5b317ee36d94be03bccaa3ab59983cbc2dcc05575629db13bfd.json
experiments/output/ace_x_validation_ace_digest_table_rv2_agentic/configs/mathd_numbertheory_405__ace-ca62b40b-core-medium__gpt-5.6-luna__seed1,mathd_numbertheory_405,validation,prove_theorem_ace,done,incomplete_proof,24,0.10209114000000001,"cache tokens, current tariff; unrecorded retries unknown",False,False,audit/cells/c912317e6c485688c1e4f271d5124fe25ff7f0aa828d5777917b591acc64e4fd.json
experiments/output/ace_economy_budget_20260916/validation/configs/validation__agentic__amc12a_2019_p21__seed1,amc12a_2019_p21,validation,prove_theorem_grounded,done,other_or_unobserved,18,0.12322906,dated billing receipts,False,False,audit/cells/c9322e852f3120b50d54b87e882cbbafb0dabafd86e2185abe1545ba3afd0782.json
experiments/output/ace_x_validation_ace_x3_noreflect_rv3_agentic/configs/amc12_2001_p21__ace-ce233fe0-core-medium__gpt-5.6-luna__seed0,amc12_2001_p21,validation,prove_theorem_ace,done,incomplete_proof,23,0.05300290000000001,"cache tokens, current tariff; unrecorded retries unknown",False,False,audit/cells/c93b826b182611d2823b08d884a7ed954b17414c59fa745992e2c8651620731d.json
experiments/output/ace_x_validation_ace_x5_offline_rv2_agentic/configs/imo_1964_p2__ace-fc7b45d4-core-medium__gpt-5.6-luna__seed1,imo_1964_p2,validation,prove_theorem_ace,done,unproved_prerequisite,13,0.05402011999999999,"cache tokens, current tariff; unrecorded retries unknown",False,False,audit/cells/c93ffbf1cd48160ba8a6760cc70406f67721b61e46bc2d80167fec76d4d4f228.json
experiments/output/ace_models_20260910/proof/configs/imo_1977_p6__prover-xhigh-68338b80d7121921__gpt-5.6-luna__seed0,imo_1977_p6,train,prove_theorem_grounded,done,no_verifier_evidence,0,0.024370779999999998,dated billing receipts,False,False,audit/cells/c95557a642947444face900ef408eff4a21b27a8a320f6da8b63318603c068a3.json
experiments/output/ace_adaptation_x3-mono/configs/step24_curator_mathd_numbertheory_629,mathd_numbertheory_629,train,rewrite_playbook,done,no_verifier_evidence,0,0.011441400000000001,"cache tokens, current tariff; unrecorded retries unknown",False,False,audit/cells/c9855d996b34b7c2d007a5969c261cee7d844b144a5e61a8404fa995aff74c8f.json
experiments/output/ace_online_x-online-s1_agentic/configs/amc12a_2020_p21__ace-54df6dcc-core-medium__gpt-5.6-luna__seed1,amc12a_2020_p21,validation,prove_theorem_ace,done,other_or_unobserved,17,0.05819959999999999,"cache tokens, current tariff; unrecorded retries unknown",False,False,audit/cells/c98603e5d4589f0958d491bd1657f475a8981c4ad9bc21841aa3e058bb205cfa.json
experiments/output/coverage_cycle_20260911/validation/D2/configs/mathd_algebra_282__validation-D2__gpt-5.6-luna__seed0,mathd_algebra_282,validation,prove_theorem_grounded,done,incomplete_proof,25,0.02731712,dated billing receipts,False,False,audit/cells/c9e258ec79f1eb90033cff6297aad185d3512ba6dece73642f0986ae6d6c4a52.json
experiments/output/coverage_cycle_20260911/validation/E2/configs/amc12a_2020_p21__validation-E2__gpt-5.6-luna__seed0,amc12a_2020_p21,validation,prove_theorem_grounded,done,syntax,11,0.04141386,dated billing receipts,False,False,audit/cells/c9ffe4084a012f8dd77aafd927e9023543bdc701853637001a2a3aa23a99ca2b.json
experiments/output/ace_mechanisms_20260910/training/configs/amc12b_2002_p11__training-R__gpt-5.6-luna__seed0,amc12b_2002_p11,train,prove_theorem_grounded,done,incomplete_proof,8,0.04324242,dated billing receipts,False,False,audit/cells/ca0b8afeac8057874b306303a759fb06eeff27e78978e2fdb78563f8b76dd3f3.json
experiments/output/ace_x_validation_ace_x3_offline_rv3_agentic/configs/mathd_numbertheory_37__ace-1e4aec7d-core-medium__gpt-5.6-luna__seed0,mathd_numbertheory_37,validation,prove_theorem_ace,done,arithmetic_or_search,16,0.03107776,"cache tokens, current tariff; unrecorded retries unknown",False,False,audit/cells/ca124cd79dd6f753d5a3a2b4f305bc1e6fe9f9287f60daa49d0055df61fc6ed2.json
experiments/output/ace_economy_20260916/validation/configs/validation__ace__algebra_others_exirrpowirrrat__seed0,algebra_others_exirrpowirrrat,validation,prove_theorem_grounded,done,other_or_unobserved,6,0.03750336,dated billing receipts,False,False,audit/cells/ca60c35f3334e47c8407dacb71be1501e309460bcae491655e3da7899ebd77bb.json
experiments/output/coverage_cycle_20260911/validation/S/configs/mathd_numbertheory_37__validation-S__gpt-5.6-luna__seed0,mathd_numbertheory_37,validation,prove_theorem_grounded,done,arithmetic_or_search,14,0.0250775,dated billing receipts,False,False,audit/cells/ca887e7343ee3d14633e63a3731f88bb4ae3f058193c5906b4cbabb41b745288.json
experiments/output/ace_x_validation_ace_x3_strong_rv3_agentic/configs/amc12a_2020_p21__ace-b596e7df-core-medium__gpt-5.6-luna__seed1,amc12a_2020_p21,validation,prove_theorem_ace,done,incomplete_proof,22,0.027711419999999994,"cache tokens, current tariff; unrecorded retries unknown",False,False,audit/cells/cac187b5fb6a22e5d879daab634568fe98f66035c42741d62f41c5987f3e7216.json
experiments/output/ace_x_validation_ace_x3_offline_rv2_agentic/configs/mathd_numbertheory_43__ace-1e4aec7d-core-medium__gpt-5.6-luna__seed0,mathd_numbertheory_43,validation,prove_theorem_ace,done,other_or_unobserved,21,0.051331720000000004,"cache tokens, current tariff; unrecorded retries unknown",False,False,audit/cells/cac25e6f0fdadd2ae5801f711e90672bcbdf41fc836fe0f1007832edd30f8b15.json
experiments/output/ace_attribution_20260912/swaps/configs/mathd_algebra_282__terra-luna-book-medium__gpt-5.6-terra__seed0,mathd_algebra_282,validation,prove_theorem_grounded,done,arithmetic_or_search,8,0.3955104,dated billing receipts,False,False,audit/cells/cadc43de701391289a7da7aded0cd70cb125d9c84f0cfa09b9c0182a6e13905e.json
experiments/output/ace_economy_refinement_20260916/final11/configs/validation__ace__amc12_2000_p12__seed1,amc12_2000_p12,validation,prove_theorem_grounded,done,other_or_unobserved,5,0.0072134799999999995,dated billing receipts,False,False,audit/cells/cae69067971e976df2a1a80dced64bfda95c40055d5d3d33a8ce0988d1c8d63c.json
experiments/output/ace_sanitized_20260917/validation/configs/validation__ace_coverage__proof__mathd_numbertheory_43__seed0,mathd_numbertheory_43,validation,prove_theorem_grounded,done,other_or_unobserved,16,0.03674822,dated billing receipts,False,False,audit/cells/caf51dca53b018c7c80b934333199673846e01f975d2c1bf16c87b74876e3d2f.json
experiments/output/ace_adaptation_review-repair-s1/configs/step20_generator_imo_1977_p6,imo_1977_p6,train,prove_theorem_ace,done,incomplete_proof,29,0.027869840000000003,"cache tokens, current tariff; unrecorded retries unknown",False,False,audit/cells/cb17df62c4a6206981423ca25bfd6e8ec244f3fd95bb5f7d3000056708c59202.json
experiments/output/ace_mechanisms_20260910/training/configs/mathd_algebra_224__training-C__gpt-5.6-luna__seed0,mathd_algebra_224,train,prove_theorem_grounded,done,unknown_reference,5,0.02791556,dated billing receipts,False,False,audit/cells/cb1d21b7488282f39dc7010b998a7f16cdca8e8437953c43143a939f978598f7.json
experiments/output/ace_snippets_20260913/training/configs/snippets-v1__amc12a_2020_p13__training-A__seed0,amc12a_2020_p13,train,prove_theorem_grounded,done,other_or_unobserved,6,0.035568,"cache tokens, current tariff; unrecorded retries unknown",False,False,audit/cells/cb33e1dfef919e8f881621ca1bdaa18f451e63f542e459191a1373f8b16e1ca3.json
experiments/output/ace_adaptation_x-offline-e3/configs/step101_curator_imo_1977_p6,imo_1977_p6,train,,failed,platform_failure,0,0.0,"cache tokens, current tariff; unrecorded retries unknown",False,False,audit/cells/cb39163e4fb54f2775341dfd91ad9834c5513b2bf4fb66ab9ad9bae1f709016a.json
experiments/output/ace_control_cycle_training/configs/mathd_algebra_185__trained-r64__gpt-5.6-luna__seed0,mathd_algebra_185,train,prove_theorem_grounded,done,other_or_unobserved,22,0.07141515999999999,"cache tokens, current tariff; unrecorded retries unknown",False,False,audit/cells/cb3fc805bd048048a48127d3eb498596bd34941a4b4bd321cfaa75ed177b7a0c.json
experiments/output/ace_adaptation_x4-offline/configs/step21_generator_amc12a_2020_p13,amc12a_2020_p13,train,prove_theorem_ace,done,other_or_unobserved,16,0.06270944,"cache tokens, current tariff; unrecorded retries unknown",False,False,audit/cells/cb507c905ad599508eb88146180bf94c642c30c5bdca427b0cf55c3500b2aeeb.json
experiments/output/ace_sanitized_20260917/validation/configs/validation__ace_selected__proof__algebra_others_exirrpowirrrat__seed1,algebra_others_exirrpowirrrat,validation,prove_theorem_grounded,done,other_or_unobserved,8,0.03561308,dated billing receipts,False,False,audit/cells/cb691c62edd347361293a2d7a8edeb99b23f1e4437a313a3c4c9d461a2c35437.json
experiments/output/ace_review_development/configs/algebra_others_exirrpowirrrat__x3-r64__gpt-5.6-luna__seed1,algebra_others_exirrpowirrrat,validation,prove_theorem_ace,done,incomplete_proof,50,0.055026579999999985,"cache tokens, current tariff; unrecorded retries unknown",False,False,audit/cells/cb74879219ac6233fc30498ad9c52895143b08df6287899346cf1c220c09f49e.json
experiments/output/ace_learning_20260914/validation/configs/validation__B__proof__aime_1991_p9__seed0,aime_1991_p9,validation,prove_theorem_grounded,done,unknown_reference,12,0.03487266,dated billing receipts,False,False,audit/cells/cb77f6e48ce8253ddaae263bd78124b41a2449523ed4662430244c98369a5d79.json
experiments/output/ace_economy_refinement_20260916/final06/configs/validation__agentic_compact__imo_1969_p2__seed0,imo_1969_p2,validation,prove_theorem_grounded,done,other_or_unobserved,11,0.04219914,dated billing receipts,False,False,audit/cells/cb9c354c16ae3d80284ccda0f313961e68637ea64e175e9bc90b11e3a9ab8225.json
experiments/output/ace_adaptation_x-offline-e3/configs/step116_curator_imo_1967_p3,imo_1967_p3,train,,failed,platform_failure,0,0.0,"cache tokens, current tariff; unrecorded retries unknown",False,False,audit/cells/cb9c3e2558715f07ad5cbb82f93fa72cb540fa772d0b5effd25a4406debb58ce.json
experiments/output/ace_sanitized_20260917/pilots/configs/pilots__incumbent__proof__aime_1988_p3__seed0,aime_1988_p3,train,prove_theorem_grounded,done,syntax,11,0.038222,dated billing receipts,False,False,audit/cells/cbd5df187b69fb37a915f384b818520ba31e7d7fb1540f04cd01d9035651ca6c.json
experiments/output/ace_x_validation_ace_x3_offline_agentic/configs/amc12_2001_p21__ace-1ac8a092-core-medium__gpt-5.6-luna__seed1,amc12_2001_p21,validation,,failed,platform_failure,1,0.0022483,"cache tokens, current tariff; unrecorded retries unknown",False,False,audit/cells/cbfb3f4f3de5b80482810093e654f04ce3bece9502780627739c11ded31747d7.json
experiments/output/ace_economy_20260916/validation/configs/validation__views__mathd_numbertheory_43__seed1,mathd_numbertheory_43,validation,prove_theorem_grounded,done,other_or_unobserved,9,0.02823446,dated billing receipts,False,False,audit/cells/cc0797f3af8f72c0f37614eb6501254a1af12be7e35d6b902ac9d66f21367867.json
experiments/output/ace_economy_20260916/validation/configs/validation__agentic__imo_1969_p2__seed1,imo_1969_p2,validation,prove_theorem_grounded,done,other_or_unobserved,6,0.0353756,dated billing receipts,False,False,audit/cells/cc0885473322a685f12cb282c46673d05ae66e9d61371eadb6179674a4d62849.json
experiments/output/ace_capacity_20260912/cross/configs/algebra_others_exirrpowirrrat__cross-level0__gpt-5.6-luna__seed0,algebra_others_exirrpowirrrat,validation,prove_theorem_grounded,done,unproved_prerequisite,6,0.03821100000000001,"cache tokens, current tariff; unrecorded retries unknown",False,False,audit/cells/cc147317e8e1ebee3d5120560b15bf9d6899c91148ab2aa61bab78d417454015.json
experiments/output/coverage_cycle_20260911/training/S/configs/aime_1988_p3__training-S__gpt-5.6-luna__seed0,aime_1988_p3,train,prove_theorem_grounded,done,incomplete_proof,11,0.03990698,dated billing receipts,False,False,audit/cells/cc577da129097ccef8718c7cf1216531ca4c4afd6e270421178bd6da94080e80.json
experiments/output/ace_sanitized_20260917/validation/configs/validation__ace_selected__proof__imo_1984_p6__seed1,imo_1984_p6,validation,prove_theorem_grounded,done,arithmetic_or_search,10,0.03999122,dated billing receipts,False,False,audit/cells/cc876518fa75dd8f1323e742dd84d0d9c1f4fdf86c97924c30c826bdda8bd64c.json
experiments/output/ace_models_20260910/proof/configs/amc12b_2002_p11__prover-xhigh-f6dd4886ff6a140b__gpt-5.6-luna__seed0,amc12b_2002_p11,train,prove_theorem_grounded,done,no_verifier_evidence,0,0.02242506,dated billing receipts,False,False,audit/cells/cc93e615748678fc8d314234ecb9b633743808c59be4be1defd3d8192961e125.json
experiments/output/coverage_cycle_20260911/training/E2/configs/amc12a_2020_p13__training-E2__gpt-5.6-luna__seed0,amc12a_2020_p13,train,prove_theorem_grounded,done,syntax,6,0.03831192,dated billing receipts,False,False,audit/cells/cca4cbdbb83c7472bfd24f58b86d2ad25adb416b3feaefdd8bdc43b5b0588d9d.json
experiments/output/ace_capacity_20260912/mechanisms/configs/amc12b_2002_p11__A-level0__gpt-5.6-terra__seed0,amc12b_2002_p11,train,prove_theorem_grounded,done,unknown_reference,6,0.3728562,"cache tokens, current tariff; unrecorded retries unknown",False,False,audit/cells/cca6e6f86bdddd60949eb1a4e32b24679d898b02b48acc9faed30769f547927f.json
experiments/output/ace_economy_refinement_20260916/final00/configs/validation__agentic_reset__mathd_algebra_282__seed1,mathd_algebra_282,validation,prove_theorem_grounded,done,incomplete_proof,15,0.033798299999999996,dated billing receipts,False,False,audit/cells/ccac56b13fea3ce41dbacf41b67caa13d862a637cedfd247914b3865ad45bf0c.json
experiments/output/ace_x_validation_ace_x3_offline_rv3_agentic/configs/amc12a_2020_p21__ace-1e4aec7d-core-medium__gpt-5.6-luna__seed0,amc12a_2020_p21,validation,prove_theorem_ace,done,other_or_unobserved,12,0.10063499999999999,"cache tokens, current tariff; unrecorded retries unknown",False,False,audit/cells/ccbd9b1e9b4439d7cfab44ab4e5fc601fa9a8d14babae0a3af6f918b21a10b3c.json
experiments/output/ace_adaptation_x3-mono/configs/step12_curator_mathd_numbertheory_221,mathd_numbertheory_221,train,rewrite_playbook,done,no_verifier_evidence,0,0.007927319999999998,"cache tokens, current tariff; unrecorded retries unknown",False,False,audit/cells/ccc512f80e46e7bb18f80e2471fc34bac27e0e4d16e263f296c2edd85e135453.json
experiments/output/ace_roles_20260913/validation/configs/validation__candidate__proof__mathd_numbertheory_64__seed1,mathd_numbertheory_64,validation,,missing,other_or_unobserved,5,0.07529198,dated billing receipts,True,False,audit/cells/cce56834ab2df1f36b937cd4ac14a314744e8d5dd0766ce50066523f54b483e3.json
experiments/output/ace_capacity_20260912/mechanisms/configs/algebra_amgm_sum1toneqn_prod1tonleq1__A-level0__gpt-5.6-luna__seed0,algebra_amgm_sum1toneqn_prod1tonleq1,train,prove_theorem_grounded,done,unproved_prerequisite,5,0.037375139999999994,"cache tokens, current tariff; unrecorded retries unknown",False,False,audit/cells/ccef4425e056ba37ce9722459e942c1cd0c8b4c8e65638f2e7b0d55d2ecf5f67.json
experiments/output/ace_economy_20260916/validation/configs/validation__ace__aime_1991_p9__seed0,aime_1991_p9,validation,prove_theorem_grounded,done,other_or_unobserved,11,0.03747562,dated billing receipts,False,False,audit/cells/cd2115d1e2e907eed723461f7c08b2075bd183adbcb7a6048b305dbdc22dde7b.json
experiments/output/ace_adaptation_x-offline-e3/configs/step45_generator_mathd_algebra_185,mathd_algebra_185,train,prove_theorem_ace,done,other_or_unobserved,21,0.07475495999999998,"cache tokens, current tariff; unrecorded retries unknown",False,False,audit/cells/cd2982003266866bb3c18187a4d0ec042c6a61a6a6365681efaca41879d8a537.json
experiments/output/ace_economy_refinement_20260916/final13/configs/validation__agentic__aime_1991_p6__seed1,aime_1991_p6,validation,prove_theorem_grounded,done,other_or_unobserved,6,0.03518636,dated billing receipts,False,False,audit/cells/cd2b56914b801f58ee6ea0d8b584e034fe820722f1dff9c72586df9040210034.json
experiments/output/ace_economy_refinement_20260916/final17/configs/validation__agentic__imo_1964_p2__seed1,imo_1964_p2,validation,prove_theorem_grounded,done,unproved_prerequisite,10,0.041348579999999996,dated billing receipts,False,False,audit/cells/cd2dfe0fccfae390c7ad177236d92ac8583259a11d9adfa7fc40299590203963.json
experiments/output/ace_review_development/configs/mathd_numbertheory_37__x3-r64__gpt-5.6-luna__seed1,mathd_numbertheory_37,validation,prove_theorem_ace,done,other_or_unobserved,24,0.10178627999999999,"cache tokens, current tariff; unrecorded retries unknown",False,False,audit/cells/cd397c45fb2d16b1aa6b620d83c7190db0ac50a5cbb44383e440477dda408b07.json
experiments/output/acet_x_validation_ace_x6_repairs_k3_r2_agentic/configs/imo_1969_p2__acet-1d2bc630-30d3e288-k3-r2-core-medium__gpt-5.6-luna__seed0,imo_1969_p2,validation,prove_theorem_ace_triggered,done,incomplete_proof,23,0.0178038,"cache tokens, current tariff; unrecorded retries unknown",False,False,audit/cells/cd5a8321a3c519d14e47491522c4e3ab1fedce52ae13bbb991f1b7c0eaee866f.json
experiments/output/ace_x_validation_ace_x3_strong_rv3_agentic/configs/mathd_numbertheory_43__ace-b596e7df-core-medium__gpt-5.6-luna__seed1,mathd_numbertheory_43,validation,prove_theorem_ace,done,verifier_resource,18,0.029393999999999997,"cache tokens, current tariff; unrecorded retries unknown",False,False,audit/cells/cd8ef601c6cc1eacb7bd8ccb69ffca6a852683944e6bd8b9195f039923634c72.json
experiments/output/ace_mechanisms_20260910/training/configs/induction_pord1p1on2powklt5on2__training-R__gpt-5.6-luna__seed0,induction_pord1p1on2powklt5on2,train,prove_theorem_grounded,done,other_or_unobserved,12,0.036848439999999996,dated billing receipts,False,False,audit/cells/cda087a9dd37c6245a2260c0839d31bd54f3c9eeff5f902a40e3be8f871ea5b3.json
experiments/output/ace_mechanisms_20260910/training/configs/amc12_2000_p1__training-R__gpt-5.6-luna__seed0,amc12_2000_p1,train,prove_theorem_grounded,done,unproved_prerequisite,8,0.01725978,dated billing receipts,False,False,audit/cells/cdc83d9bc0660c20e9cd7c79715fbd8548d42daba505e0cc18b03e8ddb5fa5c2.json
experiments/output/ace_contenders_20260910/configs/aime_1984_p1__training-reflector-medium__gpt-5.6-luna__seed0,aime_1984_p1,train,prove_theorem_grounded,done,no_verifier_evidence,0,0.027257959999999998,dated billing receipts,False,False,audit/cells/cddaf71f8d9cfa1a9a413a9856885bd77bb363566e2adf8ae7c9837bc7f56033.json
experiments/output/ace_models_20260910/proof/configs/amc12b_2004_p3__prover-medium-1e4aec7dbbe80e7a__gpt-5.6-luna__seed0,amc12b_2004_p3,train,prove_theorem_grounded,done,unproved_prerequisite,12,0.03944092,dated billing receipts,False,False,audit/cells/ce32c9dda84be027b309806e8f535c4433fcae6e040a23eb383dc2a57bd1d463.json
experiments/output/ace_models_20260910/proof/configs/aime_1990_p4__selection-xhigh-3bfe5109dc462e8c__gpt-5.6-luna__seed0,aime_1990_p4,train,prove_theorem_grounded,done,syntax,1,0.028588199999999998,dated billing receipts,False,False,audit/cells/cebdd7dea5e4fcfcb07fe71556c722ba203293fb31b17112d81d3d997db68da2.json
experiments/output/ace_x_validation_ace_digest_table_rv2_agentic/configs/aime_1991_p6__ace-ca62b40b-core-medium__gpt-5.6-luna__seed1,aime_1991_p6,validation,prove_theorem_ace,done,incomplete_proof,23,0.10190015999999999,"cache tokens, current tariff; unrecorded retries unknown",False,False,audit/cells/ceefa26fa5c85461ebd6d722a911340e2bea2f07fd358a598750c2a950a0ffe6.json
experiments/output/ace_economy_refinement_20260916/final02/configs/validation__ace_reset__amc12a_2019_p21__seed0,amc12a_2019_p21,validation,prove_theorem_grounded,done,unproved_prerequisite,9,0.0449171,dated billing receipts,False,False,audit/cells/cef837c4a53809fcd5bc490147a873584ec04cdc1fbe97c463d8b610ef17d3c2.json
experiments/output/ace_sanitized_20260917/validation/configs/validation__agentic_coverage__proof__aime_1991_p6__seed1,aime_1991_p6,validation,prove_theorem_grounded,done,unproved_prerequisite,8,0.06901348,dated billing receipts,False,False,audit/cells/cf17499d5466568801d2662853e0e335a666313409436c029a07588ce141aa2e.json
experiments/output/ace_models_20260910/proof/configs/imo_1977_p6__prover-xhigh-345f1ee0202d55e3__gpt-5.6-luna__seed0,imo_1977_p6,train,prove_theorem_grounded,done,no_verifier_evidence,0,0.02539,dated billing receipts,False,False,audit/cells/cf2d77846452708a2e8f1d6ba5302d0694758df4b0458f3cc82838dc6f5b8bcc.json
experiments/output/ace_mechanisms_20260910/validation/configs/induction_prod1p1onk3le3m1onn__validation-E__gpt-5.6-luna__seed1,induction_prod1p1onk3le3m1onn,validation,prove_theorem_grounded,done,no_verifier_evidence,0,0.026424,dated billing receipts,False,False,audit/cells/cf3e0fc6709c28f2c463394f4e2cb60b98f5e76c8c42125325dbbccc299a2eff.json
experiments/output/ace_adaptation_x-noreflect/configs/step14_generator_algebra_amgm_sum1toneqn_prod1tonleq1,algebra_amgm_sum1toneqn_prod1tonleq1,train,prove_theorem_ace,done,incomplete_proof,21,0.021445159999999998,"cache tokens, current tariff; unrecorded retries unknown",False,False,audit/cells/cf453fcdc19cc47d6ee5b18b45e4f6ae7ef03ec1ade9a4b8852636c249f18e88.json
experiments/output/ace_x_validation_ace_x3_strong_rv3_agentic/configs/aime_1991_p6__ace-b596e7df-core-medium__gpt-5.6-luna__seed1,aime_1991_p6,validation,prove_theorem_ace,done,incomplete_proof,18,0.0429437,"cache tokens, current tariff; unrecorded retries unknown",False,False,audit/cells/cf6e99d2f2bdccee28707cfb2b03f90bfe624554117360f0afcb388c69a1b3a3.json
experiments/output/ace_x_validation_ace_x5_offline_rv3_agentic/configs/mathd_algebra_282__ace-fc7b45d4-core-medium__gpt-5.6-luna__seed1,mathd_algebra_282,validation,prove_theorem_ace,done,incomplete_proof,20,0.0196018,"cache tokens, current tariff; unrecorded retries unknown",False,False,audit/cells/cf8500c03e3310d7afb12c807446a648d5b1ddac9b51ce3da0b519bb0fdf87c1.json
experiments/output/ace_x_validation_agentic/configs/imo_1984_p6__ace-1ac8a092-core-medium__gpt-5.6-luna__seed1,imo_1984_p6,validation,prove_theorem_ace,done,arithmetic_or_search,24,0.02865102,"cache tokens, current tariff; unrecorded retries unknown",False,False,audit/cells/cf87be622938e28d311adfbf3e8974d17d762ab5eb2c0c895870c7b082abd852.json
experiments/output/ace_adaptation_x3-gate-b1/configs/step01_generator_amc12b_2002_p11,amc12b_2002_p11,train,prove_theorem_ace,done,other_or_unobserved,13,0.05951504,"cache tokens, current tariff; unrecorded retries unknown",False,False,audit/cells/cfd964f0f8aa3d3883e0340a5975bec810a51096876b06d93638491b86b208f1.json
experiments/output/ace_economy_refinement_20260916/resume01/configs/validation__agentic_reset_compact__algebra_others_exirrpowirrrat__seed1,algebra_others_exirrpowirrrat,validation,prove_theorem_grounded,done,other_or_unobserved,12,0.0462444,dated billing receipts,False,False,audit/cells/cfe1bab63df1c5b8848e7d7c6881f08a7ead90dd3feda90e575ad14d5245b07a.json
experiments/output/x_validation_stall_seenstate4_agentic/configs/mathd_algebra_282__core-medium-stall-seenstate4__gpt-5.6-luna__seed0,mathd_algebra_282,validation,prove_theorem_agentic_stall,done,incomplete_proof,10,0.012426520000000003,"cache tokens, current tariff; unrecorded retries unknown",False,False,audit/cells/cff719bccb46f4d42ef8cb2d3594e41d77a87fb8952d7de574c99955e601cf52.json
experiments/output/ace_review_calibration/configs/imo_1967_p3__baseline-r32__gpt-5.6-luna__seed1,imo_1967_p3,train,prove_theorem_agentic,done,incomplete_proof,27,0.03730643999999999,"cache tokens, current tariff; unrecorded retries unknown",False,False,audit/cells/cff98de1e31bb72bf381e74bc0ae199bdc8cc3835dc4b900b3e604cf569d9b42.json
experiments/output/ace_bounded_validation/configs/amc12a_2019_p21__integrated-r64__gpt-5.6-luna__seed0,amc12a_2019_p21,validation,prove_theorem_grounded,done,other_or_unobserved,7,0.041739899999999996,"cache tokens, current tariff; unrecorded retries unknown",False,False,audit/cells/d00fbe4fd0c0f8b16af4afc196b404a9823592fb510a55d6500720e30bbbdd46.json
experiments/output/ace_x_validation_ace_x5_offline_rv2_agentic/configs/imo_1969_p2__ace-fc7b45d4-core-medium__gpt-5.6-luna__seed0,imo_1969_p2,validation,prove_theorem_ace,done,arithmetic_or_search,16,0.07116913999999999,"cache tokens, current tariff; unrecorded retries unknown",False,False,audit/cells/d06304755d64d22191e58c2cf7fd360561a93ef1ce086f3980b557f00b183b3f.json
experiments/output/ace_roles_20260913/training/configs/training__candidate__proof__mathd_numbertheory_629__seed0,mathd_numbertheory_629,train,prove_theorem_grounded,done,syntax,12,0.0328172,dated billing receipts,False,False,audit/cells/d08f014d5838b0eeacf428fa3421d96f61e581d61a6e03acdad2020e372913f3.json
experiments/output/ace_learning_20260914/validation/configs/validation__B__proof__amc12a_2019_p21__seed1,amc12a_2019_p21,validation,prove_theorem_grounded,done,other_or_unobserved,7,0.040870039999999996,dated billing receipts,False,False,audit/cells/d09b30ffd7a1c65de10a87d1b63c4c02ee3145b75250643258f9c2a8798b7d5f.json
experiments/output/ace_economy_session_20260916/validation/configs/validation__agentic_session__mathd_numbertheory_405__seed1,mathd_numbertheory_405,validation,prove_theorem_grounded,done,unknown_reference,11,0.042982019999999996,dated billing receipts,False,False,audit/cells/d0a34b935db5d2fc4d0c85859b0337efa16f2456e44f1adf9a8b4a304ac08e17.json
experiments/output/ace_roles_20260913/validation/configs/validation__control__proof__mathd_numbertheory_43__seed0,mathd_numbertheory_43,validation,,missing,verifier_resource,2,0.06802454,dated billing receipts,True,False,audit/cells/d0aad128625aa537a28d4a5ce55ee08b68f0f95d553612af5bb93b065a36a1ef.json
experiments/output/ace_attribution_20260912/validation/terra/configs/algebra_others_exirrpowirrrat__terra-none-medium__gpt-5.6-terra__seed0,algebra_others_exirrpowirrrat,validation,prove_theorem_grounded,done,arithmetic_or_search,7,0.40246499999999996,dated billing receipts,False,False,audit/cells/d0b75bb20bbe3eed67926c55360102ca0f41f105a044cb68b27a49b02714d73a.json
experiments/output/ace_x_validation_ace_x5_offline_rv2_agentic/configs/mathd_numbertheory_37__ace-fc7b45d4-core-medium__gpt-5.6-luna__seed1,mathd_numbertheory_37,validation,prove_theorem_ace,done,arithmetic_or_search,19,0.0311847,"cache tokens, current tariff; unrecorded retries unknown",False,False,audit/cells/d0b8a9c7cc26882995587e4a2e665889c086b6c709b77056b40310f05d23c5a3.json
experiments/output/ace_models_20260910/proof/configs/mathd_algebra_185__prover-xhigh-3e6016d332df5347__gpt-5.6-luna__seed0,mathd_algebra_185,train,prove_theorem_grounded,done,no_verifier_evidence,0,0.025306659999999998,dated billing receipts,False,False,audit/cells/d10282a421ced70ed26c645ceb56d0f42a78523119fc297c4baca45d406f3eb1.json
experiments/output/ace_adaptation_attribution-terra-20260912/configs/step14_generator_algebra_amgm_sum1toneqn_prod1tonleq1,algebra_amgm_sum1toneqn_prod1tonleq1,train,prove_theorem_ace,done,unproved_prerequisite,26,0.8641588,"cache tokens, current tariff; unrecorded retries unknown",False,False,audit/cells/d1311b21a5434bc76ce775700e7c7f8d941edf8271f52cad74c9fd8098ed2e03.json
experiments/output/ace_x_validation_ace_x3_offline_e3_rv3_agentic/configs/mathd_algebra_282__ace-d0d7ce24-core-medium__gpt-5.6-luna__seed1,mathd_algebra_282,validation,prove_theorem_ace,done,incomplete_proof,17,0.0476636,"cache tokens, current tariff; unrecorded retries unknown",False,False,audit/cells/d16fd5298b77d0ae7a80ab0d93f7dbfe4a553377e9862f79dd78d2448a383471.json
experiments/output/ace_revision_20260913/validation/configs/validation__control__proof__imo_1969_p2__seed0,imo_1969_p2,validation,prove_theorem_grounded,done,other_or_unobserved,5,0.03424298,dated billing receipts,False,False,audit/cells/d173d3fa5a8ec6acab15f68baa24726dd71604e939d01011d448bd840722b771.json
experiments/output/ace_economy_refinement_20260916/final11/configs/validation__agentic_reset__mathd_numbertheory_530__seed1,mathd_numbertheory_530,validation,prove_theorem_grounded,done,unproved_prerequisite,10,0.04451066,dated billing receipts,False,False,audit/cells/d183cfd94054a015b3af81dc91e1864f1c9ade2f279a4d342e3dbdace1774f45.json
experiments/output/ace_economy_20260916/validation/configs/validation__ace__mathd_numbertheory_43__seed0,mathd_numbertheory_43,validation,prove_theorem_grounded,done,other_or_unobserved,10,0.03034852,dated billing receipts,False,False,audit/cells/d1c5f21ec06a93b351b153d33abaced5e49fb0a77625f177780bd11465a5ce0b.json
experiments/output/ace_x_validation_ace_x3_strong_rv3_agentic/configs/mathd_numbertheory_405__ace-b596e7df-core-medium__gpt-5.6-luna__seed1,mathd_numbertheory_405,validation,prove_theorem_ace,done,incomplete_proof,25,0.05982562000000002,"cache tokens, current tariff; unrecorded retries unknown",False,False,audit/cells/d1c770028306dc06b0272e8046981db4fd6150ea6ae5e3f72509a5477302114b.json
experiments/output/ace_economy_refinement_20260916/final00/configs/validation__agentic_reset_compact__algebra_others_exirrpowirrrat__seed0,algebra_others_exirrpowirrrat,validation,prove_theorem_grounded,done,other_or_unobserved,8,0.045544379999999995,dated billing receipts,False,False,audit/cells/d1db449e0a38352cbc65a6e8dca6212d149b05329f97abbf2312106e6d213604.json
experiments/output/ace_online_x-online-warm-s0_agentic/configs/imo_1984_p6__ace-55bcacee-core-medium__gpt-5.6-luna__seed0,imo_1984_p6,validation,prove_theorem_ace,done,incomplete_proof,20,0.028489379999999998,"cache tokens, current tariff; unrecorded retries unknown",False,False,audit/cells/d1f31784c0f12d3bf0c1d338db73f7ad79e260c5426211005ddad73e8acd8ac6.json
experiments/output/ace_economy_refinement_20260916/final05/configs/validation__agentic_compact__mathd_numbertheory_43__seed1,mathd_numbertheory_43,validation,prove_theorem_grounded,done,other_or_unobserved,7,0.019913359999999998,dated billing receipts,False,False,audit/cells/d20f7baca1f2740b568936784dd8d9cf969396c4999b44966517cc591dc30d1d.json
experiments/output/ace_adaptation_x-offline-e3/configs/step114_curator_amc12a_2016_p2,amc12a_2016_p2,train,,failed,platform_failure,0,0.0,"cache tokens, current tariff; unrecorded retries unknown",False,False,audit/cells/d21c3576059925acaf7229435b61cbc772ecca4daea7e3ae33ecd7d7e047d632.json
experiments/output/ace_economy_refinement_20260916/final07/configs/validation__agentic_reset_compact__aime_1984_p7__seed0,aime_1984_p7,validation,prove_theorem_grounded,done,other_or_unobserved,13,0.04659158,dated billing receipts,False,False,audit/cells/d21d3552da513d8ad59f44d34707d3ce5ea13a29da1422942d74859d583c4348.json
experiments/output/ace_control_cycle_training/configs/algebra_amgm_sum1toneqn_prod1tonleq1__trained-r64__gpt-5.6-luna__seed0,algebra_amgm_sum1toneqn_prod1tonleq1,train,prove_theorem_grounded,done,arithmetic_or_search,10,0.06982144,"cache tokens, current tariff; unrecorded retries unknown",False,False,audit/cells/d2217f38dd3f9fe6963cfd21d31d1469cf747db76d65f21b95b7b028f8c0eff1.json
experiments/output/ace_economy_refinement_20260916/final05/configs/validation__agentic_reset__mathd_numbertheory_43__seed0,mathd_numbertheory_43,validation,prove_theorem_grounded,done,unknown_reference,10,0.03334394,dated billing receipts,False,False,audit/cells/d2226de78ba506332cbb72df3ebea0b07e2847f407da454e456d52ea1e441cba.json
experiments/output/ace_economy_refinement_20260916/final05/configs/validation__agentic_reset_compact__mathd_numbertheory_43__seed1,mathd_numbertheory_43,validation,prove_theorem_grounded,done,unproved_prerequisite,9,0.027088039999999997,dated billing receipts,False,False,audit/cells/d235572a2824f4ce3b5d9ab130c464839925db90545eb694f2607ec842c2385c.json
experiments/output/ace_economy_20260916/validation/configs/validation__session__induction_prod1p1onk3le3m1onn__seed0,induction_prod1p1onk3le3m1onn,validation,prove_theorem_grounded,done,syntax,15,0.0434111,dated billing receipts,False,False,audit/cells/d26b61cf41c8a80c79231f9cbcd6a135093f296c86a0a20c0cf2352dc8376fd8.json
experiments/output/ace_review_development/configs/imo_1984_p6__baseline-r64__gpt-5.6-luna__seed1,imo_1984_p6,validation,prove_theorem_agentic,done,arithmetic_or_search,38,0.06627953999999998,"cache tokens, current tariff; unrecorded retries unknown",False,False,audit/cells/d275f165bd1a7f0fc15b24c41eae50fabe6ef19cff186ba0e2407234f29f5034.json
experiments/output/ace_attribution_20260912/validation/terra/configs/amc12a_2019_p21__terra-ace-medium__gpt-5.6-terra__seed0,amc12a_2019_p21,validation,prove_theorem_grounded,done,unproved_prerequisite,1,0.3386716,dated billing receipts,False,False,audit/cells/d27a01eddb6e493d96fc3a0bb418139fba5e135c83bf03d3c54125bdf786642d.json
experiments/output/ace_online_x-online-s1_agentic/configs/mathd_numbertheory_303__ace-0a83b404-core-medium__gpt-5.6-luna__seed1,mathd_numbertheory_303,validation,prove_theorem_ace,done,arithmetic_or_search,19,0.09610194000000002,"cache tokens, current tariff; unrecorded retries unknown",False,False,audit/cells/d27fb2c1f91bc51b4cbe44ae81169e53611711a214aa60358b29a3fe4a3089cb.json
experiments/output/ace_models_20260910/proof/configs/mathd_algebra_185__prover-xhigh-c42d9ea2fa1215e2__gpt-5.6-luna__seed0,mathd_algebra_185,train,prove_theorem_grounded,done,syntax,1,0.0295299,dated billing receipts,False,False,audit/cells/d2b3182797d55aa6fcbe5964d0abc93d64ed9b742ad100849c5646872d43e38b.json
experiments/output/ace_polish_validation/configs/imo_1969_p2__candidate-r64__gpt-5.6-luna__seed0,imo_1969_p2,validation,prove_theorem_grounded,done,unknown_reference,6,0.04290656,"cache tokens, current tariff; unrecorded retries unknown",False,False,audit/cells/d2cc24bc131f34154a5f8b2a5161e2f30094797a5810353aa485c738242bc8bb.json
experiments/output/ace_attribution_20260912/validation/terra/configs/aime_1991_p6__terra-ace-medium__gpt-5.6-terra__seed0,aime_1991_p6,validation,prove_theorem_grounded,done,syntax,7,0.36239299999999997,dated billing receipts,False,False,audit/cells/d2d4f6f83c31f6b125e86ad90ee830fa4147966c8ab4e86880e346bd9d14fadb.json
experiments/output/ace_capacity_20260912/mechanisms/configs/imo_1967_p3__E-level0__gpt-5.6-terra__seed0,imo_1967_p3,train,prove_theorem_grounded,done,incomplete_proof,5,0.3429974,"cache tokens, current tariff; unrecorded retries unknown",False,False,audit/cells/d2efb5ee32ef2e97f3ca77604a13562a23c40b0939b23363aedd4735a25e9724.json
experiments/output/ace_review_development/configs/amc12a_2020_p21__repair1-r64__gpt-5.6-luna__seed0,amc12a_2020_p21,validation,prove_theorem_ace,done,other_or_unobserved,31,0.1007345,"cache tokens, current tariff; unrecorded retries unknown",False,False,audit/cells/d2f63ade8221d36bd18cc89a69dfb42b397da79f094b7a591a8419e41da90f8d.json
experiments/output/ace_models_20260910/proof/configs/imo_1977_p6__prover-xhigh-26d7cc1993e76d38__gpt-5.6-luna__seed0,imo_1977_p6,train,prove_theorem_grounded,done,no_verifier_evidence,0,0.02566878,dated billing receipts,False,False,audit/cells/d31f6b36cfb1971cac77af4a5fd7ca78595a69ecc96cb141c96ec64fb402bf2a.json
experiments/output/ace_economy_refinement_20260916/final07/configs/validation__ace_reset__aime_1984_p7__seed1,aime_1984_p7,validation,prove_theorem_grounded,done,syntax,11,0.0399809,dated billing receipts,False,False,audit/cells/d322b53d1f99bdd9964b2fbaf24da235ddb7a76ada8d675f1a479a15bd165cfc.json
experiments/output/ace_economy_refinement_20260916/final14/configs/validation__ace_reset_compact__amc12_2001_p21__seed0,amc12_2001_p21,validation,prove_theorem_grounded,done,arithmetic_or_search,10,0.03847882,dated billing receipts,False,False,audit/cells/d332ad68ded28cfb1e2e4e159dfbcf26c3204f21cf8f50150446c7f46b7359f8.json
experiments/output/ace_economy_refinement_20260916/final09/configs/validation__ace_reset__amc12a_2020_p21__seed1,amc12a_2020_p21,validation,prove_theorem_grounded,done,other_or_unobserved,12,0.04727434,dated billing receipts,False,False,audit/cells/d33676a3beee82b7dd7a4a4b5745042ce85e76a0497d354dcecca8137c1b40b2.json
experiments/output/ace_adaptation_x-offline-e3/configs/step100_curator_mathd_numbertheory_629,mathd_numbertheory_629,train,,failed,platform_failure,0,0.0,"cache tokens, current tariff; unrecorded retries unknown",False,False,audit/cells/d34d2a7ba66c2ba50cb902f20f9664fb550aadc1d8d762a217022ca595eaf4e7.json
experiments/output/ace_adaptation_x-mono/configs/step02_curator_amc12a_2003_p1,amc12a_2003_p1,train,rewrite_playbook,done,no_verifier_evidence,0,0.005957639999999999,"cache tokens, current tariff; unrecorded retries unknown",False,False,audit/cells/d36d2832de6c1554c9ced33c1a9282425edc3c6208ab24ee3c2dbe3b99824847.json
experiments/output/ace_x_validation_ace_digest_table_rv2_agentic/configs/mathd_numbertheory_303__ace-ca62b40b-core-medium__gpt-5.6-luna__seed1,mathd_numbertheory_303,validation,prove_theorem_ace,done,incomplete_proof,19,0.06237806,"cache tokens, current tariff; unrecorded retries unknown",False,False,audit/cells/d3a3897c147404736418aa45d0495627f2c80bcecb0f42b43016d7a2d8a34c30.json
experiments/output/ace_adaptation_x5-offline/configs/step39_generator_imo_1967_p3,imo_1967_p3,train,prove_theorem_ace,done,arithmetic_or_search,17,0.042724519999999995,"cache tokens, current tariff; unrecorded retries unknown",False,False,audit/cells/d3ceaa83e50d1a909364ec66b07624d1f583065e42ddae0910936ec1d8b46eb3.json
experiments/output/ace_mechanisms_20260910/training/configs/imo_1977_p6__training-S__gpt-5.6-luna__seed0,imo_1977_p6,train,prove_theorem_grounded,done,incomplete_proof,9,0.03845336,dated billing receipts,False,False,audit/cells/d3d83fcba132e2f81f7dafb27c19f820f3813c87df7674bcefc7986e578dab22.json
experiments/output/x_validation_agentic/configs/amc12_2001_p21__core-medium__gpt-5.6-luna__seed1,amc12_2001_p21,validation,prove_theorem_agentic,done,syntax,18,0.042562260000000005,"cache tokens, current tariff; unrecorded retries unknown",False,False,audit/cells/d3dc0c3333be3a704e749564fc76a66dc59dc28763d32ed052654e1d3492eb8c.json
experiments/output/ace_revision_20260913/validation/configs/validation__candidate__proof__mathd_numbertheory_530__seed0,mathd_numbertheory_530,validation,prove_theorem_grounded,done,syntax,7,0.0375126,dated billing receipts,False,False,audit/cells/d3df256b46e1f33e6df2703f0cd28f018d18854614bcf3f3b02ab86ffeb8dc5f.json
experiments/output/ace_models_20260910/proof/configs/mathd_algebra_185__prover-xhigh-38ac3031ca8083bc__gpt-5.6-luna__seed0,mathd_algebra_185,train,prove_theorem_grounded,done,no_verifier_evidence,0,0.02591382,dated billing receipts,False,False,audit/cells/d3e133c4f5785781f5ca214da9bf8dce4e6f288ef42c5a4095c0551454f09619.json
experiments/output/ace_x_validation_ace_x3_offline_rv3_agentic/configs/aime_1991_p6__ace-1e4aec7d-core-medium__gpt-5.6-luna__seed0,aime_1991_p6,validation,prove_theorem_ace,done,incomplete_proof,26,0.049697840000000014,"cache tokens, current tariff; unrecorded retries unknown",False,False,audit/cells/d4293692cf3ffdaa26e707cb5b339a4ba416a4faf17545ab471e1bd881b6a2c2.json
experiments/output/ace_mechanisms_20260910/validation/configs/amc12_2000_p12__validation-E__gpt-5.6-luna__seed0,amc12_2000_p12,validation,prove_theorem_grounded,done,other_or_unobserved,5,0.043970659999999995,dated billing receipts,False,False,audit/cells/d43690e6b9600a5700468b099b078bd5ecc734545a39d3ae59f873c311c2a6ce.json
experiments/output/ace_economy_session_20260916/validation/configs/validation__agentic_session__mathd_numbertheory_37__seed0,mathd_numbertheory_37,validation,prove_theorem_grounded,done,other_or_unobserved,14,0.01818688,dated billing receipts,False,False,audit/cells/d4500f2551be905e7e4e0e2e78240763605ed6c867a3bcb437451d12b6a74fd5.json
experiments/output/ace_snippets_20260913/validation/configs/snippets-v1__amc12a_2020_p21__validation-A__seed0,amc12a_2020_p21,validation,prove_theorem_grounded,done,other_or_unobserved,6,0.037183719999999996,"cache tokens, current tariff; unrecorded retries unknown",False,False,audit/cells/d468ad23c04e0d7d8648a021e9c343dfaa8116becd4a568bae39083176842eb8.json
experiments/output/coverage_cycle_20260911/training/E2/configs/imo_1967_p3__training-E2__gpt-5.6-luna__seed0,imo_1967_p3,train,prove_theorem_grounded,done,arithmetic_or_search,7,0.03894566,dated billing receipts,False,False,audit/cells/d4872c75471575976a2e823c34f35ae466116e1aa9d8d979b633658924bd2853.json
experiments/output/ace_polish_validation/configs/amc12a_2020_p21__reference-r64__gpt-5.6-luna__seed1,amc12a_2020_p21,validation,prove_theorem_grounded,done,other_or_unobserved,11,0.0410846,"cache tokens, current tariff; unrecorded retries unknown",False,False,audit/cells/d4d2ccba559ef9694a8ab3ffa124f45ca0235ec213b92bbd1cce0d28f576dedf.json
experiments/output/ace_x_validation_agentic/configs/imo_1984_p6__ace-1ac8a092-core-medium__gpt-5.6-luna__seed0,imo_1984_p6,validation,prove_theorem_ace,done,arithmetic_or_search,20,0.03470278,"cache tokens, current tariff; unrecorded retries unknown",False,False,audit/cells/d4f793613d8edb73ed8cc7e3dde29200ee8ad274fa8886c4f39d78382d2683b3.json
experiments/output/ace_economy_session_20260916/validation/configs/validation__agentic_session__induction_prod1p1onk3le3m1onn__seed0,induction_prod1p1onk3le3m1onn,validation,prove_theorem_grounded,done,unknown_reference,14,0.041172059999999996,dated billing receipts,False,False,audit/cells/d505b1d4752b8525e4cec49b135aefc5d5830e2b94628ea43acd82640904a845.json
experiments/output/ace_models_20260910/proof/configs/amc12b_2002_p11__prover-xhigh-3bfe5109dc462e8c__gpt-5.6-luna__seed0,amc12b_2002_p11,train,prove_theorem_grounded,done,no_verifier_evidence,0,0.023817559999999998,dated billing receipts,False,False,audit/cells/d50ea221e611b68897f12bc9dcfc9783a4902c44767503bd2bb820ef0903d5fd.json
experiments/output/ace_economy_refinement_20260916/final03/configs/validation__agentic_reset_compact__imo_1984_p6__seed1,imo_1984_p6,validation,prove_theorem_grounded,done,unknown_reference,13,0.047200599999999995,dated billing receipts,False,False,audit/cells/d5766214ae82500599d8734755bbd8bf572998fc62d43d0aafba8a1e56c6b106.json
experiments/output/ace_adaptation_x4-offline/configs/step34_generator_mathd_algebra_224,mathd_algebra_224,train,prove_theorem_ace,done,arithmetic_or_search,19,0.06163988000000001,"cache tokens, current tariff; unrecorded retries unknown",False,False,audit/cells/d578e8d525ac1100e54b051a2cba9c197dbc640b8ae00ceefe812d5039fe3425.json
experiments/output/ace_attribution_20260912/validation/luna-none/configs/imo_1969_p2__luna-none-medium__gpt-5.6-luna__seed0,imo_1969_p2,validation,prove_theorem_grounded,done,unknown_reference,12,0.04147332,dated billing receipts,False,False,audit/cells/d57ca87abb3cf00d0692ea3b2b680ef3ca079986be743d391cba25f62109bc78.json
experiments/output/ace_economy_refinement_20260916/final02/configs/validation__agentic__amc12a_2019_p21__seed0,amc12a_2019_p21,validation,prove_theorem_grounded,done,no_verifier_evidence,0,0.02559924,dated billing receipts,False,False,audit/cells/d57ccf287cca5e4b9d0c852bc9b1f2807cf5c13430d928deec2c18382ee12ee9.json
experiments/output/ace_models_20260910/proof/configs/imo_1983_p6__prover-xhigh-1e4aec7dbbe80e7a__gpt-5.6-luna__seed0,imo_1983_p6,train,prove_theorem_grounded,done,syntax,1,0.033357859999999996,dated billing receipts,False,False,audit/cells/d5b480bdcc94bf92a7ed0f01444f442ccda775bfff0cdceeb217d992dfb2ec7f.json
experiments/output/ace_economy_session_20260916/validation/configs/validation__agentic_session__amc12_2001_p21__seed1,amc12_2001_p21,validation,prove_theorem_grounded,done,incomplete_proof,18,0.043721779999999995,dated billing receipts,False,False,audit/cells/d5b5bd7432aa045fc52ed299d7a8abdd09e91e25c6fba83b5e7e0e90e48e057a.json
experiments/output/ace_review_development/configs/mathd_numbertheory_303__baseline-r64__gpt-5.6-luna__seed1,mathd_numbertheory_303,validation,prove_theorem_agentic,done,incomplete_proof,33,0.10080847999999996,"cache tokens, current tariff; unrecorded retries unknown",False,False,audit/cells/d5d08905cd69b810ff297ad9bfa57d8f76ddf3e69a87e1501ee5309b8adaa92f.json
experiments/output/ace_x_validation_ace_x3_noreflect_rv3_agentic/configs/aime_1991_p6__ace-ce233fe0-core-medium__gpt-5.6-luna__seed1,aime_1991_p6,validation,prove_theorem_ace,done,incomplete_proof,25,0.06942602000000002,"cache tokens, current tariff; unrecorded retries unknown",False,False,audit/cells/d5e6ef513776ff70a59737b8b8e2de208694cdff1302993cf2757d6301ffc242.json
experiments/output/ace_models_20260910/proof/configs/imo_1983_p6__prover-xhigh-2ebdaef5c0d8b7ce__gpt-5.6-luna__seed0,imo_1983_p6,train,prove_theorem_grounded,done,syntax,1,0.03005882,dated billing receipts,False,False,audit/cells/d604a66de549be4ba31960ea6a047db4b92d900066f2e3db6957de9f603d7ed5.json
experiments/output/ace_sanitized_20260917/validation/configs/validation__ace_selected__proof__imo_1969_p2__seed1,imo_1969_p2,validation,prove_theorem_grounded,done,syntax,8,0.03944704,dated billing receipts,False,False,audit/cells/d62678cbdd01f9b50679f502cabb32094ab4f0d29b5f6ca523ce5f79e88fc9c2.json
experiments/output/ace_x_validation_ace_x5_offline_rv2_agentic/configs/mathd_algebra_282__ace-fc7b45d4-core-medium__gpt-5.6-luna__seed1,mathd_algebra_282,validation,prove_theorem_ace,done,incomplete_proof,18,0.03349587999999999,"cache tokens, current tariff; unrecorded retries unknown",False,False,audit/cells/d635d1117394ceb837db8be8d63fbd1ca9e889ca2c3e3bf3a97a36bbd73df47d.json
experiments/output/ace_economy_refinement_20260916/final03/configs/validation__ace_reset_compact__imo_1984_p6__seed1,imo_1984_p6,validation,prove_theorem_grounded,done,other_or_unobserved,8,0.02394694,dated billing receipts,False,False,audit/cells/d637d04ad08eb98d5ad2a5831d12131777ec63d0c0d62c0330d6b5c61dee865d.json
experiments/output/ace_sanitized_20260917/validation/configs/validation__agentic_coverage__proof__mathd_algebra_282__seed0,mathd_algebra_282,validation,prove_theorem_grounded,done,incomplete_proof,45,0.05080302,dated billing receipts,False,False,audit/cells/d651f7879a290fbdfcd37bac7c0f59a05e37e881cbeaeacef83a55f5884e3de7.json
experiments/output/ace_adaptation_x-online-warm-s0/configs/step34_curator_mathd_numbertheory_530,mathd_numbertheory_530,validation,,failed,platform_failure,0,0.0,"cache tokens, current tariff; unrecorded retries unknown",False,False,audit/cells/d65b95a40abc01e9f68d04c64e94ba31c12aa9aeb835e47e78660a32f91bb225.json
experiments/output/ace_x_validation_ace_x4_offline_rv3_agentic/configs/mathd_numbertheory_37__ace-f1dd5c3a-core-medium__gpt-5.6-luna__seed1,mathd_numbertheory_37,validation,prove_theorem_ace,done,arithmetic_or_search,17,0.027480499999999998,"cache tokens, current tariff; unrecorded retries unknown",False,False,audit/cells/d65eacff5befcb67fbe5c72383ebe34c5faeb25041f9d46c018e9b9835e7a8a0.json
experiments/output/ace_models_20260910/proof/configs/mathd_algebra_185__prover-xhigh-125d7332ca106585__gpt-5.6-luna__seed0,mathd_algebra_185,train,prove_theorem_grounded,done,no_verifier_evidence,0,0.02575394,dated billing receipts,False,False,audit/cells/d665d8a81f522cda7e6b1acbfffca1cca404186f2fdafc14a451cfe438dbf402.json
experiments/output/ace_economy_20260916/validation/configs/validation__ace__mathd_numbertheory_405__seed1,mathd_numbertheory_405,validation,prove_theorem_grounded,done,other_or_unobserved,10,0.04094536,dated billing receipts,False,False,audit/cells/d6d5db54ede25b4da81ac69e2833aa4b6d17ddb27bbd1caff5a19f1dca093cca.json
experiments/output/ace_review_development/configs/imo_1960_p2__baseline-r64__gpt-5.6-luna__seed0,imo_1960_p2,validation,prove_theorem_agentic,done,syntax,11,0.10794502,"cache tokens, current tariff; unrecorded retries unknown",False,False,audit/cells/d725d3bd32a5c4acc5bc04a6355c30ed8e70d36198a7f76485b5aedf629f961d.json
experiments/output/ace_x_validation_ace_digest_table_rv2_agentic/configs/mathd_numbertheory_530__ace-ca62b40b-core-medium__gpt-5.6-luna__seed1,mathd_numbertheory_530,validation,prove_theorem_ace,done,unproved_prerequisite,12,0.04147289999999999,"cache tokens, current tariff; unrecorded retries unknown",False,False,audit/cells/d73396bf405f0fb757c6b3e362cb99a540cc27715f1aa48bde2e39d44555aa95.json
experiments/output/ace_economy_refinement_20260916/final17/configs/validation__ace_compact__imo_1964_p2__seed1,imo_1964_p2,validation,prove_theorem_grounded,done,other_or_unobserved,14,0.03923098,dated billing receipts,False,False,audit/cells/d739899e61fc1c256f1e9effb3d0a47448944b8af4a44ab8464c4a0e82da7cb9.json
experiments/output/ace_capacity_20260912/mechanisms/configs/mathd_numbertheory_629__D-level0__gpt-5.6-luna__seed0,mathd_numbertheory_629,train,prove_theorem_grounded,done,arithmetic_or_search,12,0.03825402,"cache tokens, current tariff; unrecorded retries unknown",False,False,audit/cells/d73bbc99039151d162b03dd0f79c0bd92f148091dd143dec3c6c4d22d2b07a0f.json
experiments/output/ace_x_validation_ace_x4_offline_rv3_agentic/configs/mathd_algebra_282__ace-f1dd5c3a-core-medium__gpt-5.6-luna__seed1,mathd_algebra_282,validation,prove_theorem_ace,done,incomplete_proof,19,0.021397820000000005,"cache tokens, current tariff; unrecorded retries unknown",False,False,audit/cells/d73cbc05c267fc66cb35013972604227619b71bbc315e2b0fdc5f6881fb3cf37.json
experiments/output/ace_revision_20260913/validation/configs/validation__control__proof__aime_1991_p9__seed0,aime_1991_p9,validation,prove_theorem_grounded,done,unproved_prerequisite,13,0.04169956,dated billing receipts,False,False,audit/cells/d740c66276fcf7c67098d051f231bdeb779f5b6b0875b7eb6c8af3f3197ecf8d.json
experiments/output/ace_x_validation_ace_x3_noreflect_agentic/configs/imo_1984_p6__ace-1ac8a092-core-medium__gpt-5.6-luna__seed0,imo_1984_p6,validation,prove_theorem_ace,done,arithmetic_or_search,23,0.03428827999999999,"cache tokens, current tariff; unrecorded retries unknown",False,False,audit/cells/d76570c59d60623e0fd846de492c09f0e75c4078fd36719fbba53a1b70a1f6c6.json
experiments/output/ace_online_x4-online-s0_agentic/configs/mathd_numbertheory_43__ace-313fe5d6-core-medium__gpt-5.6-luna__seed0,mathd_numbertheory_43,validation,prove_theorem_ace,done,other_or_unobserved,15,0.047086679999999985,"cache tokens, current tariff; unrecorded retries unknown",False,False,audit/cells/d778181c5286cba0e2e82fc10954af545ff15b63bebd1639383e50ebcafdc492.json
experiments/output/ace_snippets_20260913/validation/configs/snippets-v1__mathd_numbertheory_530__validation-A__seed0,mathd_numbertheory_530,validation,prove_theorem_grounded,done,other_or_unobserved,8,0.03958372,"cache tokens, current tariff; unrecorded retries unknown",False,False,audit/cells/d7c2ef8efe58ea0cbc437fe45e853d7a6d989f14405774a1db9000d011fa5730.json
experiments/output/ace_review_development/configs/algebra_others_exirrpowirrrat__baseline-r64__gpt-5.6-luna__seed1,algebra_others_exirrpowirrrat,validation,prove_theorem_agentic,done,incomplete_proof,42,0.08470851999999997,"cache tokens, current tariff; unrecorded retries unknown",False,False,audit/cells/d7d8990ba0d36b7e37642340533c8e89fa91b4940445c0e61dc913cab596820b.json
experiments/output/ace_economy_refinement_20260916/final03/configs/validation__ace_compact__imo_1984_p6__seed1,imo_1984_p6,validation,prove_theorem_grounded,done,other_or_unobserved,2,0.0202436,dated billing receipts,False,False,audit/cells/d7d8e052db19c626b4f0a756992c84b93db28f1b9bb1e0ae3c4105b18cc80ea3.json
experiments/output/ace_polish_validation/configs/amc12_2001_p21__reference-r64__gpt-5.6-luna__seed0,amc12_2001_p21,validation,prove_theorem_grounded,done,arithmetic_or_search,6,0.03846148,"cache tokens, current tariff; unrecorded retries unknown",False,False,audit/cells/d7e58853c8abf31abde9e93eb07de0a8a861be5a3c1bdd23461d165370149616.json
experiments/output/ace_online_x3-online-s0_agentic/configs/mathd_numbertheory_43__ace-eaff9268-core-medium__gpt-5.6-luna__seed0,mathd_numbertheory_43,validation,prove_theorem_ace,done,verifier_resource,18,0.02426812,"cache tokens, current tariff; unrecorded retries unknown",False,False,audit/cells/d7e95df42f4617ad2cbd5664b9b4a2ac8d872c8fda7ad62becdb8a1de55a3477.json
experiments/output/ace_economy_refinement_20260916/final00/configs/validation__agentic_compact__algebra_others_exirrpowirrrat__seed0,algebra_others_exirrpowirrrat,validation,prove_theorem_grounded,done,other_or_unobserved,7,0.04044582,dated billing receipts,False,False,audit/cells/d7f8ac71bcedc83cf48bcc5280b040e71ee898e067db58350bbae813769ea88b.json
experiments/output/ace_x_validation_agentic/configs/mathd_numbertheory_43__ace-d56da056-core-medium__gpt-5.6-luna__seed0,mathd_numbertheory_43,validation,prove_theorem_ace,done,incomplete_proof,19,0.030083439999999996,"cache tokens, current tariff; unrecorded retries unknown",False,False,audit/cells/d804dd865edbdff4c863e3ce2ca31463eb18b9be01e4a8319ac71cccfb848fb8.json
experiments/output/coverage_cycle_20260911/validation/D2/configs/aime_1991_p6__validation-D2__gpt-5.6-luna__seed0,aime_1991_p6,validation,prove_theorem_grounded,done,unproved_prerequisite,3,0.03231746,dated billing receipts,False,False,audit/cells/d8297152391abdad0343540d5fac563fcc9f52d866a276142c6ffda052d63eee.json
experiments/output/ace_economy_refinement_20260916/final14/configs/validation__agentic__amc12_2001_p21__seed1,amc12_2001_p21,validation,prove_theorem_grounded,done,verifier_resource,13,0.03187614,dated billing receipts,False,False,audit/cells/d82f1706ed01f0a3159a80491ff66c3f6c111d18ba4d217d768d1880a38158bf.json
experiments/output/ace_economy_20260916/validation/configs/validation__ace__amc12_2001_p21__seed1,amc12_2001_p21,validation,prove_theorem_grounded,done,other_or_unobserved,14,0.028644219999999998,dated billing receipts,False,False,audit/cells/d849606cb54d17d42a74ace2510c719c1b6ee5d1130665225467db212acbfac7.json
experiments/output/ace_attribution_20260912/training/terra/configs/mathd_numbertheory_629__terra-ace-medium__gpt-5.6-terra__seed0,mathd_numbertheory_629,train,prove_theorem_grounded,done,unknown_reference,6,0.3545472,dated billing receipts,False,False,audit/cells/d8577fd3d942add8f8aa2174cd8f6b7fcec3a4a62efcef7b041984e418dc9f49.json
experiments/output/ace_bounded_pilot/configs/mathd_numbertheory_629__restart-off-r64__gpt-5.6-luna__seed0,mathd_numbertheory_629,train,prove_theorem_grounded,done,other_or_unobserved,23,0.08688509999999998,"cache tokens, current tariff; unrecorded retries unknown",False,False,audit/cells/d85fa0a34adef9ef3c73d09bde732ec22237339236199ce32e688fae5ae2791c.json
experiments/output/coverage_cycle_20260911/training/D2/configs/mathd_algebra_185__training-D2__gpt-5.6-luna__seed0,mathd_algebra_185,train,prove_theorem_grounded,done,syntax,11,0.034717899999999996,dated billing receipts,False,False,audit/cells/d8665075baeba239ca58a07c3e127450a78957ce1b47ca43bf8e96692d0487f5.json
experiments/output/ace_economy_session_20260916/validation/configs/validation__agentic_session__imo_1964_p2__seed0,imo_1964_p2,validation,prove_theorem_grounded,done,arithmetic_or_search,15,0.046112179999999996,dated billing receipts,False,False,audit/cells/d867a7f6aa93b95e917b8ec0768a05090e595ac5c5fe0416ddb0159bcee3e6b0.json
experiments/output/x_train_agentic/configs/mathd_algebra_185__core-medium__gpt-5.6-luna__seed1,mathd_algebra_185,train,prove_theorem_agentic,done,other_or_unobserved,21,0.10203609999999999,"cache tokens, current tariff; unrecorded retries unknown",False,False,audit/cells/d883a0f607d421915262a3415613fa9cf9ad5c8f140ee4cfac96314a2eef1bd8.json
experiments/output/ace_online_x-online-s1_agentic/configs/aime_1991_p6__ace-a2415b68-core-medium__gpt-5.6-luna__seed1,aime_1991_p6,validation,prove_theorem_ace,done,incomplete_proof,21,0.09321131999999999,"cache tokens, current tariff; unrecorded retries unknown",False,False,audit/cells/d88bd0d5452eb8e458599b1b787f34dd48af4b58e5602b4ba414481a11a9a989.json
experiments/output/ace_adaptation_x-online-warm-s0/configs/step39_curator_amc12a_2002_p6,amc12a_2002_p6,validation,,failed,platform_failure,0,0.0,"cache tokens, current tariff; unrecorded retries unknown",False,False,audit/cells/d8ad477d50da62acb3fd6444a04751457e00389e7cae88d5553673da3736f7eb.json
experiments/output/acet_x_validation_ace_x5_offline_k3_agentic/configs/induction_prod1p1onk3le3m1onn__acet-fc7b45d4-b1806cce-k3-core-medium__gpt-5.6-luna__seed0,induction_prod1p1onk3le3m1onn,validation,prove_theorem_ace_triggered,done,other_or_unobserved,17,0.06142226,"cache tokens, current tariff; unrecorded retries unknown",False,False,audit/cells/d8b89ac8345867f35a512a1417798d2bd808e3c7bda178fa07600f0d466ea1c6.json
experiments/output/ace_mechanisms_20260910/training/configs/mathd_numbertheory_629__training-S__gpt-5.6-luna__seed0,mathd_numbertheory_629,train,prove_theorem_grounded,done,other_or_unobserved,16,0.04134248,dated billing receipts,False,False,audit/cells/d8be3ab009e29980f60c9c57565bd6fe41f89102c927881daf2b1256acbe8cf0.json
experiments/output/ace_review_calibration/configs/amc12a_2020_p13__baseline-r64__gpt-5.6-luna__seed1,amc12a_2020_p13,train,prove_theorem_agentic,done,unproved_prerequisite,20,0.1021578,"cache tokens, current tariff; unrecorded retries unknown",False,False,audit/cells/d8d1793aaa8cc2c93f276630a3d0c22532a2a4e0765c6cb3b0b4b20a1eca93ae.json
experiments/output/acet_x_validation_ace_x5_offline_k3_agentic/configs/aime_1991_p6__acet-fc7b45d4-b1806cce-k3-core-medium__gpt-5.6-luna__seed1,aime_1991_p6,validation,prove_theorem_ace_triggered,done,incomplete_proof,29,0.06899870000000002,"cache tokens, current tariff; unrecorded retries unknown",False,False,audit/cells/d8f9baa122b9242f75003a13efd16e2dc708a5bb953ddaf7799c7a90d5399d91.json
experiments/output/ace_economy_refinement_20260916/final06/configs/validation__ace_compact__imo_1969_p2__seed1,imo_1969_p2,validation,prove_theorem_grounded,done,other_or_unobserved,10,0.039910759999999997,dated billing receipts,False,False,audit/cells/d90e06a695cde4bac369c47a491ae27d0ddddaa55a3de43485712302cfb5ea9c.json
experiments/output/ace_contenders_20260910/configs/mathd_numbertheory_530__validation-reflector-medium__gpt-5.6-luna__seed0,mathd_numbertheory_530,validation,prove_theorem_grounded,done,syntax,2,0.03752992,dated billing receipts,False,False,audit/cells/d9282db6ef96050713e86123a68abac7a7cbba32288e139e15827e816607db73.json
experiments/output/ace_attribution_20260912/training/luna-none/configs/mathd_numbertheory_42__luna-none-medium__gpt-5.6-luna__seed0,mathd_numbertheory_42,train,prove_theorem_grounded,done,other_or_unobserved,11,0.0366231,dated billing receipts,False,False,audit/cells/d957dd36dd546bc4e7b8ed4a7bdc116a1aff1c9b8f08a1163d43ed431ba183da.json
experiments/output/ace_polish_validation/configs/mathd_numbertheory_405__candidate-r64__gpt-5.6-luna__seed0,mathd_numbertheory_405,validation,prove_theorem_grounded,done,unknown_reference,8,0.041766239999999996,"cache tokens, current tariff; unrecorded retries unknown",False,False,audit/cells/d95aa9880c4f03b9a9bd090094caa672c4befc5ea4b291012dcc574277dc4fc0.json
experiments/output/ace_sanitized_20260917/pilots/configs/pilots__drop__proof__amc12a_2020_p13__seed0,amc12a_2020_p13,train,prove_theorem_grounded,done,syntax,9,0.04354016,dated billing receipts,False,False,audit/cells/d9701666b866961f99289dc0d91ac82cba614e4b6dbb8798eda4eb5f79694318.json
experiments/output/ace_contenders_20260910/configs/amc12a_2019_p21__validation-reflector-medium__gpt-5.6-luna__seed0,amc12a_2019_p21,validation,prove_theorem_grounded,done,no_verifier_evidence,0,0.0259825,dated billing receipts,False,False,audit/cells/d97ce8a6d00334d236211ca27f396870b225f014df4cfd9e928968fbd46557d1.json
experiments/output/ace_mechanisms_20260910/validation/configs/imo_1969_p2__validation-E__gpt-5.6-luna__seed0,imo_1969_p2,validation,prove_theorem_grounded,done,no_verifier_evidence,0,0.025499479999999998,dated billing receipts,False,False,audit/cells/d999fdd276c526a8fe9fdb283d1d9f56eb021e373407d711550565e24f384bac.json
experiments/output/ace_snippets_20260913/validation/configs/snippets-v1__amc12a_2008_p4__validation-A__seed0,amc12a_2008_p4,validation,prove_theorem_grounded,done,other_or_unobserved,11,0.04117386,"cache tokens, current tariff; unrecorded retries unknown",False,False,audit/cells/d9adaee3f9ef863f32331a1287076a2d665dbbdabe59779760a106eca5e329ca.json
experiments/output/ace_review_development/configs/aime_1991_p6__x3-r64__gpt-5.6-luna__seed1,aime_1991_p6,validation,prove_theorem_ace,done,incomplete_proof,41,0.10176094,"cache tokens, current tariff; unrecorded retries unknown",False,False,audit/cells/d9bb2d90874329363217d73b959251ba3bf2b0fdd89041cb5ee60c6934f88029.json
experiments/output/ace_sanitized_20260917/validation/configs/validation__ace_selected__proof__amc12a_2019_p21__seed1,amc12a_2019_p21,validation,prove_theorem_grounded,done,no_verifier_evidence,0,0.026021700000000002,dated billing receipts,False,False,audit/cells/d9e6bcb9300d8f5807facaa307ff3396cd26ef4234fbb495e606b94d333eea8e.json
experiments/output/ace_economy_refinement_20260916/final11/configs/validation__ace_compact__amc12_2000_p12__seed0,amc12_2000_p12,validation,prove_theorem_grounded,done,other_or_unobserved,12,0.02389808,dated billing receipts,False,False,audit/cells/da010417dba21b04d9c5078c19d50e52eef6dcbf58e44e6b0283d2b05322c4f7.json
experiments/output/ace_adaptation_x-noreflect/configs/step28_generator_mathd_algebra_185,mathd_algebra_185,train,prove_theorem_ace,done,arithmetic_or_search,12,0.030512859999999996,"cache tokens, current tariff; unrecorded retries unknown",False,False,audit/cells/da0f858d752c68285c803b39b32497034ced929b43fe61350098062cc195cd32.json
experiments/output/ace_x_validation_ace_x3_offline_e3_rv3_agentic/configs/amc12a_2020_p21__ace-d0d7ce24-core-medium__gpt-5.6-luna__seed0,amc12a_2020_p21,validation,prove_theorem_ace,done,other_or_unobserved,16,0.05477866,"cache tokens, current tariff; unrecorded retries unknown",False,False,audit/cells/da19c4e6a6ede851e250d9cc2fffb06fb021c853be1df8e375b81648b1a5c47c.json
experiments/output/ace_adaptation_x3-offline-e3/configs/step97_generator_algebra_amgm_sum1toneqn_prod1tonleq1,algebra_amgm_sum1toneqn_prod1tonleq1,train,prove_theorem_ace,done,incomplete_proof,22,0.02723108,"cache tokens, current tariff; unrecorded retries unknown",False,False,audit/cells/da5e37d48a4646c836cab0e16ebf0a75f9f3a40d62ddde615637b6328858fff3.json
experiments/output/x_validation_agentic/configs/amc12a_2019_p21__core-medium__gpt-5.6-luna__seed0,amc12a_2019_p21,validation,prove_theorem_agentic,done,other_or_unobserved,12,0.07527823999999998,"cache tokens, current tariff; unrecorded retries unknown",False,False,audit/cells/da6cacc59e5f6607b0dc390fa6b801763f6581c66572bba6ae7bb2800b424ddd.json
experiments/output/ace_review_development/configs/aime_1991_p6__x3-r64__gpt-5.6-luna__seed0,aime_1991_p6,validation,prove_theorem_ace,done,incomplete_proof,39,0.10239561999999999,"cache tokens, current tariff; unrecorded retries unknown",False,False,audit/cells/da714019c8cde028b0b790db8ce8039057e46b0c4e16d2d7c272f1e11fdebc50.json
experiments/output/ace_x_validation_agentic/configs/aime_1991_p9__ace-1ac8a092-core-medium__gpt-5.6-luna__seed0,aime_1991_p9,validation,prove_theorem_ace,done,unproved_prerequisite,13,0.03855006,"cache tokens, current tariff; unrecorded retries unknown",False,False,audit/cells/da91aed2b1f9fa5aa6d42f12f18f5fea691e180085f684456ddc8a49183a5333.json
experiments/output/ace_online_x-online-warm-s0_agentic/configs/imo_1969_p2__ace-49aa6f19-core-medium__gpt-5.6-luna__seed0,imo_1969_p2,validation,prove_theorem_ace,done,incomplete_proof,22,0.030871100000000002,"cache tokens, current tariff; unrecorded retries unknown",False,False,audit/cells/da99cf433a9814040e764ab40e9cec933563979abf6b5b6e4ff91255869a8a95.json
experiments/output/ace_x_validation_ace_digest_table_rv2_agentic/configs/imo_1984_p6__ace-ca62b40b-core-medium__gpt-5.6-luna__seed0,imo_1984_p6,validation,prove_theorem_ace,done,incomplete_proof,25,0.02751139999999999,"cache tokens, current tariff; unrecorded retries unknown",False,False,audit/cells/daf2c1e2ef06d64cea508a627deaca0b89cf18ff201691a35f0b3991ff1ba949.json
experiments/output/x_validation_agentic/configs/mathd_algebra_282__core-medium__gpt-5.6-luna__seed1,mathd_algebra_282,validation,prove_theorem_agentic,done,incomplete_proof,19,0.021110819999999995,"cache tokens, current tariff; unrecorded retries unknown",False,False,audit/cells/db00e9bc86f7a1e5e22ae7d92332656ce0915a106d1afd9e82c8063c5c0e66cc.json
experiments/output/ace_capacity_20260912/mechanisms/configs/amc12b_2002_p11__A-level0__gpt-5.6-luna__seed0,amc12b_2002_p11,train,prove_theorem_grounded,done,syntax,7,0.037953719999999996,"cache tokens, current tariff; unrecorded retries unknown",False,False,audit/cells/db0b1f05532884ba7229d2d078ff91ce3f8f3cbce2ef9cc2968ad1859aaadffa.json
experiments/output/ace_capacity_20260912/mechanisms/configs/amc12a_2020_p13__B-level0__gpt-5.6-terra__seed0,amc12a_2020_p13,train,prove_theorem_grounded,done,no_verifier_evidence,0,0.2566522,"cache tokens, current tariff; unrecorded retries unknown",False,False,audit/cells/db0eab4d97a0073688da8c59336fdcec3552d2ff20dbc2fd80c04f42bfd845a9.json
experiments/output/ace_capacity_20260912/mechanisms/configs/mathd_numbertheory_629__E-level0__gpt-5.6-luna__seed0,mathd_numbertheory_629,train,prove_theorem_grounded,done,other_or_unobserved,16,0.04102496,"cache tokens, current tariff; unrecorded retries unknown",False,False,audit/cells/db13818e7bce86d550c056d526fa53d141c953e8943e35724dc4a314df6f49b0.json
experiments/output/ace_economy_20260916/validation/configs/validation__ace__amc12a_2019_p21__seed0,amc12a_2019_p21,validation,prove_theorem_grounded,done,other_or_unobserved,8,0.04202284,dated billing receipts,False,False,audit/cells/db39779d0c1d8c08a2f1de051d9d60c12a6034c049eb6436b1d50d83968fc595.json
experiments/output/ace_models_20260910/proof/configs/imo_1983_p6__prover-xhigh-32c2336efd904991__gpt-5.6-luna__seed0,imo_1983_p6,train,prove_theorem_grounded,done,no_verifier_evidence,0,0.02762056,dated billing receipts,False,False,audit/cells/db6e8fada7530669a7b47558de5e56262a40c1554ea49954d1577064497b0fcb.json
experiments/output/ace_adaptation_x-offline-e3/configs/step89_curator_aime_1988_p3,aime_1988_p3,train,,failed,platform_failure,0,0.0,"cache tokens, current tariff; unrecorded retries unknown",False,False,audit/cells/db86c6c121455f4658f51585e07660f905004ab7ffca08b74837ff3c5d0c65fb.json
experiments/output/ace_x_validation_ace_x4_offline_rv3_agentic/configs/mathd_numbertheory_303__ace-f1dd5c3a-core-medium__gpt-5.6-luna__seed1,mathd_numbertheory_303,validation,prove_theorem_ace,done,other_or_unobserved,13,0.06959404,"cache tokens, current tariff; unrecorded retries unknown",False,False,audit/cells/dba31d53aeb568e6ccc31e7e09afdbe77f0a45993204dc5bc06224e82384c014.json
experiments/output/ace_economy_refinement_20260916/final02/configs/validation__ace_compact__amc12a_2019_p21__seed1,amc12a_2019_p21,validation,prove_theorem_grounded,done,other_or_unobserved,13,0.04082058,dated billing receipts,False,False,audit/cells/dbcd3b1f0dc5cefb57a652628edd2e1d838a0d661f762898f9958f12f088540a.json
experiments/output/ace_bounded_pilot/configs/imo_1967_p3__restart-off-r64__gpt-5.6-luna__seed0,imo_1967_p3,train,prove_theorem_grounded,done,arithmetic_or_search,47,0.10014376,"cache tokens, current tariff; unrecorded retries unknown",False,False,audit/cells/dc058411a24307c30713ff6c6981a1449d2c96392c15cbdb63c8bb431e868bd7.json
experiments/output/ace_models_20260910/proof/configs/imo_1977_p6__prover-xhigh-81b8082cec9164b4__gpt-5.6-luna__seed0,imo_1977_p6,train,prove_theorem_grounded,done,other_or_unobserved,4,0.04252342,dated billing receipts,False,False,audit/cells/dc2a1b019a2f559f97b1153897983fb52f2d9bb838609f681c6d4775e035466a.json
experiments/output/ace_review_development/configs/amc12a_2019_p21__repair0-r64__gpt-5.6-luna__seed0,amc12a_2019_p21,validation,prove_theorem_ace,done,other_or_unobserved,39,0.10133862000000002,"cache tokens, current tariff; unrecorded retries unknown",False,False,audit/cells/dc4636a5e754cf39d2811947e4a1935e19418490634fb8e6c682313a20c35df1.json
experiments/output/ace_review_development/configs/amc12a_2020_p21__x3-r64__gpt-5.6-luna__seed0,amc12a_2020_p21,validation,prove_theorem_ace,done,incomplete_proof,10,0.10002166,"cache tokens, current tariff; unrecorded retries unknown",False,False,audit/cells/dca949ef11e9fe8100769669031f388442b160d3dbb9139a3b3f0726161fef58.json
experiments/output/ace_review_calibration/configs/mathd_algebra_224__baseline-r32__gpt-5.6-luna__seed0,mathd_algebra_224,train,prove_theorem_agentic,done,unproved_prerequisite,20,0.06562622,"cache tokens, current tariff; unrecorded retries unknown",False,False,audit/cells/dcd8239af14d7b42f771eca8f858930acd31c16313119dbbdd788015d48c8ce0.json
experiments/output/ace_x_validation_ace_x4_offline_rv3_agentic/configs/aime_1991_p6__ace-f1dd5c3a-core-medium__gpt-5.6-luna__seed1,aime_1991_p6,validation,prove_theorem_ace,done,incomplete_proof,18,0.027879260000000003,"cache tokens, current tariff; unrecorded retries unknown",False,False,audit/cells/dd0aa9ac4f50ee796e980ed3c8cecbe4e8d15fbc47ac0c2a84db8a2a0d690c15.json
experiments/output/ace_adaptation_x3-offline-e3/configs/step53_generator_amc12a_2020_p13,amc12a_2020_p13,train,prove_theorem_ace,done,unproved_prerequisite,14,0.054477559999999994,"cache tokens, current tariff; unrecorded retries unknown",False,False,audit/cells/dd0d137a7098a686fdc590eb61e6d5d9030711aa489b473f1f62f2c41377f652.json
experiments/output/ace_x_validation_ace_digest_table_rv2_agentic/configs/imo_1969_p2__ace-ca62b40b-core-medium__gpt-5.6-luna__seed1,imo_1969_p2,validation,prove_theorem_ace,done,incomplete_proof,24,0.020006959999999997,"cache tokens, current tariff; unrecorded retries unknown",False,False,audit/cells/dd149644861dac6fbd384510612a6af80df66f37eb3ef88e7e7ce8a91b8c9292.json
experiments/output/ace_x_validation_ace_x3_offline_agentic/configs/amc12a_2019_p21__ace-1ac8a092-core-medium__gpt-5.6-luna__seed0,amc12a_2019_p21,validation,,failed,platform_failure,1,0.006936920000000001,"cache tokens, current tariff; unrecorded retries unknown",False,False,audit/cells/dd6bf5a51d8c4589e44447f1169b958d4320878af0fa57ab39eb1c30718ae9e9.json
experiments/output/ace_contenders_20260910/configs/imo_1967_p3__training-reflector-medium__gpt-5.6-luna__seed0,imo_1967_p3,train,prove_theorem_grounded,done,no_verifier_evidence,0,0.024016799999999998,dated billing receipts,False,False,audit/cells/dd930c1a60149bca1fe2b6e9d77f13bc3a4677752284ab023364e5145f862761.json
experiments/output/ace_polish_validation/configs/mathd_numbertheory_303__reference-r64__gpt-5.6-luna__seed0,mathd_numbertheory_303,validation,prove_theorem_grounded,done,other_or_unobserved,7,0.040026860000000004,"cache tokens, current tariff; unrecorded retries unknown",False,False,audit/cells/dd9fcc80dfaac581f57435ea8d0f29b56aec35d461681e0101d5700e50fc10b2.json
experiments/output/acet_x_validation_ace_x5_offline_k3_agentic/configs/algebra_others_exirrpowirrrat__acet-fc7b45d4-b1806cce-k3-core-medium__gpt-5.6-luna__seed1,algebra_others_exirrpowirrrat,validation,prove_theorem_ace_triggered,done,other_or_unobserved,15,0.033047099999999996,"cache tokens, current tariff; unrecorded retries unknown",False,False,audit/cells/dda5e43626c20d7a2b7c30054aaccee15dd27dc44eabda6b8647ec01701b74af.json
experiments/output/ace_models_20260910/proof/configs/amc12b_2002_p11__prover-xhigh-32c2336efd904991__gpt-5.6-luna__seed0,amc12b_2002_p11,train,prove_theorem_grounded,done,arithmetic_or_search,1,0.03020034,dated billing receipts,False,False,audit/cells/ddb45427da9fbeaca8e1e00b4d61a70919861f204f9c7ffc710d98a98676cb03.json
experiments/output/ace_x_validation_ace_x3_mono_rv3_agentic/configs/algebra_others_exirrpowirrrat__ace-0e162d51-core-medium__gpt-5.6-luna__seed0,algebra_others_exirrpowirrrat,validation,prove_theorem_ace,done,incomplete_proof,18,0.04326848,"cache tokens, current tariff; unrecorded retries unknown",False,False,audit/cells/ddc1c8b0203d0c041527085dad02826430bde0650e9a62f267b20352df9e22fa.json
experiments/output/ace_x_validation_ace_x3_offline_e3_rv3_agentic/configs/aime_1991_p6__ace-d0d7ce24-core-medium__gpt-5.6-luna__seed0,aime_1991_p6,validation,prove_theorem_ace,done,incomplete_proof,20,0.05601224,"cache tokens, current tariff; unrecorded retries unknown",False,False,audit/cells/ddc81648b084ad943057a006c3472531e78af7e4b7dec8a0ae9588715f4fc97e.json
experiments/output/ace_review_development/configs/imo_1969_p2__repair0-r64__gpt-5.6-luna__seed1,imo_1969_p2,validation,prove_theorem_ace,done,incomplete_proof,39,0.05936578000000001,"cache tokens, current tariff; unrecorded retries unknown",False,False,audit/cells/ddda239d52c54647d1adea5eec13c020894e838cdf981f7591b7dd8238223380.json
experiments/output/ace_capacity_20260912/cross/configs/mathd_numbertheory_405__cross-level0__gpt-5.6-luna__seed0,mathd_numbertheory_405,validation,prove_theorem_grounded,done,other_or_unobserved,9,0.038757400000000004,"cache tokens, current tariff; unrecorded retries unknown",False,False,audit/cells/ddfffe9615d489b2b1797affc9730f9ba126379b2550b03c115a9c36ca7fb14f.json
experiments/output/ace_online_x-online-warm-s1_agentic/configs/mathd_numbertheory_303__ace-599140b7-core-medium__gpt-5.6-luna__seed1,mathd_numbertheory_303,validation,prove_theorem_ace,done,other_or_unobserved,8,0.032207879999999994,"cache tokens, current tariff; unrecorded retries unknown",False,False,audit/cells/de985666406fadc48b0ea594b7f4a9ae6eba533c16544ab6cf463624fcbd4b68.json
experiments/output/ace_contenders_20260910/configs/mathd_numbertheory_221__training-reflector-medium__gpt-5.6-luna__seed0,mathd_numbertheory_221,train,prove_theorem_grounded,done,other_or_unobserved,2,0.02526584,dated billing receipts,False,False,audit/cells/dea778eb6298f293ee9469730581f755b50c44763a4c4834b7e8c4b7b89f6e27.json
experiments/output/ace_economy_refinement_20260916/final18/configs/validation__agentic__mathd_numbertheory_303__seed0,mathd_numbertheory_303,validation,prove_theorem_grounded,done,unknown_reference,7,0.03831636,dated billing receipts,False,False,audit/cells/dec2485b0c731d868428f1ec899f207b1cb1c07863fcf7cdc2048c4c9cc802d2.json
experiments/output/ace_x_validation_agentic/configs/aime_1991_p6__ace-d56da056-core-medium__gpt-5.6-luna__seed0,aime_1991_p6,validation,prove_theorem_ace,done,incomplete_proof,25,0.10257258,"cache tokens, current tariff; unrecorded retries unknown",False,False,audit/cells/dec2bd78997967fd86d8cd899720ab81b9dba8fccc44c37f157772393441eae4.json
experiments/output/ace_revision_20260913/validation/configs/validation__candidate__proof__mathd_numbertheory_530__seed1,mathd_numbertheory_530,validation,prove_theorem_grounded,done,unproved_prerequisite,8,0.0397036,dated billing receipts,False,False,audit/cells/dec95cea637654fbad0c3dd159c2e2251ce8e05770ebbceebd963a29f85f2702.json
experiments/output/ace_x_validation_agentic/configs/imo_1984_p6__ace-1ac8a092-k10-core-medium__gpt-5.6-luna__seed1,imo_1984_p6,validation,prove_theorem_ace,done,incomplete_proof,23,0.032067040000000005,"cache tokens, current tariff; unrecorded retries unknown",False,False,audit/cells/decbfc1ef3ee6edad35e5c77134724083828da8a6150ff1c84fe52607f099f9e.json
experiments/output/ace_economy_refinement_20260916/final05/configs/validation__ace_compact__mathd_numbertheory_43__seed0,mathd_numbertheory_43,validation,prove_theorem_grounded,done,other_or_unobserved,12,0.01784982,dated billing receipts,False,False,audit/cells/ded2a944abaf2ff84a20cd2195b4923263643fe39660b6ff1210eca64b819ac4.json
experiments/output/ace_economy_refinement_20260916/final13/configs/validation__ace_reset__aime_1991_p6__seed0,aime_1991_p6,validation,prove_theorem_grounded,done,unknown_reference,4,0.035993,dated billing receipts,False,False,audit/cells/deeb4c9546d8c6fc0a9b3311b384722d3006bdcf7d14141af3b61d91453b1352.json
experiments/output/ace_x_validation_agentic/configs/induction_prod1p1onk3le3m1onn__ace-1ac8a092-k10-core-medium__gpt-5.6-luna__seed1,induction_prod1p1onk3le3m1onn,validation,prove_theorem_ace,done,syntax,20,0.06173106,"cache tokens, current tariff; unrecorded retries unknown",False,False,audit/cells/def5ae35faec7b62524a45a727a536ac82d7b06a41b73287e850f0db4d386486.json
experiments/output/ace_adaptation_x3-offline-e3/configs/step24_generator_mathd_numbertheory_629,mathd_numbertheory_629,train,prove_theorem_ace,done,other_or_unobserved,19,0.062199460000000005,"cache tokens, current tariff; unrecorded retries unknown",False,False,audit/cells/def783c137170534a4f381b4241a16682d6d30ade980330a1349a30a4dedf951.json
experiments/output/ace_adaptation_x-offline-e3/configs/step88_curator_mathd_algebra_410,mathd_algebra_410,train,,failed,platform_failure,0,0.0,"cache tokens, current tariff; unrecorded retries unknown",False,False,audit/cells/def7ff99667f02415b97812970b014491cbeb276bd512ac302b4e3d87d2ec34d.json
experiments/output/ace_economy_refinement_20260916/final02/configs/validation__agentic__amc12a_2019_p21__seed1,amc12a_2019_p21,validation,prove_theorem_grounded,done,incomplete_proof,15,0.04016756,dated billing receipts,False,False,audit/cells/df2a13d483cf48866756c51a3581657f5e7b7b8f4e920af7ae5fd07c038db1bc.json
experiments/output/ace_economy_refinement_20260916/final00/configs/validation__agentic__mathd_algebra_282__seed0,mathd_algebra_282,validation,prove_theorem_grounded,done,incomplete_proof,7,0.0360336,dated billing receipts,False,False,audit/cells/df3ee5c44800c3124fff0dee263db72e90a0ab051eac9fc8baa629044faf3c88.json
experiments/output/ace_economy_refinement_20260916/final14/configs/validation__agentic_reset__amc12_2001_p21__seed0,amc12_2001_p21,validation,prove_theorem_grounded,done,arithmetic_or_search,16,0.04653438,dated billing receipts,False,False,audit/cells/df4a5ffc32bb41a1b3cfe9c9dd83e8c30a35a826e07283846a19d5e3f74d5342.json
experiments/output/ace_revision_20260913/validation/configs/validation__candidate__proof__mathd_numbertheory_405__seed1,mathd_numbertheory_405,validation,prove_theorem_grounded,done,other_or_unobserved,9,0.037785019999999996,dated billing receipts,False,False,audit/cells/df58faea103005dcc5f2fdf5346066bcee5d7fb9c7eb2ef9b1b938d5c607eff2.json
experiments/output/ace_models_20260910/proof/configs/mathd_algebra_185__prover-xhigh-4de2b7bf26816e71__gpt-5.6-luna__seed0,mathd_algebra_185,train,prove_theorem_grounded,done,no_verifier_evidence,0,0.02502006,dated billing receipts,False,False,audit/cells/df5cf91156124d053849f560ac18eb4a874b3531080902ab4228ed46f79d9f0c.json
experiments/output/ace_capacity_20260912/cross/configs/mathd_numbertheory_530__cross-level0__gpt-5.6-luna__seed0,mathd_numbertheory_530,validation,prove_theorem_grounded,done,other_or_unobserved,5,0.03898638,"cache tokens, current tariff; unrecorded retries unknown",False,False,audit/cells/df8aa8224108edd6d3f80192697b6cf4847d1e9c99d479cd556b66051f067448.json
experiments/output/ace_models_20260910/proof/configs/imo_1983_p6__prover-xhigh-10cc02b07a1c6c29__gpt-5.6-luna__seed0,imo_1983_p6,train,prove_theorem_grounded,done,other_or_unobserved,5,0.03549848,dated billing receipts,False,False,audit/cells/df99068c05e10cd7f75806ce9b43b2104bbd82c7bd5645f5a06a8b9eaea4fccb.json
experiments/output/ace_review_development/configs/mathd_numbertheory_37__repair0-r64__gpt-5.6-luna__seed1,mathd_numbertheory_37,validation,prove_theorem_ace,done,other_or_unobserved,54,0.09079936,"cache tokens, current tariff; unrecorded retries unknown",False,False,audit/cells/dfa720bea9ce5eac5455e0ec5fd60a8aa54404348183d7e538bf217a8a887874.json
experiments/output/ace_adaptation_x4-offline/configs/step24_generator_mathd_numbertheory_629,mathd_numbertheory_629,train,prove_theorem_ace,done,incomplete_proof,18,0.0420961,"cache tokens, current tariff; unrecorded retries unknown",False,False,audit/cells/dfb2cb0d71d281f2eab0b052d0b025c4ded2e92b2a3e89424dcfab14f002a571.json
experiments/output/ace_review_development/configs/imo_1969_p2__baseline-r64__gpt-5.6-luna__seed0,imo_1969_p2,validation,prove_theorem_agentic,done,incomplete_proof,43,0.052100879999999995,"cache tokens, current tariff; unrecorded retries unknown",False,False,audit/cells/dfc908c27b53942c0779e2a7953e3cb6f8db87610a0ea0ba96fce1e55446174e.json
experiments/output/ace_polish_validation/configs/mathd_numbertheory_303__reference-r64__gpt-5.6-luna__seed1,mathd_numbertheory_303,validation,prove_theorem_grounded,done,syntax,10,0.04075902000000001,"cache tokens, current tariff; unrecorded retries unknown",False,False,audit/cells/dfca067b71806348cccc4e61e26a8a15b768181cc1bd6f7b558c64a2ebefe92e.json
experiments/output/ace_sanitized_20260917/validation/configs/validation__ace_selected__proof__mathd_numbertheory_43__seed0,mathd_numbertheory_43,validation,prove_theorem_grounded,done,other_or_unobserved,9,0.02709052,dated billing receipts,False,False,audit/cells/dfd1a531f795d60cf27f345cf38746ed6e19378d2d10f8aa65cb0adf750ecb3e.json
experiments/output/ace_review_development/configs/mathd_algebra_282__x3-r64__gpt-5.6-luna__seed1,mathd_algebra_282,validation,prove_theorem_ace,done,unproved_prerequisite,38,0.09048886,"cache tokens, current tariff; unrecorded retries unknown",False,False,audit/cells/dff3e6c1d03067be038f0e75b225d5f318e7e957537194ece5b3f955ababfd3c.json
experiments/output/ace_sanitized_20260917/validation/configs/validation__agentic__proof__algebra_others_exirrpowirrrat__seed1,algebra_others_exirrpowirrrat,validation,prove_theorem_grounded,done,other_or_unobserved,10,0.0400485,dated billing receipts,False,False,audit/cells/dff6e4b9224a0cbd59058e7ef7bb61d3a5e31aa58f055a428c1ca03eb0551264.json
experiments/output/ace_economy_refinement_20260916/final06/configs/validation__ace__imo_1969_p2__seed0,imo_1969_p2,validation,prove_theorem_grounded,done,arithmetic_or_search,5,0.03640836,dated billing receipts,False,False,audit/cells/e015215bfee3005cd8e992c895157e277cde9eae660fc17f7890da2d9a5b578a.json
experiments/output/ace_economy_refinement_20260916/final13/configs/validation__agentic_compact__aime_1991_p6__seed0,aime_1991_p6,validation,prove_theorem_grounded,done,syntax,6,0.04109964,dated billing receipts,False,False,audit/cells/e0188dd8b12c86ceaaaf1dada7cc484df3b894ef3b980a0feb0efd620d6fb824.json
experiments/output/ace_economy_refinement_20260916/final06/configs/validation__ace_reset_compact__imo_1969_p2__seed1,imo_1969_p2,validation,prove_theorem_grounded,done,other_or_unobserved,10,0.04875134,dated billing receipts,False,False,audit/cells/e02f36f7bc57fff3d6dfb59b20bc9d848ddde39f7630f6f0951f5824f0988e1b.json
experiments/output/ace_attribution_20260912/validation/luna-none/configs/imo_1984_p6__luna-none-medium__gpt-5.6-luna__seed0,imo_1984_p6,validation,prove_theorem_grounded,done,arithmetic_or_search,9,0.03900012,dated billing receipts,False,False,audit/cells/e066d9517c8be7ba192f54c832d97cf02cbb3bb90e1ceb4f1679e8e7916e1194.json
experiments/output/ace_mechanisms_20260910/validation/configs/imo_1969_p2__validation-E__gpt-5.6-luna__seed1,imo_1969_p2,validation,prove_theorem_grounded,done,no_verifier_evidence,0,0.02588554,dated billing receipts,False,False,audit/cells/e0703f0d04de0d2f1c3c49c74d3c5d9a945842bce9a65ba084a12a39e2352cbc.json
experiments/output/ace_economy_refinement_20260916/final07/configs/validation__agentic_compact__aime_1984_p7__seed0,aime_1984_p7,validation,prove_theorem_grounded,done,other_or_unobserved,12,0.04050724,dated billing receipts,False,False,audit/cells/e09fb5e8bcb681cca49090a8dc94f79405249f02fd0efe686839b43b60508387.json
experiments/output/ace_mechanisms_20260910/validation/configs/amc12a_2019_p21__validation-E__gpt-5.6-luna__seed1,amc12a_2019_p21,validation,prove_theorem_grounded,done,other_or_unobserved,1,0.0267436,dated billing receipts,False,False,audit/cells/e0a8d8dbb4304c58bc36faa566524edb8ee79dbe2811bab05695b421b78024d6.json
experiments/output/ace_x_validation_agentic/configs/amc12a_2020_p21__ace-d56da056-core-medium__gpt-5.6-luna__seed1,amc12a_2020_p21,validation,prove_theorem_ace,done,incomplete_proof,21,0.10162504,"cache tokens, current tariff; unrecorded retries unknown",False,False,audit/cells/e10491b64b63915cbfda8732c9e27f8742c2a692e123c2909bdfeb3cde34dd7d.json
experiments/output/acet_x_validation_ace_x6_repairs_k3_r2_agentic/configs/mathd_numbertheory_43__acet-1d2bc630-30d3e288-k3-r2-core-medium__gpt-5.6-luna__seed1,mathd_numbertheory_43,validation,prove_theorem_ace_triggered,done,verifier_resource,25,0.02779216,"cache tokens, current tariff; unrecorded retries unknown",False,False,audit/cells/e1055a7395a932bbfaf48bd239b3d6c99f7e4a22ee0885dd085b9ebb9ba24917.json
experiments/output/ace_x_validation_ace_digest_table_rv2_agentic/configs/algebra_others_exirrpowirrrat__ace-ca62b40b-core-medium__gpt-5.6-luna__seed1,algebra_others_exirrpowirrrat,validation,prove_theorem_ace,done,other_or_unobserved,14,0.05011283999999999,"cache tokens, current tariff; unrecorded retries unknown",False,False,audit/cells/e10c3321fc4f9a632adf256570076a142be7fa39864e0866e5c9f5479bd7487c.json
experiments/output/ace_x_validation_ace_x5_offline_rv3_agentic/configs/mathd_numbertheory_37__ace-fc7b45d4-core-medium__gpt-5.6-luna__seed0,mathd_numbertheory_37,validation,prove_theorem_ace,done,other_or_unobserved,20,0.03922818,"cache tokens, current tariff; unrecorded retries unknown",False,False,audit/cells/e124a8e290785cfd61d2d6a1a8d23802a6a920573da7329175763fbe39f272d0.json
experiments/output/coverage_cycle_20260911/training/D2/configs/induction_pord1p1on2powklt5on2__training-D2__gpt-5.6-luna__seed0,induction_pord1p1on2powklt5on2,train,prove_theorem_grounded,done,arithmetic_or_search,11,0.04136116,dated billing receipts,False,False,audit/cells/e124b9f37ae70e45e1b4b21f98359961956f6467fefd9103c0ea327e55613488.json
experiments/output/ace_economy_20260916/validation/configs/validation__views__imo_1984_p6__seed0,imo_1984_p6,validation,prove_theorem_grounded,done,other_or_unobserved,5,0.01026908,dated billing receipts,False,False,audit/cells/e1355905525c2947b5c924047df38569771cddd9c889ca75e6f36e7b4d24cfef.json
experiments/output/ace_economy_20260916/validation/configs/validation__views__aime_1991_p6__seed1,aime_1991_p6,validation,prove_theorem_grounded,done,other_or_unobserved,4,0.03765916,dated billing receipts,False,False,audit/cells/e1490e909507d2709ce170c0823f13d9fdd561341192e6b061c91d350c014717.json
experiments/output/ace_economy_20260916/validation/configs/validation__ace__imo_1984_p6__seed1,imo_1984_p6,validation,prove_theorem_grounded,done,other_or_unobserved,5,0.02363028,dated billing receipts,False,False,audit/cells/e183001df4f2f60dadad4b6a95066281d25a680c00586c0a6392798e7a4dbc53.json
experiments/output/x_validation_agentic/configs/imo_1984_p6__core-medium__gpt-5.6-luna__seed1,imo_1984_p6,validation,prove_theorem_agentic,done,incomplete_proof,19,0.032462740000000004,"cache tokens, current tariff; unrecorded retries unknown",False,False,audit/cells/e193c1a42b995ab87b6b756e215378baeffda7547ca8ddbf34bb95faf2fa1b38.json
experiments/output/ace_x_validation_ace_x3_offline_agentic/configs/mathd_numbertheory_530__ace-1ac8a092-core-medium__gpt-5.6-luna__seed0,mathd_numbertheory_530,validation,prove_theorem_ace,done,other_or_unobserved,11,0.03960749999999999,"cache tokens, current tariff; unrecorded retries unknown",False,False,audit/cells/e1d2664c1bc0bb086b5661f0948685237d284c61209ccc37c834dd920ad952c3.json
experiments/output/ace_sanitized_20260917/validation/configs/validation__ace_selected__proof__mathd_numbertheory_43__seed1,mathd_numbertheory_43,validation,prove_theorem_grounded,done,other_or_unobserved,8,0.01892296,dated billing receipts,False,False,audit/cells/e1f4efed54f0d183771ba7ac23efad9c68c3562b12035ba9857818d4428bf00a.json
experiments/output/ace_economy_20260916/validation/configs/validation__views__mathd_numbertheory_303__seed0,mathd_numbertheory_303,validation,prove_theorem_grounded,done,arithmetic_or_search,5,0.03579432,dated billing receipts,False,False,audit/cells/e1f79c4cc8f148bcd0ad639e49216f36c58d97eb696d5712c27e10ba15e4d12f.json
experiments/output/ace_x_validation_ace_x5_offline_rv3_agentic/configs/amc12a_2019_p21__ace-fc7b45d4-core-medium__gpt-5.6-luna__seed1,amc12a_2019_p21,validation,prove_theorem_ace,done,other_or_unobserved,17,0.06166134,"cache tokens, current tariff; unrecorded retries unknown",False,False,audit/cells/e20c9eac4643bc9427c63133b3960b6ad0e7a377c2e388e5a0dc82ab9a7dd325.json
experiments/output/ace_economy_refinement_20260916/final06/configs/validation__agentic_reset_compact__imo_1969_p2__seed1,imo_1969_p2,validation,prove_theorem_grounded,done,unknown_reference,12,0.047511559999999994,dated billing receipts,False,False,audit/cells/e2431372878685c7e5bf353a1f7641028bf1326776424b537612f3311b0f3b6e.json
experiments/output/ace_adaptation_x3-mono/configs/step14_generator_algebra_amgm_sum1toneqn_prod1tonleq1,algebra_amgm_sum1toneqn_prod1tonleq1,train,prove_theorem_ace,done,incomplete_proof,25,0.022814659999999997,"cache tokens, current tariff; unrecorded retries unknown",False,False,audit/cells/e2504c4294635484507c733a87e73de1926701dfd24b4bfe74dc8e19319e6dae.json
experiments/output/ace_contenders_20260910/configs/imo_1969_p2__validation-reflector-xhigh__gpt-5.6-luna__seed0,imo_1969_p2,validation,prove_theorem_grounded,done,no_verifier_evidence,0,0.0256591,dated billing receipts,False,False,audit/cells/e27c9f374a450ba9f35afabbf7dd400d2617b8e4dec4c6976e345447ddc3f55b.json
experiments/output/ace_models_20260910/proof/configs/amc12b_2002_p11__prover-xhigh-38ac3031ca8083bc__gpt-5.6-luna__seed0,amc12b_2002_p11,train,prove_theorem_grounded,done,no_verifier_evidence,0,0.0249481,dated billing receipts,False,False,audit/cells/e29f007bb5b2a4595d9c0e9e6d984f27bdf2e38a0d04f05362428478c9319631.json
experiments/output/ace_mechanisms_20260910/training/configs/algebra_amgm_sum1toneqn_prod1tonleq1__training-R__gpt-5.6-luna__seed0,algebra_amgm_sum1toneqn_prod1tonleq1,train,prove_theorem_grounded,done,other_or_unobserved,9,0.03450064,dated billing receipts,False,False,audit/cells/e2a634c5794ca20f649f0326ebf75d17242152711203118c8a3152a1bc36ffe4.json
experiments/output/ace_adaptation_review-repair-s1/configs/step01_generator_amc12b_2002_p11,amc12b_2002_p11,train,prove_theorem_ace,done,arithmetic_or_search,16,0.06560253999999999,"cache tokens, current tariff; unrecorded retries unknown",False,False,audit/cells/e2aad75e35f6a578292dea283abf8bbf5d5a25f3079645ea1d87d0590ee3dc51.json
experiments/output/ace_economy_refinement_20260916/final10/configs/validation__agentic_reset_compact__mathd_numbertheory_405__seed0,mathd_numbertheory_405,validation,prove_theorem_grounded,done,other_or_unobserved,12,0.04493804,dated billing receipts,False,False,audit/cells/e2d4802874837a38e5e30c6c8c668a6b7f634a6ce54ae4080da4a0a560eb6bf5.json
experiments/output/ace_economy_session_20260916/validation/configs/validation__agentic_session__imo_1984_p6__seed0,imo_1984_p6,validation,prove_theorem_grounded,done,unknown_reference,13,0.04244296,dated billing receipts,False,False,audit/cells/e2eff219a522b93c0b40af0fd208d0a378f6e582652948f305a80ca2e6a3508d.json
experiments/output/ace_capacity_20260912/mechanisms/configs/imo_1967_p3__D-level0__gpt-5.6-terra__seed0,imo_1967_p3,train,prove_theorem_grounded,done,other_or_unobserved,9,0.37781,"cache tokens, current tariff; unrecorded retries unknown",False,False,audit/cells/e332938cbe2a05a7a886fc3c9a1e19921c9c49fa462faf818b226c575e0c9b9a.json
experiments/output/ace_adaptation_x-online-warm-s0/configs/step30_curator_mathd_algebra_393,mathd_algebra_393,validation,,failed,platform_failure,0,0.0,"cache tokens, current tariff; unrecorded retries unknown",False,False,audit/cells/e35d3541145fa5a5a2409d295ebf3a851d3a8c8ee3370972c87f3d4da8af2a0f.json
experiments/output/ace_x_validation_ace_x3_offline_e3_rv3_agentic/configs/mathd_numbertheory_405__ace-d0d7ce24-core-medium__gpt-5.6-luna__seed1,mathd_numbertheory_405,validation,prove_theorem_ace,done,incomplete_proof,27,0.058124199999999994,"cache tokens, current tariff; unrecorded retries unknown",False,False,audit/cells/e376370ab97bd4e727cd190221c1bebadc61ca39a777855405cc008feae38322.json
experiments/output/ace_x_validation_ace_digest_table_rv2_agentic/configs/mathd_algebra_282__ace-ca62b40b-core-medium__gpt-5.6-luna__seed0,mathd_algebra_282,validation,prove_theorem_ace,done,incomplete_proof,25,0.01673856,"cache tokens, current tariff; unrecorded retries unknown",False,False,audit/cells/e376f80a40f56a26e53af6c5c26fe57de2545733bf610489d79cdc7a14ea9ffd.json
experiments/output/ace_adaptation_x4-offline/configs/step01_generator_amc12b_2002_p11,amc12b_2002_p11,train,prove_theorem_ace,done,incomplete_proof,15,0.07401794,"cache tokens, current tariff; unrecorded retries unknown",False,False,audit/cells/e37736f12a0637ff71b360e0fb7bdf89a51bd3700f2539d5ff4bb841d8a27528.json
experiments/output/ace_online_x4-online-s0_agentic/configs/mathd_numbertheory_303__ace-5e302ee3-core-medium__gpt-5.6-luna__seed0,mathd_numbertheory_303,validation,prove_theorem_ace,done,syntax,11,0.05406701999999999,"cache tokens, current tariff; unrecorded retries unknown",False,False,audit/cells/e38a4f18a2ae24470954ef3169e9c2b96492176f72314995a25505cdf6cd1789.json
experiments/output/x_validation_stall_seenstate4_agentic/configs/mathd_numbertheory_37__core-medium-stall-seenstate4__gpt-5.6-luna__seed0,mathd_numbertheory_37,validation,prove_theorem_agentic_stall,done,arithmetic_or_search,21,0.042295,"cache tokens, current tariff; unrecorded retries unknown",False,False,audit/cells/e38bb432a054b9e61a1ac4afa50806512d31c0034991b23570547c89504ffa21.json
experiments/output/ace_economy_session_20260916/validation/configs/validation__agentic_session__amc12a_2019_p21__seed0,amc12a_2019_p21,validation,prove_theorem_grounded,done,arithmetic_or_search,8,0.04092314,dated billing receipts,False,False,audit/cells/e390dbd1710387ebf29218ebb3fc66d635ac8a45cc77fb3529d85b4828825415.json
experiments/output/ace_revision_20260913/training/configs/training__candidate__proof__amc12a_2016_p2__seed0,amc12a_2016_p2,train,prove_theorem_grounded,done,other_or_unobserved,11,0.02960274,dated billing receipts,False,False,audit/cells/e3a3d93756e97b23593bbd8d66c57b9880fe4aa331a9683bcfbb0ad962c7db2b.json
experiments/output/ace_review_development/configs/mathd_numbertheory_303__repair1-r64__gpt-5.6-luna__seed1,mathd_numbertheory_303,validation,prove_theorem_ace,done,incomplete_proof,44,0.08995274,"cache tokens, current tariff; unrecorded retries unknown",False,False,audit/cells/e3ab1e4da4fb09509d8ea098d540c87d369140146c7d2495011cfe184aaaceb0.json
experiments/output/ace_economy_session_20260916/validation/configs/validation__agentic_session__aime_1991_p6__seed1,aime_1991_p6,validation,prove_theorem_grounded,done,other_or_unobserved,7,0.04232792,dated billing receipts,False,False,audit/cells/e4072c8410bcc2f37583e29690c79a3ffd8933971e7da50201bd76ed9d924827.json
experiments/output/coverage_cycle_20260911/validation/S/configs/amc12a_2019_p21__validation-S__gpt-5.6-luna__seed0,amc12a_2019_p21,validation,prove_theorem_grounded,done,other_or_unobserved,4,0.03812536,dated billing receipts,False,False,audit/cells/e4147229be371512affe8ebfff19d4bc3324d1cc8ee81bb45b65e5ad12999581.json
experiments/output/ace_x_validation_ace_x3_offline_e3_rv3_agentic/configs/imo_1984_p6__ace-d0d7ce24-core-medium__gpt-5.6-luna__seed1,imo_1984_p6,validation,prove_theorem_ace,done,other_or_unobserved,22,0.0405465,"cache tokens, current tariff; unrecorded retries unknown",False,False,audit/cells/e452d60ba8ab3a41fb93a4bd153520e413a22296f5992d3b7c66f1dab84705c6.json
experiments/output/ace_attribution_20260912/training/luna-none/configs/mathd_algebra_224__luna-none-medium__gpt-5.6-luna__seed0,mathd_algebra_224,train,prove_theorem_grounded,done,unproved_prerequisite,12,0.03756806,dated billing receipts,False,False,audit/cells/e45ce220f5aa98789b90f16e179bea04be9e625b75da3b3bc715998fa668235f.json
experiments/output/ace_capacity_20260912/mechanisms/configs/amc12a_2020_p13__A-level0__gpt-5.6-luna__seed0,amc12a_2020_p13,train,prove_theorem_grounded,done,unproved_prerequisite,7,0.040226939999999996,"cache tokens, current tariff; unrecorded retries unknown",False,False,audit/cells/e45fff382d4f873081b13b848f66dc8dfc3c792c16576bbded5d5713a9005106.json
experiments/output/ace_review_development/configs/imo_1969_p2__repair0-r64__gpt-5.6-luna__seed0,imo_1969_p2,validation,prove_theorem_ace,done,incomplete_proof,35,0.05009285999999998,"cache tokens, current tariff; unrecorded retries unknown",False,False,audit/cells/e4c024312aec9eb3a8926ffea0835c2c0ae0cdfc966e9dca4ddcae9467372eee.json
experiments/output/ace_models_20260910/proof/configs/mathd_algebra_185__prover-xhigh-3bfe5109dc462e8c__gpt-5.6-luna__seed0,mathd_algebra_185,train,prove_theorem_grounded,done,no_verifier_evidence,0,0.0238944,dated billing receipts,False,False,audit/cells/e4c313fade384aebc09b76527ae674ae4ab194032242d12c66e0340515c4df42.json
experiments/output/ace_models_20260910/proof/configs/amc12b_2002_p11__prover-xhigh-eded856fb989c1f6__gpt-5.6-luna__seed0,amc12b_2002_p11,train,prove_theorem_grounded,done,no_verifier_evidence,0,0.02545202,dated billing receipts,False,False,audit/cells/e4c6a53dfde87d42ebf58d2b5130a3a647e2f7b5c63b85edaeb62d4d67dcd625.json
experiments/output/ace_x_validation_agentic/configs/mathd_algebra_282__ace-1ac8a092-core-medium__gpt-5.6-luna__seed0,mathd_algebra_282,validation,prove_theorem_ace,done,incomplete_proof,18,0.027551700000000002,"cache tokens, current tariff; unrecorded retries unknown",False,False,audit/cells/e4e28644d53d61102a7640172899556c89b4bed250ad7702b76df61b679144ae.json
experiments/output/ace_economy_20260916/validation/configs/validation__agentic__aime_1991_p9__seed0,aime_1991_p9,validation,prove_theorem_grounded,done,unproved_prerequisite,17,0.042696479999999995,dated billing receipts,False,False,audit/cells/e4eda0da5dde4d3cdcbd3115b2ecf4288337f9a6cc4512174c75ccf9950818c8.json
experiments/output/ace_x_validation_ace_x5_offline_rv3_agentic/configs/amc12_2001_p21__ace-fc7b45d4-core-medium__gpt-5.6-luna__seed1,amc12_2001_p21,validation,prove_theorem_ace,done,incomplete_proof,20,0.037597559999999995,"cache tokens, current tariff; unrecorded retries unknown",False,False,audit/cells/e50b13bba891f387f0e8eb52e221b10ae8c58d49c3643126a9cc54f477347eb8.json
experiments/output/ace_adaptation_x-offline-e3/configs/step104_curator_mathd_algebra_323,mathd_algebra_323,train,,failed,platform_failure,0,0.0,"cache tokens, current tariff; unrecorded retries unknown",False,False,audit/cells/e53775324ad7a528e731999a1ad7fbcc417eb60206c3531838fa691b976c3aba.json
experiments/output/ace_economy_refinement_20260916/final13/configs/validation__ace_reset_compact__aime_1991_p6__seed0,aime_1991_p6,validation,prove_theorem_grounded,done,arithmetic_or_search,5,0.04210196,dated billing receipts,False,False,audit/cells/e55e7749ea5614f107e1a8550d7590ee86e27c0deadf8d1786bbc615607559e0.json
experiments/output/ace_attribution_20260912/training/terra/configs/imo_1967_p3__terra-ace-medium__gpt-5.6-terra__seed0,imo_1967_p3,train,prove_theorem_grounded,done,other_or_unobserved,8,0.3947836,dated billing receipts,False,False,audit/cells/e57656ce0cdb1a0cae2f8c91352a544c3425972dcb4dcf37546ad76f07fc427b.json
experiments/output/ace_adaptation_review-repair-s0/configs/step20_generator_imo_1977_p6,imo_1977_p6,train,prove_theorem_ace,done,incomplete_proof,29,0.023968299999999994,"cache tokens, current tariff; unrecorded retries unknown",False,False,audit/cells/e581c97d62688fbf29d972854d000896ff7566395c6ab2a06d5d06c48ba85c4e.json
experiments/output/ace_adaptation_x-offline-e3/configs/step118_curator_amc12_2000_p6,amc12_2000_p6,train,,failed,platform_failure,0,0.0,"cache tokens, current tariff; unrecorded retries unknown",False,False,audit/cells/e58c296e65cce112280c993c481720f3e7280459dc5897867c94c605aae58f64.json
experiments/output/ace_mechanisms_20260910/validation/configs/mathd_numbertheory_530__validation-E__gpt-5.6-luna__seed1,mathd_numbertheory_530,validation,prove_theorem_grounded,done,no_verifier_evidence,0,0.02482058,dated billing receipts,False,False,audit/cells/e5b2b1ac7ec3c6810bb02c9c15d8b1108a2b95f4c3eb586caed8f082b535e5e3.json
experiments/output/ace_capacity_20260912/cross/configs/algebra_others_exirrpowirrrat__cross-level0__gpt-5.6-terra__seed0,algebra_others_exirrpowirrrat,validation,prove_theorem_grounded,done,unproved_prerequisite,5,0.363891,"cache tokens, current tariff; unrecorded retries unknown",False,False,audit/cells/e5c185cd04f7d3776de12497cb94980a74fd6d6b979dca7f8ddecb73c0ea1111.json
experiments/output/ace_revision_20260913/training/configs/training__candidate__proof__mathd_algebra_185__seed0,mathd_algebra_185,train,prove_theorem_grounded,done,other_or_unobserved,13,0.03528046,dated billing receipts,False,False,audit/cells/e600c8beec56f699d29a2746d19361eb9ee39d57b4ff4f13e5e03a3b7a7e7c37.json
experiments/output/ace_review_development/configs/aime_1991_p6__baseline-r64__gpt-5.6-luna__seed1,aime_1991_p6,validation,prove_theorem_agentic,done,unproved_prerequisite,11,0.10299779999999997,"cache tokens, current tariff; unrecorded retries unknown",False,False,audit/cells/e62eec0f812aa56b3d42058a018c3129057935358d96364b62d84ff0baa91739.json
experiments/output/ace_economy_refinement_20260916/pilot/configs/train__ace__mathd_algebra_185__seed0,mathd_algebra_185,train,prove_theorem_grounded,done,arithmetic_or_search,11,0.0387177,dated billing receipts,False,False,audit/cells/e63a9200fe7c44c5a481a473ecf71b00928c22874575dfa677bea8facb9bc56e.json
experiments/output/ace_economy_20260916/validation/configs/validation__agentic__mathd_numbertheory_43__seed0,mathd_numbertheory_43,validation,prove_theorem_grounded,done,other_or_unobserved,9,0.02340018,dated billing receipts,False,False,audit/cells/e661a8184a5bb9592c699fc48fc6476f4f619ded398fcdee7cb6eb9f0350f0c4.json
experiments/output/ace_models_20260910/proof/configs/mathd_algebra_224__selection-xhigh-3bfe5109dc462e8c__gpt-5.6-luna__seed0,mathd_algebra_224,train,prove_theorem_grounded,done,unproved_prerequisite,1,0.03986606,dated billing receipts,False,False,audit/cells/e69dd0211df89fa62872a72b6e2d41b5814724c9f67edc101e301d22c406ca48.json
experiments/output/ace_capacity_20260912/cross/configs/imo_1984_p6__cross-level0__gpt-5.6-luna__seed0,imo_1984_p6,validation,prove_theorem_grounded,done,other_or_unobserved,4,0.02465744,"cache tokens, current tariff; unrecorded retries unknown",False,False,audit/cells/e6a2de82edd7688d2cc0f2b3cbb7ab36094ee3870f2c39b015d385d67c4da975.json
experiments/output/ace_x_validation_ace_x3_offline_rv2_agentic/configs/amc12a_2019_p21__ace-1e4aec7d-core-medium__gpt-5.6-luna__seed1,amc12a_2019_p21,validation,prove_theorem_ace,done,other_or_unobserved,10,0.17715150000000002,"cache tokens, current tariff; unrecorded retries unknown",False,False,audit/cells/e6b6cec3bc9d479466a38cddb7ad2a370f54c77a294451e25f4749b406c3161d.json
experiments/output/ace_revision_20260913/validation/configs/validation__candidate__proof__mathd_numbertheory_43__seed1,mathd_numbertheory_43,validation,prove_theorem_grounded,done,unknown_reference,13,0.03985986,dated billing receipts,False,False,audit/cells/e6cc865c423164931b08924901565f3a81d2064884952f034dd79f33f97aef33.json
experiments/output/ace_snippets_20260913/validation/configs/snippets-v1__imo_1984_p6__validation-A__seed0,imo_1984_p6,validation,prove_theorem_grounded,done,other_or_unobserved,5,0.009580179999999999,"cache tokens, current tariff; unrecorded retries unknown",False,False,audit/cells/e6d3d1074bcd355e094034fa7d350fd6776f35b9761396067032fe1bf271961d.json
experiments/output/ace_review_calibration/configs/imo_1977_p6__baseline-r32__gpt-5.6-luna__seed0,imo_1977_p6,train,prove_theorem_agentic,done,other_or_unobserved,27,0.03207972,"cache tokens, current tariff; unrecorded retries unknown",False,False,audit/cells/e6fa70aaf6774a80074e19793441364b6b8b83cfb5d7d69d784923af7c66f8c5.json
experiments/output/ace_economy_20260916/validation/configs/validation__budget__aime_1991_p6__seed0,aime_1991_p6,validation,prove_theorem_grounded,done,unproved_prerequisite,11,0.12376908,dated billing receipts,False,False,audit/cells/e703cbd29486ac1d49ac21f05a1d0a5a1e8fda139d2abd8fc21a1328b062bf98.json
experiments/output/ace_x_validation_ace_x3_offline_agentic/configs/aime_1984_p7__ace-1ac8a092-core-medium__gpt-5.6-luna__seed0,aime_1984_p7,validation,prove_theorem_ace,done,incomplete_proof,20,0.05729653999999999,"cache tokens, current tariff; unrecorded retries unknown",False,False,audit/cells/e71493ddd899d620627bd44d348d06d1fa680db008015a655cdc8346ee56e31e.json
experiments/output/ace_control_cycle_tuning/configs/imo_1977_p6__tuning-r64__gpt-5.6-luna__seed0,imo_1977_p6,train,prove_theorem_grounded,done,other_or_unobserved,8,0.04198542,"cache tokens, current tariff; unrecorded retries unknown",False,False,audit/cells/e71a40c2c307cd83dd9b0d1d149b37ebdd481d3cb0704dfe071698371fbaf1cf.json
experiments/output/ace_revision_20260913/validation/configs/validation__control__proof__mathd_numbertheory_405__seed1,mathd_numbertheory_405,validation,prove_theorem_grounded,done,arithmetic_or_search,7,0.0364853,dated billing receipts,False,False,audit/cells/e725e42a7750021318eff0e1a4b99ef5eb5c4c5fabdf3bbb02133fa22601d706.json
experiments/output/coverage_cycle_20260911/training/H/configs/amc12a_2020_p13__training-H__gpt-5.6-luna__seed0,amc12a_2020_p13,train,prove_theorem_grounded,done,no_verifier_evidence,0,0.0449112,dated billing receipts,False,False,audit/cells/e73cc2b46a8798e7b0d1f89b4909dc78c70d20b657dcd5ad6e88d9c3e5570c32.json
experiments/output/acet_x_validation_ace_x6_repairs_k3_r2_agentic/configs/mathd_numbertheory_37__acet-1d2bc630-30d3e288-k3-r2-core-medium__gpt-5.6-luna__seed0,mathd_numbertheory_37,validation,prove_theorem_ace_triggered,done,other_or_unobserved,25,0.03429466,"cache tokens, current tariff; unrecorded retries unknown",False,False,audit/cells/e75476e36129f82be86874e8d45137371bc4ecadc134b306dbda2c5cab1498cf.json
experiments/output/ace_x_validation_ace_x3_offline_rv2_agentic/configs/imo_1964_p2__ace-1e4aec7d-core-medium__gpt-5.6-luna__seed0,imo_1964_p2,validation,prove_theorem_ace,done,arithmetic_or_search,17,0.06305202,"cache tokens, current tariff; unrecorded retries unknown",False,False,audit/cells/e763b372183dc15105deb9efe4f282c070bc09f8bdd88274d73c741d955524a6.json
experiments/output/ace_adaptation_x-mono/configs/step19_curator_aime_1984_p1,aime_1984_p1,train,rewrite_playbook,done,no_verifier_evidence,0,0.013114440000000002,"cache tokens, current tariff; unrecorded retries unknown",False,False,audit/cells/e7ad792d45133575d497a442fe3a1141ea1f5f56ae4e00ed7057ce7485f205bc.json
experiments/output/ace_economy_20260916/validation/configs/validation__budget__aime_1991_p6__seed1,aime_1991_p6,validation,prove_theorem_grounded,done,other_or_unobserved,10,0.11385988,dated billing receipts,False,False,audit/cells/e7b86cd6a514530c99e752b19ec41f42ddf9632bcfe8a7cd3e72b9b7c3f48a0e.json
experiments/output/ace_x_validation_ace_x3_offline_agentic/configs/algebra_others_exirrpowirrrat__ace-1ac8a092-core-medium__gpt-5.6-luna__seed1,algebra_others_exirrpowirrrat,validation,prove_theorem_ace,done,other_or_unobserved,6,0.02665,"cache tokens, current tariff; unrecorded retries unknown",False,False,audit/cells/e7c647bfcc4570156795b524ab8b603ec6e1216e2f33757ca8218a780e96497d.json
experiments/output/x_validation_agentic/configs/mathd_numbertheory_303__core-medium__gpt-5.6-luna__seed0,mathd_numbertheory_303,validation,prove_theorem_agentic,done,other_or_unobserved,8,0.03868362,"cache tokens, current tariff; unrecorded retries unknown",False,False,audit/cells/e7d019603eae227976ac9397e1fbb851f04e98901ba26918764772104eadd9d1.json
experiments/output/ace_capacity_20260912/headroom2/configs/algebra_amgm_sum1toneqn_prod1tonleq1__C-level2__gpt-5.6-luna__seed0,algebra_amgm_sum1toneqn_prod1tonleq1,train,prove_theorem_grounded,done,incomplete_proof,62,0.11425807999999994,"cache tokens, current tariff; unrecorded retries unknown",False,False,audit/cells/e7d85eff885feceddb227befc0804f86995f8562ac3a43e91e979d9bb0f45b50.json
experiments/output/ace_adaptation_x-offline-e3/configs/step81_curator_mathd_algebra_185,mathd_algebra_185,train,,failed,platform_failure,0,0.0,"cache tokens, current tariff; unrecorded retries unknown",False,False,audit/cells/e7d90580ac93bdb24d031ed79dca2fbc46b80dd463e34a4fcbc38f076fedda17.json
experiments/output/ace_sanitized_20260917/validation/configs/validation__agentic_coverage__proof__mathd_numbertheory_530__seed1,mathd_numbertheory_530,validation,prove_theorem_grounded,done,unproved_prerequisite,11,0.06661863999999999,dated billing receipts,False,False,audit/cells/e7dcd88b4651341c95c21b81e428062e864e63bbe330eef66cd0a978f315c092.json
experiments/output/ace_economy_refinement_20260916/final11/configs/validation__ace_reset_compact__mathd_numbertheory_530__seed1,mathd_numbertheory_530,validation,prove_theorem_grounded,done,syntax,9,0.045807419999999995,dated billing receipts,False,False,audit/cells/e7fb78cafba469936d2f36b314d88088b0811fbcf966ff4a331c34ba8e0f2cde.json
experiments/output/ace_capacity_20260912/mechanisms/configs/imo_1967_p3__A-level0__gpt-5.6-luna__seed0,imo_1967_p3,train,prove_theorem_grounded,done,arithmetic_or_search,8,0.04151173999999999,"cache tokens, current tariff; unrecorded retries unknown",False,False,audit/cells/e80714012c82718fe1d27a7318dc93722725eae613d4dc37123c1c44eff798eb.json
experiments/output/ace_revision_20260913/validation/configs/validation__control__proof__amc12a_2019_p21__seed0,amc12a_2019_p21,validation,prove_theorem_grounded,done,other_or_unobserved,12,0.041818539999999994,dated billing receipts,False,False,audit/cells/e81f194e4b289b374befdd0f3ca2cf8afced14167787e198fc24d5efc53a09ad.json
experiments/output/ace_learning_20260914/training/configs/training__B__proof__imo_1977_p6__seed0,imo_1977_p6,train,prove_theorem_grounded,done,incomplete_proof,9,0.039283559999999995,dated billing receipts,False,False,audit/cells/e83c72b283679484940b241e459493c8a5647386853b980a63857cc53e12ff24.json
experiments/output/ace_x_validation_ace_x3_offline_agentic/configs/aime_1991_p9__ace-1e4aec7d-core-medium__gpt-5.6-luna__seed0,aime_1991_p9,validation,prove_theorem_ace,done,other_or_unobserved,16,0.04405792,"cache tokens, current tariff; unrecorded retries unknown",False,False,audit/cells/e83cc754c33384eee988dbb18b35df6312e653066fc0530f1a2475861cb0b83e.json
experiments/output/ace_adaptation_x-mono/configs/step39_curator_imo_1967_p3,imo_1967_p3,train,rewrite_playbook,done,no_verifier_evidence,0,0.01671468,"cache tokens, current tariff; unrecorded retries unknown",False,False,audit/cells/e83f5da125fa2ed44a399597944e6f75a371c2e9a80b30430436dd483a026cab.json
experiments/output/acet_x_validation_ace_x6_repairs_k3_r2_agentic/configs/amc12_2001_p21__acet-1d2bc630-30d3e288-k3-r2-core-medium__gpt-5.6-luna__seed1,amc12_2001_p21,validation,prove_theorem_ace_triggered,done,incomplete_proof,28,0.08480876,"cache tokens, current tariff; unrecorded retries unknown",False,False,audit/cells/e8ad568b6ca92e95c60ad85e5c55ea18d2197a3b7d5b693cb67dccbaf2cea254.json
experiments/output/ace_models_20260910/proof/configs/mathd_algebra_185__prover-high-1e4aec7dbbe80e7a__gpt-5.6-luna__seed0,mathd_algebra_185,train,prove_theorem_grounded,done,syntax,2,0.029122099999999998,dated billing receipts,False,False,audit/cells/e8b54a2bdcb35208dff50f221cb6433012fe69099464a683983ce0188782a2da.json
experiments/output/ace_x_validation_ace_digest_table_rv2_agentic/configs/mathd_numbertheory_405__ace-ca62b40b-core-medium__gpt-5.6-luna__seed0,mathd_numbertheory_405,validation,prove_theorem_ace,done,incomplete_proof,27,0.05972431999999999,"cache tokens, current tariff; unrecorded retries unknown",False,False,audit/cells/e8ee2fd7af43983b537c3e2935613819ce1b0b4d5f3e4c960a367ca9325e47fa.json
experiments/output/ace_capacity_20260912/headroom1/configs/amc12a_2020_p13__C-level1__gpt-5.6-terra__seed0,amc12a_2020_p13,train,prove_theorem_grounded,done,unproved_prerequisite,10,1.201255,"cache tokens, current tariff; unrecorded retries unknown",False,False,audit/cells/e91958c3e685f7f7c95c1083d0b7f6815902c316d498ab155c2ab88be77013fa.json
experiments/output/ace_x_validation_ace_x5_offline_rv2_agentic/configs/amc12a_2019_p21__ace-fc7b45d4-core-medium__gpt-5.6-luna__seed1,amc12a_2019_p21,validation,prove_theorem_ace,done,arithmetic_or_search,23,0.10342901999999998,"cache tokens, current tariff; unrecorded retries unknown",False,False,audit/cells/e924fc93033f7109cf46eba8f0b16e12298224393c227082a8dc041d3a2b90a6.json
experiments/output/ace_review_development/configs/mathd_numbertheory_43__x3-r64__gpt-5.6-luna__seed0,mathd_numbertheory_43,validation,prove_theorem_ace,done,other_or_unobserved,44,0.06656080000000002,"cache tokens, current tariff; unrecorded retries unknown",False,False,audit/cells/e93b8d583835d7dcd3513a104811feb67c98de95e6a83836e7b23cbe7ea637d0.json
experiments/output/ace_x_validation_ace_x5_offline_rv3_agentic/configs/amc12_2001_p21__ace-fc7b45d4-core-medium__gpt-5.6-luna__seed0,amc12_2001_p21,validation,prove_theorem_ace,done,incomplete_proof,19,0.04548881999999999,"cache tokens, current tariff; unrecorded retries unknown",False,False,audit/cells/e9411efd916dda66214a20b3de38237339d1d8680ec41a68ea530766154ca18a.json
experiments/output/ace_economy_refinement_20260916/final05/configs/validation__agentic_reset__mathd_numbertheory_43__seed1,mathd_numbertheory_43,validation,prove_theorem_grounded,done,other_or_unobserved,11,0.04106474,dated billing receipts,False,False,audit/cells/e96e4cffc00a28d63711b018400eed6aa1377ae4fb4c78e606a0bf58843278eb.json
experiments/output/ace_polish_validation/configs/mathd_numbertheory_43__candidate-r64__gpt-5.6-luna__seed1,mathd_numbertheory_43,validation,prove_theorem_grounded,done,other_or_unobserved,10,0.027546039999999997,"cache tokens, current tariff; unrecorded retries unknown",False,False,audit/cells/e98c0b95261699d3e9cc4a522f68ab449698b83078d6b9fac533f4a96c51140d.json
experiments/output/ace_models_20260910/proof/configs/imo_1967_p3__selection-medium-1e4aec7dbbe80e7a__gpt-5.6-luna__seed0,imo_1967_p3,train,prove_theorem_grounded,done,arithmetic_or_search,12,0.0318086,dated billing receipts,False,False,audit/cells/e9bbd463f51d5ac9899e6af0a4f4b50af876676f61eddd93af3f3f94154a52e2.json
experiments/output/coverage_cycle_20260911/training/D2/configs/mathd_algebra_224__training-D2__gpt-5.6-luna__seed0,mathd_algebra_224,train,prove_theorem_grounded,done,unproved_prerequisite,9,0.036917059999999995,dated billing receipts,False,False,audit/cells/e9f1684d20fbb344fb1897d1bbad1119f16f6de74020534e677e40bec789075c.json
experiments/output/ace_review_calibration/configs/mathd_algebra_185__baseline-r32__gpt-5.6-luna__seed0,mathd_algebra_185,train,prove_theorem_agentic,done,syntax,26,0.06259975999999999,"cache tokens, current tariff; unrecorded retries unknown",False,False,audit/cells/ea068052b928785866a5590339eeb347ffcb2cb05e1bb0c5335674340eb52832.json
experiments/output/ace_polish_validation/configs/induction_prod1p1onk3le3m1onn__candidate-r64__gpt-5.6-luna__seed0,induction_prod1p1onk3le3m1onn,validation,prove_theorem_grounded,done,unproved_prerequisite,12,0.04256835999999999,"cache tokens, current tariff; unrecorded retries unknown",False,False,audit/cells/ea3044ab0ac4ac577ee074264c91f77d06a7606f98f8b7c208f8e578f11bdc31.json
experiments/output/ace_models_20260910/proof/configs/mathd_numbertheory_221__prover-xhigh-fa6b32f084145e14__gpt-5.6-luna__seed0,mathd_numbertheory_221,train,prove_theorem_grounded,done,other_or_unobserved,2,0.02386972,dated billing receipts,False,False,audit/cells/ea30f8e9448fbd4090c4517a1fdb5242b3ee317fb157af2689a526c502935387.json
experiments/output/ace_adaptation_x4-offline/configs/step20_generator_imo_1977_p6,imo_1977_p6,train,prove_theorem_ace,done,incomplete_proof,29,0.02779524,"cache tokens, current tariff; unrecorded retries unknown",False,False,audit/cells/ea78f4278f9957597383ba9755e72c31de091a03f16ebb2828eda896b09f3773.json
experiments/output/ace_x_validation_ace_x3_noreflect_rv3_agentic/configs/algebra_others_exirrpowirrrat__ace-ce233fe0-core-medium__gpt-5.6-luna__seed0,algebra_others_exirrpowirrrat,validation,prove_theorem_ace,done,other_or_unobserved,9,0.03539309999999999,"cache tokens, current tariff; unrecorded retries unknown",False,False,audit/cells/ea7f7ebae8f31167ef8a3e7bb64b9e66869175fdf2bb72818236046b20cc54ec.json
experiments/output/ace_x_validation_agentic/configs/mathd_numbertheory_37__ace-d56da056-core-medium__gpt-5.6-luna__seed1,mathd_numbertheory_37,validation,prove_theorem_ace,done,other_or_unobserved,17,0.039714639999999996,"cache tokens, current tariff; unrecorded retries unknown",False,False,audit/cells/ea9ed4fd308f3504861d2a7ef911566fd71712556bd7222a24e167523d465460.json
experiments/output/ace_economy_refinement_20260916/final07/configs/validation__ace_compact__aime_1984_p7__seed1,aime_1984_p7,validation,prove_theorem_grounded,done,other_or_unobserved,10,0.04121064,dated billing receipts,False,False,audit/cells/eaaa7c50a7e9fd1d9340335c1e6c3273696802729d0036814c323f75e71833cc.json
experiments/output/ace_x_validation_ace_x3_mono_rv3_agentic/configs/imo_1984_p6__ace-0e162d51-core-medium__gpt-5.6-luna__seed0,imo_1984_p6,validation,prove_theorem_ace,done,arithmetic_or_search,21,0.02516115999999999,"cache tokens, current tariff; unrecorded retries unknown",False,False,audit/cells/eada4342ae6ba5fe8b3ecb6515ef5629feaa1176d0b85db5e4621a9fb1eeabfc.json
experiments/output/ace_control_cycle_validation/configs/amc12a_2020_p21__validation-r64__gpt-5.6-luna__seed0,amc12a_2020_p21,validation,prove_theorem_grounded,done,incomplete_proof,54,0.04918466000000001,"cache tokens, current tariff; unrecorded retries unknown",False,False,audit/cells/eae03172b2ab2282a2747337b816ce7b1e10e218a65d636630f821a53a4cfd81.json
experiments/output/ace_x_validation_ace_x3_noreflect_agentic/configs/mathd_numbertheory_303__ace-1ac8a092-core-medium__gpt-5.6-luna__seed0,mathd_numbertheory_303,validation,,failed,platform_failure,2,0.01571066,"cache tokens, current tariff; unrecorded retries unknown",False,False,audit/cells/eb041a467401833939958472a6da2a0e497e66b225d53fa7b12d4e4d4f7f0924.json
experiments/output/ace_mechanisms_20260910/training/configs/amc12_2000_p6__training-C__gpt-5.6-luna__seed0,amc12_2000_p6,train,prove_theorem_grounded,done,unknown_reference,1,0.01062016,dated billing receipts,False,False,audit/cells/eb50c8dea410ffeca698a8c77f9808b675670377c8bc888b36f339101f411da8.json
experiments/output/ace_sanitized_20260917/pilots/configs/pilots__views__proof__aime_1988_p3__seed0,aime_1988_p3,train,prove_theorem_grounded,done,other_or_unobserved,10,0.04080818,dated billing receipts,False,False,audit/cells/eb52710e27bf67b9fdc4c9a973c6467679d1a7eae5407b0fe0a0d0654c383932.json
experiments/output/ace_revision_20260913/validation/configs/validation__candidate__proof__amc12a_2020_p21__seed1,amc12a_2020_p21,validation,prove_theorem_grounded,done,arithmetic_or_search,8,0.033351059999999995,dated billing receipts,False,False,audit/cells/eb6595db24afeda10a2e5e6f4c6bd4db812b2165930cef261f569f1b5d13ae61.json
experiments/output/coverage_cycle_20260911/training/S/configs/imo_1983_p6__training-S__gpt-5.6-luna__seed0,imo_1983_p6,train,prove_theorem_grounded,done,arithmetic_or_search,12,0.04108192,dated billing receipts,False,False,audit/cells/eb6920c7a2d85d39c3bcf7c36aeb8bd867a63c592528f76918b46f6c62c5907c.json
experiments/output/ace_economy_refinement_20260916/final09/configs/validation__agentic_reset_compact__aime_1991_p9__seed1,aime_1991_p9,validation,prove_theorem_grounded,done,other_or_unobserved,18,0.0487789,dated billing receipts,False,False,audit/cells/eb7b1ae5605b433a1059f0f06d7b91364d96775485fdcfd3451902f62e1509e7.json
experiments/output/ace_attribution_20260912/validation/terra/configs/aime_1991_p6__terra-none-medium__gpt-5.6-terra__seed0,aime_1991_p6,validation,prove_theorem_grounded,done,syntax,4,0.4262602,dated billing receipts,False,False,audit/cells/eba8db2d96e2dd9d7ab645bc95f20584fe3b9f04ba5749807fa431fd0f335c29.json
experiments/output/ace_x_validation_ace_x3_noreflect_rv3_agentic/configs/imo_1984_p6__ace-ce233fe0-core-medium__gpt-5.6-luna__seed0,imo_1984_p6,validation,prove_theorem_ace,done,incomplete_proof,22,0.027021239999999995,"cache tokens, current tariff; unrecorded retries unknown",False,False,audit/cells/ebb6a7cced028ce37664f0a531991a44c4ac93b622eb7874a448ea545371822f.json
experiments/output/ace_sanitized_20260917/validation/configs/validation__agentic__proof__imo_1969_p2__seed1,imo_1969_p2,validation,prove_theorem_grounded,done,arithmetic_or_search,10,0.04055726,dated billing receipts,False,False,audit/cells/ebbf3b4972fa63380020b8897e09118240bcda4346c2764b3fa70267185429df.json
experiments/output/ace_x_validation_ace_x3_noreflect_rv3_agentic/configs/amc12a_2020_p21__ace-ce233fe0-core-medium__gpt-5.6-luna__seed0,amc12a_2020_p21,validation,prove_theorem_ace,done,other_or_unobserved,11,0.10064494,"cache tokens, current tariff; unrecorded retries unknown",False,False,audit/cells/ebd6f68147bb702df945ef47244904decbad856baccc9ce597398e7b33451ce4.json
experiments/output/ace_mechanisms_20260910/training/configs/algebra_amgm_sum1toneqn_prod1tonleq1__training-C__gpt-5.6-luna__seed0,algebra_amgm_sum1toneqn_prod1tonleq1,train,prove_theorem_grounded,done,other_or_unobserved,5,0.0346215,dated billing receipts,False,False,audit/cells/ebde243ff00542b8a059da9174d83b8821f780d3d4291bb4c8ef01c9ad0d6429.json
experiments/output/ace_models_20260910/proof/configs/amc12b_2002_p11__prover-xhigh-26d7cc1993e76d38__gpt-5.6-luna__seed0,amc12b_2002_p11,train,prove_theorem_grounded,done,syntax,1,0.031011,dated billing receipts,False,False,audit/cells/ebfeb02352bdddb59b140d74903e7af382bf0e1999d808beb58afefabfb38964.json
experiments/output/x_train_agentic/configs/aime_1988_p8__core-medium__gpt-5.6-luna__seed1,aime_1988_p8,train,prove_theorem_agentic,done,unproved_prerequisite,18,0.058607599999999996,"cache tokens, current tariff; unrecorded retries unknown",False,False,audit/cells/ec414137b510847dbe5da5a8c0f6ee570afe7243a5db273d333aef23f9c07d28.json
experiments/output/ace_polish_validation/configs/aime_1991_p6__reference-r64__gpt-5.6-luna__seed0,aime_1991_p6,validation,prove_theorem_grounded,done,unproved_prerequisite,4,0.034694520000000006,"cache tokens, current tariff; unrecorded retries unknown",False,False,audit/cells/ecaa214e2f0ee41148e68838673beb5a5172ad1bbb25edf65ffa75445aaafe29.json
experiments/output/ace_x_validation_ace_x5_offline_rv3_agentic/configs/mathd_numbertheory_303__ace-fc7b45d4-core-medium__gpt-5.6-luna__seed1,mathd_numbertheory_303,validation,prove_theorem_ace,done,other_or_unobserved,18,0.058855580000000005,"cache tokens, current tariff; unrecorded retries unknown",False,False,audit/cells/ecb29549c52ba77e97e7fa1a55640d3cbfd1c00c35a64457b8e7b1bbf2a0dda8.json
experiments/output/ace_models_20260910/proof/configs/mathd_numbertheory_629__selection-medium-1e4aec7dbbe80e7a__gpt-5.6-luna__seed0,mathd_numbertheory_629,train,prove_theorem_grounded,done,arithmetic_or_search,14,0.04150678,dated billing receipts,False,False,audit/cells/ecdb1cd6bde00d1e328773babeca041d4e875ef8abb1ec13ba36670f6c9102fe.json
experiments/output/ace_economy_refinement_20260916/final17/configs/validation__ace__imo_1964_p2__seed1,imo_1964_p2,validation,prove_theorem_grounded,done,arithmetic_or_search,11,0.03832268,dated billing receipts,False,False,audit/cells/ed42452cefcb77b85566a4a5a1b8aaf091d38ff4b19ceacfa91e9960425158c2.json
experiments/output/ace_economy_refinement_20260916/final09/configs/validation__ace_reset_compact__amc12a_2020_p21__seed0,amc12a_2020_p21,validation,prove_theorem_grounded,done,other_or_unobserved,14,0.04380158,dated billing receipts,False,False,audit/cells/ed482c0d09070d85eec4eae9ffded6d5c06b052ef998b20f7d4339decb21bc1a.json
experiments/output/ace_adaptation_x-offline/configs/step34_generator_mathd_algebra_224,mathd_algebra_224,train,prove_theorem_ace,done,verifier_resource,20,0.1055407,"cache tokens, current tariff; unrecorded retries unknown",False,False,audit/cells/ed5ad66b629b6bcd773a206bf98d227ebd4da9aa68cec81c80108cfd4c28e714.json
experiments/output/ace_economy_20260916/validation/configs/validation__ace__aime_1991_p6__seed1,aime_1991_p6,validation,prove_theorem_grounded,done,arithmetic_or_search,8,0.040817559999999996,dated billing receipts,False,False,audit/cells/ed6921947b7e7504dfb7ff6dae115d80dacc329738db95758b76bf77d692c78e.json
experiments/output/coverage_cycle_20260911/training/H/configs/amc12_2000_p1__training-H__gpt-5.6-luna__seed0,amc12_2000_p1,train,prove_theorem_grounded,done,other_or_unobserved,10,0.04320006,dated billing receipts,False,False,audit/cells/ed6b9b3092add67cf34fa9561c99f07634125f485374072285f89d23aa3d2031.json
experiments/output/ace_snippets_20260913/validation/configs/snippets-v1__mathd_algebra_282__validation-A__seed0,mathd_algebra_282,validation,prove_theorem_grounded,done,other_or_unobserved,5,0.0369175,"cache tokens, current tariff; unrecorded retries unknown",False,False,audit/cells/ed7e4883149885d7d1f9d49e7da9334134e1ab0b5ae40f0ab4dfeaaa6c1d2694.json
experiments/output/ace_online_x4-online-s0_agentic/configs/imo_1984_p6__ace-02b48e13-core-medium__gpt-5.6-luna__seed0,imo_1984_p6,validation,prove_theorem_ace,done,incomplete_proof,22,0.03263424,"cache tokens, current tariff; unrecorded retries unknown",False,False,audit/cells/ed7eb0ccb38b5f83345e8fea2b0558795d1c1101892a7300dfdb3e7de07cc7ac.json
experiments/output/ace_polish_validation/configs/imo_1984_p6__reference-r64__gpt-5.6-luna__seed1,imo_1984_p6,validation,prove_theorem_grounded,done,arithmetic_or_search,10,0.038372,"cache tokens, current tariff; unrecorded retries unknown",False,False,audit/cells/ed8e9b91a79d5568431c1277dd504e69991bcc88dc944c2fe69758f19bfac13f.json
experiments/output/ace_economy_20260916/validation/configs/validation__session__imo_1969_p2__seed1,imo_1969_p2,validation,prove_theorem_grounded,done,unknown_reference,8,0.04050748,dated billing receipts,False,False,audit/cells/ed90feddefab4982f88e6fe2fe7ad565b21de9df7633892a4be71785e78d1076.json
experiments/output/ace_x_validation_ace_x3_mono_rv3_agentic/configs/amc12_2001_p21__ace-0e162d51-core-medium__gpt-5.6-luna__seed0,amc12_2001_p21,validation,prove_theorem_ace,done,incomplete_proof,18,0.03852516,"cache tokens, current tariff; unrecorded retries unknown",False,False,audit/cells/ed9ab52d7c3e57a029c6ac7c4cc7a00a6a925aecdacb5b0af0503727f4de5f99.json
experiments/output/ace_sanitized_20260917/validation/configs/validation__ace_selected__proof__mathd_numbertheory_37__seed0,mathd_numbertheory_37,validation,prove_theorem_grounded,done,other_or_unobserved,25,0.0325364,dated billing receipts,False,False,audit/cells/eda26f4b67c45503c90b8ba8c9ab8c5edc50bc7694bdb285f00fe5edb95e0758.json
experiments/output/ace_economy_20260916/validation/configs/validation__session__mathd_numbertheory_43__seed0,mathd_numbertheory_43,validation,prove_theorem_grounded,done,other_or_unobserved,10,0.023246279999999998,dated billing receipts,False,False,audit/cells/eda61813b52c1200e7ae5c2cb7b2db4dde795405ae3fddbfbed32ffbbcbd1cc0.json
experiments/output/ace_revision_20260913/validation/configs/validation__control__proof__imo_1984_p6__seed0,imo_1984_p6,validation,prove_theorem_grounded,done,other_or_unobserved,5,0.01952442,dated billing receipts,False,False,audit/cells/ede62d2f6d9798d895d8c48c2845f282576203ed0446b7adc994a959549ac86f.json
experiments/output/ace_learning_20260914/validation/configs/validation__B__proof__amc12a_2008_p4__seed0,amc12a_2008_p4,validation,prove_theorem_grounded,done,arithmetic_or_search,16,0.02423306,dated billing receipts,False,False,audit/cells/ee09c8a009f595fdf92f3143dfdd7d37ab9b0bba127f2d59cf6811b3283917ee.json
experiments/output/ace_x_validation_ace_x3_offline_e3_rv3_agentic/configs/amc12a_2019_p21__ace-d0d7ce24-core-medium__gpt-5.6-luna__seed0,amc12a_2019_p21,validation,prove_theorem_ace,done,arithmetic_or_search,14,0.06424181999999999,"cache tokens, current tariff; unrecorded retries unknown",False,False,audit/cells/ee0ae001b0864a4c606afc57aed5de13aae97fda6fcb3a0d4711f677c311e5c5.json
experiments/output/ace_economy_refinement_20260916/pilot/configs/train__ace__imo_1967_p3__seed0,imo_1967_p3,train,prove_theorem_grounded,done,incomplete_proof,11,0.03334638,dated billing receipts,False,False,audit/cells/ee5cf00d3a140f3eca4389e31990d8026eb4dcbfec7e16398c87a35662a77592.json
experiments/output/ace_contenders_20260910/configs/induction_pord1p1on2powklt5on2__training-reflector-xhigh__gpt-5.6-luna__seed0,induction_pord1p1on2powklt5on2,train,prove_theorem_grounded,done,syntax,1,0.033074099999999995,dated billing receipts,False,False,audit/cells/ee7b83e35b50c408324f408703459c258061ca13951067a21cd6c330ddc20012.json
experiments/output/ace_x_validation_ace_x4_offline_rv3_agentic/configs/amc12_2001_p21__ace-f1dd5c3a-core-medium__gpt-5.6-luna__seed0,amc12_2001_p21,validation,prove_theorem_ace,done,other_or_unobserved,21,0.039350460000000004,"cache tokens, current tariff; unrecorded retries unknown",False,False,audit/cells/ee7cfde1cfc3398651bfbaac84b4226bf069d73ccf1243520be9762e0eb167cc.json
experiments/output/ace_models_20260910/proof/configs/mathd_algebra_185__prover-xhigh-26d7cc1993e76d38__gpt-5.6-luna__seed0,mathd_algebra_185,train,prove_theorem_grounded,done,no_verifier_evidence,0,0.02604402,dated billing receipts,False,False,audit/cells/ee85b6be3cae2fb93de468b6414f480442f9a3396457027e48b301ba185e9541.json
experiments/output/ace_models_20260910/proof/configs/mathd_numbertheory_221__prover-xhigh-f05fbcb501c34473__gpt-5.6-luna__seed0,mathd_numbertheory_221,train,prove_theorem_grounded,done,no_verifier_evidence,0,0.024253439999999998,dated billing receipts,False,False,audit/cells/ee89e750295bfa94b59a4c38103f0c20a3a4b9a52a7f75e682ec1b2d7e169935.json
experiments/output/ace_x_validation_ace_x3_offline_rv3_agentic/configs/amc12a_2019_p21__ace-1e4aec7d-core-medium__gpt-5.6-luna__seed1,amc12a_2019_p21,validation,prove_theorem_ace,done,syntax,17,0.043574999999999996,"cache tokens, current tariff; unrecorded retries unknown",False,False,audit/cells/ee8dc939e1ab7bd722a8c5d943be341f47b1f44510ba37ed4d14e1625e0f9f88.json
experiments/output/ace_capacity_20260912/headroom1/configs/amc12b_2002_p11__E-level1__gpt-5.6-luna__seed0,amc12b_2002_p11,train,prove_theorem_grounded,done,syntax,15,0.12018572,"cache tokens, current tariff; unrecorded retries unknown",False,False,audit/cells/ee91fbdf4f22fedfc88909313c9ec4b331f0705de0323ae08feafec480f99d5b.json
experiments/output/ace_learning_20260914/validation/configs/validation__B__proof__algebra_others_exirrpowirrrat__seed0,algebra_others_exirrpowirrrat,validation,prove_theorem_grounded,done,other_or_unobserved,5,0.03852468,dated billing receipts,False,False,audit/cells/ee9c3402ae5cb646d13fd03128893c2a5c9599b814afe6cdbd14c22c227d3ae7.json
experiments/output/acet_x_validation_ace_x5_offline_k3_agentic/configs/mathd_numbertheory_530__acet-fc7b45d4-b1806cce-k3-core-medium__gpt-5.6-luna__seed1,mathd_numbertheory_530,validation,prove_theorem_ace_triggered,done,other_or_unobserved,14,0.045168040000000007,"cache tokens, current tariff; unrecorded retries unknown",False,False,audit/cells/eea222a8130890bdcc683d3538f677c9ed8f0ca242db205a4f52c7b39198746e.json
experiments/output/ace_models_20260910/proof/configs/imo_1983_p6__prover-xhigh-34e051ff5274f9eb__gpt-5.6-luna__seed0,imo_1983_p6,train,prove_theorem_grounded,done,syntax,1,0.03167986,dated billing receipts,False,False,audit/cells/eee0e1e7dcac127c9fc19f82be3927a28ffd4b8101c1020b58847117def036c5.json
experiments/output/ace_economy_20260916/validation/configs/validation__session__algebra_others_exirrpowirrrat__seed0,algebra_others_exirrpowirrrat,validation,prove_theorem_grounded,done,other_or_unobserved,9,0.04428218,dated billing receipts,False,False,audit/cells/eee1f3a8f6ec23edfa2fef6696365245e95f31ac12250afb48e928f54b5e76d8.json
experiments/output/ace_economy_refinement_20260916/pilot/configs/train__ace_reset__mathd_algebra_185__seed0,mathd_algebra_185,train,prove_theorem_grounded,done,other_or_unobserved,12,0.040083,dated billing receipts,False,False,audit/cells/eef1c5b537c62cd96d6d10bad5cbacb72ef6d4ea715f17afcd6dbf3b8ae51266.json
experiments/output/ace_economy_refinement_20260916/final00/configs/validation__agentic_compact__algebra_others_exirrpowirrrat__seed1,algebra_others_exirrpowirrrat,validation,prove_theorem_grounded,done,syntax,6,0.04180306,dated billing receipts,False,False,audit/cells/ef24cbc1a82a7c4413b956bac81cf8a9ab4fbe0cf6c6e8290f78549b961ce9f4.json
experiments/output/ace_models_20260910/proof/configs/amc12a_2020_p13__selection-medium-1e4aec7dbbe80e7a__gpt-5.6-luna__seed0,amc12a_2020_p13,train,prove_theorem_grounded,done,syntax,7,0.03665764,dated billing receipts,False,False,audit/cells/ef29a27e48839c09c4a5e3099dcec460ef9ad05973d90abc9acb4f124834d499.json
experiments/output/ace_learning_20260914/validation/configs/validation__B__proof__mathd_numbertheory_37__seed0,mathd_numbertheory_37,validation,prove_theorem_grounded,done,arithmetic_or_search,15,0.024043139999999998,dated billing receipts,False,False,audit/cells/ef2a0f2157e5fea10d80147ddec59efd5c7694c3d33909e6c07e5b5d3a6bf787.json
experiments/output/ace_x_validation_agentic/configs/mathd_numbertheory_43__ace-1ac8a092-core-medium__gpt-5.6-luna__seed1,mathd_numbertheory_43,validation,prove_theorem_ace,done,unproved_prerequisite,13,0.03488322,"cache tokens, current tariff; unrecorded retries unknown",False,False,audit/cells/ef3ce64c10c38be6eb7d7daa2b7d585c0e85a38b0f018d3d6e2b5c343df04948.json
experiments/output/ace_mechanisms_20260910/training/configs/mathd_numbertheory_48__training-C__gpt-5.6-luna__seed0,mathd_numbertheory_48,train,prove_theorem_grounded,done,arithmetic_or_search,2,0.0025974,dated billing receipts,False,False,audit/cells/ef617f608156d2a37e26c0494a64210c8e6dd0f106f841c9ac7b78e699e35218.json
experiments/output/ace_adaptation_x-online-warm-s0/configs/step35_curator_amc12_2000_p12,amc12_2000_p12,validation,,failed,platform_failure,0,0.0,"cache tokens, current tariff; unrecorded retries unknown",False,False,audit/cells/efb782db92a60116a255984c219746ea6f5fda656b4648ec8a960e8e93d324ca.json
experiments/output/coverage_cycle_20260911/training/E2/configs/algebra_amgm_sum1toneqn_prod1tonleq1__training-E2__gpt-5.6-luna__seed0,algebra_amgm_sum1toneqn_prod1tonleq1,train,prove_theorem_grounded,done,other_or_unobserved,10,0.03688092,dated billing receipts,False,False,audit/cells/efb9a6c26ce953f03b6c99b6130b5b7c5e16eeb6182ae1ba2c7c4416b5400281.json
experiments/output/ace_x_validation_ace_x3_noreflect_rv3_agentic/configs/imo_1984_p6__ace-ce233fe0-core-medium__gpt-5.6-luna__seed1,imo_1984_p6,validation,prove_theorem_ace,done,incomplete_proof,22,0.032406479999999994,"cache tokens, current tariff; unrecorded retries unknown",False,False,audit/cells/efedb4522b30410856252474e6c381ed12f5ec6642df9f3581dcfe8006c5c16c.json
experiments/output/ace_adaptation_x-online-warm-s0/configs/step37_curator_mathd_numbertheory_64,mathd_numbertheory_64,validation,,failed,platform_failure,0,0.0,"cache tokens, current tariff; unrecorded retries unknown",False,False,audit/cells/effcfbb45b51974a9a3fce23b3ba637354aa916217f9a13611bfa0fb97cc71ef.json
experiments/output/ace_mechanisms_20260910/validation/configs/imo_1964_p2__validation-E__gpt-5.6-luna__seed0,imo_1964_p2,validation,prove_theorem_grounded,done,unproved_prerequisite,1,0.02880598,dated billing receipts,False,False,audit/cells/f014e857a20ad526b54422a677fbb574e8cfc9a72c403a84e13b677cabc967b7.json
experiments/output/ace_economy_refinement_20260916/final10/configs/validation__ace_reset_compact__mathd_numbertheory_405__seed0,mathd_numbertheory_405,validation,prove_theorem_grounded,done,unproved_prerequisite,12,0.04499604,dated billing receipts,False,False,audit/cells/f03d8f98b9226fb7e37da69c14adb8fbf16c764e831b864bd8ba2fe0f158cfab.json
experiments/output/ace_mechanisms_20260910/validation/configs/amc12a_2020_p21__validation-E__gpt-5.6-luna__seed0,amc12a_2020_p21,validation,prove_theorem_grounded,done,no_verifier_evidence,0,0.02299816,dated billing receipts,False,False,audit/cells/f061ede7cef43224a7c579da495d8cd72763909f22865172cc6e6519810c5475.json
experiments/output/coverage_cycle_20260911/validation/S/configs/imo_1969_p2__validation-S__gpt-5.6-luna__seed0,imo_1969_p2,validation,prove_theorem_grounded,done,other_or_unobserved,7,0.03644872,dated billing receipts,False,False,audit/cells/f08d6681628c723890df96c8cd8afb23788042b324cff76f01cd3d696178eac0.json
experiments/output/ace_contenders_20260910/configs/algebra_others_exirrpowirrrat__validation-reflector-medium__gpt-5.6-luna__seed0,algebra_others_exirrpowirrrat,validation,prove_theorem_grounded,done,no_verifier_evidence,0,0.02535508,dated billing receipts,False,False,audit/cells/f09eb7495c84d8919e7bf1ea82c4bf2e1024620d550bcf1e0e4a9859b48801e1.json
experiments/output/ace_learning_20260914/validation/configs/validation__B__proof__imo_1969_p2__seed1,imo_1969_p2,validation,prove_theorem_grounded,done,unproved_prerequisite,5,0.03652732,dated billing receipts,False,False,audit/cells/f0a28b864941c3c724133d01aa5718853f0f0212ec0dc0f1ef845b990c513748.json
experiments/output/ace_polish_validation/configs/mathd_numbertheory_303__candidate-r64__gpt-5.6-luna__seed1,mathd_numbertheory_303,validation,prove_theorem_grounded,done,other_or_unobserved,7,0.045303239999999995,"cache tokens, current tariff; unrecorded retries unknown",False,False,audit/cells/f0b9f466d0900292a76d12fc5af989bfb2c16cf7106fbb31b443bf19fad58327.json
experiments/output/ace_economy_20260916/validation/configs/validation__agentic__amc12_2001_p21__seed0,amc12_2001_p21,validation,prove_theorem_grounded,done,other_or_unobserved,1,0.01479876,dated billing receipts,False,False,audit/cells/f0eb5f7aaaa66354492d4493d482e488944fb3eb1aa86c79bb8b71f3b11106a0.json
experiments/output/ace_economy_refinement_20260916/final04/configs/validation__agentic_compact__mathd_numbertheory_37__seed0,mathd_numbertheory_37,validation,prove_theorem_grounded,done,unknown_reference,15,0.01755282,dated billing receipts,False,False,audit/cells/f10c16e8b8949136267767603ad417a8a171ad52f6e05f334a52eafda3694c6f.json
experiments/output/ace_capacity_20260912/headroom2/configs/imo_1967_p3__C-level2__gpt-5.6-luna__seed0,imo_1967_p3,train,prove_theorem_grounded,done,incomplete_proof,59,0.09482729999999999,"cache tokens, current tariff; unrecorded retries unknown",False,False,audit/cells/f1175857543619de4281110be01383c4293c4d28c7fd51fbf31b7bc561a67171.json
experiments/output/ace_x_validation_ace_x3_offline_e3_rv3_agentic/configs/mathd_algebra_282__ace-d0d7ce24-core-medium__gpt-5.6-luna__seed0,mathd_algebra_282,validation,prove_theorem_ace,done,incomplete_proof,17,0.03450844000000001,"cache tokens, current tariff; unrecorded retries unknown",False,False,audit/cells/f11ad381e1904cb70c9e6379b966e74d9a7b00f3653a8e53e9d98e4f5d15f48a.json
experiments/output/ace_economy_refinement_20260916/final18/configs/validation__ace_reset_compact__mathd_numbertheory_303__seed0,mathd_numbertheory_303,validation,prove_theorem_grounded,done,unknown_reference,7,0.045891459999999995,dated billing receipts,False,False,audit/cells/f120e92ecddb75c39b4dfa3d4a8089e8dd89804fdf9561434d9ac0579223f9ad.json
experiments/output/x_validation_agentic/configs/imo_1960_p2__core-medium__gpt-5.6-luna__seed0,imo_1960_p2,validation,prove_theorem_agentic,done,arithmetic_or_search,19,0.05441946,"cache tokens, current tariff; unrecorded retries unknown",False,False,audit/cells/f1545dcd965ab21df2731d37e4eff905a87806fa4b6db1ba7aaa72eec04ce88e.json
experiments/output/ace_x_validation_ace_x3_offline_rv2_agentic/configs/mathd_numbertheory_303__ace-1e4aec7d-core-medium__gpt-5.6-luna__seed1,mathd_numbertheory_303,validation,prove_theorem_ace,done,unknown_reference,21,0.09887773999999999,"cache tokens, current tariff; unrecorded retries unknown",False,False,audit/cells/f15e338619bdd7ef6c4c5926a02310d55d62d1783ea882cfd10a8491db0fd5f5.json
experiments/output/ace_adaptation_x3-offline-e3/configs/step84_generator_mathd_algebra_224,mathd_algebra_224,train,prove_theorem_ace,done,unknown_reference,17,0.057111220000000004,"cache tokens, current tariff; unrecorded retries unknown",False,False,audit/cells/f165c55e986f04fe268e333fc59a1890a37bc19de062ddf9afeccab35ab2f6f4.json
experiments/output/ace_revision_20260913/validation/configs/validation__control__proof__induction_prod1p1onk3le3m1onn__seed1,induction_prod1p1onk3le3m1onn,validation,prove_theorem_grounded,done,unknown_reference,10,0.0382287,dated billing receipts,False,False,audit/cells/f1813cd24c46c5ff7d6c6c7bda0df91c1450364615d878d55c0abd791257d055.json
experiments/output/ace_x_validation_agentic/configs/amc12a_2019_p21__ace-1ac8a092-k10-core-medium__gpt-5.6-luna__seed0,amc12a_2019_p21,validation,prove_theorem_ace,done,other_or_unobserved,16,0.04231933999999998,"cache tokens, current tariff; unrecorded retries unknown",False,False,audit/cells/f1a5c4799bba7e551f43bde924b669481ea2593e0634e31ec2625d603b5cb70e.json
experiments/output/x_validation_agentic/configs/mathd_numbertheory_43__core-medium__gpt-5.6-luna__seed0,mathd_numbertheory_43,validation,prove_theorem_agentic,done,unknown_reference,15,0.04030548,"cache tokens, current tariff; unrecorded retries unknown",False,False,audit/cells/f1ba500257042e91ae230c97650047f54dc865ea6ce6f39392ec82ee6397ed7d.json
experiments/output/ace_mechanisms_20260910/training/configs/imo_1963_p5__training-S__gpt-5.6-luna__seed0,imo_1963_p5,train,prove_theorem_grounded,done,syntax,9,0.02632756,dated billing receipts,False,False,audit/cells/f1e0b9e78c31288a457c7c953e70b9ed7ec11995aa085f2ec8f6b6b1af8c2718.json
experiments/output/ace_x_validation_agentic/configs/amc12a_2019_p21__ace-d56da056-core-medium__gpt-5.6-luna__seed1,amc12a_2019_p21,validation,prove_theorem_ace,done,unproved_prerequisite,15,0.04132419999999999,"cache tokens, current tariff; unrecorded retries unknown",False,False,audit/cells/f1f057e9d8c702ad2d5e452de7f5ad43094bce04d45090d962fe0ab4287f50fd.json
experiments/output/ace_economy_refinement_20260916/final09/configs/validation__ace_compact__amc12a_2020_p21__seed1,amc12a_2020_p21,validation,prove_theorem_grounded,done,incomplete_proof,27,0.02903496,dated billing receipts,False,False,audit/cells/f1f5b5c214110ddba89e5a087bde86eda8eccad53b419074f74c2a788f64276b.json
experiments/output/ace_models_20260910/proof/configs/imo_1968_p5_1__selection-xhigh-3bfe5109dc462e8c__gpt-5.6-luna__seed0,imo_1968_p5_1,train,prove_theorem_grounded,done,no_verifier_evidence,0,0.02782266,dated billing receipts,False,False,audit/cells/f1f8e813b8ee6674a92239c024b92a5003c15716e9ed2076048d2a28c5e61008.json
experiments/output/ace_contenders_20260910/configs/aime_1991_p6__validation-reflector-medium__gpt-5.6-luna__seed0,aime_1991_p6,validation,prove_theorem_grounded,done,other_or_unobserved,1,0.03052616,dated billing receipts,False,False,audit/cells/f20cb41786ef79cc12ed73460b5b107bb1efda289b5d46a471ee22de3d8bf76d.json
experiments/output/ace_economy_session_20260916/validation/configs/validation__agentic_session__amc12a_2020_p21__seed1,amc12a_2020_p21,validation,prove_theorem_grounded,done,incomplete_proof,20,0.035160659999999996,dated billing receipts,False,False,audit/cells/f21eaa59b46ca6d8666401c3b9b90f54e8e60b72d45ea6c47f0c289b23370cc5.json
experiments/output/ace_learning_20260914/validation/configs/validation__B__proof__amc12_2001_p21__seed0,amc12_2001_p21,validation,prove_theorem_grounded,done,other_or_unobserved,11,0.028674739999999997,dated billing receipts,False,False,audit/cells/f2291fea17d3a184413c3f493125568175d4e0857830b0e18ac9da369b3bd299.json
experiments/output/ace_mechanisms_20260910/validation/configs/mathd_numbertheory_405__validation-E__gpt-5.6-luna__seed1,mathd_numbertheory_405,validation,prove_theorem_grounded,done,syntax,2,0.03497136,dated billing receipts,False,False,audit/cells/f256c2d6b23b2d1e410d6337902bf5bcd7fa140b113760bc47f6f422e370ace9.json
experiments/output/ace_x_validation_ace_x3_strong_rv3_agentic/configs/aime_1991_p6__ace-b596e7df-core-medium__gpt-5.6-luna__seed0,aime_1991_p6,validation,prove_theorem_ace,done,incomplete_proof,24,0.05807757999999998,"cache tokens, current tariff; unrecorded retries unknown",False,False,audit/cells/f25e42d134e64d1308f01428f2eedd277d27bd117afc578342131237ef09c179.json
experiments/output/ace_models_20260910/proof/configs/amc12b_2002_p11__prover-xhigh-1e4aec7dbbe80e7a__gpt-5.6-luna__seed0,amc12b_2002_p11,train,prove_theorem_grounded,done,other_or_unobserved,1,0.03277644,dated billing receipts,False,False,audit/cells/f2728b59680fa3460ab1d038e98a4fff6004f88be959b1a5ed66b0c221adf2ad.json
experiments/output/ace_economy_refinement_20260916/final00/configs/validation__ace__mathd_algebra_282__seed1,mathd_algebra_282,validation,prove_theorem_grounded,done,incomplete_proof,16,0.0307129,dated billing receipts,False,False,audit/cells/f2960e9e24bcc9044c6229fb3f9e77df51758521422b15d187d53d19391c0e09.json
experiments/output/ace_economy_refinement_20260916/final06/configs/validation__ace_reset_compact__imo_1969_p2__seed0,imo_1969_p2,validation,prove_theorem_grounded,done,unknown_reference,8,0.042165839999999996,dated billing receipts,False,False,audit/cells/f2a23b618e5bf521280e4176cf11da80df45f335d6569f714ea021460e376647.json
experiments/output/ace_models_20260910/proof/configs/mathd_algebra_185__prover-xhigh-c58062708d40c581__gpt-5.6-luna__seed0,mathd_algebra_185,train,prove_theorem_grounded,done,incomplete_proof,2,0.03037854,dated billing receipts,False,False,audit/cells/f2ab4add1d976f2e28af679580276a36a5d8c20f48fc71cd297ba07825f06c99.json
experiments/output/ace_sanitized_20260917/pilots/configs/pilots__book__proof__mathd_algebra_224__seed0,mathd_algebra_224,train,prove_theorem_grounded,done,other_or_unobserved,8,0.0395132,dated billing receipts,False,False,audit/cells/f2ab646450ab4e59c8698484638ec11f2cc5b423a56b381449690188ff5cd9da.json
experiments/output/ace_x_validation_ace_digest_table_rv2_agentic/configs/mathd_numbertheory_303__ace-ca62b40b-core-medium__gpt-5.6-luna__seed0,mathd_numbertheory_303,validation,prove_theorem_ace,done,unknown_reference,7,0.033084899999999993,"cache tokens, current tariff; unrecorded retries unknown",False,False,audit/cells/f2d3ab9685e83c816189d5a8edec06d5e4f0f6ecfba3bb8cdd5a4f04768d2783.json
experiments/output/ace_polish_pilots/configs/mathd_algebra_185__output_recovery-off-r64__gpt-5.6-luna__seed0,mathd_algebra_185,train,prove_theorem_grounded,done,arithmetic_or_search,13,0.04048604,"cache tokens, current tariff; unrecorded retries unknown",False,False,audit/cells/f309af3a3682edfff756b8d0db1b9ba95709144f485c67df65b2d7dc405b891d.json
experiments/output/ace_revision_20260913/validation/configs/validation__control__proof__aime_1991_p6__seed1,aime_1991_p6,validation,prove_theorem_grounded,done,unproved_prerequisite,3,0.03684444,dated billing receipts,False,False,audit/cells/f31576ddf4fd8a10fdee5e8b4949344fe70862aa8b97a2ce03580f77a85e615e.json
experiments/output/ace_capacity_20260912/mechanisms/configs/imo_1967_p3__D-level0__gpt-5.6-luna__seed0,imo_1967_p3,train,prove_theorem_grounded,done,incomplete_proof,7,0.025692219999999995,"cache tokens, current tariff; unrecorded retries unknown",False,False,audit/cells/f32b8f5ecd85d07c7c92e3e774392113491562e1cdba1258ab462f20e48038a0.json
experiments/output/ace_x_validation_agentic/configs/algebra_others_exirrpowirrrat__ace-1ac8a092-k10-core-medium__gpt-5.6-luna__seed1,algebra_others_exirrpowirrrat,validation,prove_theorem_ace,done,other_or_unobserved,7,0.02855288,"cache tokens, current tariff; unrecorded retries unknown",False,False,audit/cells/f357910a75908056c9adb69215ea96f76ad28b7a9ab0adeb08a41a3c3a872484.json
experiments/output/ace_online_x-online-s1_agentic/configs/algebra_others_exirrpowirrrat__ace-513aa426-core-medium__gpt-5.6-luna__seed1,algebra_others_exirrpowirrrat,validation,prove_theorem_ace,done,unknown_reference,5,0.021223939999999997,"cache tokens, current tariff; unrecorded retries unknown",False,False,audit/cells/f35fa22a62c893c9d4a6d1c87f8b6f4a13cfbefbc45e8635c76e767177856831.json
experiments/output/ace_contenders_20260910/configs/mathd_algebra_282__validation-reflector-xhigh__gpt-5.6-luna__seed0,mathd_algebra_282,validation,prove_theorem_grounded,done,no_verifier_evidence,0,0.02160038,dated billing receipts,False,False,audit/cells/f373e14201e8115bbfd1ab810c7f8f5a2618fa7cdb34740fb384ead76cf61ec6.json
experiments/output/ace_x_validation_ace_x3_noreflect_rv3_agentic/configs/mathd_numbertheory_37__ace-ce233fe0-core-medium__gpt-5.6-luna__seed1,mathd_numbertheory_37,validation,prove_theorem_ace,done,other_or_unobserved,22,0.039364939999999994,"cache tokens, current tariff; unrecorded retries unknown",False,False,audit/cells/f3778e87cd1a20211b5ad2d2417575d8034afdf776b85b144edab38f00d8e0e8.json
experiments/output/ace_sanitized_20260917/validation/configs/validation__agentic__proof__mathd_numbertheory_37__seed0,mathd_numbertheory_37,validation,prove_theorem_grounded,done,other_or_unobserved,14,0.01584984,dated billing receipts,False,False,audit/cells/f3a77baf72050d0cffb13866be02f76df019f5e09e0d1dd01e8146ab6a0e0929.json
experiments/output/ace_contenders_20260910/configs/imo_1983_p6__training-reflector-medium__gpt-5.6-luna__seed0,imo_1983_p6,train,prove_theorem_grounded,done,syntax,1,0.03300446,dated billing receipts,False,False,audit/cells/f3bcf4443a7f3d77001facfa8e9eaec3a8e944671495c4ab98c0a0680bc0d2a7.json
experiments/output/ace_revision_20260913/validation/configs/validation__candidate__proof__mathd_algebra_282__seed1,mathd_algebra_282,validation,prove_theorem_grounded,done,incomplete_proof,5,0.03021478,dated billing receipts,False,False,audit/cells/f3c6d150353099e32f24f98a74046445619342cdbd178bc8780860952c421b66.json
experiments/output/ace_sanitized_20260917/validation/configs/validation__ace_coverage__proof__mathd_algebra_282__seed1,mathd_algebra_282,validation,prove_theorem_grounded,done,incomplete_proof,21,0.04913518,dated billing receipts,False,False,audit/cells/f4007e70c2aafe89e64684741398b82936bed4633640a05e7ecaf9bfeef717fb.json
experiments/output/ace_x_validation_ace_x4_offline_rv3_agentic/configs/imo_1969_p2__ace-f1dd5c3a-core-medium__gpt-5.6-luna__seed1,imo_1969_p2,validation,prove_theorem_ace,done,incomplete_proof,20,0.042902539999999996,"cache tokens, current tariff; unrecorded retries unknown",False,False,audit/cells/f400d308392534ddca9de70fe6be4ab22e8ed5a52c331395190e1e23b3f35fdd.json
experiments/output/ace_control_cycle_training/configs/imo_1967_p3__trained-r64__gpt-5.6-luna__seed0,imo_1967_p3,train,prove_theorem_grounded,done,other_or_unobserved,11,0.0686805,"cache tokens, current tariff; unrecorded retries unknown",False,False,audit/cells/f40a3c384b7f46363268c1c3dea4a68fafed1108de635452856d0e6ff8244ca3.json
experiments/output/ace_adaptation_x-offline-e3/configs/step108_curator_aime_1988_p8,aime_1988_p8,train,,failed,platform_failure,0,0.0,"cache tokens, current tariff; unrecorded retries unknown",False,False,audit/cells/f40eb1446a6e3fc5df6098bd9ab31e8810823f0cd8f3fefa944a629798187e18.json
experiments/output/ace_economy_budget_20260916/validation/configs/validation__agentic__mathd_numbertheory_37__seed0,mathd_numbertheory_37,validation,prove_theorem_grounded,done,arithmetic_or_search,13,0.025146059999999998,dated billing receipts,False,False,audit/cells/f44611a7edd631d8a91084e2e9668f86ac482c95c7c9f668d031b82a2c1dd250.json
experiments/output/ace_sanitized_20260917/validation/configs/validation__ace_coverage__proof__amc12a_2020_p21__seed0,amc12a_2020_p21,validation,prove_theorem_grounded,done,other_or_unobserved,15,0.06563924,dated billing receipts,False,False,audit/cells/f457c3445d8d4aa5a5e35aae88bc9aae5878df47ddd3f46682e5138a784e8067.json
experiments/output/ace_snippets_20260913/validation/configs/snippets-v1__amc12a_2016_p3__validation-A__seed0,amc12a_2016_p3,validation,prove_theorem_grounded,done,syntax,12,0.041353720000000004,"cache tokens, current tariff; unrecorded retries unknown",False,False,audit/cells/f476b68337e5b249cb9a153a037213521423019d4efcc522dc9f9f523708a2b9.json
experiments/output/ace_sanitized_20260917/validation/configs/validation__ace_coverage__proof__aime_1991_p6__seed0,aime_1991_p6,validation,prove_theorem_grounded,done,other_or_unobserved,6,0.05974276,dated billing receipts,False,False,audit/cells/f48cd2efced74e13f3ab8a1760aafe331c0a53e4979de9f5578733d14a8f5340.json
experiments/output/ace_models_20260910/proof/configs/mathd_algebra_185__prover-xhigh-345f1ee0202d55e3__gpt-5.6-luna__seed0,mathd_algebra_185,train,prove_theorem_grounded,done,syntax,1,0.031668,dated billing receipts,False,False,audit/cells/f499bc9661dea93def7e1aa3cf12694349c1657462bae076213e041f26c01709.json
experiments/output/ace_contenders_20260910/configs/mathd_numbertheory_530__validation-reflector-xhigh__gpt-5.6-luna__seed0,mathd_numbertheory_530,validation,prove_theorem_grounded,done,no_verifier_evidence,0,0.02476138,dated billing receipts,False,False,audit/cells/f49e15ecf0d9647120ad0d794d87e9cb80fb866e3b5c5ba5e9d8cbb097c8019f.json
experiments/output/ace_mechanisms_20260910/training/configs/mathd_algebra_185__training-R__gpt-5.6-luna__seed0,mathd_algebra_185,train,prove_theorem_grounded,done,arithmetic_or_search,7,0.01981164,dated billing receipts,False,False,audit/cells/f4e088ecb68dca49d5c6f5e66d971069eb77ac4d35fbeb32862a3879bde70b4f.json
experiments/output/ace_economy_budget_20260916/validation/configs/validation__agentic__algebra_others_exirrpowirrrat__seed0,algebra_others_exirrpowirrrat,validation,prove_theorem_grounded,done,other_or_unobserved,22,0.12697122,dated billing receipts,False,False,audit/cells/f4e97c1e1119dfd2d5bde27f6cefaabc03ea5775cf5323eedbce027273910a94.json
experiments/output/ace_x_validation_agentic/configs/mathd_numbertheory_37__ace-1ac8a092-core-medium__gpt-5.6-luna__seed0,mathd_numbertheory_37,validation,prove_theorem_ace,done,other_or_unobserved,18,0.03109416,"cache tokens, current tariff; unrecorded retries unknown",False,False,audit/cells/f4f30eb780af0f921ca97747a135bbe13f440b02e2da0b40d69ca0c7a49c619b.json
experiments/output/ace_review_development/configs/imo_1984_p6__repair1-r64__gpt-5.6-luna__seed1,imo_1984_p6,validation,prove_theorem_ace,done,incomplete_proof,47,0.07820276000000001,"cache tokens, current tariff; unrecorded retries unknown",False,False,audit/cells/f4ff2ae1f0a401ef82d88c49187654ba357226ae1e7f1cd7f7829c3e212e0287.json
experiments/output/ace_review_development/configs/mathd_algebra_282__repair1-r64__gpt-5.6-luna__seed0,mathd_algebra_282,validation,prove_theorem_ace,done,incomplete_proof,50,0.05586328,"cache tokens, current tariff; unrecorded retries unknown",False,False,audit/cells/f546b70fc839c690c3e9042b20e399c396a85be1362028104a875f9958be1e48.json
experiments/output/ace_x_validation_agentic/configs/imo_1984_p6__ace-d56da056-core-medium__gpt-5.6-luna__seed1,imo_1984_p6,validation,prove_theorem_ace,done,incomplete_proof,21,0.026855880000000002,"cache tokens, current tariff; unrecorded retries unknown",False,False,audit/cells/f552a33e44958f2757cebe4e8cf9976c3a4f7f0ec4c3b97a73f5c3d635e53493.json
experiments/output/ace_adaptation_x-offline-e3/configs/step113_curator_mathd_numbertheory_458,mathd_numbertheory_458,train,,failed,platform_failure,0,0.0,"cache tokens, current tariff; unrecorded retries unknown",False,False,audit/cells/f55bfe6896746abe017662480f206ce2a443381c7ef9cac2950d950375b271c8.json
experiments/output/ace_models_20260910/proof/configs/mathd_numbertheory_221__prover-xhigh-c58062708d40c581__gpt-5.6-luna__seed0,mathd_numbertheory_221,train,prove_theorem_grounded,done,other_or_unobserved,3,0.0274691,dated billing receipts,False,False,audit/cells/f562696d7ceb6a36b0db2059c40e0cf7381af7757c476812d3aa37af669d9dfe.json
experiments/output/ace_online_x-online-warm-s0_agentic/configs/amc12a_2019_p21__ace-0f82e02c-core-medium__gpt-5.6-luna__seed0,amc12a_2019_p21,validation,prove_theorem_ace,done,other_or_unobserved,20,0.06470446,"cache tokens, current tariff; unrecorded retries unknown",False,False,audit/cells/f59c4405be3c1fb5e147d8ca825e9e56f0d1552431073974860e049257f95d01.json
experiments/output/ace_x_validation_ace_x3_strong_rv3_agentic/configs/mathd_numbertheory_43__ace-b596e7df-core-medium__gpt-5.6-luna__seed0,mathd_numbertheory_43,validation,prove_theorem_ace,done,other_or_unobserved,19,0.04201045999999999,"cache tokens, current tariff; unrecorded retries unknown",False,False,audit/cells/f5c9a07f0e36ae80eefde8c5ac393bc89ff99c927aa6b2b327969402d363129d.json
experiments/output/ace_roles_20260913/validation/configs/validation__candidate__proof__mathd_numbertheory_303__seed1,mathd_numbertheory_303,validation,,missing,other_or_unobserved,1,0.07024388,dated billing receipts,True,False,audit/cells/f5d607e25eac02c5d99eed7fd5bb451d0ec381330ff9ee674b16ddc1b85776a0.json
experiments/output/ace_x_validation_ace_x3_offline_rv2_agentic/configs/imo_1984_p6__ace-1e4aec7d-core-medium__gpt-5.6-luna__seed1,imo_1984_p6,validation,prove_theorem_ace,done,incomplete_proof,28,0.03137548,"cache tokens, current tariff; unrecorded retries unknown",False,False,audit/cells/f6008f47e9c1002a476793e8515cc780080913e4fc44dce7e26aa54b52f97468.json
experiments/output/ace_sanitized_20260917/validation/configs/validation__agentic__proof__mathd_numbertheory_43__seed0,mathd_numbertheory_43,validation,prove_theorem_grounded,done,other_or_unobserved,6,0.01584698,dated billing receipts,False,False,audit/cells/f60cc09ec90dfb2a31a9b9a31b389e23b85fcc4bdc5358536567c0e1c45e2d8e.json
experiments/output/ace_economy_refinement_20260916/final00/configs/validation__ace__algebra_others_exirrpowirrrat__seed0,algebra_others_exirrpowirrrat,validation,prove_theorem_grounded,done,syntax,6,0.03641908,dated billing receipts,False,False,audit/cells/f6b0c484abeb6b4277dfa10b82cf196f06ee7724f3cd0229b57e7bf2ab313880.json
experiments/output/ace_learning_20260914/validation/configs/validation__B__proof__mathd_algebra_282__seed0,mathd_algebra_282,validation,prove_theorem_grounded,done,incomplete_proof,16,0.0307834,dated billing receipts,False,False,audit/cells/f6bfdb86c85a4398746e8e2c802249ac0609d56e68b7a173d1c80b06268287ad.json
experiments/output/ace_roles_20260913/training/configs/training__candidate__proof__amc12a_2020_p13__seed0,amc12a_2020_p13,train,prove_theorem_grounded,done,syntax,7,0.0373151,dated billing receipts,False,False,audit/cells/f6e044e81d87c6ae167cd981bc3e6693ba4fe1359a3f2f45b974144112add74a.json
experiments/output/ace_capacity_20260912/headroom2/configs/imo_1967_p3__C-level2__gpt-5.6-terra__seed0,imo_1967_p3,train,prove_theorem_grounded,done,incomplete_proof,61,1.0324565999999997,"cache tokens, current tariff; unrecorded retries unknown",False,False,audit/cells/f70217efd23b2810250ce35a9a6a48bb5e189c4b3c3034a6b576e07a344136df.json
experiments/output/ace_polish_training/configs/amc12a_2020_p13__candidate-r64__gpt-5.6-luna__seed0,amc12a_2020_p13,train,prove_theorem_grounded,done,other_or_unobserved,8,0.04212031999999999,"cache tokens, current tariff; unrecorded retries unknown",False,False,audit/cells/f72bbbebd81ebd073a7a71bbf5b1616db4728e1371bee8a189aac907c07e3a73.json
experiments/output/ace_online_x-online-s0_agentic/configs/mathd_numbertheory_37__ace-3d10b512-core-medium__gpt-5.6-luna__seed0,mathd_numbertheory_37,validation,prove_theorem_ace,done,arithmetic_or_search,12,0.07578665999999998,"cache tokens, current tariff; unrecorded retries unknown",False,False,audit/cells/f742c8815d6ded90a525b0895b52119304c9a9baeef22d6f020d35553a364aee.json
experiments/output/ace_mechanisms_20260910/validation/configs/amc12_2001_p21__validation-E__gpt-5.6-luna__seed0,amc12_2001_p21,validation,prove_theorem_grounded,done,other_or_unobserved,1,0.028120779999999998,dated billing receipts,False,False,audit/cells/f74ad6d4b63220303041d4b122df699d29a724c9a4949ea7063d65badb7a1fdc.json
experiments/output/ace_x_validation_ace_x3_mono_rv3_agentic/configs/mathd_numbertheory_37__ace-0e162d51-core-medium__gpt-5.6-luna__seed1,mathd_numbertheory_37,validation,prove_theorem_ace,done,other_or_unobserved,19,0.10419468,"cache tokens, current tariff; unrecorded retries unknown",False,False,audit/cells/f7643d1ebb991e21a5eaa60f13690ce5077a0de75224b61d3d856bb5569eef12.json
experiments/output/ace_economy_20260916/validation/configs/validation__views__aime_1984_p7__seed0,aime_1984_p7,validation,prove_theorem_grounded,done,other_or_unobserved,15,0.0385801,dated billing receipts,False,False,audit/cells/f77eae13c70fe1b043abb2ea6c320aabab7954af70e682356cfaeaf1b2b8bdc8.json
experiments/output/ace_sanitized_20260917/validation/configs/validation__ace_coverage__proof__mathd_numbertheory_37__seed0,mathd_numbertheory_37,validation,prove_theorem_grounded,done,arithmetic_or_search,14,0.0278214,dated billing receipts,False,False,audit/cells/f781a394f7becc1f9c9130b580faae66721d846c3ec02cd66b6c82a752325e50.json
experiments/output/ace_polish_validation/configs/mathd_numbertheory_37__reference-r64__gpt-5.6-luna__seed0,mathd_numbertheory_37,validation,prove_theorem_grounded,done,other_or_unobserved,16,0.01892836,"cache tokens, current tariff; unrecorded retries unknown",False,False,audit/cells/f78d86ba21fb189b81d413a15574786398808ec783b88897c88687ca099bb3a3.json
experiments/output/ace_polish_validation/configs/imo_1984_p6__candidate-r64__gpt-5.6-luna__seed1,imo_1984_p6,validation,prove_theorem_grounded,done,other_or_unobserved,10,0.031431419999999995,"cache tokens, current tariff; unrecorded retries unknown",False,False,audit/cells/f797cfa72eac4893babf8283f5c7890f6cd8d7407e1710ecac3f69495474b170.json
experiments/output/ace_review_development/configs/mathd_algebra_282__x3-r64__gpt-5.6-luna__seed0,mathd_algebra_282,validation,prove_theorem_ace,done,incomplete_proof,42,0.04663526,"cache tokens, current tariff; unrecorded retries unknown",False,False,audit/cells/f7a7f73ed6cc64871a9c6d155b618a6c920cd3cdbcdd95d6c3c20fa804edf359.json
experiments/output/ace_roles_20260913/training/configs/training__candidate__proof__induction_pord1p1on2powklt5on2__seed0,induction_pord1p1on2powklt5on2,train,prove_theorem_grounded,done,syntax,10,0.0379283,dated billing receipts,False,False,audit/cells/f7f94190cb80a57d9923e56674105451c0ac50c6abd0d58eae418bbe46992542.json
experiments/output/ace_economy_20260916/validation/configs/validation__agentic__amc12_2000_p12__seed0,amc12_2000_p12,validation,prove_theorem_grounded,done,incomplete_proof,15,0.04227646,dated billing receipts,False,False,audit/cells/f800726ed9dc7cee139ff3a6acb939a300401e81bd358ea9a8ccf91bfe8bec66.json
experiments/output/ace_review_development/configs/mathd_numbertheory_43__repair1-r64__gpt-5.6-luna__seed0,mathd_numbertheory_43,validation,prove_theorem_ace,done,incomplete_proof,44,0.06643519999999999,"cache tokens, current tariff; unrecorded retries unknown",False,False,audit/cells/f85d0a41479589a10eeff2d1d97f3d62cc9e85f748ca2f5265cb57d10bee7f2c.json
experiments/output/ace_adaptation_x-online-warm-s0/configs/step33_curator_mathd_algebra_421,mathd_algebra_421,validation,,failed,platform_failure,0,0.0,"cache tokens, current tariff; unrecorded retries unknown",False,False,audit/cells/f861c76d215eb2c4b692faae0f95d76d48ba98c6a05027e4d5f5a4856da33f43.json
experiments/output/x_train_agentic/configs/amc12b_2002_p11__core-medium__gpt-5.6-luna__seed0,amc12b_2002_p11,train,prove_theorem_agentic,done,unknown_reference,16,0.06023746,"cache tokens, current tariff; unrecorded retries unknown",False,False,audit/cells/f875102e0eb31eb63736d580c241b84a5fe58decd8eb2603d6641a6c276de180.json
experiments/output/ace_economy_session_20260916/validation/configs/validation__agentic_session__mathd_numbertheory_530__seed0,mathd_numbertheory_530,validation,prove_theorem_grounded,done,unknown_reference,7,0.0399104,dated billing receipts,False,False,audit/cells/f8798f8f3f42ef3ebdb73876396da378032ec2ecc2297a009d2574543d3f4e03.json
experiments/output/ace_x_validation_ace_x5_offline_rv2_agentic/configs/amc12a_2020_p21__ace-fc7b45d4-core-medium__gpt-5.6-luna__seed0,amc12a_2020_p21,validation,prove_theorem_ace,done,arithmetic_or_search,16,0.03800575999999999,"cache tokens, current tariff; unrecorded retries unknown",False,False,audit/cells/f88369e1217608b6103059887473d418ca54847e48ebc151eb5b1f3c9f802ac5.json
experiments/output/coverage_cycle_20260911/validation/S/configs/mathd_numbertheory_43__validation-S__gpt-5.6-luna__seed0,mathd_numbertheory_43,validation,prove_theorem_grounded,done,other_or_unobserved,12,0.029163059999999998,dated billing receipts,False,False,audit/cells/f88b4b7afdbffe2244c00448a2295ed0df8a94a6a578bb55269796fdb80368e0.json
experiments/output/ace_economy_refinement_20260916/final17/configs/validation__agentic_compact__imo_1964_p2__seed0,imo_1964_p2,validation,prove_theorem_grounded,done,unknown_reference,16,0.040948439999999996,dated billing receipts,False,False,audit/cells/f8c9d1509a9116bcb8fd39a798aac94292ab51dd260867fc08091ce651db988a.json
experiments/output/ace_sanitized_20260917/validation/configs/validation__agentic__proof__mathd_numbertheory_530__seed0,mathd_numbertheory_530,validation,prove_theorem_grounded,done,other_or_unobserved,6,0.03862878,dated billing receipts,False,False,audit/cells/f8ec81ebaf45c2850c6ab2119434937867d947be52b44b67034ee614cfee45bd.json
experiments/output/ace_x_validation_ace_x4_offline_rv3_agentic/configs/mathd_numbertheory_303__ace-f1dd5c3a-core-medium__gpt-5.6-luna__seed0,mathd_numbertheory_303,validation,prove_theorem_ace,done,unknown_reference,8,0.03995115999999999,"cache tokens, current tariff; unrecorded retries unknown",False,False,audit/cells/f9102bdf5e270ad0bb062e0eaba58fa21699eb4cbb7b25dff2d6d285dae0efe8.json
experiments/output/coverage_cycle_20260911/training/S/configs/aime_1984_p1__training-S__gpt-5.6-luna__seed0,aime_1984_p1,train,prove_theorem_grounded,done,unproved_prerequisite,9,0.04102394,dated billing receipts,False,False,audit/cells/f92d10497708108e574d90e419ed9f1b382c18f6e4824d1251d2dea39733345e.json
experiments/output/ace_capacity_20260912/cross/configs/mathd_numbertheory_64__cross-level0__gpt-5.6-luna__seed0,mathd_numbertheory_64,validation,prove_theorem_grounded,done,unproved_prerequisite,15,0.03406324000000001,"cache tokens, current tariff; unrecorded retries unknown",False,False,audit/cells/f9313564f5ad7409a7c39536eba581af94ba24cecbdad11561759a2ec32e78f5.json
experiments/output/ace_economy_refinement_20260916/final05/configs/validation__ace_compact__mathd_numbertheory_43__seed1,mathd_numbertheory_43,validation,prove_theorem_grounded,done,other_or_unobserved,11,0.040096839999999995,dated billing receipts,False,False,audit/cells/f976f8eba2251f4e2637377ff6de48a4233d48282211559951507e936ab31c27.json
experiments/output/ace_sanitized_20260917/pilots/configs/pilots__drop__proof__mathd_algebra_224__seed0,mathd_algebra_224,train,prove_theorem_grounded,done,other_or_unobserved,12,0.041615479999999996,dated billing receipts,False,False,audit/cells/f978a3f021911b4b320bceac1e10b26a68e62355b678b7bf654eb5b30adfb894.json
experiments/output/ace_x_validation_ace_x3_strong_rv3_agentic/configs/imo_1984_p6__ace-b596e7df-core-medium__gpt-5.6-luna__seed0,imo_1984_p6,validation,prove_theorem_ace,done,incomplete_proof,24,0.02767486,"cache tokens, current tariff; unrecorded retries unknown",False,False,audit/cells/f9d0892e44d8136c74bd28db9f2675919f4aafe8660f416bd9fdc97e2778a53d.json
experiments/output/ace_revision_20260913/validation/configs/validation__control__proof__mathd_numbertheory_530__seed0,mathd_numbertheory_530,validation,prove_theorem_grounded,done,other_or_unobserved,7,0.03703856,dated billing receipts,False,False,audit/cells/fa047e03645b0beccb20548167c0a0e0a9b6c9ccdbe330e10a18f690a09cae82.json
experiments/output/ace_online_x4-online-s0_agentic/configs/aime_1984_p7__ace-9a073165-core-medium__gpt-5.6-luna__seed0,aime_1984_p7,validation,prove_theorem_ace,done,arithmetic_or_search,16,0.10278787999999997,"cache tokens, current tariff; unrecorded retries unknown",False,False,audit/cells/fa1158b90e7998252424032df32aa57e7dcf7c7aa5d2e99da061157fe3fb0b0c.json
experiments/output/ace_roles_20260913/training/configs/training__candidate__proof__imo_1983_p6__seed0,imo_1983_p6,train,prove_theorem_grounded,done,syntax,11,0.03874698,dated billing receipts,False,False,audit/cells/fa18188c0c49b96e08807bf4dcff8c02a27c0b693bc7087b574a9ed50a75a17b.json
experiments/output/ace_sanitized_20260917/validation/configs/validation__agentic__proof__aime_1991_p6__seed0,aime_1991_p6,validation,prove_theorem_grounded,done,arithmetic_or_search,5,0.04548894,dated billing receipts,False,False,audit/cells/fa3690947cec9b680c7eb139472d8070380e07d3f6b4814d875c961611a1fa3a.json
experiments/output/ace_economy_20260916/validation/configs/validation__budget__aime_1984_p7__seed0,aime_1984_p7,validation,prove_theorem_grounded,done,other_or_unobserved,19,0.12328753999999999,dated billing receipts,False,False,audit/cells/fa495fc7f8ffbb1f217df399d02f9c4a80b02bd46541fcfba5b150d151f68412.json
experiments/output/ace_review_development/configs/aime_1991_p6__repair1-r64__gpt-5.6-luna__seed1,aime_1991_p6,validation,prove_theorem_ace,done,incomplete_proof,50,0.11490230000000001,"cache tokens, current tariff; unrecorded retries unknown",False,False,audit/cells/fab34b1fa2827f458ad5e92602e7150bea4917b6396858a1dbe06be0aee86ab8.json
experiments/output/ace_capacity_20260912/mechanisms/configs/algebra_amgm_sum1toneqn_prod1tonleq1__E-level0__gpt-5.6-terra__seed0,algebra_amgm_sum1toneqn_prod1tonleq1,train,prove_theorem_grounded,done,other_or_unobserved,6,0.4150468,"cache tokens, current tariff; unrecorded retries unknown",False,False,audit/cells/fac5017057daeb28d9f5d07043a5fc178f80b5b2216bac76d4fe875495bbeec6.json
experiments/output/ace_review_development/configs/mathd_numbertheory_43__baseline-r64__gpt-5.6-luna__seed0,mathd_numbertheory_43,validation,prove_theorem_agentic,done,syntax,48,0.09429589999999999,"cache tokens, current tariff; unrecorded retries unknown",False,False,audit/cells/facf79989be32f27220156b491da4ef865e691af3880e0f1854971eb848f9755.json
experiments/output/ace_polish_validation/configs/mathd_algebra_282__reference-r64__gpt-5.6-luna__seed1,mathd_algebra_282,validation,prove_theorem_grounded,done,incomplete_proof,9,0.033549619999999995,"cache tokens, current tariff; unrecorded retries unknown",False,False,audit/cells/fad00bf55241e12ae1197cbd80bfb99b9bbeb7c52dc35a254942d03703be0d49.json
experiments/output/ace_models_20260910/proof/configs/mathd_algebra_185__prover-xhigh-f6dd4886ff6a140b__gpt-5.6-luna__seed0,mathd_algebra_185,train,prove_theorem_grounded,done,no_verifier_evidence,0,0.025086419999999998,dated billing receipts,False,False,audit/cells/fad24f41660a78df3f8e43c141bf0b8005a1bb5500e2f9e9f1214b7182accc72.json
experiments/output/ace_sanitized_20260917/pilots/configs/pilots__output__proof__mathd_algebra_224__seed0,mathd_algebra_224,train,prove_theorem_grounded,done,unknown_reference,13,0.06174072,dated billing receipts,False,False,audit/cells/fae1d92b9259c855db50cf4d8b2c575cfbff96d8372208a14c3b1ce3cdda7349.json
experiments/output/ace_x_validation_agentic/configs/mathd_numbertheory_303__ace-d56da056-core-medium__gpt-5.6-luna__seed0,mathd_numbertheory_303,validation,prove_theorem_ace,done,arithmetic_or_search,16,0.07406858,"cache tokens, current tariff; unrecorded retries unknown",False,False,audit/cells/faf21cb3a3ad222359b74e95bc1c312c972fe37c1826c67184693004ca9aa113.json
experiments/output/ace_online_x3-online-s0_agentic/configs/aime_1991_p6__ace-54743ecc-core-medium__gpt-5.6-luna__seed0,aime_1991_p6,validation,prove_theorem_ace,done,incomplete_proof,21,0.023182340000000003,"cache tokens, current tariff; unrecorded retries unknown",False,False,audit/cells/fb128f7662b7407bdfe00488747f7a571d7e1426842d82b90ef0078efc1ecfa0.json
experiments/output/ace_roles_20260913/validation/configs/validation__candidate__proof__amc12a_2019_p21__seed0,amc12a_2019_p21,validation,,missing,no_verifier_evidence,0,0.0021246,dated billing receipts,False,False,audit/cells/fb221db7ae043508cca4d2a50908a84c6fd5dd57aadb1ad8d13f4d43cd7819e1.json
experiments/output/ace_online_x3-online-s1_agentic/configs/imo_1984_p6__ace-dc127122-core-medium__gpt-5.6-luna__seed1,imo_1984_p6,validation,prove_theorem_ace,done,incomplete_proof,20,0.035421320000000006,"cache tokens, current tariff; unrecorded retries unknown",False,False,audit/cells/fb2638fe1d7b51f269f350e4feae59d834742495e43d9f8fd708ed80baff9f00.json
experiments/output/ace_sanitized_20260917/validation/configs/validation__agentic__proof__imo_1969_p2__seed0,imo_1969_p2,validation,prove_theorem_grounded,done,unknown_reference,8,0.03911638,dated billing receipts,False,False,audit/cells/fb376d04a54367a9833380cdc67a87b2861699c943085b4953b77cd8efd233cf.json
experiments/output/ace_adaptation_x3-offline/configs/step39_generator_imo_1967_p3,imo_1967_p3,train,prove_theorem_ace,done,verifier_resource,23,0.054913479999999994,"cache tokens, current tariff; unrecorded retries unknown",False,False,audit/cells/fb5cd1279338cdfa7a070071dacad267d290a234538032b854d67f28d651513d.json
experiments/output/ace_online_x-online-s0_agentic/configs/amc12a_2019_p21__ace-cfc43e94-core-medium__gpt-5.6-luna__seed0,amc12a_2019_p21,validation,prove_theorem_ace,done,other_or_unobserved,17,0.11376098,"cache tokens, current tariff; unrecorded retries unknown",False,False,audit/cells/fb6d953fb3d074e4cf0d65ce276f15e9b46a3560863e54bf6ff066d537b52d80.json
experiments/output/ace_polish_training/configs/imo_1967_p3__candidate-r64__gpt-5.6-luna__seed0,imo_1967_p3,train,prove_theorem_grounded,done,syntax,6,0.03722775999999999,"cache tokens, current tariff; unrecorded retries unknown",False,False,audit/cells/fb709b055b85f5a47dd4481cc6ab3cd491bfc454b74d247526ca743186a21c1f.json
experiments/output/ace_adaptation_x-online-warm-s0/configs/step36_curator_mathd_algebra_433,mathd_algebra_433,validation,,failed,platform_failure,0,0.0,"cache tokens, current tariff; unrecorded retries unknown",False,False,audit/cells/fb761a812a73f365187cada02be66b9d91ff4b221e4a1c60036b33e21863e3c2.json
experiments/output/ace_sanitized_20260917/validation/configs/validation__agentic__proof__amc12a_2019_p21__seed1,amc12a_2019_p21,validation,prove_theorem_grounded,done,unproved_prerequisite,5,0.04162282,dated billing receipts,False,False,audit/cells/fb828d31d9dd33a5213579f3ff43f878d1625bd8634e5d3ff08b02c3d5bce22b.json
experiments/output/ace_models_20260910/proof/configs/mathd_algebra_224__selection-medium-1e4aec7dbbe80e7a__gpt-5.6-luna__seed0,mathd_algebra_224,train,prove_theorem_grounded,done,unproved_prerequisite,11,0.03899668,dated billing receipts,False,False,audit/cells/fbc6a7e1fb5d3df009b07bbe4255debbd8a153614d3e135a89ce0c4d04ce57ae.json
experiments/output/ace_economy_refinement_20260916/final10/configs/validation__ace_reset_compact__mathd_numbertheory_405__seed1,mathd_numbertheory_405,validation,prove_theorem_grounded,done,other_or_unobserved,10,0.04401568,dated billing receipts,False,False,audit/cells/fbc6dc6f5b9aafd3390453ddba202ceb5e5af88441925890ab239e2f50a4b519.json
experiments/output/ace_economy_refinement_20260916/final13/configs/validation__ace_compact__aime_1991_p6__seed1,aime_1991_p6,validation,prove_theorem_grounded,done,unknown_reference,5,0.040984059999999996,dated billing receipts,False,False,audit/cells/fbda686b05ff7f83c4bf1445abd5a5258124af5340cca915ee91f936604e54f5.json
experiments/output/ace_x_validation_ace_x3_strong_rv3_agentic/configs/algebra_others_exirrpowirrrat__ace-b596e7df-core-medium__gpt-5.6-luna__seed1,algebra_others_exirrpowirrrat,validation,prove_theorem_ace,done,other_or_unobserved,10,0.04258586,"cache tokens, current tariff; unrecorded retries unknown",False,False,audit/cells/fbf0fa16e4a44028d222176c5d3ccb257cfc874f8b41d713671822f2467b404b.json
experiments/output/coverage_cycle_20260911/training/D2/configs/mathd_numbertheory_629__training-D2__gpt-5.6-luna__seed0,mathd_numbertheory_629,train,prove_theorem_grounded,done,arithmetic_or_search,12,0.04047376,dated billing receipts,False,False,audit/cells/fc332e2ac51408144622420296c2b020049b0f921ebb56363882295d67d8ed74.json
experiments/output/ace_online_x3-online-s0_agentic/configs/imo_1969_p2__ace-20e38ba2-core-medium__gpt-5.6-luna__seed0,imo_1969_p2,validation,prove_theorem_ace,done,incomplete_proof,17,0.029807300000000005,"cache tokens, current tariff; unrecorded retries unknown",False,False,audit/cells/fc412a1fd561d4aeff9c71cc0d610d8b994280d6412a458f8da476013b80a67d.json
experiments/output/coverage_cycle_20260911/validation/H/configs/aime_1984_p7__validation-H__gpt-5.6-luna__seed0,aime_1984_p7,validation,prove_theorem_grounded,done,unknown_reference,8,0.04683346,dated billing receipts,False,False,audit/cells/fc483535b301dec9401dc47e4ae4364e74e20206b3d93f32fb499f3d1aea533e.json
experiments/output/ace_mechanisms_20260910/training/configs/algebra_amgm_sum1toneqn_prod1tonleq1__training-S__gpt-5.6-luna__seed0,algebra_amgm_sum1toneqn_prod1tonleq1,train,prove_theorem_grounded,done,unproved_prerequisite,6,0.03257242,dated billing receipts,False,False,audit/cells/fc4d83e112715ce504f64d12de16e09b4a3d199108fdd9304269d9157a8fab25.json
experiments/output/ace_polish_training/configs/mathd_numbertheory_629__candidate-r64__gpt-5.6-luna__seed0,mathd_numbertheory_629,train,prove_theorem_grounded,done,other_or_unobserved,13,0.0397256,"cache tokens, current tariff; unrecorded retries unknown",False,False,audit/cells/fc665fabe2b9adfd5fd2708a182ff1a71509dfd7f46fd5ea0603c9770d6f9cd6.json
experiments/output/ace_economy_budget_20260916/validation/configs/validation__agentic__aime_1991_p6__seed0,aime_1991_p6,validation,prove_theorem_grounded,done,other_or_unobserved,14,0.12130577999999999,dated billing receipts,False,False,audit/cells/fc7238748b91bc82982ff361694ebcda4715c6b65083d39f56f68347804ac770.json
experiments/output/ace_economy_refinement_20260916/final09/configs/validation__ace_reset__amc12a_2020_p21__seed0,amc12a_2020_p21,validation,prove_theorem_grounded,done,other_or_unobserved,10,0.04365892,dated billing receipts,False,False,audit/cells/fc7ddbab3b75a12e858db5c4094938783ce9d13810cf8b494806449dec54cfe6.json
experiments/output/ace_economy_refinement_20260916/final02/configs/validation__ace_reset_compact__amc12a_2019_p21__seed0,amc12a_2019_p21,validation,prove_theorem_grounded,done,unproved_prerequisite,3,0.03901954,dated billing receipts,False,False,audit/cells/fc8b88e54248c5759fb3430802dfacaac82685b0ef0fcf75b889a15987c65a96.json
experiments/output/acet_x_validation_ace_x5_offline_k3_agentic/configs/induction_prod1p1onk3le3m1onn__acet-fc7b45d4-b1806cce-k3-core-medium__gpt-5.6-luna__seed1,induction_prod1p1onk3le3m1onn,validation,prove_theorem_ace_triggered,done,unproved_prerequisite,19,0.0662998,"cache tokens, current tariff; unrecorded retries unknown",False,False,audit/cells/fca2266c08f7e8a16104a862bf903c0f2177652e63a83653702b65a00f2663fc.json
experiments/output/ace_economy_refinement_20260916/final18/configs/validation__ace_compact__mathd_numbertheory_303__seed0,mathd_numbertheory_303,validation,prove_theorem_grounded,done,unknown_reference,7,0.038846599999999995,dated billing receipts,False,False,audit/cells/fcc3601bae05b71cffb203303ec9d497d3f11556e20dea6bc6826296ebebeedf.json
experiments/output/ace_x_validation_ace_x3_mono_rv3_agentic/configs/mathd_numbertheory_405__ace-0e162d51-core-medium__gpt-5.6-luna__seed0,mathd_numbertheory_405,validation,prove_theorem_ace,done,incomplete_proof,29,0.06210064000000001,"cache tokens, current tariff; unrecorded retries unknown",False,False,audit/cells/fcc5f1e5853c02683ada0b99ff215af43da2f4b0bff673df9ae538e9bc03b830.json
experiments/output/ace_sanitized_20260917/validation/configs/validation__agentic_coverage__proof__mathd_numbertheory_405__seed1,mathd_numbertheory_405,validation,prove_theorem_grounded,done,unproved_prerequisite,9,0.05817654,dated billing receipts,False,False,audit/cells/fcc6247e1c2d6be7ea2724db0d631dc14faaef5bfb6e4a0ea69963e8630cc3f9.json
experiments/output/ace_adaptation_x3-strong/configs/step21_generator_amc12a_2020_p13,amc12a_2020_p13,train,prove_theorem_ace,done,other_or_unobserved,16,0.059363099999999995,"cache tokens, current tariff; unrecorded retries unknown",False,False,audit/cells/fce251bf9164348d88eec894d460ee0b8b3fb9e6be48d028d1dd29d32acf774e.json
experiments/output/ace_x_validation_agentic/configs/amc12a_2019_p21__ace-1ac8a092-core-medium__gpt-5.6-luna__seed0,amc12a_2019_p21,validation,prove_theorem_ace,done,unproved_prerequisite,11,0.0283925,"cache tokens, current tariff; unrecorded retries unknown",False,False,audit/cells/fd13d4494f4248d791e6a1da132c23654e025b2c86adb53ea1078f1177f98719.json
experiments/output/ace_adaptation_x3-mono/configs/step20_generator_imo_1977_p6,imo_1977_p6,train,prove_theorem_ace,done,incomplete_proof,28,0.060969760000000005,"cache tokens, current tariff; unrecorded retries unknown",False,False,audit/cells/fd14bfa3beae8500bb631c13196925e8518e5006f415d2adb469e9378ff10510.json
experiments/output/ace_online_x3-online-s1_agentic/configs/mathd_numbertheory_530__ace-547a1402-core-medium__gpt-5.6-luna__seed1,mathd_numbertheory_530,validation,prove_theorem_ace,done,other_or_unobserved,11,0.04049875999999999,"cache tokens, current tariff; unrecorded retries unknown",False,False,audit/cells/fd1f2a3894896b9433cfbc5e4e15710dfad1afcd4e1aae7feea33b573a1e747d.json
experiments/output/ace_models_20260910/proof/configs/imo_1983_p6__prover-xhigh-345f1ee0202d55e3__gpt-5.6-luna__seed0,imo_1983_p6,train,prove_theorem_grounded,done,syntax,1,0.0321267,dated billing receipts,False,False,audit/cells/fd383cff51ab24d153e18a1b6f9aa0e31d38b748ac2feb788c8961914cee6e28.json
experiments/output/ace_review_development/configs/amc12a_2019_p21__x3-r64__gpt-5.6-luna__seed0,amc12a_2019_p21,validation,prove_theorem_ace,done,other_or_unobserved,48,0.09808924000000002,"cache tokens, current tariff; unrecorded retries unknown",False,False,audit/cells/fd3fa8ffd0f19b8156e78fbd243bc1ed111a1a8cbc816cf75c7f93ca764af32b.json
experiments/output/ace_online_x-online-warm-s1_agentic/configs/amc12a_2019_p21__ace-ea1c3eea-core-medium__gpt-5.6-luna__seed1,amc12a_2019_p21,validation,prove_theorem_ace,done,other_or_unobserved,15,0.050174579999999996,"cache tokens, current tariff; unrecorded retries unknown",False,False,audit/cells/fd5e75d8cf5934acce02008fe0bfde813e9bf1dcd4055959c607d36d37d19c9a.json
experiments/output/ace_adaptation_x5-offline/configs/step28_generator_mathd_algebra_185,mathd_algebra_185,train,prove_theorem_ace,done,unknown_reference,14,0.07040447999999999,"cache tokens, current tariff; unrecorded retries unknown",False,False,audit/cells/fd600ebbd5f2ee621ddf76e7e13b268e50867224bfddd7e196e79130a68fd4c9.json
experiments/output/ace_adaptation_x3-mono/configs/step19_curator_aime_1984_p1,aime_1984_p1,train,rewrite_playbook,done,no_verifier_evidence,0,0.01166124,"cache tokens, current tariff; unrecorded retries unknown",False,False,audit/cells/fd7b37627f844694296562843966b24825fcccea7a0f26d75b9fc5188d1bcf20.json
experiments/output/ace_x_validation_ace_x3_noreflect_rv3_agentic/configs/mathd_algebra_282__ace-ce233fe0-core-medium__gpt-5.6-luna__seed0,mathd_algebra_282,validation,prove_theorem_ace,done,incomplete_proof,12,0.028710559999999996,"cache tokens, current tariff; unrecorded retries unknown",False,False,audit/cells/fd8f8c249981933e92f8dd132d236f2a683379168234d320fa354825d9ebad0a.json
experiments/output/ace_learning_20260914/training/configs/training__B__proof__imo_1967_p3__seed0,imo_1967_p3,train,prove_theorem_grounded,done,other_or_unobserved,9,0.042195739999999995,dated billing receipts,False,False,audit/cells/fdaff237a2e52f27fffb2f93c183db22940d965f66660166ab20a421b0a02990.json
experiments/output/ace_models_20260910/proof/configs/mathd_algebra_185__prover-xhigh-eded856fb989c1f6__gpt-5.6-luna__seed0,mathd_algebra_185,train,prove_theorem_grounded,done,syntax,2,0.03087616,dated billing receipts,False,False,audit/cells/fdb1432e837b3f00de54eb964e39a7fdff89078308021a1defae14f050f7a528.json
experiments/output/ace_mechanisms_20260910/training/configs/imo_1977_p6__training-C__gpt-5.6-luna__seed0,imo_1977_p6,train,prove_theorem_grounded,done,other_or_unobserved,12,0.04031456,dated billing receipts,False,False,audit/cells/fdc7225c8c9925fe12c0a061f8523fb1d5d807c0d643b141ef019b50b13d0ab7.json
experiments/output/ace_snippets_20260913/training/configs/snippets-v1__amc12b_2002_p11__training-A__seed0,amc12b_2002_p11,train,prove_theorem_grounded,done,other_or_unobserved,4,0.040489859999999996,"cache tokens, current tariff; unrecorded retries unknown",False,False,audit/cells/fddb63c7bafc939b632a1360d8b84c5b4851f801ce16da48d3e316b58558f4cd.json
experiments/output/ace_learning_20260914/validation/configs/validation__B__proof__mathd_numbertheory_303__seed1,mathd_numbertheory_303,validation,prove_theorem_grounded,done,unknown_reference,6,0.03631528,dated billing receipts,False,False,audit/cells/fdf1a73405449a39b806df015ee4521f6ec019c733141c3e2065bccffef373f8.json
experiments/output/ace_economy_session_20260916/validation/configs/validation__agentic_session__amc12_2001_p21__seed0,amc12_2001_p21,validation,prove_theorem_grounded,done,incomplete_proof,12,0.026496699999999998,dated billing receipts,False,False,audit/cells/fe06f1ca43cba6d08c362699e9cf3619a923dacd5403c4861b29a3a6069a64eb.json
experiments/output/ace_economy_refinement_20260916/final09/configs/validation__agentic_compact__amc12a_2020_p21__seed0,amc12a_2020_p21,validation,prove_theorem_grounded,done,incomplete_proof,36,0.03192742,dated billing receipts,False,False,audit/cells/fe247393caf1b8d6244e1afc3a1cc61fc9e70800fdb45dd254558961e0f507c2.json
experiments/output/ace_adaptation_x-offline-e3/configs/step110_curator_amc12a_2013_p7,amc12a_2013_p7,train,,failed,platform_failure,0,0.0,"cache tokens, current tariff; unrecorded retries unknown",False,False,audit/cells/fe3eee7fcfdd19e323be8911331e6febd79071d9cd621e47dae6c2dad7eae657.json
experiments/output/ace_polish_training/configs/amc12b_2002_p11__candidate-r64__gpt-5.6-luna__seed0,amc12b_2002_p11,train,prove_theorem_grounded,done,unproved_prerequisite,7,0.04415184,"cache tokens, current tariff; unrecorded retries unknown",False,False,audit/cells/fe4997d990589444bd624c900eefb11b29342e7c1d86199657256e8134d62c28.json
experiments/output/ace_x_validation_agentic/configs/mathd_numbertheory_43__ace-d56da056-core-medium__gpt-5.6-luna__seed1,mathd_numbertheory_43,validation,prove_theorem_ace,done,incomplete_proof,18,0.026267420000000003,"cache tokens, current tariff; unrecorded retries unknown",False,False,audit/cells/fe94ac6c0582b533534489a954b66124fd2cc6017a23a0304a226c448bb79153.json
experiments/output/ace_economy_20260916/validation/configs/validation__views__mathd_numbertheory_405__seed0,mathd_numbertheory_405,validation,prove_theorem_grounded,done,other_or_unobserved,7,0.0365539,dated billing receipts,False,False,audit/cells/fec364c1fef2193b116b2789e3cda120259ea0c2197f6672af3a0d553cb40f5b.json
experiments/output/ace_revision_20260913/validation/configs/validation__candidate__proof__aime_1991_p9__seed0,aime_1991_p9,validation,prove_theorem_grounded,done,unproved_prerequisite,15,0.0427083,dated billing receipts,False,False,audit/cells/fec40abc0dfa437726eab2705881f25d9a6477e02cee6b23e075302506a729c8.json
experiments/output/ace_models_20260910/proof/configs/mathd_algebra_185__prover-xhigh-81b8082cec9164b4__gpt-5.6-luna__seed0,mathd_algebra_185,train,prove_theorem_grounded,done,no_verifier_evidence,0,0.02670966,dated billing receipts,False,False,audit/cells/fee2e2f8d4d65fc6f2b2326c00ac58b3abc99d2bbd204afac7b3487a04105612.json
experiments/output/ace_revision_20260913/validation/configs/validation__candidate__proof__induction_prod1p1onk3le3m1onn__seed0,induction_prod1p1onk3le3m1onn,validation,prove_theorem_grounded,done,other_or_unobserved,12,0.03808346,dated billing receipts,False,False,audit/cells/fef3a7e1a04d689eb6cc2f4e93b7fa574059d17b1583104973e6146f556d043f.json
experiments/output/ace_economy_refinement_20260916/final11/configs/validation__agentic__mathd_numbertheory_530__seed1,mathd_numbertheory_530,validation,prove_theorem_grounded,done,other_or_unobserved,9,0.03948304,dated billing receipts,False,False,audit/cells/fef7369eddd9a9f20634475921a54132702475481c11e748369c80e8f1432e69.json
experiments/output/ace_review_development/configs/aime_1991_p6__repair0-r64__gpt-5.6-luna__seed0,aime_1991_p6,validation,prove_theorem_ace,done,incomplete_proof,34,0.10008996,"cache tokens, current tariff; unrecorded retries unknown",False,False,audit/cells/ff20e046ec900921828e6e5281ea7c08b032feebcf1e4e762982a06ad5c9ba08.json
experiments/output/ace_learning_20260914/training/configs/training__B__proof__amc12b_2002_p11__seed0,amc12b_2002_p11,train,prove_theorem_grounded,done,unknown_reference,8,0.03617302,dated billing receipts,False,False,audit/cells/ff509acb56f2946b7ff90a8471f61a0476c3eea3e28ef286c340c006cca0abea.json
experiments/output/coverage_cycle_20260911/training/D2/configs/aime_1984_p1__training-D2__gpt-5.6-luna__seed0,aime_1984_p1,train,prove_theorem_grounded,done,syntax,13,0.04089636,dated billing receipts,False,False,audit/cells/ff5aeee75d6fafbec4227322c0b24a7b115ae61bc01202abf02ad42a97278b18.json
experiments/output/coverage_cycle_20260911/training/H/configs/mathd_algebra_224__training-H__gpt-5.6-luna__seed0,mathd_algebra_224,train,prove_theorem_grounded,done,no_verifier_evidence,0,0.04547454,dated billing receipts,False,False,audit/cells/ff6316dc4a704b2c30383bc1f66c624e3d75ff4c9f0aac8ce87e67def1ef99a7.json
experiments/output/ace_mechanisms_20260910/training/configs/mathd_numbertheory_629__training-C__gpt-5.6-luna__seed0,mathd_numbertheory_629,train,prove_theorem_grounded,done,other_or_unobserved,1,0.00330638,dated billing receipts,False,False,audit/cells/ff6a1f8567d0f782a4f00158030d9ef8dda760feb99bd3fad36749ee10f76d85.json
experiments/output/ace_polish_validation/configs/mathd_numbertheory_43__candidate-r64__gpt-5.6-luna__seed0,mathd_numbertheory_43,validation,prove_theorem_grounded,done,other_or_unobserved,9,0.03182081999999999,"cache tokens, current tariff; unrecorded retries unknown",False,False,audit/cells/ff9794d4744406f29eb8addb3898a6084ec078c802ad69ac8cdd55ef5a21c198.json
experiments/output/ace_adaptation_x-offline/configs/step31_generator_aime_1988_p3,aime_1988_p3,train,prove_theorem_ace,done,syntax,16,0.1016298,"cache tokens, current tariff; unrecorded retries unknown",False,False,audit/cells/ff9b8e2c1e0435dca5a65edf8e127e419aa60d52a4cfee87b24a34aaf5066e9b.json
