label,theorem,seed,path,cell,solved,requests,failed,hashes,legacy,corrected,input,cached,written,output,no_cache_fixed_trace,write_premium
historical_none,imo_1960_p2,0,experiments/output/ace_attribution_20260912/validation/luna-none/configs/imo_1960_p2__luna-none-medium__gpt-5.6-luna__seed0,imo_1960_p2__luna-none-medium__gpt-5.6-luna__seed0,False,24,False,"{'cache.yaml': 'aeee8f62cf8d7798ef02baed3da648c2ebe76005658161404a1dd035aa81aaac', 'result.yaml': 'c4f6c1187ec3a114c8d41784207874984c94c0b1a3c727115f47e31293c3017a'}",0.0391854,0.0451568,342450,222950,119428,9022,0.0793164,0.0059714
historical_none,aime_1991_p6,0,experiments/output/ace_attribution_20260912/validation/luna-none/configs/aime_1991_p6__luna-none-medium__gpt-5.6-luna__seed0,aime_1991_p6__luna-none-medium__gpt-5.6-luna__seed0,False,11,False,"{'cache.yaml': '58e1a7976d5872b8ce4d756a70c458cf2aab47cac5bdfe491635bbe743da164a', 'result.yaml': '316bbd6b6c0a17f97e932d5489e1786da73f600e41584f20833a72fb7c6a9a5c'}",0.03157002,0.036662520000000004,210534,108651,101850,7517,0.0511272,0.0050925
historical_none,amc12a_2008_p4,0,experiments/output/ace_attribution_20260912/validation/luna-none/configs/amc12a_2008_p4__luna-none-medium__gpt-5.6-luna__seed0,amc12a_2008_p4__luna-none-medium__gpt-5.6-luna__seed0,True,14,False,"{'cache.yaml': 'efdb7f92fda0ae2ec866311125c8c815342d9aceaba98dbeafc26c774f6259ea', 'result.yaml': 'c6ac874bdda7292ffd1eb43b5cecc1e7b8244ac04eba39e7237dc53874eaff96'}",0.020060619999999998,0.02235732,107807,61831,45934,8024,0.031190199999999998,0.0022967
historical_none,induction_prod1p1onk3le3m1onn,0,experiments/output/ace_attribution_20260912/validation/luna-none/configs/induction_prod1p1onk3le3m1onn__luna-none-medium__gpt-5.6-luna__seed0,induction_prod1p1onk3le3m1onn__luna-none-medium__gpt-5.6-luna__seed0,True,11,False,"{'cache.yaml': '4753f6be6b4e5b7bfb4fb7dc340e03e6e3bc1900f51cc9e844ebc2b6a46ba5fe', 'result.yaml': 'a7f165f25a3feb11283251355d3a4daf3cc04d9d99b0c6e82820fda4492aa559'}",0.0229819,0.026131799999999997,108176,45145,62998,7894,0.031107999999999997,0.0031498999999999997
historical_none,algebra_others_exirrpowirrrat,0,experiments/output/ace_attribution_20260912/validation/luna-none/configs/algebra_others_exirrpowirrrat__luna-none-medium__gpt-5.6-luna__seed0,algebra_others_exirrpowirrrat__luna-none-medium__gpt-5.6-luna__seed0,False,24,False,"{'cache.yaml': '8c8808344533918ef1079f8bf7e13af5c9af6695bec8988222126713d3474360', 'result.yaml': 'd7384d354400f1322ae6d52db0769bf81691f6f5bcaab744ed283125aee9c1ee'}",0.03804408,0.04326713,354207,249674,104461,10120,0.0829854,0.00522305
historical_none,mathd_algebra_190,0,experiments/output/ace_attribution_20260912/validation/luna-none/configs/mathd_algebra_190__luna-none-medium__gpt-5.6-luna__seed0,mathd_algebra_190__luna-none-medium__gpt-5.6-luna__seed0,True,2,False,"{'cache.yaml': '7bfd49362f87e5647950f063e12668c55c599924f07fba20a222f204406e276d', 'result.yaml': '807cd2cddbe1c89e0ef6db5b12025ddbe9b74ee2bc2959c152349745fd078bac'}",0.0005643,0.000634,7755,6355,1394,131,0.0017081999999999998,6.97e-05
historical_none,mathd_numbertheory_284,0,experiments/output/ace_attribution_20260912/validation/luna-none/configs/mathd_numbertheory_284__luna-none-medium__gpt-5.6-luna__seed0,mathd_numbertheory_284__luna-none-medium__gpt-5.6-luna__seed0,True,1,False,"{'cache.yaml': '1be189fbeefbd730bbfe8e2187b1eae10c3d562fd82e9774ce29ba1a67f6db4e', 'result.yaml': 'f2eb727614c90ca00f519177e36bb30a574505f402e61acc73082ef894c60245'}",0.00038374,0.00044249000000000003,3785,2607,1175,80,0.000853,5.875e-05
historical_none,imo_1964_p2,0,experiments/output/ace_attribution_20260912/validation/luna-none/configs/imo_1964_p2__luna-none-medium__gpt-5.6-luna__seed0,imo_1964_p2__luna-none-medium__gpt-5.6-luna__seed0,True,9,False,"{'cache.yaml': '03fb6e41644ba8b642b3590c77662b2bf7efd77e98d053e3738e7553f9d1d645', 'result.yaml': 'c912ed644d3c7a0bfe68349acdba207fe9059854b6c7507935ce9bca6e8e63a2'}",0.01614792,0.01780307,67026,33896,33103,7370,0.022249199999999997,0.00165515
historical_none,aime_1984_p7,0,experiments/output/ace_attribution_20260912/validation/luna-none/configs/aime_1984_p7__luna-none-medium__gpt-5.6-luna__seed0,aime_1984_p7__luna-none-medium__gpt-5.6-luna__seed0,True,9,False,"{'cache.yaml': '417fda6a8e3f57f7bc09db166a9800fcebcd992dc6684b80be78422d57461a20', 'result.yaml': 'd633fe37718a7c3bc1074cf031b7431e97a1009bee25667d4146df68c3671063'}",0.033174659999999995,0.03706686,101334,23463,77844,14276,0.037398,0.0038921999999999997
historical_none,amc12a_2013_p8,0,experiments/output/ace_attribution_20260912/validation/luna-none/configs/amc12a_2013_p8__luna-none-medium__gpt-5.6-luna__seed0,amc12a_2013_p8__luna-none-medium__gpt-5.6-luna__seed0,True,8,False,"{'cache.yaml': '69d0ee31c061de1df6191d26bd52b1f91893ebc08c08e8970ba7459d010e7e5d', 'result.yaml': 'e63d7ab933e9e3acfab1ce69130058c6c4956614e337e11588e9912df98325b3'}",0.006025399999999999,0.006549449999999999,40945,30440,10481,2763,0.0115046,0.00052405
historical_none,mathd_algebra_214,0,experiments/output/ace_attribution_20260912/validation/luna-none/configs/mathd_algebra_214__luna-none-medium__gpt-5.6-luna__seed0,mathd_algebra_214__luna-none-medium__gpt-5.6-luna__seed0,True,3,False,"{'cache.yaml': '5e9ebbea8139eae3b174d22b0c8ad91243a600ad639a434e56f28316dbb6410f', 'result.yaml': 'ac240f0741bfcd3674f28a2a14510b86b6a7b92716b98295520ca357219137fb'}",0.00205382,0.00229702,12694,7821,4864,769,0.0034615999999999996,0.0002432
historical_none,mathd_numbertheory_303,0,experiments/output/ace_attribution_20260912/validation/luna-none/configs/mathd_numbertheory_303__luna-none-medium__gpt-5.6-luna__seed0,mathd_numbertheory_303__luna-none-medium__gpt-5.6-luna__seed0,False,23,False,"{'cache.yaml': 'b85f7f9b7ea37ddd491d7234d07cf4ae62218a88c18ba5a47a5640ce366f4b2c', 'result.yaml': '87577865d9a85a4796eb68b2c95600528ed3c59e7fc29e2407415ad572f5f31a'}",0.036631239999999995,0.04050944,246605,168972,77564,14771,0.0670462,0.0038782
historical_none,imo_1969_p2,0,experiments/output/ace_attribution_20260912/validation/luna-none/configs/imo_1969_p2__luna-none-medium__gpt-5.6-luna__seed0,imo_1969_p2__luna-none-medium__gpt-5.6-luna__seed0,False,21,False,"{'cache.yaml': '8ddca5d197aaaab207cdcefa8335e443b246d293739f514fe2e5d7f2e5c6962e', 'result.yaml': '3efba4f367495e6350959232bde2285b39f5500409f2dd27ffe8658b4dbfd401'}",0.04147332,0.047511019999999994,293973,173156,120754,11539,0.0726414,0.0060377
historical_none,aime_1989_p8,0,experiments/output/ace_attribution_20260912/validation/luna-none/configs/aime_1989_p8__luna-none-medium__gpt-5.6-luna__seed0,aime_1989_p8__luna-none-medium__gpt-5.6-luna__seed0,True,1,False,"{'cache.yaml': 'fdbca9c4511abb444373c10d60eec3bdd5cd3118eea275c5467be9015b6434f4', 'result.yaml': '0c02bbf01b6d4810289fe6a43fddcd900b8e3ed0f01cc04333d0386129000006'}",0.00048434,0.00057274,4378,2607,1768,65,0.0009536,8.84e-05
historical_none,amc12a_2016_p3,0,experiments/output/ace_attribution_20260912/validation/luna-none/configs/amc12a_2016_p3__luna-none-medium__gpt-5.6-luna__seed0,amc12a_2016_p3__luna-none-medium__gpt-5.6-luna__seed0,True,4,False,"{'cache.yaml': '030411a54825fbdcfe8f2b9095533864200d292039af4a8e49e0fcb8ee3d11b2', 'result.yaml': '50c7519ac581032db8e0af8781ee9b6d181282297ac4a203cf48cca90952080d'}",0.00682014,0.00802029,39072,15057,24003,1430,0.0095304,0.0012001499999999999
historical_none,mathd_algebra_234,0,experiments/output/ace_attribution_20260912/validation/luna-none/configs/mathd_algebra_234__luna-none-medium__gpt-5.6-luna__seed0,mathd_algebra_234__luna-none-medium__gpt-5.6-luna__seed0,True,1,False,"{'cache.yaml': '19c33280edc0310f858d1b6ae1b6e59055acd9ca3a53bd8aad970ce3977fc7c2', 'result.yaml': '83a68b17176778477bfd475e7495ec3c0ba55e077fb6c6a8232462577164a750'}",0.00049274,0.00055054,3766,2607,1156,174,0.000962,5.7799999999999995e-05
historical_none,mathd_numbertheory_33,0,experiments/output/ace_attribution_20260912/validation/luna-none/configs/mathd_numbertheory_33__luna-none-medium__gpt-5.6-luna__seed0,mathd_numbertheory_33__luna-none-medium__gpt-5.6-luna__seed0,True,5,False,"{'cache.yaml': '24e0e1725889450f91ff07e09cd4219ea4e3972d473d4b0d75d81516d0c07e33', 'result.yaml': 'e221e5789e102b96c15fc996e60af42ef4380ef2fc2e6ca0b2f59249ab31514a'}",0.0026127,0.00279545,25065,21395,3655,1209,0.0064638,0.00018275
historical_none,imo_1981_p6,0,experiments/output/ace_attribution_20260912/validation/luna-none/configs/imo_1981_p6__luna-none-medium__gpt-5.6-luna__seed0,imo_1981_p6__luna-none-medium__gpt-5.6-luna__seed0,True,8,False,"{'cache.yaml': '7d3aa3b9f0e17b1c1c6cd4e5988fa8208f3da76c6611076456f67f6d95e75232', 'result.yaml': 'ed2f6939cafa432ddacb6dd0f5bae9c3ebbc8810562b570b5f1c4851371288ff'}",0.011709319999999999,0.01290072,64198,40346,23828,5110,0.018971599999999998,0.0011914
historical_none,aime_1991_p9,0,experiments/output/ace_attribution_20260912/validation/luna-none/configs/aime_1991_p9__luna-none-medium__gpt-5.6-luna__seed0,aime_1991_p9__luna-none-medium__gpt-5.6-luna__seed0,False,26,False,"{'cache.yaml': 'ee9e89fd8bdabe4005109920238ae1245e7d2e5b617aa15267530eb6c7819f41', 'result.yaml': '9bebe88127d0a5e8eea5d0a09d9443b4e948ac2e9547f2b0843901aca68e9d77'}",0.04211476,0.04823106,281462,159058,122326,12044,0.0707452,0.0061163
historical_none,amc12a_2019_p21,0,experiments/output/ace_attribution_20260912/validation/luna-none/configs/amc12a_2019_p21__luna-none-medium__gpt-5.6-luna__seed0,amc12a_2019_p21__luna-none-medium__gpt-5.6-luna__seed0,False,26,False,"{'cache.yaml': '2327719619c9eddd50f79016e20cc79043a6821bada4d8861d374415196b3934', 'result.yaml': '87952b9fe13d2d586e1899bbe07bec5c0d2676a37e05c0c5ff8e3830eb91fd78'}",0.03950654,0.04622969,414958,280417,134463,5825,0.0899816,0.00672315
historical_none,mathd_algebra_251,0,experiments/output/ace_attribution_20260912/validation/luna-none/configs/mathd_algebra_251__luna-none-medium__gpt-5.6-luna__seed0,mathd_algebra_251__luna-none-medium__gpt-5.6-luna__seed0,True,11,False,"{'cache.yaml': 'f67c04a9402cf95c8078e45c6349a8dc89f03dff728936a720e2701cee211b6b', 'result.yaml': '3e8534cf1db0051f3254dd2c693fe8c71ab835a13b4d31b102442df48d622876'}",0.00682706,0.007435059999999999,59416,47223,12160,2870,0.0153272,0.0006079999999999999
historical_none,mathd_numbertheory_37,0,experiments/output/ace_attribution_20260912/validation/luna-none/configs/mathd_numbertheory_37__luna-none-medium__gpt-5.6-luna__seed0,mathd_numbertheory_37__luna-none-medium__gpt-5.6-luna__seed0,False,23,False,"{'cache.yaml': '5369ff1247df42e31564873852cae50a521a83b0b3b1a6f5f268ad5f135896d6', 'result.yaml': '6852d94a117defee534b0657554bdcf75113b92a89c9d486c2a4316a7ac3d545'}",0.03252764,0.03803064,252901,142772,110060,6372,0.058226599999999996,0.005503
historical_none,imo_1984_p6,0,experiments/output/ace_attribution_20260912/validation/luna-none/configs/imo_1984_p6__luna-none-medium__gpt-5.6-luna__seed0,imo_1984_p6__luna-none-medium__gpt-5.6-luna__seed0,False,24,False,"{'cache.yaml': '76e693f87c7c161378bb10d158102543915903ecb01fe02abe2ad364eb008aec', 'result.yaml': '1b760cd6a15cd12407daa7f147658c919b79c3e21a9773baa44856dc8e3f63d4'}",0.03900012,0.04484107,329607,212716,116819,9473,0.077289,0.005840949999999999
historical_none,amc12a_2020_p21,0,experiments/output/ace_attribution_20260912/validation/luna-none/configs/amc12a_2020_p21__luna-none-medium__gpt-5.6-luna__seed0,amc12a_2020_p21__luna-none-medium__gpt-5.6-luna__seed0,False,22,False,"{'cache.yaml': 'b6d3c27953f35a07272e85f56e3775bcbc2eb8078163517c301c1160df683bde', 'result.yaml': '33624b213fdc9162952d44b397abaa1a35d3b306a5cb4ed1e8cf25b9d85e0dfa'}",0.041066139999999994,0.046369339999999995,247097,140967,106064,14184,0.06644019999999999,0.0053032
historical_none,mathd_algebra_282,0,experiments/output/ace_attribution_20260912/validation/luna-none/configs/mathd_algebra_282__luna-none-medium__gpt-5.6-luna__seed0,mathd_algebra_282__luna-none-medium__gpt-5.6-luna__seed0,False,30,False,"{'cache.yaml': '99cc5f2a8d77ce459179b1a80cbd47454b1a1ad12bf2bc7eb9372615a7f3e4f3', 'result.yaml': 'd662b6d3019c3f1853ea9d311f2d9ea69c77c02d724c042c23242cf07bdda57b'}",0.0312497,0.034351,619921,557805,62026,6392,0.13165459999999998,0.0031013
historical_none,mathd_numbertheory_405,0,experiments/output/ace_attribution_20260912/validation/luna-none/configs/mathd_numbertheory_405__luna-none-medium__gpt-5.6-luna__seed0,mathd_numbertheory_405__luna-none-medium__gpt-5.6-luna__seed0,False,13,False,"{'cache.yaml': 'a8e3df19e9ab447115bba71b855c529b113f9f430351eaa8199e0254b498f394', 'result.yaml': '80b1e7e314a0722bc94bf1ca3e23c68ec3d6688151c7c862eb884b25147ea528'}",0.03685584,0.04118429,149280,62672,86569,15234,0.048136799999999993,0.004328449999999999
historical_none,amc12b_2002_p3,0,experiments/output/ace_attribution_20260912/validation/luna-none/configs/amc12b_2002_p3__luna-none-medium__gpt-5.6-luna__seed0,amc12b_2002_p3__luna-none-medium__gpt-5.6-luna__seed0,False,20,False,"{'cache.yaml': '21ec94a2da8a2d1bcf746cb03a56d8dc1dc9e75bb2a710e45bd25fb4d8101691', 'result.yaml': 'ebfd7c00fa02e796641aff9a16517c22bcd27484bc753bfb77aadb1b2e1787e8'}",0.03719388,0.04135543,265455,182164,83231,14077,0.0699834,0.00416155
historical_none,mathd_algebra_327,0,experiments/output/ace_attribution_20260912/validation/luna-none/configs/mathd_algebra_327__luna-none-medium__gpt-5.6-luna__seed0,mathd_algebra_327__luna-none-medium__gpt-5.6-luna__seed0,True,3,False,"{'cache.yaml': 'a1b2eb064bc00d20811e7b0e059d0a74de7cc8b944256257706233d18bfb11c6', 'result.yaml': '865034cb99773277edc52b01fe6392fcf0c3ad1b6e1ed297eb54d1e10b58c358'}",0.00247056,0.0028567099999999997,19260,11528,7723,578,0.0045455999999999995,0.00038615
historical_none,mathd_numbertheory_43,0,experiments/output/ace_attribution_20260912/validation/luna-none/configs/mathd_numbertheory_43__luna-none-medium__gpt-5.6-luna__seed0,mathd_numbertheory_43__luna-none-medium__gpt-5.6-luna__seed0,False,20,False,"{'cache.yaml': 'b4995c63521999cf7f26a5610fb89e645cbf8359e4069c33742938e6820a4539', 'result.yaml': '0225caa92369eb6043c4b2ccf5d8f9a7da757b399ab7056aeaaabb9da850ff3a'}",0.018451679999999998,0.02021643,178689,143334,35295,7095,0.0442518,0.0017647499999999998
historical_none,amc12b_2003_p6,0,experiments/output/ace_attribution_20260912/validation/luna-none/configs/amc12b_2003_p6__luna-none-medium__gpt-5.6-luna__seed0,amc12b_2003_p6__luna-none-medium__gpt-5.6-luna__seed0,True,19,False,"{'cache.yaml': '34f420fd4bbabbe3bf75504b7241cf036ce09904f6072a2b7619e2e7b811fa05', 'result.yaml': '44a94f9a09237b4acdfdc57bb84ef379a955790a034d3c7061ba53d30ce77a57'}",0.02409354,0.027238039999999998,190854,127907,62890,7455,0.0471168,0.0031444999999999997
historical_none,mathd_algebra_393,0,experiments/output/ace_attribution_20260912/validation/luna-none/configs/mathd_algebra_393__luna-none-medium__gpt-5.6-luna__seed0,mathd_algebra_393__luna-none-medium__gpt-5.6-luna__seed0,True,7,False,"{'cache.yaml': '00647af7847db9cd7d327f12313e155efa9e72e6345fccff524ee9f78750051f', 'result.yaml': '7f4952a7d06e6204a31ccbc33bbe530203f3affbf6570e3e4b505c259f01c92b'}",0.0072076399999999995,0.00767504,42961,33592,9348,3885,0.013254199999999999,0.0004674
historical_none,mathd_numbertheory_461,0,experiments/output/ace_attribution_20260912/validation/luna-none/configs/mathd_numbertheory_461__luna-none-medium__gpt-5.6-luna__seed0,mathd_numbertheory_461__luna-none-medium__gpt-5.6-luna__seed0,True,1,False,"{'cache.yaml': 'efe29b45d14f7b3c1f117cc7e30e24d56822e06bc7302f33e7c27c483fec9992', 'result.yaml': '8daafc0ed9febb2620db6603666b1b4894d7d90b1cefbec01ca5b79a26a815b2'}",0.0004723399999999999,0.00053194,3802,2607,1192,151,0.0009415999999999999,5.96e-05
historical_none,amc12b_2020_p5,0,experiments/output/ace_attribution_20260912/validation/luna-none/configs/amc12b_2020_p5__luna-none-medium__gpt-5.6-luna__seed0,amc12b_2020_p5__luna-none-medium__gpt-5.6-luna__seed0,True,1,False,"{'cache.yaml': '21cd9e8b9c97450aceebaec6769c113a8840e6a530966b26848d4d21fb92c5bf', 'result.yaml': '3d58e607f9f9db64245c4793766d8c84959706add13501608e88dff0dbacaf93'}",0.00053394,0.00060414,4014,2607,1404,167,0.0010032,7.02e-05
historical_none,mathd_algebra_421,0,experiments/output/ace_attribution_20260912/validation/luna-none/configs/mathd_algebra_421__luna-none-medium__gpt-5.6-luna__seed0,mathd_algebra_421__luna-none-medium__gpt-5.6-luna__seed0,True,4,False,"{'cache.yaml': '485b75b3387d397e3659e395a1ea53ef2bdec05882e43e45c55b579c25212e61', 'result.yaml': '9b83d41fc56fd6aa94998f6034d3e9210113203ea0a1e8c3d95562424a55ebaa'}",0.00219164,0.00240934,17968,13602,4354,872,0.00464,0.0002177
historical_none,mathd_numbertheory_530,0,experiments/output/ace_attribution_20260912/validation/luna-none/configs/mathd_numbertheory_530__luna-none-medium__gpt-5.6-luna__seed0,mathd_numbertheory_530__luna-none-medium__gpt-5.6-luna__seed0,False,24,False,"{'cache.yaml': '238a4aac6fb2182e6ae31bdfc6271c30c8d82c5da5aaf42fb31eee6fb251f674', 'result.yaml': '5aaefbfe1c63cb1698bd9e5d88258c290d209fb0bce7a87fe375eed57053d3a4'}",0.04096698,0.04683063,325944,208599,117273,11105,0.0785148,0.00586365
historical_none,amc12_2000_p12,0,experiments/output/ace_attribution_20260912/validation/luna-none/configs/amc12_2000_p12__luna-none-medium__gpt-5.6-luna__seed0,amc12_2000_p12__luna-none-medium__gpt-5.6-luna__seed0,True,6,False,"{'cache.yaml': '8a5374aa5d04b16d149b7a82df9f1551277733802424453d26c1dbd5adbee31a', 'result.yaml': '35582e4cd5fffa582e1f47447ae77b6b77988ff24dddfb25b4ebe22ad2cf8043'}",0.00550832,0.0060902199999999995,32812,21156,11638,2295,0.009316399999999999,0.0005819
historical_none,mathd_algebra_433,0,experiments/output/ace_attribution_20260912/validation/luna-none/configs/mathd_algebra_433__luna-none-medium__gpt-5.6-luna__seed0,mathd_algebra_433__luna-none-medium__gpt-5.6-luna__seed0,True,6,False,"{'cache.yaml': 'a568c3d86999fac8e13c06934b7b9da6cb9d44c5e6eddfb097a786a876d9c803', 'result.yaml': '7f59f4978c023965777ca29ce951771938d7248d5c1033d5fcbed9aafbb1427e'}",0.003656,0.0042172,29242,18000,11224,873,0.006896,0.0005612
historical_none,mathd_numbertheory_64,0,experiments/output/ace_attribution_20260912/validation/luna-none/configs/mathd_numbertheory_64__luna-none-medium__gpt-5.6-luna__seed0,mathd_numbertheory_64__luna-none-medium__gpt-5.6-luna__seed0,True,9,False,"{'cache.yaml': '96d096f0173610c0d575df851d08297c93c91743d5fca6afb85f03227b3dd7f7', 'result.yaml': '51be38ac84d238128901f103319dab0bbdd99b3611c0a4214ab85e6eeddc26ab'}",0.00915588,0.009686479999999999,51423,40784,10612,5177,0.016496999999999998,0.0005306
historical_none,amc12_2001_p21,0,experiments/output/ace_attribution_20260912/validation/luna-none/configs/amc12_2001_p21__luna-none-medium__gpt-5.6-luna__seed0,amc12_2001_p21__luna-none-medium__gpt-5.6-luna__seed0,False,22,False,"{'cache.yaml': '49acf0521dbec092ce5b952db55832f7716db18f3220eebf020124b2da5793c0', 'result.yaml': 'cfa6edc2c93dab27e4cad2d7595789019402ffba8d3fe6ba9f73235a9dd7df65'}",0.0446155,0.050622349999999997,225368,105165,120137,15393,0.0635452,0.006006849999999999
historical_none,amc12a_2002_p6,0,experiments/output/ace_attribution_20260912/validation/luna-none/configs/amc12a_2002_p6__luna-none-medium__gpt-5.6-luna__seed0,amc12a_2002_p6__luna-none-medium__gpt-5.6-luna__seed0,True,1,False,"{'cache.yaml': '38fcb13be34fc7f2c29f5931821a6a830af903db5a8900062de1f363476143ac', 'result.yaml': '80fbdcda7b70f12426ab3cda76e82f89e2234e5d2c8caf273f524461c59111e4'}",0.00043074,0.0004907399999999999,3810,2607,1200,115,0.0009,5.9999999999999995e-05
historical_x3_seed0,imo_1960_p2,0,experiments/output/ace_polish_validation/configs/imo_1960_p2__reference-r64__gpt-5.6-luna__seed0,imo_1960_p2__reference-r64__gpt-5.6-luna__seed0,True,6,False,"{'cache.yaml': 'e4e00f9b2edd173b9ed9f478712a51170108bd6d7ef624903cf064e351dd98b9', 'result.yaml': '82c8c00ed177f0526e68310a47e3b0a70dea386aa9254d232ab76f850554ff02'}",0.00632444,0.00687404,47752,36742,10992,2823,0.012938,0.0005496
historical_x3_seed0,aime_1991_p6,0,experiments/output/ace_polish_validation/configs/aime_1991_p6__reference-r64__gpt-5.6-luna__seed0,aime_1991_p6__reference-r64__gpt-5.6-luna__seed0,False,13,False,"{'cache.yaml': 'f52f175135a358acbb9a4c21970f5f5f43f740b9c1c476d7c1f1986755dfe3eb', 'result.yaml': 'cfa1a48377dcb644b147d948ea2abee9300422090de358fece7d80cf989443dc'}",0.03469452,0.03720252,166875,116676,50160,18601,0.0556962,0.002508
historical_x3_seed0,amc12a_2008_p4,0,experiments/output/ace_polish_validation/configs/amc12a_2008_p4__reference-r64__gpt-5.6-luna__seed0,amc12a_2008_p4__reference-r64__gpt-5.6-luna__seed0,True,10,False,"{'cache.yaml': 'b9857fb923698f3d33a17500a19d0dcdd8e3b6565b58a05c89e48252bab56897', 'result.yaml': 'da8eb34f2e23cfd99ce67659b23aa82898e2c13536da450257d513c7a74afb44'}",0.0091323,0.01025705,85350,62825,22495,2809,0.0204408,0.0011247499999999999
historical_x3_seed0,induction_prod1p1onk3le3m1onn,0,experiments/output/ace_polish_validation/configs/induction_prod1p1onk3le3m1onn__reference-r64__gpt-5.6-luna__seed0,induction_prod1p1onk3le3m1onn__reference-r64__gpt-5.6-luna__seed0,True,17,False,"{'cache.yaml': 'f828d71b13b98a1c49ac85c1c0cb04f26204e72b746673f79b4dc11a473f96aa', 'result.yaml': 'c3bedd0d2d195349dde2c43ac9c69ddc7333a9e9367c846a00a6cf551104531f'}",0.04039864,0.04581754,237491,129062,108378,13443,0.0636298,0.0054189
historical_x3_seed0,algebra_others_exirrpowirrrat,0,experiments/output/ace_polish_validation/configs/algebra_others_exirrpowirrrat__reference-r64__gpt-5.6-luna__seed0,algebra_others_exirrpowirrrat__reference-r64__gpt-5.6-luna__seed0,False,32,False,"{'cache.yaml': '4f735c215a6d351f4f4c9f8b7f767addb0d51586d5cb0fe216f906179ad1427b', 'result.yaml': 'a72e7c3ddf65a650d5afd0fc6ed7a0e5b24d27a933d3aa867f77b3ca8b9f6994'}",0.03667356,0.040260159999999996,474066,402238,71732,11886,0.10907639999999999,0.0035865999999999997
historical_x3_seed0,mathd_algebra_190,0,experiments/output/ace_polish_validation/configs/mathd_algebra_190__reference-r64__gpt-5.6-luna__seed0,mathd_algebra_190__reference-r64__gpt-5.6-luna__seed0,True,1,False,"{'cache.yaml': '94afb43303fa22c9dc17dc1d4f5bb2f1a10a28135658b9c859cb5aa06417e96c', 'result.yaml': 'a8cf33be245a736c7ad638ab4b66c7d29645b8499fda23552150589d3d1594cc'}",0.00030785999999999997,0.00030785999999999997,5946,5943,0,157,0.0013775999999999999,0.0
historical_x3_seed0,mathd_numbertheory_284,0,experiments/output/ace_polish_validation/configs/mathd_numbertheory_284__reference-r64__gpt-5.6-luna__seed0,mathd_numbertheory_284__reference-r64__gpt-5.6-luna__seed0,True,1,False,"{'cache.yaml': 'a5e1be7cdaed60f5fab9dd5e6dccdfe27c76a0403a71c0fafabbd9ea1611900b', 'result.yaml': '2e3ca0ce93c8f4380cfe84ce0d467b47e7c93170205558ac97b63c62cbfd3fcb'}",0.00047744,0.00053769,5980,4772,1205,117,0.0013364,6.0249999999999994e-05
historical_x3_seed0,imo_1964_p2,0,experiments/output/ace_polish_validation/configs/imo_1964_p2__reference-r64__gpt-5.6-luna__seed0,imo_1964_p2__reference-r64__gpt-5.6-luna__seed0,True,7,False,"{'cache.yaml': 'ef9bf9d0339fa7780840d48b24c860125dc0e75292f8f288a92d326498493a9d', 'result.yaml': 'b1f9f5e87d9cce893a071a6a4f0043ae10068e6bf8be9548eddb39af1b920d8b'}",0.01376906,0.01495486,64240,40503,23716,6843,0.021059599999999998,0.0011858
historical_x3_seed0,aime_1984_p7,0,experiments/output/ace_polish_validation/configs/aime_1984_p7__reference-r64__gpt-5.6-luna__seed0,aime_1984_p7__reference-r64__gpt-5.6-luna__seed0,True,11,False,"{'cache.yaml': 'e38e836390a2c04b802c6d8ae00991b64827de2b162bf732b383a6f7836991c7', 'result.yaml': 'dd4cd3f39179957ab59bae2e679e42d3c4b22a411c206b7157b0734467d77066'}",0.02100072,0.021891869999999997,113952,96096,17823,12923,0.038298,0.00089115
historical_x3_seed0,amc12a_2013_p8,0,experiments/output/ace_polish_validation/configs/amc12a_2013_p8__reference-r64__gpt-5.6-luna__seed0,amc12a_2013_p8__reference-r64__gpt-5.6-luna__seed0,True,4,False,"{'cache.yaml': '823a76c0f07e89f9d687d18d08cda3130345bbc902f5960b086790d7e730e76e', 'result.yaml': '2fc719798365bc1c131cf8909ea4ce1ebef61b84f4ed3a43ded25c2f586dd05e'}",0.0056448,0.00593065,26559,20830,5717,3402,0.0093942,0.00028585
historical_x3_seed0,mathd_algebra_214,0,experiments/output/ace_polish_validation/configs/mathd_algebra_214__reference-r64__gpt-5.6-luna__seed0,mathd_algebra_214__reference-r64__gpt-5.6-luna__seed0,True,1,False,"{'cache.yaml': '867c10c3c78d419f778aa5d631d6d97072ae7bfa25dd0caeba64f544b92d0f80', 'result.yaml': '5bbd00c04caa6bf3790e697db521d49ccd86753252b3b9974482d4009b94334e'}",0.00059424,0.0006590899999999999,6072,4772,1297,199,0.0014532,6.484999999999999e-05
historical_x3_seed0,mathd_numbertheory_303,0,experiments/output/ace_polish_validation/configs/mathd_numbertheory_303__reference-r64__gpt-5.6-luna__seed0,mathd_numbertheory_303__reference-r64__gpt-5.6-luna__seed0,False,23,False,"{'cache.yaml': 'c57d54494fb9d8d3b02e1a674916e3a6f41423bd1c9ece18750de4f41b808d13', 'result.yaml': '24bfa1748898db4f06916912b38a316e2c099c93c0a59d0ffc335ccc2524c66f'}",0.04002686,0.04420786,364522,280833,83620,14727,0.0905768,0.004181
historical_x3_seed0,imo_1969_p2,0,experiments/output/ace_polish_validation/configs/imo_1969_p2__reference-r64__gpt-5.6-luna__seed0,imo_1969_p2__reference-r64__gpt-5.6-luna__seed0,False,19,False,"{'cache.yaml': '14ebaaf119dd21a3bb62fc166898f0b92876e2762329db7e6a31d4758bc748b0', 'result.yaml': 'dce9e4b15bb5d9147be1c120e9f75dbd45fd97226b7c01ac20f80240d834055a'}",0.03866376,0.04410231,278496,169668,108771,11254,0.069204,0.0054385499999999995
historical_x3_seed0,aime_1989_p8,0,experiments/output/ace_polish_validation/configs/aime_1989_p8__reference-r64__gpt-5.6-luna__seed0,aime_1989_p8__reference-r64__gpt-5.6-luna__seed0,True,1,False,"{'cache.yaml': '43b926c0b9936779b1ac2a99b208cf8918387b722df671aaf8159e329141b6ed', 'result.yaml': '0d0a8eece93889563a390556d648e9a3ce4ea190ed780bfdbf438e8240a05a05'}",0.000312,0.000312,6573,6570,0,150,0.0014946,0.0
historical_x3_seed0,amc12a_2016_p3,0,experiments/output/ace_polish_validation/configs/amc12a_2016_p3__reference-r64__gpt-5.6-luna__seed0,amc12a_2016_p3__reference-r64__gpt-5.6-luna__seed0,True,6,False,"{'cache.yaml': '106783f43f95b573187e2eea7ae1132fac55d627a93f6d75eac2fec65d414c58', 'result.yaml': 'd34a0772d280c3fcd3dbdf86a199098e33ddeedc51822ce2774491423b5739b4'}",0.00671758,0.007364979999999999,49865,36899,12948,2822,0.0133594,0.0006474
historical_x3_seed0,mathd_algebra_234,0,experiments/output/ace_polish_validation/configs/mathd_algebra_234__reference-r64__gpt-5.6-luna__seed0,mathd_algebra_234__reference-r64__gpt-5.6-luna__seed0,True,1,False,"{'cache.yaml': '921f6aa211c860d88fa94c55af294e255f8c0c4c023446b4e04d6673da9256b8', 'result.yaml': 'c97558b49cb31ed4e491492bb6da64822ffa2ba96f5c2fe6f03b69ee2a74fb41'}",0.00035376,0.00035376,5961,5958,0,195,0.0014262,0.0
historical_x3_seed0,mathd_numbertheory_33,0,experiments/output/ace_polish_validation/configs/mathd_numbertheory_33__reference-r64__gpt-5.6-luna__seed0,mathd_numbertheory_33__reference-r64__gpt-5.6-luna__seed0,True,2,False,"{'cache.yaml': '143d6adc005efa21c6f374a9b662309e4d10fc8c997358921f7cee1c27aa7953', 'result.yaml': '19def00ec9f4484d2a1c6f417fced66031730830aafa61f4033ea643ee24de60'}",0.00092788,0.0009490799999999999,12284,11854,424,504,0.0030616,2.12e-05
historical_x3_seed0,imo_1981_p6,0,experiments/output/ace_polish_validation/configs/imo_1981_p6__reference-r64__gpt-5.6-luna__seed0,imo_1981_p6__reference-r64__gpt-5.6-luna__seed0,True,5,False,"{'cache.yaml': '3be2af9aa11b32d4fe8c6421ab2fa418ada90cb7fd323a2c7f697a9c40660a4a', 'result.yaml': '92b6e052b4c937ab9b0e9c7fda0c31e3e25a64d2672f21955f4e2258aef596ba'}",0.0078697,0.00877965,43559,25345,18199,3100,0.0124318,0.00090995
historical_x3_seed0,aime_1991_p9,0,experiments/output/ace_polish_validation/configs/aime_1991_p9__reference-r64__gpt-5.6-luna__seed0,aime_1991_p9__reference-r64__gpt-5.6-luna__seed0,True,23,False,"{'cache.yaml': '7ceb08f41d0f18ea0e3674e17542509597fffc7fa8e81ff02a18923c32d4c9b3', 'result.yaml': '4e94930c2c87bd3c5c6f7e503a34d01a51c9f0af51513d9c3c745c4be615f7f8'}",0.0356527,0.0404193,299666,204265,95332,10406,0.0724204,0.0047666
historical_x3_seed0,amc12a_2019_p21,0,experiments/output/ace_polish_validation/configs/amc12a_2019_p21__reference-r64__gpt-5.6-luna__seed0,amc12a_2019_p21__reference-r64__gpt-5.6-luna__seed0,False,27,False,"{'cache.yaml': '4a4d3ce4177ef21fa27e7cedd063addbfb0c95d956f8d1b4d1572cdf74a82efa', 'result.yaml': '6e6a904f4c3554e0e8445f8b1f27ddba79748a150a065ae63a7dcf38fc2aca56'}",0.040915639999999996,0.04656419,622114,509062,112971,6770,0.1325468,0.00564855
historical_x3_seed0,mathd_algebra_251,0,experiments/output/ace_polish_validation/configs/mathd_algebra_251__reference-r64__gpt-5.6-luna__seed0,mathd_algebra_251__reference-r64__gpt-5.6-luna__seed0,True,1,False,"{'cache.yaml': '4747944ba5e89346f981fe8b505db6af6354ceea0e0298fcc8cb808fd03702b9', 'result.yaml': 'ee354c91a0666a4b28e38af2c773982662b1a38f989a3f292069690a2f1f94b3'}",0.00034186000000000004,0.00034186000000000004,5966,5963,0,185,0.0014152,0.0
historical_x3_seed0,mathd_numbertheory_37,0,experiments/output/ace_polish_validation/configs/mathd_numbertheory_37__reference-r64__gpt-5.6-luna__seed0,mathd_numbertheory_37__reference-r64__gpt-5.6-luna__seed0,False,23,False,"{'cache.yaml': 'e6733718045a26cce9aab6c69a15587edd45429b75d248df452311b6c554731b', 'result.yaml': 'ffaf6549877d9593dff72ec7735bfbe5737b2adb9e0204c4952530c3f4ba0390'}",0.018928359999999998,0.020421409999999997,255428,225498,29861,7027,0.059517999999999995,0.0014930499999999999
historical_x3_seed0,imo_1984_p6,0,experiments/output/ace_polish_validation/configs/imo_1984_p6__reference-r64__gpt-5.6-luna__seed0,imo_1984_p6__reference-r64__gpt-5.6-luna__seed0,False,20,False,"{'cache.yaml': '8cdd2fe1c8170549c88e61c1e4bb354fcaa863afcad8b55496bf6cababed5da1', 'result.yaml': 'f3aa8264228100f31474e2cdb30fa5e117d8efd5361b21a8f5bc4ea83c4ab5f3'}",0.03317128,0.036661479999999996,285968,216104,69804,12397,0.07207,0.0034901999999999997
historical_x3_seed0,amc12a_2020_p21,0,experiments/output/ace_polish_validation/configs/amc12a_2020_p21__reference-r64__gpt-5.6-luna__seed0,amc12a_2020_p21__reference-r64__gpt-5.6-luna__seed0,False,21,False,"{'cache.yaml': 'a5415c89f6ef89a45df80d750e9d47ef9d61f4639eff66f341a46fe4298e8d43', 'result.yaml': 'ba7f28da955426c4d114c0dc94ce9def6534cfc789066c3c1df5ec696516781b'}",0.0363663,0.04090915,308055,217135,90857,11533,0.07545059999999999,0.00454285
historical_x3_seed0,mathd_algebra_282,0,experiments/output/ace_polish_validation/configs/mathd_algebra_282__reference-r64__gpt-5.6-luna__seed0,mathd_algebra_282__reference-r64__gpt-5.6-luna__seed0,False,20,False,"{'cache.yaml': '7c09acd120ddda45d96247ebacc9d7f584d98fb6f96e9f01b8aea5a810ab5be0', 'result.yaml': 'b2014ec55ac8dbb5a9090e992f37e919720dca041ccb54405305f8c7a1099221'}",0.03626396,0.04096656,344590,250478,94052,10360,0.08134999999999999,0.0047025999999999995
historical_x3_seed0,mathd_numbertheory_405,0,experiments/output/ace_polish_validation/configs/mathd_numbertheory_405__reference-r64__gpt-5.6-luna__seed0,mathd_numbertheory_405__reference-r64__gpt-5.6-luna__seed0,False,10,False,"{'cache.yaml': 'ad713094a743d4e70d68a064acd280b6e9390d5f33b1467adfa6a7e05d11d369', 'result.yaml': 'e6bff5c92c0a3e9574529cfd8b88330509cc0ba324b97d4641c4723cf827af25'}",0.040541839999999996,0.04503139,140923,51102,89791,17963,0.0497402,0.00448955
historical_x3_seed0,amc12b_2002_p3,0,experiments/output/ace_polish_validation/configs/amc12b_2002_p3__reference-r64__gpt-5.6-luna__seed0,amc12b_2002_p3__reference-r64__gpt-5.6-luna__seed0,True,5,False,"{'cache.yaml': '2fd041063024a9341b88c13810ad7206a5bbfeda1b54524e45893dccc63e0fbf', 'result.yaml': '8fae16b5238fdc11f949efe71617a79155f94723495bb6a9d964865e0fea6dec'}",0.005691659999999999,0.00617661,39957,30243,9699,2620,0.0111354,0.00048495
historical_x3_seed0,mathd_algebra_327,0,experiments/output/ace_polish_validation/configs/mathd_algebra_327__reference-r64__gpt-5.6-luna__seed0,mathd_algebra_327__reference-r64__gpt-5.6-luna__seed0,True,2,False,"{'cache.yaml': '1040eda611d6290cec00a06f228ec626c6e7ecb0c48755e060ed5c038abaf097', 'result.yaml': '5dfcac1dd9e42ce8d964e3241db919f65e8c1a73a10424e95f194553a2db161d'}",0.0012978399999999998,0.00145949,15161,11922,3233,343,0.0034437999999999995,0.00016165
historical_x3_seed0,mathd_numbertheory_43,0,experiments/output/ace_polish_validation/configs/mathd_numbertheory_43__reference-r64__gpt-5.6-luna__seed0,mathd_numbertheory_43__reference-r64__gpt-5.6-luna__seed0,False,29,False,"{'cache.yaml': 'cbb1944fca3d97c1186a4364d39eeea5e527016da89893c11bb198c9de4e63d1', 'result.yaml': '8b1d29265a51853673b3f00344f970da3daff12fce17b5a4424a49906e9d564a'}",0.0190502,0.0198788,384079,367420,16572,6975,0.08518579999999999,0.0008286
historical_x3_seed0,amc12b_2003_p6,0,experiments/output/ace_polish_validation/configs/amc12b_2003_p6__reference-r64__gpt-5.6-luna__seed0,amc12b_2003_p6__reference-r64__gpt-5.6-luna__seed0,True,12,False,"{'cache.yaml': '2b7fef9b090dc1aaf7d742ca95c02cb476304c83c354b6194503bd17bb629309', 'result.yaml': 'cb9622bfc442fd4f7e87b89946be5f97190da67501795c0db82802aba23b96a4'}",0.0230909,0.025611699999999998,123457,73005,50416,9617,0.036231799999999995,0.0025207999999999997
historical_x3_seed0,mathd_algebra_393,0,experiments/output/ace_polish_validation/configs/mathd_algebra_393__reference-r64__gpt-5.6-luna__seed0,mathd_algebra_393__reference-r64__gpt-5.6-luna__seed0,True,11,False,"{'cache.yaml': 'af3d1eb307a0670cabdc6b498b3b9d6778e997112470989c8343135846b6a450', 'result.yaml': '25e788257684084ac2c2c05236296e137c5afabdd2054c0805180e14fe01648e'}",0.01220498,0.01320068,107146,87199,19914,5393,0.0279008,0.0009957
historical_x3_seed0,mathd_numbertheory_461,0,experiments/output/ace_polish_validation/configs/mathd_numbertheory_461__reference-r64__gpt-5.6-luna__seed0,mathd_numbertheory_461__reference-r64__gpt-5.6-luna__seed0,True,1,False,"{'cache.yaml': 'cf783fa6d2b8dad1a25b3a8a94dab144179b2081c6aaf55cafa3d74908f78349', 'result.yaml': '9796714ed712ee8d42283d668d1efb501773ed6bb715ef7cc3dd7e40f42f0e14'}",0.0006368400000000001,0.00069794,5997,4772,1222,247,0.0014958,6.11e-05
historical_x3_seed0,amc12b_2020_p5,0,experiments/output/ace_polish_validation/configs/amc12b_2020_p5__reference-r64__gpt-5.6-luna__seed0,amc12b_2020_p5__reference-r64__gpt-5.6-luna__seed0,True,1,False,"{'cache.yaml': '235e3c341d7e4b6423796dfd664052eb05c4e05b4375482438bc1f4cbe859414', 'result.yaml': 'eca7d2ba456f4c3f68c42ef89f21291549d12a78a136b3d5ee8439b953c8b521'}",0.00033951999999999995,0.00033951999999999995,6209,6206,0,179,0.0014566,0.0
historical_x3_seed0,mathd_algebra_421,0,experiments/output/ace_polish_validation/configs/mathd_algebra_421__reference-r64__gpt-5.6-luna__seed0,mathd_algebra_421__reference-r64__gpt-5.6-luna__seed0,True,3,False,"{'cache.yaml': '6a730a5f9f84e9997c331884a75b55de5825e909caefd8c29cb21b5efe9800b5', 'result.yaml': '921c5e6aaa61e26b8fa3eab096e0ae9df58205940516c72909b49b954ae20fa4'}",0.00162758,0.00173153,19747,17659,2079,714,0.0048062,0.00010394999999999999
historical_x3_seed0,mathd_numbertheory_530,0,experiments/output/ace_polish_validation/configs/mathd_numbertheory_530__reference-r64__gpt-5.6-luna__seed0,mathd_numbertheory_530__reference-r64__gpt-5.6-luna__seed0,False,20,False,"{'cache.yaml': '41957991b7733f056dff104beda0a4660679c85ee39231ea3862e18c258e6b2e', 'result.yaml': '51953c222999a79b11cc0c723b8ede069fa92664f32459f7fc23a45b87f4e099'}",0.035738439999999996,0.04058884,336170,239102,97008,9619,0.0787768,0.0048503999999999995
historical_x3_seed0,amc12_2000_p12,0,experiments/output/ace_polish_validation/configs/amc12_2000_p12__reference-r64__gpt-5.6-luna__seed0,amc12_2000_p12__reference-r64__gpt-5.6-luna__seed0,True,8,False,"{'cache.yaml': 'ca63223ac874821f54817448f4db4210201b80925ac596cda241717113bab7e5', 'result.yaml': '77ace66378a396e97845699d005ae3aa8ebeef4ac0179ea5356039ebc8486e5a'}",0.01450842,0.01550057,61698,41831,19843,8082,0.022038,0.00099215
historical_x3_seed0,mathd_algebra_433,0,experiments/output/ace_polish_validation/configs/mathd_algebra_433__reference-r64__gpt-5.6-luna__seed0,mathd_algebra_433__reference-r64__gpt-5.6-luna__seed0,True,3,False,"{'cache.yaml': '9f17296f56c8d6846b74701e825d91589d7fa4aa53f63cf839022d20d5d6815d', 'result.yaml': '3853117b0be217d24da97cbaf9dee5edc08d219a744eb9599e54b77a99776f65'}",0.0018152399999999999,0.0020734399999999997,20625,15452,5164,393,0.004596599999999999,0.0002582
historical_x3_seed0,mathd_numbertheory_64,0,experiments/output/ace_polish_validation/configs/mathd_numbertheory_64__reference-r64__gpt-5.6-luna__seed0,mathd_numbertheory_64__reference-r64__gpt-5.6-luna__seed0,True,11,False,"{'cache.yaml': '7690811928d72cecec01e7c33c755b39a1fbb908e8837d5a5b9d00303b670094', 'result.yaml': 'fc9a7385af3573fabff22e00c30f54d74b09840b419b8172bad31aca130392b0'}",0.00614216,0.0064715599999999995,83119,76498,6588,2740,0.0199118,0.0003294
historical_x3_seed0,amc12_2001_p21,0,experiments/output/ace_polish_validation/configs/amc12_2001_p21__reference-r64__gpt-5.6-luna__seed0,amc12_2001_p21__reference-r64__gpt-5.6-luna__seed0,False,35,False,"{'cache.yaml': '3f4b6cae7053d29f01d65d45ab858f9e05a2c6f716e36ed588fda07a73af8cf1', 'result.yaml': '3e4efd405c12b6d9d46382db1a2ec15f95eb81fa73adf5e6d75f36086fcddc6e'}",0.03846148,0.041651379999999995,409067,345164,63798,15648,0.100591,0.0031899
historical_x3_seed0,amc12a_2002_p6,0,experiments/output/ace_polish_validation/configs/amc12a_2002_p6__reference-r64__gpt-5.6-luna__seed0,amc12a_2002_p6__reference-r64__gpt-5.6-luna__seed0,True,1,False,"{'cache.yaml': 'f6fa2545093556bbbb5d1fac6083d6c4e6546217a9228204f52847e3754c0661', 'result.yaml': 'a47357e08aa9d084736ebd82e847d1b1790d5d0854b07469c40ad4e6392395c4'}",0.00055204,0.00061354,6005,4772,1230,175,0.001411,6.149999999999999e-05
historical_x3_seed1,imo_1960_p2,1,experiments/output/ace_polish_validation/configs/imo_1960_p2__reference-r64__gpt-5.6-luna__seed1,imo_1960_p2__reference-r64__gpt-5.6-luna__seed1,True,7,False,"{'cache.yaml': '1ade9dbede07d69845fb0df777c9a66934841c6d75621613ee44c8c7a758bc9e', 'result.yaml': '808c2ecb74aa778f2c42dc30766e9196edf711c9d2dbf43c45caba6934fc9d36'}",0.0088124,0.00971495,60892,42820,18051,3618,0.01652,0.0009025499999999999
historical_x3_seed1,aime_1991_p6,1,experiments/output/ace_polish_validation/configs/aime_1991_p6__reference-r64__gpt-5.6-luna__seed1,aime_1991_p6__reference-r64__gpt-5.6-luna__seed1,False,15,False,"{'cache.yaml': '0cee29eeba4e3b28e4044e4436f915f166a3ac4fcb44a1cccedd20cac7114f64', 'result.yaml': 'fe46023db96c6dc6ed026a17fe8905f705f18c7e98813756cc1b1d3a41337eae'}",0.0421852,0.047783,264911,152910,111956,13939,0.069709,0.0055978
historical_x3_seed1,amc12a_2008_p4,1,experiments/output/ace_polish_validation/configs/amc12a_2008_p4__reference-r64__gpt-5.6-luna__seed1,amc12a_2008_p4__reference-r64__gpt-5.6-luna__seed1,True,14,False,"{'cache.yaml': 'a7ea6f3dc0a11a913b485ef666f274811d6afb98f8faef2e8687190277c75f8b', 'result.yaml': 'e9eab161112dc132c9654b6dac5bc61342cd5632cf8226a5ce0b6d9d9b2cea65'}",0.02054932,0.02311677,135887,84496,51349,7151,0.0357586,0.0025674499999999998
historical_x3_seed1,induction_prod1p1onk3le3m1onn,1,experiments/output/ace_polish_validation/configs/induction_prod1p1onk3le3m1onn__reference-r64__gpt-5.6-luna__seed1,induction_prod1p1onk3le3m1onn__reference-r64__gpt-5.6-luna__seed1,False,14,False,"{'cache.yaml': 'd2165221b7457a0ced7f28eb4cf8434be68a543ac9ba8c726972494c006d8fa9', 'result.yaml': 'a721c3d7040b644d8480d02d4c72228e70e1c5387a8cf07bff81c8a2b02ee41c'}",0.039679139999999995,0.045115039999999995,213357,104597,108718,13196,0.0585066,0.0054359
historical_x3_seed1,algebra_others_exirrpowirrrat,1,experiments/output/ace_polish_validation/configs/algebra_others_exirrpowirrrat__reference-r64__gpt-5.6-luna__seed1,algebra_others_exirrpowirrrat__reference-r64__gpt-5.6-luna__seed1,False,22,False,"{'cache.yaml': 'e6391662268298d37ef731967d30a8789f6daa369cf65125337c59757a9841a3', 'result.yaml': 'b09d15f5b5b9bc26ca68b73f7da56c7b1d350c0f6310b14874aaf28ad9dad3fd'}",0.03446712,0.03839012,379482,300956,78460,10619,0.0886392,0.003922999999999999
historical_x3_seed1,mathd_algebra_190,1,experiments/output/ace_polish_validation/configs/mathd_algebra_190__reference-r64__gpt-5.6-luna__seed1,mathd_algebra_190__reference-r64__gpt-5.6-luna__seed1,True,1,False,"{'cache.yaml': 'b1badfc4e2a3973fbad8d4d683ff21358364d2bcb78dc365c80d4a35bf83749e', 'result.yaml': '2dc4822c3acc4886a3d0980dfb676f79cacaa1f738cfd631368a61ece3251534'}",0.00055944,0.0006179899999999999,5946,4772,1171,191,0.0014183999999999998,5.855e-05
historical_x3_seed1,mathd_numbertheory_284,1,experiments/output/ace_polish_validation/configs/mathd_numbertheory_284__reference-r64__gpt-5.6-luna__seed1,mathd_numbertheory_284__reference-r64__gpt-5.6-luna__seed1,True,1,False,"{'cache.yaml': '91ac4728322dc6a461442b9b3bd2b04730f113f65b294e17244fa6d33ea0413c', 'result.yaml': 'a35e84f4390f0fd20da518a92a2707e2fa5c329b48e2cdaa80ea22979ffea66e'}",0.00046573999999999997,0.00046573999999999997,5980,5977,0,288,0.0015416,0.0
historical_x3_seed1,imo_1964_p2,1,experiments/output/ace_polish_validation/configs/imo_1964_p2__reference-r64__gpt-5.6-luna__seed1,imo_1964_p2__reference-r64__gpt-5.6-luna__seed1,True,22,False,"{'cache.yaml': 'd829d4d2a8fbda91d36c201e195f68328563f5aeadd1bf1cfbd42d935c7c9255', 'result.yaml': '76ba58445eb19457439eae6f01e56c4ee69f5f566cb8042b15e6387dcd654460'}",0.039577799999999996,0.0445684,299508,199630,99812,13008,0.0755112,0.0049905999999999996
historical_x3_seed1,aime_1984_p7,1,experiments/output/ace_polish_validation/configs/aime_1984_p7__reference-r64__gpt-5.6-luna__seed1,aime_1984_p7__reference-r64__gpt-5.6-luna__seed1,True,12,False,"{'cache.yaml': '8e5e60642046f6b998122886d767ef25909a4174fe91bc18bd646b9d9da4fdba', 'result.yaml': 'ca050e9888ab883d8fe787e8095bb1f72486da79ce86d9a93b23d3af85ec792b'}",0.03016264,0.033250089999999996,167507,105722,61749,13076,0.049192599999999996,0.00308745
historical_x3_seed1,amc12a_2013_p8,1,experiments/output/ace_polish_validation/configs/amc12a_2013_p8__reference-r64__gpt-5.6-luna__seed1,amc12a_2013_p8__reference-r64__gpt-5.6-luna__seed1,True,6,False,"{'cache.yaml': '2e07f7372ac86130f3032ec30bd23c8050f194b8172a3945d09f16e7a8617028', 'result.yaml': '0156af1c4947acf501a8ef0ae1c4bca5cc834446ed8708c1115be298ca700255'}",0.00759892,0.00813637,45083,34316,10749,3966,0.0137758,0.00053745
historical_x3_seed1,mathd_algebra_214,1,experiments/output/ace_polish_validation/configs/mathd_algebra_214__reference-r64__gpt-5.6-luna__seed1,mathd_algebra_214__reference-r64__gpt-5.6-luna__seed1,True,1,False,"{'cache.yaml': '19e6cb248eb569a0e11a2ddf738adacc1bbcd7beef84843d162c9a73cea964c6', 'result.yaml': '12721246a98f10919bece00393b8d90c30da848ee1b42e4b6bb696f3abe471a5'}",0.00038597999999999996,0.00038597999999999996,6072,6069,0,220,0.0014784,0.0
historical_x3_seed1,mathd_numbertheory_303,1,experiments/output/ace_polish_validation/configs/mathd_numbertheory_303__reference-r64__gpt-5.6-luna__seed1,mathd_numbertheory_303__reference-r64__gpt-5.6-luna__seed1,False,24,False,"{'cache.yaml': 'e1fa9ed5bb4d57be3833bcca5c3f5eaab712534853fdb085b25dbbada795eff7', 'result.yaml': '0c1e37fef1f0bb104122c01cecd6d55fb42db87f0f2f3c46471d69d10d029836'}",0.04075902,0.04491182,358419,275291,83056,15523,0.0903114,0.0041528
historical_x3_seed1,imo_1969_p2,1,experiments/output/ace_polish_validation/configs/imo_1969_p2__reference-r64__gpt-5.6-luna__seed1,imo_1969_p2__reference-r64__gpt-5.6-luna__seed1,False,18,False,"{'cache.yaml': 'e435eda04bdd27c18ef33cc26d8badf1e29d0a31c5d7d06a4a61b9ade4db6536', 'result.yaml': 'e275c256f9621717c57645c7fc212915c95090475aafdaf98ead9122493a5329'}",0.03513798,0.040394429999999995,280572,175389,105129,8828,0.06670799999999999,0.00525645
historical_x3_seed1,aime_1989_p8,1,experiments/output/ace_polish_validation/configs/aime_1989_p8__reference-r64__gpt-5.6-luna__seed1,aime_1989_p8__reference-r64__gpt-5.6-luna__seed1,True,1,False,"{'cache.yaml': '3db263df755998ce8b732a7204e0bd2d7a9005be6a628880f45446def65cdee3', 'result.yaml': '1897cf24b7efd3efc72d8f9ffa28b63ade95e45e5471bd3623ba1c520b0d8775'}",0.0003072,0.0003072,6573,6570,0,146,0.0014898,0.0
historical_x3_seed1,amc12a_2016_p3,1,experiments/output/ace_polish_validation/configs/amc12a_2016_p3__reference-r64__gpt-5.6-luna__seed1,amc12a_2016_p3__reference-r64__gpt-5.6-luna__seed1,True,11,False,"{'cache.yaml': '440d42c2f366d43054066dfa12033c7c62efc24e7c06f27e0501dd27e7dd71c9', 'result.yaml': 'cccd1d9de29aeadf4a7b0691d57e7a726236ede6cf8dbf341433197c9ebd8cb4'}",0.01299464,0.014398189999999998,118876,90772,28071,4632,0.029333599999999998,0.00140355
historical_x3_seed1,mathd_algebra_234,1,experiments/output/ace_polish_validation/configs/mathd_algebra_234__reference-r64__gpt-5.6-luna__seed1,mathd_algebra_234__reference-r64__gpt-5.6-luna__seed1,True,1,False,"{'cache.yaml': 'c62aed740302a8339580e3b710f66af29a75fda427c837a3f8d5aba96f18ada6', 'result.yaml': '6bcb697ca8ba616cdd9c81f268a6aeec0dc1a922f3394a4073c023188366cafe'}",0.00060564,0.00066494,5961,4772,1186,227,0.0014646,5.93e-05
historical_x3_seed1,mathd_numbertheory_33,1,experiments/output/ace_polish_validation/configs/mathd_numbertheory_33__reference-r64__gpt-5.6-luna__seed1,mathd_numbertheory_33__reference-r64__gpt-5.6-luna__seed1,True,2,False,"{'cache.yaml': '7a15cf54c14c832b02e88306430e13e9640cdace93030b304c32226d4da96970', 'result.yaml': 'c1c570374b07a6a71e15bdfd161ee5446b555d1b609b0c3157d26ce970baa9fb'}",0.00073328,0.00075053,12205,11854,345,355,0.002867,1.725e-05
historical_x3_seed1,imo_1981_p6,1,experiments/output/ace_polish_validation/configs/imo_1981_p6__reference-r64__gpt-5.6-luna__seed1,imo_1981_p6__reference-r64__gpt-5.6-luna__seed1,True,2,False,"{'cache.yaml': '382b85aa5e7692c47214db418d64c4758bd4a33ee3a98391182839ac9fd45aa9', 'result.yaml': 'ff57d7380d213281086d2b023a8a71b29d27a655c6820ec861f09d7b45c05218'}",0.0043041799999999995,0.0045522800000000006,15997,11029,4962,2575,0.0062894000000000005,0.0002481
historical_x3_seed1,aime_1991_p9,1,experiments/output/ace_polish_validation/configs/aime_1991_p9__reference-r64__gpt-5.6-luna__seed1,aime_1991_p9__reference-r64__gpt-5.6-luna__seed1,False,21,False,"{'cache.yaml': 'f31ec2c753d1d43cbb6b6620d785782d619108cb97b1cffef5746851a6738674', 'result.yaml': 'c970546c0d1d8bd8f03355555069275925f984cf07e275879c8a433b8db1d83b'}",0.04051352,0.04530982,246655,150666,95926,15252,0.0676334,0.0047963
historical_x3_seed1,amc12a_2019_p21,1,experiments/output/ace_polish_validation/configs/amc12a_2019_p21__reference-r64__gpt-5.6-luna__seed1,amc12a_2019_p21__reference-r64__gpt-5.6-luna__seed1,False,29,False,"{'cache.yaml': 'dcb7f57f67eda8a59655250f6f318b9a162eb4b3308dfc0c377680e03ede9d6d', 'result.yaml': 'ded713f415c2aa6218d4d5ff7772780cccd757b129b1e3e5c0688206025c0edf'}",0.04223814,0.04886509,461793,329167,132539,7608,0.1014882,0.0066269499999999995
historical_x3_seed1,mathd_algebra_251,1,experiments/output/ace_polish_validation/configs/mathd_algebra_251__reference-r64__gpt-5.6-luna__seed1,mathd_algebra_251__reference-r64__gpt-5.6-luna__seed1,True,1,False,"{'cache.yaml': '6301940c07175964afb306b81562071f32105425e8e4f6864cdc63e241845795', 'result.yaml': '2a70fb0917a7f9b0e28d8cdc6d83228b8b1f20d88117e558e0e553c7e5feded6'}",0.00076264,0.00082219,5966,4772,1191,357,0.0016216,5.955e-05
historical_x3_seed1,mathd_numbertheory_37,1,experiments/output/ace_polish_validation/configs/mathd_numbertheory_37__reference-r64__gpt-5.6-luna__seed1,mathd_numbertheory_37__reference-r64__gpt-5.6-luna__seed1,False,25,False,"{'cache.yaml': '56b660346c9190c8b7d363cb0cceba8ae36edf8a8d57c7dda688c680472d80eb', 'result.yaml': '4a14af5111b5f4017192a2823e39c78027790c7bb336053911a791dcb001aac5'}",0.0349318,0.039445299999999996,308345,218000,90270,10419,0.0741718,0.0045135
historical_x3_seed1,imo_1984_p6,1,experiments/output/ace_polish_validation/configs/imo_1984_p6__reference-r64__gpt-5.6-luna__seed1,imo_1984_p6__reference-r64__gpt-5.6-luna__seed1,False,27,False,"{'cache.yaml': 'f25974de3bc2621abcda553c7617004650a58b8191059b7785b7a4ee8c8c3c20', 'result.yaml': 'dbefff039a034812dd3e9089ae143f8433c3c235bebee09b43643449a58961f2'}",0.038371999999999996,0.04330555,398992,300240,98671,10514,0.09241519999999999,0.00493355
historical_x3_seed1,amc12a_2020_p21,1,experiments/output/ace_polish_validation/configs/amc12a_2020_p21__reference-r64__gpt-5.6-luna__seed1,amc12a_2020_p21__reference-r64__gpt-5.6-luna__seed1,False,25,False,"{'cache.yaml': 'd551a08a47294a12673d243cbc7931af8ebc5fafafd6a9dd354157c033cc9b66', 'result.yaml': 'ceb4e86a57bcf6fcb229d72de5ab7b2df69cbf960d1dd43c33e8d6d6c7db4359'}",0.0410846,0.0453495,326353,240980,85298,15992,0.084461,0.0042649
historical_x3_seed1,mathd_algebra_282,1,experiments/output/ace_polish_validation/configs/mathd_algebra_282__reference-r64__gpt-5.6-luna__seed1,mathd_algebra_282__reference-r64__gpt-5.6-luna__seed1,False,29,False,"{'cache.yaml': '6132b206bad5b8edbd3cd3f9c94baf7fb346571053c51102cf06908b79b4e3a7', 'result.yaml': '673039710837364d2da738b44b8fe456067a064cb643e327170098ba5b075559'}",0.033549619999999995,0.03697877,627451,558781,68583,7200,0.1341302,0.0034291499999999997
historical_x3_seed1,mathd_numbertheory_405,1,experiments/output/ace_polish_validation/configs/mathd_numbertheory_405__reference-r64__gpt-5.6-luna__seed1,mathd_numbertheory_405__reference-r64__gpt-5.6-luna__seed1,False,10,False,"{'cache.yaml': 'f6fc03cc189a1a2edae1ffd37af57a195d1b599d1716058b2efb5252fa519904', 'result.yaml': 'a7a67c441b6abdca4c51e03383ea338752c74cfc278dd355a261605242190855'}",0.034205179999999995,0.03880983,148552,56429,92093,12210,0.044362399999999996,0.00460465
historical_x3_seed1,amc12b_2002_p3,1,experiments/output/ace_polish_validation/configs/amc12b_2002_p3__reference-r64__gpt-5.6-luna__seed1,amc12b_2002_p3__reference-r64__gpt-5.6-luna__seed1,True,6,False,"{'cache.yaml': '0b3c4121889aaa2ec305368624de670671e16ca7951ffad1640992d8350e5981', 'result.yaml': 'a27e05acf176e28f6d5ad9c6ad645ed99b14ab858231b3e4f4e15e01252b1cc1'}",0.00526412,0.00569172,52396,43826,8552,2228,0.0131528,0.0004276
historical_x3_seed1,mathd_algebra_327,1,experiments/output/ace_polish_validation/configs/mathd_algebra_327__reference-r64__gpt-5.6-luna__seed1,mathd_algebra_327__reference-r64__gpt-5.6-luna__seed1,True,3,False,"{'cache.yaml': 'd4954d181dd160cee82c944557614ac28ff30be02b8e8c17c348b38dad6727be', 'result.yaml': '084213b987fe36e4cc122a3d5ad66d8f93e08b5e9116a01117bab07727608125'}",0.0016775,0.00190485,21451,16895,4547,357,0.0047186,0.00022734999999999997
historical_x3_seed1,mathd_numbertheory_43,1,experiments/output/ace_polish_validation/configs/mathd_numbertheory_43__reference-r64__gpt-5.6-luna__seed1,mathd_numbertheory_43__reference-r64__gpt-5.6-luna__seed1,False,26,False,"{'cache.yaml': '57db780900442167b7fea9c2db4e46d88c0e343604e008214b869affb4573086', 'result.yaml': '3605ebe3681b18a2d9dbcbb60993ebe3cc82d1e8496be71ce7894eeebef1efa3'}",0.031390879999999996,0.03447373,338749,277014,61657,11253,0.0812534,0.00308285
historical_x3_seed1,amc12b_2003_p6,1,experiments/output/ace_polish_validation/configs/amc12b_2003_p6__reference-r64__gpt-5.6-luna__seed1,amc12b_2003_p6__reference-r64__gpt-5.6-luna__seed1,True,21,False,"{'cache.yaml': 'bab3d3e148aea47a6095334635b4a1dd48cb8c7135bde51a20e4f83ef63a031c', 'result.yaml': '56330dbf3fe3c564d875d681b5927d86c9f1ea866da1af4acb48d1d77bb606d6'}",0.04324058,0.04948163,258013,133129,124821,13001,0.0672038,0.00624105
historical_x3_seed1,mathd_algebra_393,1,experiments/output/ace_polish_validation/configs/mathd_algebra_393__reference-r64__gpt-5.6-luna__seed1,mathd_algebra_393__reference-r64__gpt-5.6-luna__seed1,True,7,False,"{'cache.yaml': '9c6e1b4497a9df94d7722ec4112076590da9e84eba567d1b3007710b30d63e70', 'result.yaml': 'ad0d54107e25a422ac07b91603c262bfb66a1846a6bd646afd194908c8902e2b'}",0.00645398,0.00695158,54082,44109,9952,2981,0.0143936,0.0004976
historical_x3_seed1,mathd_numbertheory_461,1,experiments/output/ace_polish_validation/configs/mathd_numbertheory_461__reference-r64__gpt-5.6-luna__seed1,mathd_numbertheory_461__reference-r64__gpt-5.6-luna__seed1,True,1,False,"{'cache.yaml': 'afa65a70d82a875ded8220027eed7d40ba50681604e01a4ed2256dcecf85dfd7', 'result.yaml': 'acce5a9c799447d0865f27cb4b3fa4d591606a62083fc81208915795b0259f48'}",0.00039048,0.00039048,5997,5994,0,225,0.0014694,0.0
historical_x3_seed1,amc12b_2020_p5,1,experiments/output/ace_polish_validation/configs/amc12b_2020_p5__reference-r64__gpt-5.6-luna__seed1,amc12b_2020_p5__reference-r64__gpt-5.6-luna__seed1,True,1,False,"{'cache.yaml': 'eb9a3740d691841bd4d1551b660b4a0410531fdb5310f985189321ecb47d0e3c', 'result.yaml': '774240a394442066fe299ae98fed2c21bc2d8fe33bc7b06a267f4897ac1ead80'}",0.00039232,0.00039232,6209,6206,0,223,0.0015094,0.0
historical_x3_seed1,mathd_algebra_421,1,experiments/output/ace_polish_validation/configs/mathd_algebra_421__reference-r64__gpt-5.6-luna__seed1,mathd_algebra_421__reference-r64__gpt-5.6-luna__seed1,True,3,False,"{'cache.yaml': '922a90287b7ddf44928a5166bc12568f96b5d425245cb3fbaf2d3d96759f9ca9', 'result.yaml': 'f934e2d14deb0011375ac2dfb2670d7e542a6d4f0cbe5d7edb1c6d59b07753e8'}",0.0036539399999999996,0.00402564,23250,15807,7434,1541,0.0064992,0.0003717
historical_x3_seed1,mathd_numbertheory_530,1,experiments/output/ace_polish_validation/configs/mathd_numbertheory_530__reference-r64__gpt-5.6-luna__seed1,mathd_numbertheory_530__reference-r64__gpt-5.6-luna__seed1,False,22,False,"{'cache.yaml': '6ee1aa195470e0e18c4dd5007a7f0c09e6cedf2015754c5ae9d716983d4a64cb', 'result.yaml': 'ae56d9421dcf43253a5a84597a255a9ed487ffe03dcb838b261fd7fe961331b3'}",0.04194104,0.04698894,355876,254852,100958,13866,0.0878144,0.0050479
historical_x3_seed1,amc12_2000_p12,1,experiments/output/ace_polish_validation/configs/amc12_2000_p12__reference-r64__gpt-5.6-luna__seed1,amc12_2000_p12__reference-r64__gpt-5.6-luna__seed1,True,11,False,"{'cache.yaml': 'b0b9457b7b3368b0ab70b309095201973978fc5db388435e2322a575eed54bb0', 'result.yaml': 'a258caadbf8fe4ba7e42cc588c27aa26c3343f8393d0c0f963640b1f022b6ec0'}",0.018235039999999998,0.01974049,113734,83592,30109,8779,0.033281599999999995,0.00150545
historical_x3_seed1,mathd_algebra_433,1,experiments/output/ace_polish_validation/configs/mathd_algebra_433__reference-r64__gpt-5.6-luna__seed1,mathd_algebra_433__reference-r64__gpt-5.6-luna__seed1,True,4,False,"{'cache.yaml': 'e7b49388ec12d64ee422d4402c9745875c8684a8ea192b9b1863a92ad3309911', 'result.yaml': '8ba04fe4440c0c28bacba3a5d498f7b28dbf7b276aba77c8438a37889b1f3d7f'}",0.00289328,0.00326858,27742,20224,7506,821,0.0065336000000000005,0.00037529999999999996
historical_x3_seed1,mathd_numbertheory_64,1,experiments/output/ace_polish_validation/configs/mathd_numbertheory_64__reference-r64__gpt-5.6-luna__seed1,mathd_numbertheory_64__reference-r64__gpt-5.6-luna__seed1,True,4,False,"{'cache.yaml': '23211f3e0b26ac4c704cc26e1e26eeea654fdc13a2d4d3d8e66314b0ca57f61c', 'result.yaml': 'a21a730a9f4c003a6b59b5cba7c826e7ac294cdc52b21a693bd92cf6cd3e45e0'}",0.0034298999999999996,0.0037810499999999998,31320,24285,7023,1281,0.0078011999999999995,0.00035115
historical_x3_seed1,amc12_2001_p21,1,experiments/output/ace_polish_validation/configs/amc12_2001_p21__reference-r64__gpt-5.6-luna__seed1,amc12_2001_p21__reference-r64__gpt-5.6-luna__seed1,True,15,False,"{'cache.yaml': '956a8c9051e4e2fe22208c3ebcb639d24438c1dd60f3b96e27e60faeffd2909d', 'result.yaml': '04b65d7787b3f3596752b48c39445a821301b2f5472a7bf9e5353db628d0c17f'}",0.02169302,0.023989319999999998,147652,101681,45926,8721,0.0399956,0.0022963
historical_x3_seed1,amc12a_2002_p6,1,experiments/output/ace_polish_validation/configs/amc12a_2002_p6__reference-r64__gpt-5.6-luna__seed1,amc12a_2002_p6__reference-r64__gpt-5.6-luna__seed1,True,1,False,"{'cache.yaml': '8eefb3aced7f9d4f65ad8f79d23d868fde41e0403f0ec4e313b82c8d7745ff9a', 'result.yaml': '55e1dedf089e19a8093e3d209a959f4a9ae37b17a13cec022f2593afba5a5e75'}",0.00048063999999999995,0.00048063999999999995,6005,6002,0,300,0.0015609999999999999,0.0
previous_ace_historical,mathd_algebra_282,0,experiments/output/ace_thesis_20260918/validation/configs/validation__ace_historical__proof__mathd_algebra_282__seed0,validation__ace_historical__proof__mathd_algebra_282__seed0,False,49,False,"{'cache.yaml': '43d91f96a050ad856643bd1b4b3309cec8260c89f1b75e7173560c36104e668e', 'result.yaml': '2c54b034456fbfe63cf3b3ca0573395c67917e1351418b2191020c1976fe003d'}",0.0509899,0.05467765,1448177,1374275,73755,7270,0.2983594,0.00368775
previous_ace_selected,mathd_algebra_282,0,experiments/output/ace_thesis_20260918/validation/configs/validation__ace_selected__proof__mathd_algebra_282__seed0,validation__ace_selected__proof__mathd_algebra_282__seed0,False,55,False,"{'cache.yaml': 'fdcc21ed216a573aebe34bf187e6da82559fee9998b44800dc845fe7674492ed', 'result.yaml': '7e01a7bb6a9625c6720696b4ef01fac5d1ff3424506112b3e96ff76c9d5862f3'}",0.04440528,0.04623043,1453992,1417324,36503,7271,0.2995236,0.00182515
previous_nonace_matched,mathd_algebra_282,0,experiments/output/ace_thesis_20260918/validation/configs/validation__nonace_matched__proof__mathd_algebra_282__seed0,validation__nonace_matched__proof__mathd_algebra_282__seed0,False,59,False,"{'cache.yaml': '39ca31b33a5de12f698fb1522b632fb9b5a221842a4749a54879739b8794b51f', 'result.yaml': '94d5fb4f83363fbfe6652ff00913c64dec5e2190c6e9903857d36d6681a30351'}",0.04777984,0.05035059,1482224,1430632,51415,7374,0.3052936,0.0025707499999999997
previous_nonace_ordinary,mathd_algebra_282,0,experiments/output/ace_thesis_20260918/validation/configs/validation__nonace_ordinary__proof__mathd_algebra_282__seed0,validation__nonace_ordinary__proof__mathd_algebra_282__seed0,False,31,False,"{'cache.yaml': '9c0f817e34ebac76305cecda451c78dc335c03ed974483f13e6410e7459379d9', 'result.yaml': '075495c360d27203f09027839489b9889eada9cc4b43aed87162320df6fa0ad2'}",0.03247804,0.03599064,537197,466852,70252,7560,0.11651139999999999,0.0035126
previous_ace_selected,mathd_numbertheory_33,0,experiments/output/ace_thesis_20260918/validation/configs/validation__ace_selected__proof__mathd_numbertheory_33__seed0,validation__ace_selected__proof__mathd_numbertheory_33__seed0,True,1,False,"{'cache.yaml': '2f9eb398a9cce99a9abfba1892403e71f9c0cb28f5406d3e61f59ccf887b472c', 'result.yaml': 'f5276e6c66f2db45cd462150d5923875862e62bdcf04296735335f22688752fb'}",0.00066942,0.00072717,11649,10491,1155,190,0.0025578,5.7749999999999994e-05
previous_nonace_matched,mathd_numbertheory_33,0,experiments/output/ace_thesis_20260918/validation/configs/validation__nonace_matched__proof__mathd_numbertheory_33__seed0,validation__nonace_matched__proof__mathd_numbertheory_33__seed0,True,5,False,"{'cache.yaml': '8836c681d7d98cd2fa08eb8afe267dc8e66f791e3bf34da0cdb966a35730a7ef', 'result.yaml': '18783ac3e5494cf76cb14c8036474c58ca23737b1fb6726cf93894344bc5cc11'}",0.0020786,0.00225345,21802,18290,3497,842,0.005370799999999999,0.00017485
previous_nonace_ordinary,mathd_numbertheory_33,0,experiments/output/ace_thesis_20260918/validation/configs/validation__nonace_ordinary__proof__mathd_numbertheory_33__seed0,validation__nonace_ordinary__proof__mathd_numbertheory_33__seed0,True,5,False,"{'cache.yaml': 'fae5d228d60b71131751c9d5134088070195dd02df95ac60e995b1119eed5ad6', 'result.yaml': '55609ea2cfa86d7f0745c5c78c5e40eb0baf4658d9f3667df0ef8e09e48e81bc'}",0.00278588,0.00295768,24175,20724,3436,1401,0.0065162,0.0001718
previous_ace_historical,mathd_numbertheory_33,0,experiments/output/ace_thesis_20260918/validation/configs/validation__ace_historical__proof__mathd_numbertheory_33__seed0,validation__ace_historical__proof__mathd_numbertheory_33__seed0,True,2,False,"{'cache.yaml': 'c964302aa4a3a093aa6eadad539b27384a87f6224378bf6c2c233a0e9d9f0cc8', 'result.yaml': '160bc57eb53388aed9515f48dc42fe748b838e5feac5f2ea94c872db9802920c'}",0.0009117800000000001,0.00098093,12088,10699,1383,350,0.0028376,6.915e-05
previous_nonace_matched,amc12a_2002_p6,0,experiments/output/ace_thesis_20260918/validation/configs/validation__nonace_matched__proof__amc12a_2002_p6__seed0,validation__nonace_matched__proof__amc12a_2002_p6__seed0,True,1,False,"{'cache.yaml': '791a526db0f7599a79eb792acf3ab160478c0dd080c4f12f442643ca50eb15da', 'result.yaml': '71785ecaaa53ecdca5cfe4dd0e61d3ef55886f4b03305502e5370aad4b17b1c5'}",0.00027833999999999997,0.00027833999999999997,3810,3807,0,168,0.0009636,0.0
previous_nonace_ordinary,amc12a_2002_p6,0,experiments/output/ace_thesis_20260918/validation/configs/validation__nonace_ordinary__proof__amc12a_2002_p6__seed0,validation__nonace_ordinary__proof__amc12a_2002_p6__seed0,True,1,False,"{'cache.yaml': 'ee100c7a0a0020096eabbd245fdc6afe47397ef4155c6c9908a792898a9ef6aa', 'result.yaml': 'cfee4a417a04293a50752909624a6d0cfff2ee681ec90f860bfb4e661a6f4d5c'}",0.0009312,0.0011215499999999998,3810,0,3807,141,0.0009312,0.00019035
previous_ace_historical,amc12a_2002_p6,0,experiments/output/ace_thesis_20260918/validation/configs/validation__ace_historical__proof__amc12a_2002_p6__seed0,validation__ace_historical__proof__amc12a_2002_p6__seed0,True,1,False,"{'cache.yaml': '5c229c2111b4a8417cf917df4651c2e5e7f798660880d77eee73c2704d0fff64', 'result.yaml': '51ae56268a1c4cc01906d38f22992f60b2a79b4b3a85e31409a43444f9a9d63b'}",0.00055684,0.00061834,6005,4772,1230,179,0.0014158,6.149999999999999e-05
previous_ace_selected,amc12a_2002_p6,0,experiments/output/ace_thesis_20260918/validation/configs/validation__ace_selected__proof__amc12a_2002_p6__seed0,validation__ace_selected__proof__amc12a_2002_p6__seed0,True,1,False,"{'cache.yaml': '5b6266142adc709136427ff56067e3ede30a44978c16c83d069887ff0df5185a', 'result.yaml': '02fb280cd69414dcc79072efee812a9d709ac91723a7db1699fdda58876313ae'}",0.00061122,0.0006727199999999999,11724,10491,1230,129,0.0024996,6.149999999999999e-05
previous_nonace_ordinary,mathd_algebra_433,0,experiments/output/ace_thesis_20260918/validation/configs/validation__nonace_ordinary__proof__mathd_algebra_433__seed0,validation__nonace_ordinary__proof__mathd_algebra_433__seed0,True,5,False,"{'cache.yaml': '9170afa7fe52ec66f4654eafb4ba5912c9a607433954762239a37a403b1cc4b3', 'result.yaml': 'ceb82b9928b73d20db5288385294ac990adac149459f0f1b654c608fd7573e6d'}",0.0027532200000000002,0.00311292,23700,16491,7194,818,0.005721599999999999,0.00035969999999999996
previous_ace_historical,mathd_algebra_433,0,experiments/output/ace_thesis_20260918/validation/configs/validation__ace_historical__proof__mathd_algebra_433__seed0,validation__ace_historical__proof__mathd_algebra_433__seed0,True,2,False,"{'cache.yaml': '12937525ca74c18325aff9902590d9bcc80412d7ace47ade37b84fd40fc1c5f3', 'result.yaml': '9e86bf6bec18a5e44b14864b6b3361c6d6c2784cecde43829919971d526da1af'}",0.0015754799999999998,0.00181153,14271,9544,4721,366,0.0032934,0.00023605
previous_ace_selected,mathd_algebra_433,0,experiments/output/ace_thesis_20260918/validation/configs/validation__ace_selected__proof__mathd_algebra_433__seed0,validation__ace_selected__proof__mathd_algebra_433__seed0,True,5,False,"{'cache.yaml': 'b972bc3c129f37808a6b66b5e0a04d4144a30c5cb38f6424d4a9cf2b47666f28', 'result.yaml': '9da30b75d16bb3bd83684b41f4c45750639dcb78f37b653fcd1e2df3429f8778'}",0.0031351,0.0033977499999999997,69083,63815,5253,671,0.014621799999999999,0.00026264999999999996
previous_nonace_matched,mathd_algebra_433,0,experiments/output/ace_thesis_20260918/validation/configs/validation__nonace_matched__proof__mathd_algebra_433__seed0,validation__nonace_matched__proof__mathd_algebra_433__seed0,True,5,False,"{'cache.yaml': '83f44eb029aed1534336e4970b22ec8253e70d0a87dfe528c45be70f6ebfe9ff', 'result.yaml': '4f3bd4a6aa5a3338bd3846461c1d72d53f10de425e17336c62d87041e6e8dbe2'}",0.0032808399999999997,0.0037438899999999997,24818,15542,9261,929,0.006078399999999999,0.00046304999999999995
previous_ace_historical,mathd_numbertheory_43,0,experiments/output/ace_thesis_20260918/validation/configs/validation__ace_historical__proof__mathd_numbertheory_43__seed0,validation__ace_historical__proof__mathd_numbertheory_43__seed0,False,23,False,"{'cache.yaml': '96b7d21075694e8e2a7724eb6041b59aff97b4e9506fe45ad237210c5c39f390', 'result.yaml': '2cb28c346a125ea7def371c1512771c2363ba2231fa4350185e0bb97b25505fb'}",0.04571322,0.05123882,329892,219311,110512,16009,0.08518919999999999,0.0055255999999999994
previous_ace_selected,mathd_numbertheory_43,0,experiments/output/ace_thesis_20260918/validation/configs/validation__ace_selected__proof__mathd_numbertheory_43__seed0,validation__ace_selected__proof__mathd_numbertheory_43__seed0,False,28,False,"{'cache.yaml': '58f5c98f9fe390d8c57366f24bd11252ccda6cc4a86f375924d9ca2f9df19dd5', 'result.yaml': '2a60fdfdb687df17d5bbe9fecbbed0862a965523fdb8e438c4a57fae2a90ca47'}",0.02290906,0.02416901,487226,461943,25199,7178,0.1060588,0.00125995
previous_nonace_matched,mathd_numbertheory_43,0,experiments/output/ace_thesis_20260918/validation/configs/validation__nonace_matched__proof__mathd_numbertheory_43__seed0,validation__nonace_matched__proof__mathd_numbertheory_43__seed0,False,19,False,"{'cache.yaml': '51dcd47ade5e5bdd5a5911b127790e4e7e0e6bcaa034bfeae1bfb7fcd0024bf6', 'result.yaml': '04e021888a9c0245b1059fd3fa3d7df0021400f7ac21d4d29ed6409894f88535'}",0.02192104,0.02375114,189881,153222,36602,9604,0.049500999999999996,0.0018300999999999999
previous_nonace_ordinary,mathd_numbertheory_43,0,experiments/output/ace_thesis_20260918/validation/configs/validation__nonace_ordinary__proof__mathd_numbertheory_43__seed0,validation__nonace_ordinary__proof__mathd_numbertheory_43__seed0,False,17,False,"{'cache.yaml': 'f44fa92dd87b4afe4809f18370264a6ce2cfa204243521e01c3c979d56579aef', 'result.yaml': '6a020a4427b083e064eef5f4c36b9052d02c7df16117478082c3d1360e7784d2'}",0.021430039999999997,0.02371139,160540,114862,45627,8331,0.042105199999999995,0.0022813499999999997
previous_ace_selected,aime_1991_p9,0,experiments/output/ace_thesis_20260918/validation/configs/validation__ace_selected__proof__aime_1991_p9__seed0,validation__ace_selected__proof__aime_1991_p9__seed0,True,19,False,"{'cache.yaml': '83ef7b512179bd3a8a985ec1cf9a41ceb7ca0708a114bc6c02956ba445f3357d', 'result.yaml': '751f490843fbe0a9b5017f9464038f2910230f3f38156ec3efd313da19afefb3'}",0.02968842,0.032866719999999995,328314,264691,63566,9725,0.0773328,0.0031783
previous_nonace_matched,aime_1991_p9,0,experiments/output/ace_thesis_20260918/validation/configs/validation__nonace_matched__proof__aime_1991_p9__seed0,validation__nonace_matched__proof__aime_1991_p9__seed0,False,41,False,"{'cache.yaml': '2cd06139e8c64b7efa381d9eee68c469153cca61bb48fb799ca2a109f3f42661', 'result.yaml': '309397a565a3f2e9640eb4340c9f71a497d4e1a06e543de6c1106d6bb114b04f'}",0.06211938,0.06955418,613158,464339,148696,19224,0.14570039999999998,0.0074348
previous_nonace_ordinary,aime_1991_p9,0,experiments/output/ace_thesis_20260918/validation/configs/validation__nonace_ordinary__proof__aime_1991_p9__seed0,validation__nonace_ordinary__proof__aime_1991_p9__seed0,True,29,False,"{'cache.yaml': '50bcc040c4f89bedfff55986b919a7d4e85ef30d81349cd1433aafa7a0d5eddd', 'result.yaml': 'b844c9af344b36755128efbda2e7b584e2699c93e0d9593eee2a9f5ae2ca5ba0'}",0.02295096,0.02469116,330429,295538,34804,8385,0.0761478,0.0017402
previous_ace_historical,aime_1991_p9,0,experiments/output/ace_thesis_20260918/validation/configs/validation__ace_historical__proof__aime_1991_p9__seed0,validation__ace_historical__proof__aime_1991_p9__seed0,False,22,False,"{'cache.yaml': '0225a8569a0d060dd60b926026292c69026b3943a8ec7d69a625d5e7f18b70c1', 'result.yaml': 'c39e1c5a70ac2b81b0f7879a398f6c01cfae42cefb91c18c94296da6af387060'}",0.0590389,0.0675963,400499,229285,171148,16842,0.10031019999999999,0.0085574
previous_nonace_matched,amc12_2000_p12,0,experiments/output/ace_thesis_20260918/validation/configs/validation__nonace_matched__proof__amc12_2000_p12__seed0,validation__nonace_matched__proof__amc12_2000_p12__seed0,False,26,False,"{'cache.yaml': '6d5a8cd0ca5cc7c1d1e7f9c93f55b2c2824a8d498c0280b1fb2ab9dbd0ebe08e', 'result.yaml': 'b8eac09c1943369c37d146b365a0fe7f9a5f67f0b8701eea0f252f6eeafca59b'}",0.05577554,0.06366869,249148,91207,157863,18636,0.0721928,0.00789315
previous_nonace_ordinary,amc12_2000_p12,0,experiments/output/ace_thesis_20260918/validation/configs/validation__nonace_ordinary__proof__amc12_2000_p12__seed0,validation__nonace_ordinary__proof__amc12_2000_p12__seed0,True,19,False,"{'cache.yaml': '0f06d0dec5452173b1f900df81523c7984243a90e4435b5c84a81da992a56b42', 'result.yaml': '25ac0feada9956a64c7cd9ffcdc79fef5a243c032431bae3f2248fbd7ad2ba6b'}",0.03004966,0.03253201,163967,114263,49647,14853,0.050616999999999995,0.00248235
previous_ace_historical,amc12_2000_p12,0,experiments/output/ace_thesis_20260918/validation/configs/validation__ace_historical__proof__amc12_2000_p12__seed0,validation__ace_historical__proof__amc12_2000_p12__seed0,True,14,False,"{'cache.yaml': '25031f27df780d183cf4c775c9abee3f36b1c690eff964c71e16b14454984a36', 'result.yaml': '080ab8a4892f48aebe946a6121ae1d72682999c6d5334e2bce238aed2feb0d99'}",0.020329859999999998,0.02194301,131568,99263,32263,9903,0.038197199999999994,0.0016131499999999998
previous_ace_selected,amc12_2000_p12,0,experiments/output/ace_thesis_20260918/validation/configs/validation__ace_selected__proof__amc12_2000_p12__seed0,validation__ace_selected__proof__amc12_2000_p12__seed0,True,15,False,"{'cache.yaml': 'b847b4c22da449824ad5671a2919f26082b1151fa152c1d28ca9314680fbff93', 'result.yaml': '9a20292377876c032dbc7472a256e12a2c5a25e62e13b490b8597a2e9f9db5a4'}",0.02210666,0.02384981,219601,184693,34863,9526,0.055351399999999995,0.00174315
previous_nonace_ordinary,imo_1984_p6,0,experiments/output/ace_thesis_20260918/validation/configs/validation__nonace_ordinary__proof__imo_1984_p6__seed0,validation__nonace_ordinary__proof__imo_1984_p6__seed0,False,18,False,"{'cache.yaml': '2a59fca186131a894c203970d67ab84f520405117bf62b7ed066234b7d847391', 'result.yaml': 'a165585b6ab93b14eacf3c4d74048f8a9f51662809d553de1cf3a729279289f5'}",0.04197836,0.048358309999999995,251641,123988,127599,11640,0.0642962,0.00637995
previous_ace_historical,imo_1984_p6,0,experiments/output/ace_thesis_20260918/validation/configs/validation__ace_historical__proof__imo_1984_p6__seed0,validation__ace_historical__proof__imo_1984_p6__seed0,False,27,False,"{'cache.yaml': 'a12043901812e9462f975dc988699972db2670b31bd0d76c04a94b682c428ea0', 'result.yaml': '20df07d9bb4959da7fcb65465dc7cd650f54d57ad7bbf1af8dd7f62dc4dae42d'}",0.06649885999999999,0.07601541,508435,318023,190331,18380,0.12374299999999999,0.009516549999999999
previous_ace_selected,imo_1984_p6,0,experiments/output/ace_thesis_20260918/validation/configs/validation__ace_selected__proof__imo_1984_p6__seed0,validation__ace_selected__proof__imo_1984_p6__seed0,False,25,False,"{'cache.yaml': '8ff8d989422486a3d7bc9ac6fe1c5de771eeffac5782fd38571d61cd987aeb0f', 'result.yaml': 'b66f7e45e7a92b58accc4587ca9c40caa340e97e6ca8e170d9ad547f6d483de0'}",0.0290716,0.0313456,453185,407630,45480,9840,0.102445,0.002274
previous_nonace_matched,imo_1984_p6,0,experiments/output/ace_thesis_20260918/validation/configs/validation__nonace_matched__proof__imo_1984_p6__seed0,validation__nonace_matched__proof__imo_1984_p6__seed0,False,27,False,"{'cache.yaml': '807738d22cd60e2e8e3ee9370b8f2242323018ee898b6a7d9ef0ceac748fb634', 'result.yaml': '68b3f5c3baa7a666e013ac7994a023ad2569738b0062033c8dfbea3ef25da247'}",0.0618093,0.07032875,407295,236825,170389,19149,0.1044378,0.00851945
previous_ace_historical,mathd_algebra_251,0,experiments/output/ace_thesis_20260918/validation/configs/validation__ace_historical__proof__mathd_algebra_251__seed0,validation__ace_historical__proof__mathd_algebra_251__seed0,True,7,False,"{'cache.yaml': '6cab00659a15985d954d2b9475145877908e368ee53668e05fea5f93eedd08e9', 'result.yaml': 'c0d1ba5c873a4c9dc952457a84908b4c5fc7e579b17fca90b39d4917e57c63bf'}",0.00608156,0.00659791,50326,39978,10327,2677,0.0132776,0.00051635
previous_ace_selected,mathd_algebra_251,0,experiments/output/ace_thesis_20260918/validation/configs/validation__ace_selected__proof__mathd_algebra_251__seed0,validation__ace_selected__proof__mathd_algebra_251__seed0,True,1,False,"{'cache.yaml': '06bf3645029b8212a8343388e88ebf9da264b3d599f155470ea1a8a7757a2053', 'result.yaml': '00d14ef40f9a980aaf567bcad5a6b4a8d171b261c0004e1ef0904dd4d788bf41'}",0.0010306199999999999,0.00109017,11685,10491,1191,485,0.002919,5.955e-05
previous_nonace_matched,mathd_algebra_251,0,experiments/output/ace_thesis_20260918/validation/configs/validation__nonace_matched__proof__mathd_algebra_251__seed0,validation__nonace_matched__proof__mathd_algebra_251__seed0,True,8,False,"{'cache.yaml': '6510d0b48e223d69f9d6d56016c1659a448cb2b82d36ffbb4ca68784004c0401', 'result.yaml': '59d1c9d594adb51d7557336a1d948a5429f54eb28501e49eec2332ae4715cfc6'}",0.004965499999999999,0.0053726,42661,34495,8142,2202,0.0111746,0.0004071
previous_nonace_ordinary,mathd_algebra_251,0,experiments/output/ace_thesis_20260918/validation/configs/validation__nonace_ordinary__proof__mathd_algebra_251__seed0,validation__nonace_ordinary__proof__mathd_algebra_251__seed0,True,7,False,"{'cache.yaml': 'f84cc61e1741dad4f5100f44c781537eba9f053cfe09cec879e55085cde57e1d', 'result.yaml': '1cd176e51498aca1c357e6ae64e19fb802c43964b9bf5ef7382e46f352341a7d'}",0.00278516,0.0028795599999999998,31417,29508,1888,1511,0.008096599999999999,9.44e-05
previous_ace_selected,mathd_numbertheory_303,0,experiments/output/ace_thesis_20260918/validation/configs/validation__ace_selected__proof__mathd_numbertheory_303__seed0,validation__ace_selected__proof__mathd_numbertheory_303__seed0,False,24,False,"{'cache.yaml': '038d5f9882c7fb28dc2d86c70bb4bf80101d816d0146f380406d354f98b9db2b', 'result.yaml': 'e8fe0fe15e2c8fd0a343f4e1d17c739294bd0ecd309481d2ef097b8807681faf'}",0.056625299999999996,0.06355519999999999,471795,333125,138598,18524,0.11658779999999999,0.006929899999999999
previous_nonace_matched,mathd_numbertheory_303,0,experiments/output/ace_thesis_20260918/validation/configs/validation__nonace_matched__proof__mathd_numbertheory_303__seed0,validation__nonace_matched__proof__mathd_numbertheory_303__seed0,False,20,False,"{'cache.yaml': 'a493fbbf5977b636404b6be62da2a61a7383576bdd5acc4ceda2bb25470fc755', 'result.yaml': 'efa2fffe76e0a43c0384539eb35d8c26e340f2762efb5ec71dc45667ef4aebd3'}",0.06139762,0.06974832,267035,99961,167014,21653,0.07939059999999999,0.008350699999999999
previous_nonace_ordinary,mathd_numbertheory_303,0,experiments/output/ace_thesis_20260918/validation/configs/validation__nonace_ordinary__proof__mathd_numbertheory_303__seed0,validation__nonace_ordinary__proof__mathd_numbertheory_303__seed0,False,27,False,"{'cache.yaml': '3cc2874a331db2b252f3ad6a7fe9d61f39cafbaa21d0961bab982737dbd0d02b', 'result.yaml': '8eb0a7bdd74161614303b9bd2738cd1c88e22f9542c8a269805e824a3e6e448f'}",0.03726078,0.042068879999999996,341052,244809,96162,10930,0.0813264,0.0048081
previous_ace_historical,mathd_numbertheory_303,0,experiments/output/ace_thesis_20260918/validation/configs/validation__ace_historical__proof__mathd_numbertheory_303__seed0,validation__ace_historical__proof__mathd_numbertheory_303__seed0,False,25,False,"{'cache.yaml': 'db376dd23d4ec746f4a38b2b3e2134f9f23a8291208776cbc0792937fb3d247c', 'result.yaml': 'ac7d10cae3d49cd4f541e34f0b2ed9cee73b7bc4c967c9b34b57851a6fa656ef'}",0.06354438,0.07188218,406020,239189,166756,21162,0.1065984,0.0083378
previous_nonace_matched,aime_1989_p8,0,experiments/output/ace_thesis_20260918/validation/configs/validation__nonace_matched__proof__aime_1989_p8__seed0,validation__nonace_matched__proof__aime_1989_p8__seed0,True,1,False,"{'cache.yaml': 'b4a0f4b55fe4cde4c2ca9ee45f630cf7330cf6cc6ea0a1581dbcdef13c56c8ee', 'result.yaml': 'b71c7849e51634e3c15756c08a113ba3d7fb4c0dcf6ac069ba49e4b08013a1b4'}",0.00048074,0.0005691399999999999,4378,2607,1768,62,0.0009499999999999999,8.84e-05
previous_nonace_ordinary,aime_1989_p8,0,experiments/output/ace_thesis_20260918/validation/configs/validation__nonace_ordinary__proof__aime_1989_p8__seed0,validation__nonace_ordinary__proof__aime_1989_p8__seed0,True,1,False,"{'cache.yaml': 'ac84912aeafe952c407676e11c8ff3f60b9b061f033341afe57e9de327725ccf', 'result.yaml': '6ab6d35cc18c3c4a1791ddcb25e557aa2fd4ef77664dbaaa73b2be151cc79826'}",0.0001649,0.0001649,4378,4375,0,64,0.0009524,0.0
previous_ace_historical,aime_1989_p8,0,experiments/output/ace_thesis_20260918/validation/configs/validation__ace_historical__proof__aime_1989_p8__seed0,validation__ace_historical__proof__aime_1989_p8__seed0,True,1,False,"{'cache.yaml': 'f356f86bb7e18e509d9adc2888e41ae63cb5e1bebbf264a4ecc4951c90707f5f', 'result.yaml': 'ce86c73f514023ed658912458ac9952e46f84cdc9c050d30e58815dd435e577f'}",0.00058764,0.0006775399999999999,6573,4772,1798,110,0.0014466,8.989999999999999e-05
previous_ace_selected,aime_1989_p8,0,experiments/output/ace_thesis_20260918/validation/configs/validation__ace_selected__proof__aime_1989_p8__seed0,validation__ace_selected__proof__aime_1989_p8__seed0,True,1,False,"{'cache.yaml': 'c75782cfa49e36ab2aee7b9bb99b44ca7402cc719eecb92343c12d3918f97a30', 'result.yaml': '04b35f01fcc7b31a331abc15e521de77ac9797c2388ddcdc5337ee81bd544436'}",0.0006888199999999999,0.0007787199999999999,12292,10491,1798,99,0.0025772,8.989999999999999e-05
previous_nonace_ordinary,mathd_numbertheory_530,0,experiments/output/ace_thesis_20260918/validation/configs/validation__nonace_ordinary__proof__mathd_numbertheory_530__seed0,validation__nonace_ordinary__proof__mathd_numbertheory_530__seed0,False,31,False,"{'cache.yaml': '8557ee7f7f81ac7a17d4816987c25ee5a09baad4463255defdbdc50721e78560', 'result.yaml': 'ca659457faf16fdae7abd46f8e763ba5bc8175075742a061310c94b1f7f7fee5'}",0.03958732,0.04476727,512138,408446,103599,8900,0.11310759999999999,0.00517995
previous_ace_historical,mathd_numbertheory_530,0,experiments/output/ace_thesis_20260918/validation/configs/validation__ace_historical__proof__mathd_numbertheory_530__seed0,validation__ace_historical__proof__mathd_numbertheory_530__seed0,False,25,False,"{'cache.yaml': 'defb128cd3dc2a60b701c9d5bbc54fe6d173ba4d0a94de3dd5db97f4dfc51f42', 'result.yaml': 'e7968e2d605fb4d1f0ae004bc354d1a88c32fecfc1202623fd7fe96b5814ecaa'}",0.060125939999999996,0.06926899,457413,274477,182861,15041,0.1095318,0.00914305
previous_ace_selected,mathd_numbertheory_530,0,experiments/output/ace_thesis_20260918/validation/configs/validation__ace_selected__proof__mathd_numbertheory_530__seed0,validation__ace_selected__proof__mathd_numbertheory_530__seed0,False,25,False,"{'cache.yaml': 'f23536e2ee0c8638d0b9e41b5cb3d4b04f64a9699e390e09e82884978cd2e6dd', 'result.yaml': '34e2510a0b98b54c407636b3b962b36c332e236c79dfc09b2f1ccf2737834063'}",0.059919139999999996,0.06828199,592729,425397,167257,14954,0.1364906,0.00836285
previous_nonace_matched,mathd_numbertheory_530,0,experiments/output/ace_thesis_20260918/validation/configs/validation__nonace_matched__proof__mathd_numbertheory_530__seed0,validation__nonace_matched__proof__mathd_numbertheory_530__seed0,False,35,False,"{'cache.yaml': 'b8ae340662fd2a6daccda9f4d443442a58f404f52d721f520de09088b58848ea', 'result.yaml': '4c2d39d229b873e8591281b30b7bb113840253fa0d911a14b2eae1fa08bf2da0'}",0.061654219999999996,0.06999232,620368,453501,166762,16009,0.1432844,0.0083381
previous_ace_historical,mathd_numbertheory_64,0,experiments/output/ace_thesis_20260918/validation/configs/validation__ace_historical__proof__mathd_numbertheory_64__seed0,validation__ace_historical__proof__mathd_numbertheory_64__seed0,True,8,False,"{'cache.yaml': '6cad7cae39fa3793df8fcbf72da5f243f551b6b8d6e2ac6af003f91670f9f44e', 'result.yaml': '4cdadbf2f98283cbb277fda8a8c8c6c2e8f4a4b708936bb72fd5c760432c38e3'}",0.00903866,0.00977311,62296,47583,14689,4287,0.0176036,0.00073445
previous_ace_selected,mathd_numbertheory_64,0,experiments/output/ace_thesis_20260918/validation/configs/validation__ace_selected__proof__mathd_numbertheory_64__seed0,validation__ace_selected__proof__mathd_numbertheory_64__seed0,True,8,False,"{'cache.yaml': 'ff24cec11720656aac306f2f192293f4427f89e427e14fb7e47b2550df6abc97', 'result.yaml': '1422ed698e6f5f482edac75af7e68596ad49a82750c1f1eb944d072287e47515'}",0.00829386,0.00872411,115572,106943,8605,3691,0.027543599999999998,0.00043024999999999997
previous_nonace_matched,mathd_numbertheory_64,0,experiments/output/ace_thesis_20260918/validation/configs/validation__nonace_matched__proof__mathd_numbertheory_64__seed0,validation__nonace_matched__proof__mathd_numbertheory_64__seed0,True,13,False,"{'cache.yaml': '308809294919438dfd12a4abb6eb57a6136d66a3a0e3f0a0de00bc06752e4722', 'result.yaml': '913f978b566d4b73f4ab9df87001e7af713ce0cfebdb633ef008a2fdf4437a7f'}",0.014622739999999999,0.01591364,99604,73747,25818,6647,0.027897199999999997,0.0012909
previous_nonace_ordinary,mathd_numbertheory_64,0,experiments/output/ace_thesis_20260918/validation/configs/validation__nonace_ordinary__proof__mathd_numbertheory_64__seed0,validation__nonace_ordinary__proof__mathd_numbertheory_64__seed0,True,10,False,"{'cache.yaml': '9b77f8403efc1da6a03713960d5103f1069fe4c4a8755dec45c122079c41d3c2', 'result.yaml': '7b16e4cc32b880f3e4e8fdccf4a854dd009a3269e9564ae8484c22dd9f43aa37'}",0.00634116,0.00691536,59892,48378,11484,2559,0.015049199999999999,0.0005742
previous_ace_selected,imo_1969_p2,0,experiments/output/ace_thesis_20260918/validation/configs/validation__ace_selected__proof__imo_1969_p2__seed0,validation__ace_selected__proof__imo_1969_p2__seed0,False,24,False,"{'cache.yaml': '537cc4ba0a74cc5ec750ddcf86d1f80d92464f89accd85cb14881ca582322e29', 'result.yaml': '54a7b5e192ce3994767f272eedf79e44132d1bc9fa00a6536c99ed4a9ec20c0d'}",0.06404172,0.07407647,618963,418196,200695,12937,0.139317,0.01003475
previous_nonace_matched,imo_1969_p2,0,experiments/output/ace_thesis_20260918/validation/configs/validation__nonace_matched__proof__imo_1969_p2__seed0,validation__nonace_matched__proof__imo_1969_p2__seed0,False,24,False,"{'cache.yaml': '98265075c6988938f8e27da69919007f1a17c63d76115aae1b603c47cab4fc07', 'result.yaml': '882b3976e4f355f10ed50f85a0c50f8e3735af66424c744c8866290756ac2b63'}",0.06613642,0.07530257,378926,195531,183323,21289,0.10133199999999999,0.00916615
previous_nonace_ordinary,imo_1969_p2,0,experiments/output/ace_thesis_20260918/validation/configs/validation__nonace_ordinary__proof__imo_1969_p2__seed0,validation__nonace_ordinary__proof__imo_1969_p2__seed0,False,34,False,"{'cache.yaml': '9048a5896bcffa4fc9d59ab1800dfdd09749c6c56fb0f24aa06938c97909312d', 'result.yaml': '5c1dc858c1a0e02cb23bf8c00bc97127cf008f6220debd98848e297f4b8b9f61'}",0.03327806,0.03654301,599674,534273,65299,7927,0.12944719999999998,0.00326495
previous_ace_historical,imo_1969_p2,0,experiments/output/ace_thesis_20260918/validation/configs/validation__ace_historical__proof__imo_1969_p2__seed0,validation__ace_historical__proof__imo_1969_p2__seed0,False,25,False,"{'cache.yaml': '078264bec54df4f3a4b53b2761d59ce85a0cfa838e2fdefa6d079cbe0a791be3', 'result.yaml': '0d53189da0005f93ccbf8acfc4dff4d2f49716747dc15dbbb6b4c225d3c6208e'}",0.06527728,0.07451723,484118,299244,184799,18598,0.11914119999999999,0.00923995
previous_nonace_matched,amc12b_2020_p5,0,experiments/output/ace_thesis_20260918/validation/configs/validation__nonace_matched__proof__amc12b_2020_p5__seed0,validation__nonace_matched__proof__amc12b_2020_p5__seed0,True,2,False,"{'cache.yaml': 'ce13648727735ce9f749d2c6c22da72f7214352a92ff59f5b80fe5c50322ad7e', 'result.yaml': '178bea12d2842c5ac46db27b6102b28065860f49722e63e704cf12a278f86cd5'}",0.00068696,0.00077011,8287,6618,1663,184,0.0018782,8.315e-05
previous_nonace_ordinary,amc12b_2020_p5,0,experiments/output/ace_thesis_20260918/validation/configs/validation__nonace_ordinary__proof__amc12b_2020_p5__seed0,validation__nonace_ordinary__proof__amc12b_2020_p5__seed0,True,1,False,"{'cache.yaml': '046cda720960e2a92f7bc8afdcbf8fe54f72335606d7f9c2fee3aace5976ca59', 'result.yaml': '84a044a025a7cb0abaef18c5abf80a5646984baa28802cdf36f78587fa78b831'}",0.00028482,0.00028482,4014,4011,0,170,0.0010068,0.0
previous_ace_historical,amc12b_2020_p5,0,experiments/output/ace_thesis_20260918/validation/configs/validation__ace_historical__proof__amc12b_2020_p5__seed0,validation__ace_historical__proof__amc12b_2020_p5__seed0,True,1,False,"{'cache.yaml': '62e35069856f0b390c77c38de08850ff5cd76c0963df8fac1cd0dc62fbe2192b', 'result.yaml': '5333f1efd8ed77402467e95c62b5660ac592c9df6a21231889459e8b55a8fb98'}",0.00059764,0.00066934,6209,4772,1434,179,0.0014566,7.17e-05
previous_ace_selected,amc12b_2020_p5,0,experiments/output/ace_thesis_20260918/validation/configs/validation__ace_selected__proof__amc12b_2020_p5__seed0,validation__ace_selected__proof__amc12b_2020_p5__seed0,True,1,False,"{'cache.yaml': 'e098daf2f76ac246de3ebac4490c470136f75e16af026d9b985be4a1dbdb4307', 'result.yaml': 'ce7aee8d3ea993a1f7e15405e8011bec6b055896c72ff7ce59067017e490b2c3'}",0.00077802,0.00084972,11928,10491,1434,234,0.0026663999999999998,7.17e-05
previous_nonace_ordinary,aime_1991_p6,0,experiments/output/ace_thesis_20260918/validation/configs/validation__nonace_ordinary__proof__aime_1991_p6__seed0,validation__nonace_ordinary__proof__aime_1991_p6__seed0,False,12,False,"{'cache.yaml': '94fa7b9ba885bb2390424fc51ac9e82fd1ca30c7e912c8d4d95bc3e68b8537e2', 'result.yaml': '36563d64c5360d04438e9529f8b39a280fcc0cc6d520772c6394b5dfc8431a2f'}",0.03801168,0.04159643,143265,71534,71695,18529,0.0508878,0.00358475
previous_ace_historical,aime_1991_p6,0,experiments/output/ace_thesis_20260918/validation/configs/validation__ace_historical__proof__aime_1991_p6__seed0,validation__ace_historical__proof__aime_1991_p6__seed0,False,18,False,"{'cache.yaml': 'd4d3c3280e39852c3b60b85e7ff2b94a4dac636065a91c5dab00fac6f7038505', 'result.yaml': 'e7c4ca30a7eb93480ffcd0b5ee5d6e1daf781f7581d1e759abfc9c3ba0c16cad'}",0.05623926,0.06294381,304518,170373,134091,21669,0.0869064,0.006704549999999999
previous_ace_selected,aime_1991_p6,0,experiments/output/ace_thesis_20260918/validation/configs/validation__ace_selected__proof__aime_1991_p6__seed0,validation__ace_selected__proof__aime_1991_p6__seed0,False,20,False,"{'cache.yaml': '8b82cf225e2c230886f440f0f37eb6090aa203236d308bbf6da4556f9249516a', 'result.yaml': '23b6784a688558d6451d36866f8e8f0c1c2e2c2b3538762893d6da83f47699f0'}",0.05723408,0.06266493,448711,340034,108617,23915,0.1184402,0.00543085
previous_nonace_matched,aime_1991_p6,0,experiments/output/ace_thesis_20260918/validation/configs/validation__nonace_matched__proof__aime_1991_p6__seed0,validation__nonace_matched__proof__aime_1991_p6__seed0,False,15,False,"{'cache.yaml': '04d6e913ed50613f20a36bd8bc47a5808dd625c19bd82ae5797cbadee5dd2e87', 'result.yaml': 'babf8e54a127946daf315206910ae4583c3a425d8a56b91109e998937fce5bb8'}",0.066871,0.07661309999999999,288107,93220,194842,21691,0.08365059999999999,0.0097421
previous_ace_historical,amc12_2001_p21,0,experiments/output/ace_thesis_20260918/validation/configs/validation__ace_historical__proof__amc12_2001_p21__seed0,validation__ace_historical__proof__amc12_2001_p21__seed0,True,10,False,"{'cache.yaml': '34d5d5982a3e43a4e5d55bc402fddc10048b55a45f758cc4a44aa5dcc2ae8fd5', 'result.yaml': '42ca91c8c69f15bd852d4d0405756ccd29764cc4c9122129db11d7cf1dceb414'}",0.0181335,0.020092099999999998,108057,68855,39172,7430,0.0305274,0.0019586
previous_ace_selected,amc12_2001_p21,0,experiments/output/ace_thesis_20260918/validation/configs/validation__ace_selected__proof__amc12_2001_p21__seed0,validation__ace_selected__proof__amc12_2001_p21__seed0,False,15,False,"{'cache.yaml': '7a521171e1d0e22418a30dfef2fe17d14fd2523d20544e973a3d2d47c53954e6', 'result.yaml': 'a0a8e7bcc93051f120ebe773d11abfddc3f6e6977579933d04cd1fd9d705b331'}",0.036671199999999994,0.040616,257351,178410,78896,14429,0.068785,0.0039448
previous_nonace_matched,amc12_2001_p21,0,experiments/output/ace_thesis_20260918/validation/configs/validation__nonace_matched__proof__amc12_2001_p21__seed0,validation__nonace_matched__proof__amc12_2001_p21__seed0,False,9,False,"{'cache.yaml': '6afeea92caa008794cc675597e17b9f3b11e60c5ad02a0651c183c8a0c4faf0e', 'result.yaml': '46fcfd8d11a50e63c4c33116d3516d8978604e61cecd30a60922411557570c43'}",0.013030819999999999,0.014179369999999998,55219,32221,22971,6489,0.0188306,0.00114855
previous_nonace_ordinary,amc12_2001_p21,0,experiments/output/ace_thesis_20260918/validation/configs/validation__nonace_ordinary__proof__amc12_2001_p21__seed0,validation__nonace_ordinary__proof__amc12_2001_p21__seed0,False,21,False,"{'cache.yaml': '22a2fdf31492071e0613d58feab7115028306a292592f0a5b41a93b8abd6644d', 'result.yaml': '6504fcad5feaf11efed2a089bb1eaa9e3a08b66d2129dfd22d49a5c7fea479b9'}",0.039717579999999995,0.04495468,255974,151169,104742,13111,0.066928,0.0052371
previous_ace_selected,mathd_numbertheory_284,0,experiments/output/ace_thesis_20260918/validation/configs/validation__ace_selected__proof__mathd_numbertheory_284__seed0,validation__ace_selected__proof__mathd_numbertheory_284__seed0,True,1,False,"{'cache.yaml': '22c69ce8c1b7a7703bdfe7bcb5abd5c3f4df170d227570ecdbdc55edbffdf35b', 'result.yaml': '7c218253081e07d0efe4fa18342470ea888100a7e706ff750ca092f282cb294e'}",0.00067342,0.00073367,11699,10491,1205,185,0.0025618,6.0249999999999994e-05
previous_nonace_matched,mathd_numbertheory_284,0,experiments/output/ace_thesis_20260918/validation/configs/validation__nonace_matched__proof__mathd_numbertheory_284__seed0,validation__nonace_matched__proof__mathd_numbertheory_284__seed0,True,1,False,"{'cache.yaml': '7428fceea295a86cafe3156d0da9b02c1806d60e8cf6aee7b2b2c694edebcc86', 'result.yaml': '7be2ee39ea3af3b2d8ceea9b13666abde6fc9a6d5db19edc68564ce6339d229f'}",0.00044133999999999997,0.00050009,3785,2607,1175,128,0.0009105999999999999,5.875e-05
previous_nonace_ordinary,mathd_numbertheory_284,0,experiments/output/ace_thesis_20260918/validation/configs/validation__nonace_ordinary__proof__mathd_numbertheory_284__seed0,validation__nonace_ordinary__proof__mathd_numbertheory_284__seed0,True,1,False,"{'cache.yaml': '15a1e96ad7f1b21d4d54761aa010d4c49f23a99003476bc08f10fb7b4977758c', 'result.yaml': '1da8039aea6e5519e09161c22b97fb2a760e405aeb87fe8ca30321d59a651365'}",0.00017824,0.00017824,3785,3782,0,85,0.000859,0.0
previous_ace_historical,mathd_numbertheory_284,0,experiments/output/ace_thesis_20260918/validation/configs/validation__ace_historical__proof__mathd_numbertheory_284__seed0,validation__ace_historical__proof__mathd_numbertheory_284__seed0,True,1,False,"{'cache.yaml': '7249633035d3191141f4e75a7c1fe277be71bcf4b5428e40b1cc825c48ffc63a', 'result.yaml': '2608e11b824ed2f68e8c0d5aa53203e2a985fc67dedab7f7488230bfa7c6af14'}",0.00066944,0.0007296900000000001,5980,4772,1205,277,0.0015284,6.0249999999999994e-05
previous_nonace_matched,mathd_numbertheory_461,0,experiments/output/ace_thesis_20260918/validation/configs/validation__nonace_matched__proof__mathd_numbertheory_461__seed0,validation__nonace_matched__proof__mathd_numbertheory_461__seed0,True,1,False,"{'cache.yaml': 'a7369e26546f9d22f30668771e3c771e4f2c70d09c6a82a73c6c56021b87356a', 'result.yaml': '64cde62cd6d2c4fbf5cc323384b414abc50ce103a20bc7777ecc3359f6aca747'}",0.00038713999999999996,0.00044674,3802,2607,1192,80,0.0008564,5.96e-05
previous_nonace_ordinary,mathd_numbertheory_461,0,experiments/output/ace_thesis_20260918/validation/configs/validation__nonace_ordinary__proof__mathd_numbertheory_461__seed0,validation__nonace_ordinary__proof__mathd_numbertheory_461__seed0,True,1,False,"{'cache.yaml': '0d667bdcc6d135a924dc016623f2fe0a00be8a5f782c717437f86f3bd6916568', 'result.yaml': '4e9b28bf7e345019f27f1a79daf8d7154e424d1a9165d8109c8aff32b826f71a'}",0.00023857999999999998,0.00023857999999999998,3802,3799,0,135,0.0009223999999999999,0.0
previous_ace_historical,mathd_numbertheory_461,0,experiments/output/ace_thesis_20260918/validation/configs/validation__ace_historical__proof__mathd_numbertheory_461__seed0,validation__ace_historical__proof__mathd_numbertheory_461__seed0,True,1,False,"{'cache.yaml': '1021337be6f84d1ae6eb8cb933513d9d92893978f0336aa6fbdc3e7c017ea75d', 'result.yaml': '5fc84f51f69f5a37a6b3e9a4af4f4c0de92a4df29adb5e5a5cf06bb88b93ba27'}",0.00070524,0.00076634,5997,4772,1222,304,0.0015642,6.11e-05
previous_ace_selected,mathd_numbertheory_461,0,experiments/output/ace_thesis_20260918/validation/configs/validation__ace_selected__proof__mathd_numbertheory_461__seed0,validation__ace_selected__proof__mathd_numbertheory_461__seed0,True,1,False,"{'cache.yaml': '31f243e44fc54d7825efe0c7050c44768a243e550fe99a0562d63b007aadce9f', 'result.yaml': '76d07a6c0aeb965e76bc57a5e3880dd05535fcf5a45cf7885a961a5e562936c0'}",0.0006444199999999999,0.0007055200000000001,11716,10491,1222,158,0.0025327999999999995,6.11e-05
previous_nonace_ordinary,mathd_numbertheory_37,0,experiments/output/ace_thesis_20260918/validation/configs/validation__nonace_ordinary__proof__mathd_numbertheory_37__seed0,validation__nonace_ordinary__proof__mathd_numbertheory_37__seed0,False,23,False,"{'cache.yaml': '67f8e6e65e1fbb272325450d94b5fdc94e8a87e5d1122eda37374283d576ba7e', 'result.yaml': 'cf28a4b64fce29d8fc68143270db6372e64950bdb251e4abe7fe9fc36cc447c8'}",0.02393796,0.02706196,216477,153928,62480,6958,0.051644999999999996,0.003124
previous_ace_historical,mathd_numbertheory_37,0,experiments/output/ace_thesis_20260918/validation/configs/validation__ace_historical__proof__mathd_numbertheory_37__seed0,validation__ace_historical__proof__mathd_numbertheory_37__seed0,False,18,False,"{'cache.yaml': '678c2881e11617c7032b4af388d7217e95a9bc0bc68dc98fb96ef9190391f824', 'result.yaml': '19f2c724722caa15047a08f14134a499de361519b64c0f0af780382542c144b7'}",0.02895056,0.032841159999999994,221494,143628,77812,8754,0.0548036,0.0038905999999999997
previous_ace_selected,mathd_numbertheory_37,0,experiments/output/ace_thesis_20260918/validation/configs/validation__ace_selected__proof__mathd_numbertheory_37__seed0,validation__ace_selected__proof__mathd_numbertheory_37__seed0,False,17,False,"{'cache.yaml': '36d20bd71ae3bd846df1a9a5d959fd22039d9a1f00228b59d8743de8e49720fc', 'result.yaml': 'd6030016081aa02589eeb744f69dd730a917c1981e07f9f4b0dacbc83c973459'}",0.024667079999999997,0.02802648,276423,209184,67188,5863,0.0623202,0.0033594
previous_nonace_matched,mathd_numbertheory_37,0,experiments/output/ace_thesis_20260918/validation/configs/validation__nonace_matched__proof__mathd_numbertheory_37__seed0,validation__nonace_matched__proof__mathd_numbertheory_37__seed0,False,36,False,"{'cache.yaml': '3fd7970c5cb76fcfcdfc4dfdc43c11924ba4daded852d1f7067699b5da4c02d9', 'result.yaml': '15869baefa34bc8ce2510d539e373ceac1409e9686e074fda078cf1caa0637d5'}",0.024095099999999998,0.0258822,406365,370515,35742,7929,0.0907878,0.0017871
previous_ace_historical,aime_1984_p7,0,experiments/output/ace_thesis_20260918/validation/configs/validation__ace_historical__proof__aime_1984_p7__seed0,validation__ace_historical__proof__aime_1984_p7__seed0,False,21,False,"{'cache.yaml': 'ce34fff188c404eaa31129a850b3ec33918317a4dda8874c96ce49622fb98629', 'result.yaml': '00579d3dcf8a91c4a69c169b0e9923b8734c1daa4ad6267f9814e79d7c6ac553'}",0.06555166,0.07434261,321785,145903,175819,22881,0.0918142,0.00879095
previous_ace_selected,aime_1984_p7,0,experiments/output/ace_thesis_20260918/validation/configs/validation__ace_selected__proof__aime_1984_p7__seed0,validation__ace_selected__proof__aime_1984_p7__seed0,True,6,False,"{'cache.yaml': '40261cfb20b0f9875e5cd1ac0690985e93698f41cb51ca32e81d5eb4bb8c7cc2', 'result.yaml': 'c78fa66d98316ec02d9f6b6671ef7c8ef810cc1599554ec057e7d51e28dfeb88'}",0.02369472,0.02552187,99507,62946,36543,12603,0.035025,0.00182715
previous_nonace_matched,aime_1984_p7,0,experiments/output/ace_thesis_20260918/validation/configs/validation__nonace_matched__proof__aime_1984_p7__seed0,validation__nonace_matched__proof__aime_1984_p7__seed0,False,17,False,"{'cache.yaml': '856d23bee6ebb01fd6f75a477b23533062cf8fd7bf879bd97410ee99a7711608', 'result.yaml': '0cf0f3a0281a9decc2656d7c5ad2f29e1c6565be89df5d63a931dbf742dfa0b2'}",0.06689323999999999,0.07660159,261220,67002,194167,22258,0.0789536,0.00970835
previous_nonace_ordinary,aime_1984_p7,0,experiments/output/ace_thesis_20260918/validation/configs/validation__nonace_ordinary__proof__aime_1984_p7__seed0,validation__nonace_ordinary__proof__aime_1984_p7__seed0,False,11,False,"{'cache.yaml': 'f58e1ff20e92dafdd96c8b0dc5ec895fc9d3002736f9713f9db8aeef229a18d1', 'result.yaml': 'e7cbbf8863200f752c9b68f26de616a3216c2159f49416040a6472752fa3b7d2'}",0.04077774,0.04381349,102675,41927,60715,23158,0.048324599999999995,0.00303575
previous_ace_selected,mathd_algebra_421,0,experiments/output/ace_thesis_20260918/validation/configs/validation__ace_selected__proof__mathd_algebra_421__seed0,validation__ace_selected__proof__mathd_algebra_421__seed0,True,5,False,"{'cache.yaml': '607520c6e6fc7084ab12289d3928c1da123cf42fd9e274bf13af667f13d023f8', 'result.yaml': 'a289be6eb0b43a4ed95129e07fbcc137ab54bde64ed2f5ea7ad7c70c43231ac1'}",0.004953559999999999,0.005520359999999999,72559,61208,11336,1216,0.015971,0.0005668
previous_nonace_matched,mathd_algebra_421,0,experiments/output/ace_thesis_20260918/validation/configs/validation__nonace_matched__proof__mathd_algebra_421__seed0,validation__nonace_matched__proof__mathd_algebra_421__seed0,True,3,False,"{'cache.yaml': 'c0ab6a9e48b9edce1a5e00b98c6359daeb96276d3c55cfccbc45eabf782882c4', 'result.yaml': '15a954024209403e17aeb279a02d4c283be55120175e6a0abfafb92c02971e09'}",0.00136022,0.00146892,13144,10961,2174,587,0.0033331999999999997,0.0001087
previous_nonace_ordinary,mathd_algebra_421,0,experiments/output/ace_thesis_20260918/validation/configs/validation__nonace_ordinary__proof__mathd_algebra_421__seed0,validation__nonace_ordinary__proof__mathd_algebra_421__seed0,True,5,False,"{'cache.yaml': '4849b6898cd6184fe69be99ce356ebbaa338d1be3839185d5b1f0ab8484f7641', 'result.yaml': 'ef8d4f4b11cf35ead0ddd8400523530be6f50ad1e36be962dc8cba13f15659d7'}",0.0030075799999999997,0.0033766799999999995,28066,20669,7382,929,0.006728,0.00036909999999999997
previous_ace_historical,mathd_algebra_421,0,experiments/output/ace_thesis_20260918/validation/configs/validation__ace_historical__proof__mathd_algebra_421__seed0,validation__ace_historical__proof__mathd_algebra_421__seed0,True,4,False,"{'cache.yaml': '2cf01d2edd7c1bcf9eea527254512a326d310920cce515255ea485729febfe8b', 'result.yaml': 'ff2693766cf82918079218212d14667bcba76ecebb2392a6fc23a02823438400'}",0.00253488,0.0027684299999999997,27057,22374,4671,959,0.0065622,0.00023354999999999998
previous_nonace_matched,amc12b_2003_p6,0,experiments/output/ace_thesis_20260918/validation/configs/validation__nonace_matched__proof__amc12b_2003_p6__seed0,validation__nonace_matched__proof__amc12b_2003_p6__seed0,True,27,False,"{'cache.yaml': 'bb8e680304a18f81c2e943ef2ebbb59e96a551188aa9a32a808437f302f92f9a', 'result.yaml': 'e7936c30ca1a16080ca589a00fea678958e055aa654db6aa76ae1f64465d6cb4'}",0.03474452,0.03926102,267847,177436,90330,10928,0.06668299999999999,0.0045165
previous_nonace_ordinary,amc12b_2003_p6,0,experiments/output/ace_thesis_20260918/validation/configs/validation__nonace_ordinary__proof__amc12b_2003_p6__seed0,validation__nonace_ordinary__proof__amc12b_2003_p6__seed0,True,13,False,"{'cache.yaml': '5824e6da4c406e06af682aeed119eb26c90b97c708636c3c5b981c71c4c0d55f', 'result.yaml': 'c17a67aa9d38aa71f27f7cf85f94d2e25066fd4c89177652c6b6dddda7b5c343'}",0.013610559999999999,0.01517261,111848,80568,31241,4786,0.0281128,0.00156205
previous_ace_historical,amc12b_2003_p6,0,experiments/output/ace_thesis_20260918/validation/configs/validation__ace_historical__proof__amc12b_2003_p6__seed0,validation__ace_historical__proof__amc12b_2003_p6__seed0,True,16,False,"{'cache.yaml': '19e14e76c98fca15ed3f79cbb8e0f56571682aea1d26daae46c8aacda1bb387b', 'result.yaml': 'af75c57b5bb96d93d7b80cf65859945eb0d3aeb982991c5def9cbb6a8a68425d'}",0.04469604,0.05096489,213957,88532,125377,14867,0.06063179999999999,0.006268849999999999
previous_ace_selected,amc12b_2003_p6,0,experiments/output/ace_thesis_20260918/validation/configs/validation__ace_selected__proof__amc12b_2003_p6__seed0,validation__ace_selected__proof__amc12b_2003_p6__seed0,True,5,False,"{'cache.yaml': 'e06a875863a4c92d20a1a633dadeb773a14b3be166653d2c93037859923f29d6', 'result.yaml': '8396e3be032a51f8d4f39a865b8293b22ab70522a4ce908a3836e02a07487052'}",0.0047097599999999995,0.00494821,64032,59248,4769,2140,0.0153744,0.00023844999999999997
previous_nonace_ordinary,mathd_algebra_234,0,experiments/output/ace_thesis_20260918/validation/configs/validation__nonace_ordinary__proof__mathd_algebra_234__seed0,validation__nonace_ordinary__proof__mathd_algebra_234__seed0,True,1,False,"{'cache.yaml': '6f2496e8ab1e7df376a67e540600aa6a2d873041d62664099366f147cbdb9b13', 'result.yaml': '0e630533a7cbd16d744f41657cebf9251fe3d5519864abcf99932a1868ac770c'}",0.0009367399999999999,0.00099454,3766,2607,1156,544,0.001406,5.7799999999999995e-05
previous_ace_historical,mathd_algebra_234,0,experiments/output/ace_thesis_20260918/validation/configs/validation__ace_historical__proof__mathd_algebra_234__seed0,validation__ace_historical__proof__mathd_algebra_234__seed0,True,1,False,"{'cache.yaml': '2fa3b20e8e727d9fda75eb4c90121023b4f49b6aadeabcf93c2f4dbefab0864f', 'result.yaml': '6ee1ec89efac415abc621ce997ed34a2438ba5bb39168d0592327c07db8fd3f4'}",0.00049644,0.00055574,5961,4772,1186,136,0.0013554,5.93e-05
previous_ace_selected,mathd_algebra_234,0,experiments/output/ace_thesis_20260918/validation/configs/validation__ace_selected__proof__mathd_algebra_234__seed0,validation__ace_selected__proof__mathd_algebra_234__seed0,True,1,False,"{'cache.yaml': 'e18ab6d687f2758ff9cb2d4238b0473342d8b58514926c470148dabf276e2c4d', 'result.yaml': 'b454148e309fce712d933572e967e06d075cffb5104655734b60063a5b243549'}",0.00071762,0.00077692,11680,10491,1186,225,0.002606,5.93e-05
previous_nonace_matched,mathd_algebra_234,0,experiments/output/ace_thesis_20260918/validation/configs/validation__nonace_matched__proof__mathd_algebra_234__seed0,validation__nonace_matched__proof__mathd_algebra_234__seed0,True,1,False,"{'cache.yaml': 'bbbff45cb694f261d29a3c7be33cd41891c79e80d856a92ae46fa2f87da40f51', 'result.yaml': '9f6a182107c0e470b2a6cf424dacdb2bf1c2263e440a0a168b423dba5f63ef7c'}",0.00018626,0.00018626,3766,3763,0,92,0.0008636,0.0
previous_ace_historical,imo_1981_p6,0,experiments/output/ace_thesis_20260918/validation/configs/validation__ace_historical__proof__imo_1981_p6__seed0,validation__ace_historical__proof__imo_1981_p6__seed0,True,3,False,"{'cache.yaml': '93f621bd2fa8df66298b4c56d2af8b8558471196f3daa56245ad067f6dbec96a', 'result.yaml': 'f658a2a72c28fe4a3ad6a6e55a9e84370abd52980773b38ab457f1b0ff7977c5'}",0.00467302,0.00496982,21746,15801,5936,2640,0.0075172,0.0002968
previous_ace_selected,imo_1981_p6,0,experiments/output/ace_thesis_20260918/validation/configs/validation__ace_selected__proof__imo_1981_p6__seed0,validation__ace_selected__proof__imo_1981_p6__seed0,True,11,False,"{'cache.yaml': 'ce9956d9f50f7a889f9e5c576138d5e395c945bf28e7b6ab119d41daa64094b6', 'result.yaml': '566e9a33c51d46fd763a7fcc9e52a9a0ad9b4b9c44f5abd69606f6ee2e046b80'}",0.01849774,0.02028944,182384,146517,35834,6995,0.044870799999999995,0.0017916999999999998
previous_nonace_matched,imo_1981_p6,0,experiments/output/ace_thesis_20260918/validation/configs/validation__nonace_matched__proof__imo_1981_p6__seed0,validation__nonace_matched__proof__imo_1981_p6__seed0,True,4,False,"{'cache.yaml': 'fea259c5b5366d70ba5590246865e36af3c6061aaf2803788a688f8459f79950', 'result.yaml': 'c6705d0ef6b2b2a83dae17d50193a7d2d4a6a1ddcdba2fb0ceb4332944568c97'}",0.00319194,0.00342149,21510,16907,4591,1611,0.0062352,0.00022955
previous_nonace_ordinary,imo_1981_p6,0,experiments/output/ace_thesis_20260918/validation/configs/validation__nonace_ordinary__proof__imo_1981_p6__seed0,validation__nonace_ordinary__proof__imo_1981_p6__seed0,True,7,False,"{'cache.yaml': '0b6e25118cf27f7efbf07169ecf1c25f1396b888003430c6780484dce41896da', 'result.yaml': 'f1d546a7294f762d8ac114bb55714701798e64317084322c43704f8224d3804f'}",0.00610836,0.006781659999999999,47655,34168,13466,2273,0.0122586,0.0006732999999999999
previous_ace_selected,imo_1964_p2,0,experiments/output/ace_thesis_20260918/validation/configs/validation__ace_selected__proof__imo_1964_p2__seed0,validation__ace_selected__proof__imo_1964_p2__seed0,True,12,False,"{'cache.yaml': '4e6aaa890e49f3db7f2570ecb26dbdef9ad1de9e28b7daca1a823f4d42808026', 'result.yaml': 'afb5342125200cc14adb61ebb570b5bb4a528c9aafc3021be3d44a6d757f4f13'}",0.028586419999999998,0.032187219999999996,220393,148341,72016,9341,0.0552878,0.0036008
previous_nonace_matched,imo_1964_p2,0,experiments/output/ace_thesis_20260918/validation/configs/validation__nonace_matched__proof__imo_1964_p2__seed0,validation__nonace_matched__proof__imo_1964_p2__seed0,True,12,False,"{'cache.yaml': 'db449f06834ddf8d8824cc4a7a9bd52200d690d0c945779d0870fde02b1541a5', 'result.yaml': 'b848d91753b2313d12d1da1a562b0b19f215a508e7a68e483544b6df599349c1'}",0.02337994,0.025925189999999997,107588,56647,50905,10049,0.0335764,0.0025452499999999998
previous_nonace_ordinary,imo_1964_p2,0,experiments/output/ace_thesis_20260918/validation/configs/validation__nonace_ordinary__proof__imo_1964_p2__seed0,validation__nonace_ordinary__proof__imo_1964_p2__seed0,True,13,False,"{'cache.yaml': 'f2adf17c47aa244a1bb7cf53ca6d33958c8da3d2f64e703dd0705e0a2837e958', 'result.yaml': '0fb09546d487633bc69458ec105c5c663bc76801ef5d0702bf4a31be391afbeb'}",0.02546422,0.02839597,136805,78131,58635,10139,0.0395278,0.00293175
previous_ace_historical,imo_1964_p2,0,experiments/output/ace_thesis_20260918/validation/configs/validation__ace_historical__proof__imo_1964_p2__seed0,validation__ace_historical__proof__imo_1964_p2__seed0,True,11,False,"{'cache.yaml': '8f4aadf07b19ec21e30b0f0002ad18940e209047be6b3659f0aaea6c1ac9b5b2', 'result.yaml': '4eee7ea11287feb711ffd05cd5e22365d13093d395005595216bdc28bc676b9c'}",0.010492979999999999,0.01095608,105954,96659,9262,5584,0.0278916,0.0004631
previous_nonace_matched,mathd_numbertheory_405,0,experiments/output/ace_thesis_20260918/validation/configs/validation__nonace_matched__proof__mathd_numbertheory_405__seed0,validation__nonace_matched__proof__mathd_numbertheory_405__seed0,False,16,False,"{'cache.yaml': 'ef4f5d2457c970b820a1bc02332ee7ced0322a55b9d2e4bfa6346a9efb5cc7d2', 'result.yaml': 'f8df627f493667c6aaa65ff71ea26efeaab07576201a3bb894e3496fc937579c'}",0.06614184,0.07426978999999999,216909,54302,162559,27112,0.0759162,0.00812795
previous_nonace_ordinary,mathd_numbertheory_405,0,experiments/output/ace_thesis_20260918/validation/configs/validation__nonace_ordinary__proof__mathd_numbertheory_405__seed0,validation__nonace_ordinary__proof__mathd_numbertheory_405__seed0,False,13,False,"{'cache.yaml': 'ffd5f6f27f9f43441cf85997992ca375d2d6f8573f322ed2832e50608c5410b8', 'result.yaml': '68a48a9a4e75658ba51e08ab3a3e8c8ecfa03072d8b6f0092ae6a8ba4b802bba'}",0.03491284,0.03903739,178712,96182,82491,13736,0.0522256,0.004124549999999999
previous_ace_historical,mathd_numbertheory_405,0,experiments/output/ace_thesis_20260918/validation/configs/validation__ace_historical__proof__mathd_numbertheory_405__seed0,validation__ace_historical__proof__mathd_numbertheory_405__seed0,True,12,False,"{'cache.yaml': 'cd6e505b582413e25b4cb6b67bac512a23d14b28824f105d29c05fc4d4ea3a4d', 'result.yaml': 'd071d3019780d8eb79267feee31d588dc544bd310deb7a8af5a5ad76eac7defd'}",0.03868464,0.04338304,165156,71152,93968,15384,0.051491999999999996,0.0046984
previous_ace_selected,mathd_numbertheory_405,0,experiments/output/ace_thesis_20260918/validation/configs/validation__ace_selected__proof__mathd_numbertheory_405__seed0,validation__ace_selected__proof__mathd_numbertheory_405__seed0,False,13,False,"{'cache.yaml': '09d7b91b08c7502d009af34ae80d4b8585634e6f2cd600ef7052dc8269c8df3c', 'result.yaml': '0728edf35c3964654435262449866f00fbbedfe8358f32a9ee808cf2a9365e78'}",0.058109179999999996,0.06592763,321127,164719,156369,19611,0.08775859999999999,0.00781845
previous_nonace_ordinary,mathd_algebra_327,0,experiments/output/ace_thesis_20260918/validation/configs/validation__nonace_ordinary__proof__mathd_algebra_327__seed0,validation__nonace_ordinary__proof__mathd_algebra_327__seed0,True,3,False,"{'cache.yaml': 'c5a6c04f98cb736379763010d9e96784a23f3c781d1ed676b7d768e0951563bf', 'result.yaml': '43bd7ead4aedb45a560c63c3572971ffd6f105ebad353bac437ac249e0011025'}",0.0023694799999999998,0.0027841299999999997,19636,11334,8293,402,0.0044096,0.00041464999999999997
previous_ace_historical,mathd_algebra_327,0,experiments/output/ace_thesis_20260918/validation/configs/validation__ace_historical__proof__mathd_algebra_327__seed0,validation__ace_historical__proof__mathd_algebra_327__seed0,True,2,False,"{'cache.yaml': '350dfe88b46f9ede722c1ca85e92a9b55d271557cfd808b53656b1e240282c06', 'result.yaml': '65393b1ecf8ef3d2ccefd0406fca71d71c6e7bf2a505ef9b118f4bb8be3a7dbd'}",0.00085566,0.0009280100000000001,12186,10733,1447,292,0.0027876,7.235e-05
previous_ace_selected,mathd_algebra_327,0,experiments/output/ace_thesis_20260918/validation/configs/validation__ace_selected__proof__mathd_algebra_327__seed0,validation__ace_selected__proof__mathd_algebra_327__seed0,True,3,False,"{'cache.yaml': 'e0271c0b93a0990e5e95529a0b2392112fe2de9c0a631000027e53a8cd96c232', 'result.yaml': '9d79bf4dac0b5be352f9ae67162ba3ecbc3c99e7cf148339b853859a6efbf78b'}",0.00196336,0.0021886099999999997,38522,34008,4505,317,0.0080848,0.00022524999999999997
previous_nonace_matched,mathd_algebra_327,0,experiments/output/ace_thesis_20260918/validation/configs/validation__nonace_matched__proof__mathd_algebra_327__seed0,validation__nonace_matched__proof__mathd_algebra_327__seed0,True,8,False,"{'cache.yaml': 'b95c37da294b8649423a60a10630069f026358161a927dd22692948b4db6d06a', 'result.yaml': 'c896322d7ad8b18bb2caa1e63cd6adb87aeaf309823cf598b491103c0154dc95'}",0.00318402,0.00342012,50787,46041,4722,1095,0.0114714,0.0002361
previous_ace_historical,amc12a_2013_p8,0,experiments/output/ace_thesis_20260918/validation/configs/validation__ace_historical__proof__amc12a_2013_p8__seed0,validation__ace_historical__proof__amc12a_2013_p8__seed0,True,8,False,"{'cache.yaml': '123fb9a760181713c2ddc32e91439eed545f30b9e9074f27bb76be36914a4080', 'result.yaml': 'd3272af6cdde8372bf1321ce1e62226efb48ee51a390dcc87428a1e3ee3f3436'}",0.0056834599999999996,0.00593656,58159,53073,5062,3004,0.0152366,0.00025309999999999997
previous_ace_selected,amc12a_2013_p8,0,experiments/output/ace_thesis_20260918/validation/configs/validation__ace_selected__proof__amc12a_2013_p8__seed0,validation__ace_selected__proof__amc12a_2013_p8__seed0,True,2,False,"{'cache.yaml': '5859785e17876bb79f03b094c1b05acdfd85ec3fdb86f0d556cfac3d758eb15b', 'result.yaml': '8f2f53636a9030be7f859563285eef7110518907b2eac4823f05e79fc8a55c2a'}",0.0036982399999999993,0.00385339,24091,20982,3103,2214,0.007474999999999999,0.00015515
previous_nonace_matched,amc12a_2013_p8,0,experiments/output/ace_thesis_20260918/validation/configs/validation__nonace_matched__proof__amc12a_2013_p8__seed0,validation__nonace_matched__proof__amc12a_2013_p8__seed0,True,5,False,"{'cache.yaml': 'baa8008c519f83c423aff815f0dbdfb05aeb24bf20593fe89b9c4fe0c35b9f3c', 'result.yaml': '28bf31d9c4902bdeccff7b24e2ed684b768c6a82f4ff503b71fa67267cfa7dd1'}",0.00492932,0.00537177,23890,15026,8849,2380,0.007633999999999999,0.00044245
previous_nonace_ordinary,amc12a_2013_p8,0,experiments/output/ace_thesis_20260918/validation/configs/validation__nonace_ordinary__proof__amc12a_2013_p8__seed0,validation__nonace_ordinary__proof__amc12a_2013_p8__seed0,True,7,False,"{'cache.yaml': '404f6f7ce398f361b1eb24f989b0cfe75fc6ba08062fc8795bdd8ef596cbd450', 'result.yaml': '77566417fc95017d6f4895f42c290fb07852c2ecb7ee74184407829bbf0b9b44'}",0.00602754,0.00650959,36459,26797,9641,2966,0.010851,0.00048205
previous_ace_selected,mathd_algebra_190,0,experiments/output/ace_thesis_20260918/validation/configs/validation__ace_selected__proof__mathd_algebra_190__seed0,validation__ace_selected__proof__mathd_algebra_190__seed0,True,1,False,"{'cache.yaml': '198d5d6ebae41b04c7dd8a44e84a942a1f6985a59d221730b4d5496eab4f0793', 'result.yaml': '82ff0743c2abcae00e701c8a5b5de577a571fcb9f91b0b7f493a0de60c89f58f'}",0.0005682199999999999,0.0006267699999999999,11665,10491,1171,103,0.0024566,5.855e-05
previous_nonace_matched,mathd_algebra_190,0,experiments/output/ace_thesis_20260918/validation/configs/validation__nonace_matched__proof__mathd_algebra_190__seed0,validation__nonace_matched__proof__mathd_algebra_190__seed0,True,1,False,"{'cache.yaml': '22c6576ba922da66185075204c448d37475f739334038473dad8a50b2fb932e3', 'result.yaml': 'cb15a12105eab5f1d086ec0c890e5a58dfc5296a9b636cb5c147973407e3a460'}",0.00055574,0.00061279,3751,2607,1141,229,0.0010249999999999999,5.705e-05
previous_nonace_ordinary,mathd_algebra_190,0,experiments/output/ace_thesis_20260918/validation/configs/validation__nonace_ordinary__proof__mathd_algebra_190__seed0,validation__nonace_ordinary__proof__mathd_algebra_190__seed0,True,1,False,"{'cache.yaml': '4d3187d5b49499e5fe89abc7a8b3b56cac750bf3ec67a4b889896385f1462c44', 'result.yaml': 'aff905adcac9cf54b03e5ab3a76e210bd1e68b72a95a0535b64d1b7b4cde4ff6'}",0.00021716,0.00021716,3751,3748,0,118,0.0008917999999999999,0.0
previous_ace_historical,mathd_algebra_190,0,experiments/output/ace_thesis_20260918/validation/configs/validation__ace_historical__proof__mathd_algebra_190__seed0,validation__ace_historical__proof__mathd_algebra_190__seed0,True,1,False,"{'cache.yaml': '3911e0f8ca7c68482a9f8dc81b844517a5f87a0737cfe1ac7abf25d76180d997', 'result.yaml': 'c4308620487c66004168f10797ab4b2960796e4adaa6183ff3af1f5aefe79d32'}",0.00042983999999999996,0.00048839,5946,4772,1171,83,0.0012887999999999999,5.855e-05
previous_nonace_matched,mathd_algebra_393,0,experiments/output/ace_thesis_20260918/validation/configs/validation__nonace_matched__proof__mathd_algebra_393__seed0,validation__nonace_matched__proof__mathd_algebra_393__seed0,True,5,False,"{'cache.yaml': '8021aef8c58121c7d4286085dbf9e6186e6725e29763ea6c505c932b620f5df3', 'result.yaml': 'a0b0057582357dbf71fa8dfaf501fb3657531c09ccd753ee5009357e14ef2448'}",0.0034583999999999995,0.0038782499999999998,26172,17760,8397,1184,0.0066552,0.00041985
previous_nonace_ordinary,mathd_algebra_393,0,experiments/output/ace_thesis_20260918/validation/configs/validation__nonace_ordinary__proof__mathd_algebra_393__seed0,validation__nonace_ordinary__proof__mathd_algebra_393__seed0,True,3,False,"{'cache.yaml': '18eea7835862d89dfbc5e485feb704c06cf05c73b6d7870fdf3d1f0e02916f9a', 'result.yaml': '6b492edae2e4b9d4de8af6aac79681ceb73c6a5b77ef7316ab31219ca5f6d103'}",0.00202024,0.00223049,13406,9192,4205,828,0.0036747999999999998,0.00021025
previous_ace_historical,mathd_algebra_393,0,experiments/output/ace_thesis_20260918/validation/configs/validation__ace_historical__proof__mathd_algebra_393__seed0,validation__ace_historical__proof__mathd_algebra_393__seed0,True,5,False,"{'cache.yaml': '4942db6de8349e76f74f1455b91972a6b2b0a256713cf23aabe1e29d5820c905', 'result.yaml': '4822274d359449653222a1c0ec57364c97cd2fbd84dcac13f831e82e5a93cd40'}",0.00418848,0.00463713,37572,28584,8973,1516,0.0093336,0.00044865
previous_ace_selected,mathd_algebra_393,0,experiments/output/ace_thesis_20260918/validation/configs/validation__ace_selected__proof__mathd_algebra_393__seed0,validation__ace_selected__proof__mathd_algebra_393__seed0,True,25,False,"{'cache.yaml': '79e00bc7ab7aca612d19f352ddec8c78d171b3dcd5d3c7d98b540c7287132fd1', 'result.yaml': '99be504caeb4f5c9d7a44aa93f40e2a71ae1a15f201e89d3b54d079213b9f7a1'}",0.02504602,0.026404669999999998,422669,395421,27173,9740,0.0962218,0.0013586499999999999
previous_nonace_ordinary,amc12a_2020_p21,0,experiments/output/ace_thesis_20260918/validation/configs/validation__nonace_ordinary__proof__amc12a_2020_p21__seed0,validation__nonace_ordinary__proof__amc12a_2020_p21__seed0,False,17,False,"{'cache.yaml': 'e7bb5a49d5eddd940fb412438e3ca2e52896da2cf240c5680aa73b90e272880c', 'result.yaml': 'a93d1561d0fa6e089ece54bbdc274d5f0eef2cc5287d5acca2e69d5f80d820d9'}",0.0388038,0.04288955,183516,101750,81715,17013,0.0571188,0.00408575
previous_ace_historical,amc12a_2020_p21,0,experiments/output/ace_thesis_20260918/validation/configs/validation__ace_historical__proof__amc12a_2020_p21__seed0,validation__ace_historical__proof__amc12a_2020_p21__seed0,False,54,False,"{'cache.yaml': '2499eb5c795c3e55e26d3b59299e96a14b484ed4a9bc3c99066d643bd4aeaa79', 'result.yaml': 'c281141db4c6e9c0888023cd7b96524c0576a85bbd25670a541fb4854e9d3e7d'}",0.0557669,0.05976855,1116010,1035815,80033,15843,0.2422136,0.00400165
previous_ace_selected,amc12a_2020_p21,0,experiments/output/ace_thesis_20260918/validation/configs/validation__ace_selected__proof__amc12a_2020_p21__seed0,validation__ace_selected__proof__amc12a_2020_p21__seed0,False,24,False,"{'cache.yaml': '3c78e89b81bf6552a6510088aac4da4cfcb444a8714f1605b6d06a250d3071ee', 'result.yaml': '355dfdbf3e21a17c08b6a4b383e1df27e3f6933231618f6f00c661cca5d8a4a9'}",0.053058759999999996,0.058809759999999996,498350,383258,115020,18646,0.12204519999999999,0.005750999999999999
previous_nonace_matched,amc12a_2020_p21,0,experiments/output/ace_thesis_20260918/validation/configs/validation__nonace_matched__proof__amc12a_2020_p21__seed0,validation__nonace_matched__proof__amc12a_2020_p21__seed0,False,51,False,"{'cache.yaml': 'a717877f4711f2f897947981bafaf9c16c77b96af417f2482685eb439b8c64e5', 'result.yaml': '41cc08fc2dda8c6ce359ce9386cb3dd6f86c9790134ce8d5993706ab36be7312'}",0.05178948,0.05561898,947727,870984,76590,15851,0.2085666,0.0038295
previous_ace_historical,amc12a_2019_p21,0,experiments/output/ace_thesis_20260918/validation/configs/validation__ace_historical__proof__amc12a_2019_p21__seed0,validation__ace_historical__proof__amc12a_2019_p21__seed0,False,26,False,"{'cache.yaml': '8fe0251fa6f6eeadd1272f9450efa3aa0ab460b4779c22cd5e333666f27c37ae', 'result.yaml': '6d97480267ca1cff1a4211469c5ddc291091a0552176fa41fccd16cc3911e0d8'}",0.0340322,0.0387103,482770,389130,93562,6268,0.10407559999999999,0.0046781
previous_ace_selected,amc12a_2019_p21,0,experiments/output/ace_thesis_20260918/validation/configs/validation__ace_selected__proof__amc12a_2019_p21__seed0,validation__ace_selected__proof__amc12a_2019_p21__seed0,False,29,False,"{'cache.yaml': '9bde2be6461649c60419769ce2d6466bd9a6e176345116ebf8f4bc7dbeff61cc', 'result.yaml': 'fc860ec1b49ff3c658b2f8bd867c20a43230383a025f3a513b97c1ec12ca3435'}",0.06690108,0.07811988,637947,413484,224376,11449,0.1413282,0.0112188
previous_nonace_matched,amc12a_2019_p21,0,experiments/output/ace_thesis_20260918/validation/configs/validation__nonace_matched__proof__amc12a_2019_p21__seed0,validation__nonace_matched__proof__amc12a_2019_p21__seed0,False,43,False,"{'cache.yaml': 'f6de4d879652123586dc0486512fe235b803d1aa39594c68b6aa6bd83955b474', 'result.yaml': 'd3497822bdc96cc3bb778909f4e7ad39bd022783e428fa284dc64c66964dcdbd'}",0.06855056,0.08023105999999999,779737,545998,233610,9069,0.16683019999999998,0.0116805
previous_nonace_ordinary,amc12a_2019_p21,0,experiments/output/ace_thesis_20260918/validation/configs/validation__nonace_ordinary__proof__amc12a_2019_p21__seed0,validation__nonace_ordinary__proof__amc12a_2019_p21__seed0,False,40,False,"{'cache.yaml': '45d1e513d2d702c8cbe5e13fc11bc0b1a5a6153a1a0d849a1207862ee875f614', 'result.yaml': 'b72c092d569c65f6c5a87497159bcec814702f7821dc79c8672dc95e88f27588'}",0.03655494,0.04026064,518241,444007,74114,10690,0.11647619999999999,0.0037056999999999997
previous_ace_selected,amc12b_2002_p3,0,experiments/output/ace_thesis_20260918/validation/configs/validation__ace_selected__proof__amc12b_2002_p3__seed0,validation__ace_selected__proof__amc12b_2002_p3__seed0,True,13,False,"{'cache.yaml': '0219632f1d9642531c7c7b6382b3f9e51d82532a6cff5327cdd4acb66780c82c', 'result.yaml': 'd44e38de789de2c4ee1821a3575810611428c06cb1d0db7cc1daa8cde4e93dac'}",0.016377779999999998,0.01841593,232911,192109,40763,3646,0.0509574,0.00203815
previous_nonace_matched,amc12b_2002_p3,0,experiments/output/ace_thesis_20260918/validation/configs/validation__nonace_matched__proof__amc12b_2002_p3__seed0,validation__nonace_matched__proof__amc12b_2002_p3__seed0,True,5,False,"{'cache.yaml': 'b53d0dc5bd43633ef479660670318971bab9139a11cd8ce28fd8a000b12a4728', 'result.yaml': '6b859547f609e2c64f350193587558db02e1b6d6e381c1c0d1c8b15482a87007'}",0.00539216,0.0061235099999999995,40510,25868,14627,1622,0.0100484,0.00073135
previous_nonace_ordinary,amc12b_2002_p3,0,experiments/output/ace_thesis_20260918/validation/configs/validation__nonace_ordinary__proof__amc12b_2002_p3__seed0,validation__nonace_ordinary__proof__amc12b_2002_p3__seed0,True,10,False,"{'cache.yaml': 'cc37a015ead844321c9f6c4bbfa6153f76f4db1e5843f2051f4ed4bd59dcbd8c', 'result.yaml': '6046a9852f2d06be158e11942168a0caeb693114ecffa61b15d953626394d0da'}",0.007436419999999999,0.00818962,61495,46401,15064,2908,0.0157886,0.0007532
previous_ace_historical,amc12b_2002_p3,0,experiments/output/ace_thesis_20260918/validation/configs/validation__ace_historical__proof__amc12b_2002_p3__seed0,validation__ace_historical__proof__amc12b_2002_p3__seed0,True,7,False,"{'cache.yaml': '3a32424fdb22ef69a87007ad744bc49f1305e64ef2ca3df152c151ba03f3160e', 'result.yaml': 'b74b1687e89860d447538d47bb367e4db70626046b476813c131c8e7807e8639'}",0.0082872,0.009262399999999999,76875,57350,19504,2696,0.0186102,0.0009751999999999999
previous_nonace_matched,mathd_algebra_214,0,experiments/output/ace_thesis_20260918/validation/configs/validation__nonace_matched__proof__mathd_algebra_214__seed0,validation__nonace_matched__proof__mathd_algebra_214__seed0,True,2,False,"{'cache.yaml': '0c301af5e521a8c988520752ecfb69e9cbca8182650a376d03f6cd169035ae3f', 'result.yaml': '794e6e5e236f1386ae76d1a0264e42a35ca22e0b8979c356321cd3e0fa91268d'}",0.00123088,0.0013748299999999998,8099,5214,2879,458,0.0021693999999999997,0.00014395
previous_nonace_ordinary,mathd_algebra_214,0,experiments/output/ace_thesis_20260918/validation/configs/validation__nonace_ordinary__proof__mathd_algebra_214__seed0,validation__nonace_ordinary__proof__mathd_algebra_214__seed0,True,2,False,"{'cache.yaml': '4cd04c6dba7871c049875e649fde500fb6ad644666dff557f7088a347e0f123e', 'result.yaml': 'cbc2f04efbd14bb02e3b6bf6eac4325403e2cdf11218459555b811782cd2a1b3'}",0.0018040199999999997,0.0018866199999999999,8139,6481,1652,1119,0.0029706,8.26e-05
previous_ace_historical,mathd_algebra_214,0,experiments/output/ace_thesis_20260918/validation/configs/validation__ace_historical__proof__mathd_algebra_214__seed0,validation__ace_historical__proof__mathd_algebra_214__seed0,True,1,False,"{'cache.yaml': 'ac0abb2a75fd054f7cd7ff27acc290f221e02ec4503c10e091e141d5c354f37d', 'result.yaml': '4e91ee8a084c91cd73aab8ceb2847c41e18a99278c6afb6bfd3b2c77e84e555b'}",0.0007970399999999999,0.0008618899999999999,6072,4772,1297,368,0.001656,6.484999999999999e-05
previous_ace_selected,mathd_algebra_214,0,experiments/output/ace_thesis_20260918/validation/configs/validation__ace_selected__proof__mathd_algebra_214__seed0,validation__ace_selected__proof__mathd_algebra_214__seed0,True,1,False,"{'cache.yaml': '629d60d24b00fc7677ccd17773571440151ba82a07f3c2da9f3643fe47ef7d2e', 'result.yaml': 'ba9b7de887d70c803cb0685d1d92c637bd3f8b8be94c48141a8cd74fc0286572'}",0.0008010199999999999,0.0008658699999999999,11791,10491,1297,276,0.0026893999999999998,6.484999999999999e-05
previous_nonace_ordinary,amc12a_2016_p3,0,experiments/output/ace_thesis_20260918/validation/configs/validation__nonace_ordinary__proof__amc12a_2016_p3__seed0,validation__nonace_ordinary__proof__amc12a_2016_p3__seed0,True,10,False,"{'cache.yaml': 'eb7b9bbbd667216a2b817b5f0b7747dec5d3b7e69ed2047050b8e78389d3c7a9', 'result.yaml': '7497fa106069859879e36a748cf4ac9f24ecf3a0c0f38f5e3816ca50791e6c27'}",0.02497214,0.02893614,168157,88847,79280,6111,0.0409646,0.003964
previous_ace_historical,amc12a_2016_p3,0,experiments/output/ace_thesis_20260918/validation/configs/validation__ace_historical__proof__amc12a_2016_p3__seed0,validation__ace_historical__proof__amc12a_2016_p3__seed0,True,13,False,"{'cache.yaml': '730e4cba7082db93fdd10c053b627f3ba4343a4f9c69cc381006a0c5685a1958', 'result.yaml': 'fcb8946dd09c6718eb51ad03cbaadaa1e0d55ea021a2678813aa9697ef447f33'}",0.02896644,0.03376319,185076,89102,95935,6658,0.0450048,0.00479675
previous_ace_selected,amc12a_2016_p3,0,experiments/output/ace_thesis_20260918/validation/configs/validation__ace_selected__proof__amc12a_2016_p3__seed0,validation__ace_selected__proof__amc12a_2016_p3__seed0,True,16,False,"{'cache.yaml': 'b12f9871927929a4895e524296141a67c4f0d1ca7ed9b2de8f6cf533d09f6b7d', 'result.yaml': '72bd17d58cecc5e13c3a53621caf00c21ca52435cac9fd74007a1386fa6c0f3c'}",0.02955006,0.033775809999999996,352236,267673,84515,6070,0.0777312,0.0042257499999999995
previous_nonace_matched,amc12a_2016_p3,0,experiments/output/ace_thesis_20260918/validation/configs/validation__nonace_matched__proof__amc12a_2016_p3__seed0,validation__nonace_matched__proof__amc12a_2016_p3__seed0,True,7,False,"{'cache.yaml': '44add30ed5afec7d09b894539e574224e107f72531ac5dd969e4c25b5436c9db', 'result.yaml': '65aeb570533c705729ce3870f1c8b9243ff0db564d61d87a51759ab9c519f2a3'}",0.00830216,0.00920126,43561,25558,17982,3492,0.0129026,0.0008991
previous_ace_historical,algebra_others_exirrpowirrrat,0,experiments/output/ace_thesis_20260918/validation/configs/validation__ace_historical__proof__algebra_others_exirrpowirrrat__seed0,validation__ace_historical__proof__algebra_others_exirrpowirrrat__seed0,False,62,False,"{'cache.yaml': 'bc82aa8c6025f5d117f981a64a8317b9f0659bffb45ad53672f1916c37ca2191', 'result.yaml': '54a4fd906b983a83e5a1a52a18b29f876c6e43c43061de1f6127ad80a3351980'}",0.06253206,0.06741691,1164336,1066453,97697,18022,0.2544936,0.00488485
previous_ace_selected,algebra_others_exirrpowirrrat,0,experiments/output/ace_thesis_20260918/validation/configs/validation__ace_selected__proof__algebra_others_exirrpowirrrat__seed0,validation__ace_selected__proof__algebra_others_exirrpowirrrat__seed0,False,39,False,"{'cache.yaml': '7cba420b2d405a0275d809f5a0a6aee1098459143cbceadbdaaeb605b84ceaeb', 'result.yaml': 'd13c7b9272db6bf41f722e52f8b285a27733b1d6cb501376f4f8549425a2fdd5'}",0.06414702,0.07141277,969723,824291,145315,15479,0.2125194,0.00726575
previous_nonace_matched,algebra_others_exirrpowirrrat,0,experiments/output/ace_thesis_20260918/validation/configs/validation__nonace_matched__proof__algebra_others_exirrpowirrrat__seed0,validation__nonace_matched__proof__algebra_others_exirrpowirrrat__seed0,False,30,False,"{'cache.yaml': 'd63a7edf6e2b79fcf6adc99d91ad75ebb6e3a0b12f3a4841b1c5f66a35c644bb', 'result.yaml': '8158a2b521a0c86eb50f5cac02d82c31b5f68ad4c46826489fa840c0044544aa'}",0.06650302,0.07589067,605024,417181,187753,17159,0.1415956,0.009387649999999999
previous_nonace_ordinary,algebra_others_exirrpowirrrat,0,experiments/output/ace_thesis_20260918/validation/configs/validation__nonace_ordinary__proof__algebra_others_exirrpowirrrat__seed0,validation__nonace_ordinary__proof__algebra_others_exirrpowirrrat__seed0,False,21,False,"{'cache.yaml': '8d437ff443fb22fdf80bd977c134ad5fe0de289193d21a4d37417bdf76a63302', 'result.yaml': 'cc4187e2b31b54c4a900d7d5495f473ef9c88b61323eec58e9597b905c05f921'}",0.03800324,0.042098039999999996,213211,131252,81896,15822,0.0616286,0.0040948
previous_ace_selected,induction_prod1p1onk3le3m1onn,0,experiments/output/ace_thesis_20260918/validation/configs/validation__ace_selected__proof__induction_prod1p1onk3le3m1onn__seed0,validation__ace_selected__proof__induction_prod1p1onk3le3m1onn__seed0,False,19,False,"{'cache.yaml': '87c31f894193d3ec2602a98170bb2ab5e72750198bf8456c56b7662c27b3bc8e', 'result.yaml': '5bcd2cb9cccad73c8e48e6bcc823b5850199c4afca128c3fa0f668005138af9d'}",0.06534318,0.07531228,448488,249049,199382,17062,0.11017199999999999,0.0099691
previous_nonace_matched,induction_prod1p1onk3le3m1onn,0,experiments/output/ace_thesis_20260918/validation/configs/validation__nonace_matched__proof__induction_prod1p1onk3le3m1onn__seed0,validation__nonace_matched__proof__induction_prod1p1onk3le3m1onn__seed0,False,35,False,"{'cache.yaml': '837c3715ade9d345fffca8058309b6a4a6dca48853a971bc77aa0435d1fa8943', 'result.yaml': 'ea6e7ad9b8c5ad1654f7ee63db517f57bdfdbf53d3f57fb99a56a1143f321993'}",0.06857242,0.08050286999999999,519275,280561,238609,12682,0.1190734,0.011930449999999999
previous_nonace_ordinary,induction_prod1p1onk3le3m1onn,0,experiments/output/ace_thesis_20260918/validation/configs/validation__nonace_ordinary__proof__induction_prod1p1onk3le3m1onn__seed0,validation__nonace_ordinary__proof__induction_prod1p1onk3le3m1onn__seed0,False,27,False,"{'cache.yaml': 'e3e9ff26eb21d595704c5e894c4c15d5fa5f97dd32750eb9acdd3b576e4d292c', 'result.yaml': 'bca779cbe4221b7d5680a2b38803f1d0b82acca6b806523330884dd52b1c12a4'}",0.04253756,0.04833696,374077,258008,115988,11803,0.088979,0.0057994
previous_ace_historical,induction_prod1p1onk3le3m1onn,0,experiments/output/ace_thesis_20260918/validation/configs/validation__ace_historical__proof__induction_prod1p1onk3le3m1onn__seed0,validation__ace_historical__proof__induction_prod1p1onk3le3m1onn__seed0,False,26,False,"{'cache.yaml': '642c06131b095941754def775a5d010018ec53c996bbe82cc827e51316392c57', 'result.yaml': 'cc798e2f91e25544a343dca8e48f181b6436d3e5569f4a4e6a72e35cb022236d'}",0.06766589999999999,0.0788681,505497,281375,224044,14345,0.1183134,0.011202199999999999
previous_nonace_matched,amc12a_2008_p4,0,experiments/output/ace_thesis_20260918/validation/configs/validation__nonace_matched__proof__amc12a_2008_p4__seed0,validation__nonace_matched__proof__amc12a_2008_p4__seed0,True,23,False,"{'cache.yaml': '6780a3014efe736f5b7857e3e74c843fc80c2015b608de719e77023913490110', 'result.yaml': '0b2124caab00cdb418773d7bdd4a9df00f8f51e580b15fc762ec9fc637973039'}",0.05152974,0.059731089999999994,290883,126787,164027,13479,0.0743514,0.00820135
previous_nonace_ordinary,amc12a_2008_p4,0,experiments/output/ace_thesis_20260918/validation/configs/validation__nonace_ordinary__proof__amc12a_2008_p4__seed0,validation__nonace_ordinary__proof__amc12a_2008_p4__seed0,True,6,False,"{'cache.yaml': '182dc290f2991a2bdd4c6cba703c2978942dcbabafaa3e12e1b947b486cb7256', 'result.yaml': '8027341b70501f8b2a4852ef17a8fffc7dec02d4f31b01b372e45270541bd403'}",0.00933694,0.010179939999999998,39065,22187,16860,4598,0.013330599999999998,0.000843
previous_ace_historical,amc12a_2008_p4,0,experiments/output/ace_thesis_20260918/validation/configs/validation__ace_historical__proof__amc12a_2008_p4__seed0,validation__ace_historical__proof__amc12a_2008_p4__seed0,True,14,False,"{'cache.yaml': '01640f75fbeb746185dca9e4f8db5738f7b0029803410834f9c23ed5a6686926', 'result.yaml': '7df0713ccbb10ffe22b0ad02272e6918830dd04cb22aec2733e892a13f73a50b'}",0.022139719999999998,0.02443117,140647,94776,45829,9225,0.039199399999999995,0.00229145
previous_ace_selected,amc12a_2008_p4,0,experiments/output/ace_thesis_20260918/validation/configs/validation__ace_selected__proof__amc12a_2008_p4__seed0,validation__ace_selected__proof__amc12a_2008_p4__seed0,True,19,False,"{'cache.yaml': '05becd4c2bfea369f985d6b3e04c901099f4f68cd815515f148cb3b2e2874318', 'result.yaml': '4a187fe277dfd44406a1afe19b0b29247bfbd96700e8ad24a3dddc17dc092d99'}",0.04901618,0.05653958,373804,223279,150468,12038,0.08920639999999999,0.0075233999999999995
previous_nonace_ordinary,imo_1960_p2,0,experiments/output/ace_thesis_20260918/validation/configs/validation__nonace_ordinary__proof__imo_1960_p2__seed0,validation__nonace_ordinary__proof__imo_1960_p2__seed0,True,20,False,"{'cache.yaml': '56472942caa2f99b8e270e941d213a74b453cf54429bafbebc7678fed5eebd34', 'result.yaml': 'a3f28d9bc56ba9445fe1f78d161aed39a0dfdb7d3b49e1e6b1a384395b8bf4da'}",0.038328959999999995,0.04424391,231297,112938,118299,10332,0.058657799999999996,0.0059149499999999995
previous_ace_historical,imo_1960_p2,0,experiments/output/ace_thesis_20260918/validation/configs/validation__ace_historical__proof__imo_1960_p2__seed0,validation__ace_historical__proof__imo_1960_p2__seed0,True,8,False,"{'cache.yaml': 'd33fa3045f1c74ab02171498be4143b40adde174ee2777a1369cdd365f047763', 'result.yaml': '8d8b485cb05c25c52012d2392e6a95369a7f9db7b80d125b1dc852cdf78e7ccd'}",0.00894642,0.009858519999999999,62487,44221,18242,3674,0.0169062,0.0009121
previous_ace_selected,imo_1960_p2,0,experiments/output/ace_thesis_20260918/validation/configs/validation__ace_selected__proof__imo_1960_p2__seed0,validation__ace_selected__proof__imo_1960_p2__seed0,True,16,False,"{'cache.yaml': '9d608260a1014cee5066b2485818b2d69299aa421681d7922f8fc10e8ac7e95f', 'result.yaml': '2ddbb14d96eadeb4ac8d79dd07bf21af3acbddc811ad03ab9943d4c5fa5dff3b'}",0.03813,0.0432535,295878,193360,102470,11466,0.0729348,0.0051235
previous_nonace_matched,imo_1960_p2,0,experiments/output/ace_thesis_20260918/validation/configs/validation__nonace_matched__proof__imo_1960_p2__seed0,validation__nonace_matched__proof__imo_1960_p2__seed0,True,6,False,"{'cache.yaml': '93f541d3ad7feef1ebc093552cf0edc1cd003bd463edf924cce0b7ec208f6497', 'result.yaml': 'a2c67088ec1c7feac3b1b16ae2ded0cd7031238ac32614286c3b6797ba17f3fd'}",0.0051151799999999996,0.00566958,30945,19839,11088,2081,0.0086862,0.0005543999999999999
previous_nonace_ordinary,mathd_algebra_282,1,experiments/output/ace_thesis_20260918/validation/configs/validation__nonace_ordinary__proof__mathd_algebra_282__seed1,validation__nonace_ordinary__proof__mathd_algebra_282__seed1,False,27,False,"{'cache.yaml': '63cf5b796e0045072f4c73fb54d5a28c809428bb8ce4fa25aed0e748e4905148', 'result.yaml': 'a869093e383370a62206d88986562b5d0240a38fa28b158ea3056fb5dab0fe67'}",0.03711302,0.04182392,474820,380521,94218,8869,0.1056068,0.0047109
previous_nonace_matched,mathd_algebra_282,1,experiments/output/ace_thesis_20260918/validation/configs/validation__nonace_matched__proof__mathd_algebra_282__seed1,validation__nonace_matched__proof__mathd_algebra_282__seed1,False,32,False,"{'cache.yaml': 'e021c37ada451abf84f059bd691958edd04dcd1232f593d5205cf1ca06df24cc', 'result.yaml': 'de77f54f8244c2a766e048a600b22859f5d86a58f54bcd8aa58e91792a1987e2'}",0.06287968,0.07297142999999999,590285,388354,201835,12272,0.1327834,0.01009175
previous_ace_selected,mathd_algebra_282,1,experiments/output/ace_thesis_20260918/validation/configs/validation__ace_selected__proof__mathd_algebra_282__seed1,validation__ace_selected__proof__mathd_algebra_282__seed1,False,58,False,"{'cache.yaml': 'b673e30c378e490ae4bd4316d45a0cd8718d2fb6f10cfa56be5f4fa00969f59d', 'result.yaml': '32ba354676aedde48e1200de3cb5a6dd3f381176870723e4cb868d81ea0b0d08'}",0.04915388,0.05195688,1566688,1510454,56060,6415,0.3210356,0.002803
previous_ace_historical,mathd_algebra_282,1,experiments/output/ace_thesis_20260918/validation/configs/validation__ace_historical__proof__mathd_algebra_282__seed1,validation__ace_historical__proof__mathd_algebra_282__seed1,False,52,False,"{'cache.yaml': 'decb5d2625a577f63cd2f7ef61c5d640777f6281d7e6cd958229b5fb7336b956', 'result.yaml': 'db40e9636f66049de639464c83420849e8152ca5614bb7d8e71b2241d9759bfb'}",0.048698860000000004,0.05173971,1316666,1255693,60817,9492,0.2747236,0.00304085
previous_ace_historical,mathd_numbertheory_33,1,experiments/output/ace_thesis_20260918/validation/configs/validation__ace_historical__proof__mathd_numbertheory_33__seed1,validation__ace_historical__proof__mathd_numbertheory_33__seed1,True,2,False,"{'cache.yaml': 'c3a65b957afd9fec0ca45b351e8316a5bb46735c822f3a2297dfa9b03b2bd974', 'result.yaml': '14337b8b4d7a3f658c2748255c3b5066d55d00c9e8ddcbf1eaef0e8a7ac3b7bd'}",0.00061968,0.0006334299999999999,12135,11854,275,272,0.0027533999999999996,1.3749999999999999e-05
previous_nonace_ordinary,mathd_numbertheory_33,1,experiments/output/ace_thesis_20260918/validation/configs/validation__nonace_ordinary__proof__mathd_numbertheory_33__seed1,validation__nonace_ordinary__proof__mathd_numbertheory_33__seed1,True,7,False,"{'cache.yaml': '562aefabe4dded0896eb34d15396a9edd2a69134cd449fff2e8300907d62b6d6', 'result.yaml': '1fd8d9e27762713b7c03f0c7dec5cf154c73a8931377ffaeb65872f8b9e745ac'}",0.00229882,0.0024542699999999997,32051,28921,3109,912,0.007504599999999999,0.00015544999999999998
previous_nonace_matched,mathd_numbertheory_33,1,experiments/output/ace_thesis_20260918/validation/configs/validation__nonace_matched__proof__mathd_numbertheory_33__seed1,validation__nonace_matched__proof__mathd_numbertheory_33__seed1,True,6,False,"{'cache.yaml': '2b7794fe740a1b0f3cc09c1532e57f52a69bd6b367d75d82bc22f05b32288ba6', 'result.yaml': 'd795cdefc6a4192c4379884be7c2b1b376881f2be9148bd0e2a844df71cd4ffe'}",0.00251756,0.00275296,29224,24498,4708,902,0.0069272,0.00023539999999999998
previous_ace_selected,mathd_numbertheory_33,1,experiments/output/ace_thesis_20260918/validation/configs/validation__ace_selected__proof__mathd_numbertheory_33__seed1,validation__ace_selected__proof__mathd_numbertheory_33__seed1,True,2,False,"{'cache.yaml': 'f7d87082f556153883775ada9147d43114e1fd7642b1981c428f286bb1c6b0ad', 'result.yaml': '8d791ef85f83dd17a6ab6adda7d7a7533ffb518d9fc268b8988948c46af2f1ff'}",0.00094944,0.0009635399999999999,23580,23292,282,355,0.005142,1.4099999999999999e-05
previous_ace_selected,amc12a_2002_p6,1,experiments/output/ace_thesis_20260918/validation/configs/validation__ace_selected__proof__amc12a_2002_p6__seed1,validation__ace_selected__proof__amc12a_2002_p6__seed1,True,1,False,"{'cache.yaml': 'b0b3cba6708e9de8dc29a20543e251a5117bd772518ec0f7bd9bdb7f2b249a55', 'result.yaml': 'bfbcc028758b7207a4d876a444f9be9c162e4a5da94745649f84f9362a40e348'}",0.00042822,0.00042822,11724,11721,0,161,0.002538,0.0
previous_ace_historical,amc12a_2002_p6,1,experiments/output/ace_thesis_20260918/validation/configs/validation__ace_historical__proof__amc12a_2002_p6__seed1,validation__ace_historical__proof__amc12a_2002_p6__seed1,True,1,False,"{'cache.yaml': 'a243b587175865e9b38c6d7f8d01321ea888379aebf432aa764b2589a29c8237', 'result.yaml': '1c116f180de617bc92ab890063af80772143fec1edf5cbc93bb995bddf329e11'}",0.00034983999999999997,0.00034983999999999997,6005,6002,0,191,0.0014302,0.0
previous_nonace_ordinary,amc12a_2002_p6,1,experiments/output/ace_thesis_20260918/validation/configs/validation__nonace_ordinary__proof__amc12a_2002_p6__seed1,validation__nonace_ordinary__proof__amc12a_2002_p6__seed1,True,1,False,"{'cache.yaml': 'dc4da33af0a2a462e708b096d6b5e9b508ab691fe11c809f207a07942e244981', 'result.yaml': '598b8df290df1d33ea04d8513c2a599580af709fbc1b52017d4ab3309194876f'}",0.00022914,0.00022914,3810,3807,0,127,0.0009144,0.0
previous_nonace_matched,amc12a_2002_p6,1,experiments/output/ace_thesis_20260918/validation/configs/validation__nonace_matched__proof__amc12a_2002_p6__seed1,validation__nonace_matched__proof__amc12a_2002_p6__seed1,True,1,False,"{'cache.yaml': '2284fbdb17681e185ed53190569d5d139562da48940b3bf0429121d7b0c4ed99', 'result.yaml': '39987e60032fcba067f01c6633259a6408ed88afbe8c195ebd52e4f06a8ff79f'}",0.00016914,0.00016914,3810,3807,0,77,0.0008544,0.0
previous_nonace_matched,mathd_algebra_433,1,experiments/output/ace_thesis_20260918/validation/configs/validation__nonace_matched__proof__mathd_algebra_433__seed1,validation__nonace_matched__proof__mathd_algebra_433__seed1,True,4,False,"{'cache.yaml': 'fc2413dc0cc2c3982f810c4009dbef267858d5c714fc8568275405a41942cfcb', 'result.yaml': 'ee5839acb6855297db42aa2d33e27c159a6a566c2b2668ccfd8dc06ec16ef6a0'}",0.0028001999999999997,0.0031817499999999997,23043,15400,7631,803,0.005572199999999999,0.00038155
previous_ace_selected,mathd_algebra_433,1,experiments/output/ace_thesis_20260918/validation/configs/validation__ace_selected__proof__mathd_algebra_433__seed1,validation__ace_selected__proof__mathd_algebra_433__seed1,True,3,False,"{'cache.yaml': '4ce20f8a25cf6cc5f0901acce6d1c5cc036fdabb325890ff3e15c10afbd95c78', 'result.yaml': 'd00b372071c032b1261acabd8cbf10c48ee3eaccfe224ca8ce92893d27313f31'}",0.0022671,0.0024808,38028,33745,4274,613,0.0083412,0.0002137
previous_ace_historical,mathd_algebra_433,1,experiments/output/ace_thesis_20260918/validation/configs/validation__ace_historical__proof__mathd_algebra_433__seed1,validation__ace_historical__proof__mathd_algebra_433__seed1,True,4,False,"{'cache.yaml': '519dcba182d98501de52d7ff60e112476a89c5e4164488deec32745437f8357c', 'result.yaml': '0e58677e3e957e5a5bf13e02df53302be029ac549b55112348c22b37b8ebfd92'}",0.0035468,0.00393795,32005,24170,7823,1247,0.007897399999999999,0.00039115
previous_nonace_ordinary,mathd_algebra_433,1,experiments/output/ace_thesis_20260918/validation/configs/validation__nonace_ordinary__proof__mathd_algebra_433__seed1,validation__nonace_ordinary__proof__mathd_algebra_433__seed1,True,4,False,"{'cache.yaml': '17025361aa8154d36765341dc10aaab162b86bb8ff481b2f1f738f70db6f8526', 'result.yaml': '63c4de019ae377075c78bed40907302c22e9dff472947e1c31a38022ad5c8850'}",0.0021107,0.0023818999999999997,19471,14035,5424,619,0.004637,0.0002712
previous_nonace_ordinary,mathd_numbertheory_43,1,experiments/output/ace_thesis_20260918/validation/configs/validation__nonace_ordinary__proof__mathd_numbertheory_43__seed1,validation__nonace_ordinary__proof__mathd_numbertheory_43__seed1,False,36,False,"{'cache.yaml': '093243571672cebb7131f4a15c8abf5bf24a1304ad00abeab599cc6ed22c7211', 'result.yaml': '09a4541df63d29e3091f518cc3aa92f81c2005897ddbb9d7f3b02f4fc980f012'}",0.0425458,0.0474504,412010,313810,98092,13858,0.0990316,0.004904599999999999
previous_nonace_matched,mathd_numbertheory_43,1,experiments/output/ace_thesis_20260918/validation/configs/validation__nonace_matched__proof__mathd_numbertheory_43__seed1,validation__nonace_matched__proof__mathd_numbertheory_43__seed1,False,19,False,"{'cache.yaml': '1ac1faead3e566473ca2cf3532b88457b196dea30d1392536f934c6cb79ec166', 'result.yaml': '34dc9a809a249a7a842744b04ca11659cc6e2650b5344e774c46288005c2e940'}",0.02071122,0.022636869999999996,168111,129541,38513,8672,0.0440286,0.0019256499999999999
previous_ace_selected,mathd_numbertheory_43,1,experiments/output/ace_thesis_20260918/validation/configs/validation__ace_selected__proof__mathd_numbertheory_43__seed1,validation__ace_selected__proof__mathd_numbertheory_43__seed1,False,22,False,"{'cache.yaml': '90a61652214301d8cf7622289240e5970b7bbd4f42203ca6771f7f7a62f27fea', 'result.yaml': '4a75aaf8e82aea2b389c1e270bf02f1c8130efe5acc12914b41e1c37ad8ad888'}",0.02537526,0.02736996,372723,332763,39894,8940,0.08527259999999999,0.0019947
previous_ace_historical,mathd_numbertheory_43,1,experiments/output/ace_thesis_20260918/validation/configs/validation__ace_historical__proof__mathd_numbertheory_43__seed1,validation__ace_historical__proof__mathd_numbertheory_43__seed1,False,17,False,"{'cache.yaml': '2961b44a31db74cfb49688c3369caf58e80b40cd100947f0e75eb94218b624e6', 'result.yaml': '6951d098e30bea9cfd366f60e1d3e7e9b14f3b139a6eebd56ec9ab0a22a903eb'}",0.01896928,0.021094579999999998,243431,200874,42506,5367,0.0551266,0.0021253
previous_ace_historical,aime_1991_p9,1,experiments/output/ace_thesis_20260918/validation/configs/validation__ace_historical__proof__aime_1991_p9__seed1,validation__ace_historical__proof__aime_1991_p9__seed1,False,21,False,"{'cache.yaml': '927999ab8677cfa59dfd40a753cb85c50415f0bedfa2abd4748a521b2f5225ef', 'result.yaml': '68d8cad832aa55ec559a8f9b3817e46c7d78eb16f0a67308851dd56cbdef1dac'}",0.06572056,0.07599716,397433,191838,205532,17304,0.1002514,0.010276599999999999
previous_nonace_ordinary,aime_1991_p9,1,experiments/output/ace_thesis_20260918/validation/configs/validation__nonace_ordinary__proof__aime_1991_p9__seed1,validation__nonace_ordinary__proof__aime_1991_p9__seed1,True,17,False,"{'cache.yaml': '230bf608ea15902958c572d0b4e914d3ce0df3bfb39c096a2d3059028d96e2ab', 'result.yaml': 'ab9875bd67b4bda12144c852d2cc683f977ed7afe2759d59783b409ea153a731'}",0.0256686,0.029395249999999998,159354,84770,74533,7547,0.0409272,0.0037266499999999998
previous_nonace_matched,aime_1991_p9,1,experiments/output/ace_thesis_20260918/validation/configs/validation__nonace_matched__proof__aime_1991_p9__seed1,validation__nonace_matched__proof__aime_1991_p9__seed1,True,30,False,"{'cache.yaml': '7bf4f2b5ee11a6f6c05ff83815d09d378eb9bcecba8a4c3c6b012ac663491276', 'result.yaml': 'f8f5031e44792e0005f92386a62c5c455a9183dd1aa6d8648a9deb8f4dea60ed'}",0.0614604,0.0712122,428106,232980,195036,14813,0.1033968,0.0097518
previous_ace_selected,aime_1991_p9,1,experiments/output/ace_thesis_20260918/validation/configs/validation__ace_selected__proof__aime_1991_p9__seed1,validation__ace_selected__proof__aime_1991_p9__seed1,True,38,False,"{'cache.yaml': '67e2d7701b4a2ebdcc5a46ef6087e765f0f5db413ce848770ea461b9332d9017', 'result.yaml': 'b46ac638b6622524ff21700f8cebc6eba0bcf7f32b04f2acdd11de3cc1fd2836'}",0.0508641,0.0556658,844353,748205,96034,13892,0.18554099999999998,0.0048017
previous_ace_selected,amc12_2000_p12,1,experiments/output/ace_thesis_20260918/validation/configs/validation__ace_selected__proof__amc12_2000_p12__seed1,validation__ace_selected__proof__amc12_2000_p12__seed1,False,13,False,"{'cache.yaml': '8eca5ba2a1bcfd211b609ab613b4c0123792d1396dbf3d5c24e2943a387b535c', 'result.yaml': '46eb59fae07243f51a17cab447474779828d6fcda0cda30ca3c36bb679dd229b'}",0.01333504,0.01402024,190625,176882,13704,5874,0.0451738,0.0006852
previous_ace_historical,amc12_2000_p12,1,experiments/output/ace_thesis_20260918/validation/configs/validation__ace_historical__proof__amc12_2000_p12__seed1,validation__ace_historical__proof__amc12_2000_p12__seed1,True,11,False,"{'cache.yaml': '50714a8623718323fab9d01e59279822603bd0f4d2e258920330b78b5e156991', 'result.yaml': '806b442234c01e98dd56160ea42d1e594d834e2f623aa22d35160e3da0a943fe'}",0.01629604,0.017684989999999998,97214,69402,27779,7788,0.0287884,0.00138895
previous_nonace_ordinary,amc12_2000_p12,1,experiments/output/ace_thesis_20260918/validation/configs/validation__nonace_ordinary__proof__amc12_2000_p12__seed1,validation__nonace_ordinary__proof__amc12_2000_p12__seed1,True,11,False,"{'cache.yaml': '19c0d79c0f979e357da2198c184a56d65eff7196e14f48ce16d2bf6a1ae4bdcb', 'result.yaml': '74b057283939c229ff70393cfe85722328095c13aa67c6c765040b518ca46f3c'}",0.01127596,0.01249806,67343,42868,24442,4603,0.018992199999999997,0.0012221
previous_nonace_matched,amc12_2000_p12,1,experiments/output/ace_thesis_20260918/validation/configs/validation__nonace_matched__proof__amc12_2000_p12__seed1,validation__nonace_matched__proof__amc12_2000_p12__seed1,True,17,False,"{'cache.yaml': '1ccc10c71568ed52cccf226fc7f5b0938f6459557363ed0805c6d46fba810577', 'result.yaml': '922953b07b6f6fa11afa8c66d90a933b43de7670222c62c353eb68db21c735a2'}",0.0282747,0.03090385,138909,86275,52583,13352,0.0438042,0.00262915
previous_nonace_matched,imo_1984_p6,1,experiments/output/ace_thesis_20260918/validation/configs/validation__nonace_matched__proof__imo_1984_p6__seed1,validation__nonace_matched__proof__imo_1984_p6__seed1,False,11,False,"{'cache.yaml': '86d41799a3efa8a291892fcd63488d090953b098d7f1d9cc5322cb0b03e97ac0', 'result.yaml': '83966670199793fb53bb62293722c0584251937db87c3046c5eca87b72b0aa7c'}",0.01280432,0.014245119999999998,98575,69726,28816,4700,0.025355,0.0014408
previous_ace_selected,imo_1984_p6,1,experiments/output/ace_thesis_20260918/validation/configs/validation__ace_selected__proof__imo_1984_p6__seed1,validation__ace_selected__proof__imo_1984_p6__seed1,False,21,False,"{'cache.yaml': 'cba770805ea97151c1d833fc3f3cc391e8a1673901dea30186494ff3813f0fd2', 'result.yaml': '586aa2dd0d397c70bac489791a2f7908dc129bbb7eff41596d97b9a312746bc1'}",0.0398509,0.044183349999999996,387497,300785,86649,13744,0.0939922,0.00433245
previous_ace_historical,imo_1984_p6,1,experiments/output/ace_thesis_20260918/validation/configs/validation__ace_historical__proof__imo_1984_p6__seed1,validation__ace_historical__proof__imo_1984_p6__seed1,False,26,False,"{'cache.yaml': 'c3cc91e7b696595b48324eb7f74c6b25c3671fccdd0f4f2c9962641354bc0fe1', 'result.yaml': 'f069b53ae51a28cb1166135562cc18363723b8b0094c9f1f898fae4e99432017'}",0.03792922,0.042350519999999996,354605,266101,88426,12422,0.0858274,0.0044212999999999995
previous_nonace_ordinary,imo_1984_p6,1,experiments/output/ace_thesis_20260918/validation/configs/validation__nonace_ordinary__proof__imo_1984_p6__seed1,validation__nonace_ordinary__proof__imo_1984_p6__seed1,False,17,False,"{'cache.yaml': '5d6b727866d2138d09d4948fe6d2de677d658ae37e2ca1ed11968cc199772a7e', 'result.yaml': '71a6824666fc1221d5dcf5b4cf4c2000fce2cbb68c3cc2139d121add174e7289'}",0.03915476,0.04444276,220699,114888,105760,13079,0.059834599999999995,0.005288
previous_nonace_ordinary,mathd_algebra_251,1,experiments/output/ace_thesis_20260918/validation/configs/validation__nonace_ordinary__proof__mathd_algebra_251__seed1,validation__nonace_ordinary__proof__mathd_algebra_251__seed1,True,6,False,"{'cache.yaml': '310bc889733abb04112b9db321f53b256daf58e8e218f7ce8071c3fbd9361fe6', 'result.yaml': '78a437d553f4857616d535f26bdc396d91af7464697a6885960df3868f0b30dc'}",0.00459416,0.00499856,31654,23548,8088,2085,0.0088328,0.0004044
previous_nonace_matched,mathd_algebra_251,1,experiments/output/ace_thesis_20260918/validation/configs/validation__nonace_matched__proof__mathd_algebra_251__seed1,validation__nonace_matched__proof__mathd_algebra_251__seed1,True,6,False,"{'cache.yaml': 'be064f6545e185391e567f9605ed6d7ff39e7d04dcd2ab2d659f9e3359503a95', 'result.yaml': '82fcf1d107277601281ecfd3380f7d0240ee7a2bc2c392baa25058d72a56a962'}",0.0038879,0.00426305,32086,24565,7503,1577,0.0083096,0.00037515
previous_ace_selected,mathd_algebra_251,1,experiments/output/ace_thesis_20260918/validation/configs/validation__ace_selected__proof__mathd_algebra_251__seed1,validation__ace_selected__proof__mathd_algebra_251__seed1,True,1,False,"{'cache.yaml': 'f689f8b24d55f6ecd0eac3203ee3eceb53ba429e8e766edc6a49b9da57c92009', 'result.yaml': '3b2bb46d1b20877ea1d14f0bd1625d9886b2cf556914ecd4d714842286f9e4b7'}",0.00068184,0.00068184,11685,11682,0,373,0.0027846,0.0
previous_ace_historical,mathd_algebra_251,1,experiments/output/ace_thesis_20260918/validation/configs/validation__ace_historical__proof__mathd_algebra_251__seed1,validation__ace_historical__proof__mathd_algebra_251__seed1,True,5,False,"{'cache.yaml': 'ba9a1b545228555a02118dcdec475ac12481ce21120ad536fd9a0715140bb1f1', 'result.yaml': '0836b36ce4fe7d129be7a9286febb979c09a783a117c8eb2eed9c31c4c206e86'}",0.00350584,0.0037707899999999996,33626,28312,5299,1564,0.008602,0.00026494999999999996
previous_ace_historical,mathd_numbertheory_303,1,experiments/output/ace_thesis_20260918/validation/configs/validation__ace_historical__proof__mathd_numbertheory_303__seed1,validation__ace_historical__proof__mathd_numbertheory_303__seed1,False,30,False,"{'cache.yaml': '0f142fff68700694007e64de7c2628e7ff9785c9cdcd0e4ea75caba50dfeebe4', 'result.yaml': '4b4dcb54c19aa4dd12d0d779c32fa7691da602989885f4e3b836d82f0132103f'}",0.06267466,0.07015476,502145,352453,149602,21406,0.12611619999999998,0.0074801
previous_nonace_ordinary,mathd_numbertheory_303,1,experiments/output/ace_thesis_20260918/validation/configs/validation__nonace_ordinary__proof__mathd_numbertheory_303__seed1,validation__nonace_ordinary__proof__mathd_numbertheory_303__seed1,False,23,False,"{'cache.yaml': '0ad94b077a046515746fcef8128b98ce90e25cf5bea51b56e3ac74a83d693296', 'result.yaml': '248fc06d2350541c95ba472008fc3d5f5bd30bfb37c7ce134be0b748cf941982'}",0.03369522,0.037075069999999995,318327,250661,67597,12624,0.0788142,0.0033798499999999998
previous_nonace_matched,mathd_numbertheory_303,1,experiments/output/ace_thesis_20260918/validation/configs/validation__nonace_matched__proof__mathd_numbertheory_303__seed1,validation__nonace_matched__proof__mathd_numbertheory_303__seed1,False,27,False,"{'cache.yaml': '64d5e2db51a743ba003ee7716af5cfc9613b14600c73318233abf135a22aceed', 'result.yaml': 'a1d7cf48e0873375740e9cb6f3b5cfe3035fc89327d3eaf85f243a900fbf40eb'}",0.06175424,0.07030183999999999,460195,289162,170952,18137,0.1138034,0.008547599999999999
previous_ace_selected,mathd_numbertheory_303,1,experiments/output/ace_thesis_20260918/validation/configs/validation__ace_selected__proof__mathd_numbertheory_303__seed1,validation__ace_selected__proof__mathd_numbertheory_303__seed1,False,40,False,"{'cache.yaml': 'a5e47e3ce211e3efc15fe8dda31f3a27b9b4ee95cc44cb9864e811ca87dcfa60', 'result.yaml': '60b4384da1ba214fe7d106024b58b7f8d49c42876b7cdfc13d4272b39ed47775'}",0.06165906,0.06730190999999999,778980,666003,112857,21453,0.1815396,0.00564285
previous_ace_selected,aime_1989_p8,1,experiments/output/ace_thesis_20260918/validation/configs/validation__ace_selected__proof__aime_1989_p8__seed1,validation__ace_selected__proof__aime_1989_p8__seed1,True,1,False,"{'cache.yaml': 'ac2f8f99cfbdab370d1b3de6201d081b9e59ef4c5544fcd571204fc29c0ed316', 'result.yaml': '0cc9019bade711853a414e6714d4469fce245e3912201078004b5a02221924d1'}",0.00040838,0.00040838,12292,12289,0,135,0.0026203999999999997,0.0
previous_ace_historical,aime_1989_p8,1,experiments/output/ace_thesis_20260918/validation/configs/validation__ace_historical__proof__aime_1989_p8__seed1,validation__ace_historical__proof__aime_1989_p8__seed1,True,1,False,"{'cache.yaml': '78a23d936fda9758dce373be824091d324b24ed05ab351a7d8332f41b0cc8eb2', 'result.yaml': '9b32107d605e5dff151560ff00e613eae6a8ad8cc0895a607d2a7c0f28366ae6'}",0.0003336,0.0003336,6573,6570,0,168,0.0015161999999999999,0.0
previous_nonace_ordinary,aime_1989_p8,1,experiments/output/ace_thesis_20260918/validation/configs/validation__nonace_ordinary__proof__aime_1989_p8__seed1,validation__nonace_ordinary__proof__aime_1989_p8__seed1,True,1,False,"{'cache.yaml': 'd7de0f1fdc49bb933b2b4ed2b1b98d94406579c772883542dac8c0a5386e143f', 'result.yaml': '81b9d02446ebd5046e9f0298fee3227e07a924d0c9e2006bc6be069b0e5a2d7a'}",0.0001853,0.0001853,4378,4375,0,81,0.0009727999999999999,0.0
previous_nonace_matched,aime_1989_p8,1,experiments/output/ace_thesis_20260918/validation/configs/validation__nonace_matched__proof__aime_1989_p8__seed1,validation__nonace_matched__proof__aime_1989_p8__seed1,True,1,False,"{'cache.yaml': 'c671e3620d419a84f81285a891cfe2bf6a10f11cd67fd9d4dde02e052964b049', 'result.yaml': '97fad0d755950725c9792a1bdf0e3149aa9916ca42bfe8d4e44c9964b11aa713'}",0.0001685,0.0001685,4378,4375,0,67,0.0009559999999999999,0.0
previous_nonace_matched,mathd_numbertheory_530,1,experiments/output/ace_thesis_20260918/validation/configs/validation__nonace_matched__proof__mathd_numbertheory_530__seed1,validation__nonace_matched__proof__mathd_numbertheory_530__seed1,False,36,False,"{'cache.yaml': '1eafff74d04d9dbfa66c1c4c724964337676b57d2fb14a858fe76d3603f0fe6e', 'result.yaml': '852ef3085271dc0453f6b6b2d84d0c6e1e2b12eb7589de38877d1fbe2017355f'}",0.06718548,0.07756503,571683,363984,207591,15305,0.1327026,0.01037955
previous_ace_selected,mathd_numbertheory_530,1,experiments/output/ace_thesis_20260918/validation/configs/validation__ace_selected__proof__mathd_numbertheory_530__seed1,validation__ace_selected__proof__mathd_numbertheory_530__seed1,False,26,False,"{'cache.yaml': 'a8b2f10f4c6e85ef9d7c0d3db2034570e3d80a2548f190c7290abcccc9a6840e', 'result.yaml': '0bcaf6111ad512c702a2cade543496e6a957d34d198236c68d96268625240b19'}",0.05890222,0.06733947,663404,494581,168745,12705,0.1479268,0.00843725
previous_ace_historical,mathd_numbertheory_530,1,experiments/output/ace_thesis_20260918/validation/configs/validation__ace_historical__proof__mathd_numbertheory_530__seed1,validation__ace_historical__proof__mathd_numbertheory_530__seed1,False,25,False,"{'cache.yaml': '2fdbbf8ded91017d02954df035b5bb9c642c4199ab7091ba955728c08c3b3888', 'result.yaml': '3e1aab13691f9b7a98274ea4f94a9df3612c53a906ce363a4a3620db1053ff68'}",0.06609384,0.07683839,453738,238772,214891,15271,0.1090728,0.01074455
previous_nonace_ordinary,mathd_numbertheory_530,1,experiments/output/ace_thesis_20260918/validation/configs/validation__nonace_ordinary__proof__mathd_numbertheory_530__seed1,validation__nonace_ordinary__proof__mathd_numbertheory_530__seed1,False,25,False,"{'cache.yaml': '4b02306b6edf56328e1c2a80ce5cafef38fd58d2a94f966a2059a934e83b5582', 'result.yaml': 'f8c1740b3e099eca4582af71bb1091131cd3cb9a22cec8129525ebc18d4fc459'}",0.0368873,0.04120825,390319,303825,86419,11260,0.0915758,0.00432095
previous_nonace_ordinary,mathd_numbertheory_64,1,experiments/output/ace_thesis_20260918/validation/configs/validation__nonace_ordinary__proof__mathd_numbertheory_64__seed1,validation__nonace_ordinary__proof__mathd_numbertheory_64__seed1,True,15,False,"{'cache.yaml': 'b3269d25f642f688efbcae54d4ee393d4d9551892a1c31bc2b69c7fbe8bdbbc2', 'result.yaml': '3d7debdd9d0b40018eab1b1bc805e9c90451fd2b55d8803c018fbde556f2727c'}",0.02156188,0.02475393,142520,78634,63841,6010,0.035716,0.00319205
previous_nonace_matched,mathd_numbertheory_64,1,experiments/output/ace_thesis_20260918/validation/configs/validation__nonace_matched__proof__mathd_numbertheory_64__seed1,validation__nonace_matched__proof__mathd_numbertheory_64__seed1,True,14,False,"{'cache.yaml': '84014b9593365df585fc0a5971878c65b43732f071078262600db3b21a8c5f35', 'result.yaml': '58a7ec2f853087e00370125fac6f42083ceac25c2ac3973edf4ee1b5445c1631'}",0.012767339999999999,0.01441419,92376,59397,32937,4153,0.0234588,0.0016468499999999998
previous_ace_selected,mathd_numbertheory_64,1,experiments/output/ace_thesis_20260918/validation/configs/validation__ace_selected__proof__mathd_numbertheory_64__seed1,validation__ace_selected__proof__mathd_numbertheory_64__seed1,True,7,False,"{'cache.yaml': '43ddcb8b40af5b0cc02f4dabdae57f12752c7d4cd213eab6ef36d1b5aa897763', 'result.yaml': 'b08088f6157e601d11cc16088cfd1e87e4abfaaed5e87f235fc6a6b42341edff'}",0.006108239999999999,0.00653359,96900,88372,8507,2196,0.0220152,0.00042535
previous_ace_historical,mathd_numbertheory_64,1,experiments/output/ace_thesis_20260918/validation/configs/validation__ace_historical__proof__mathd_numbertheory_64__seed1,validation__ace_historical__proof__mathd_numbertheory_64__seed1,True,17,False,"{'cache.yaml': '64698af62a8bca3145f9b5f46697f7d1b422ad853e41258d4de12c791592b59f', 'result.yaml': '93655662607e1d55e98d1ce99e82bd4b0f15f96bdd3bc5d1664bfa2eb8c60742'}",0.0096802,0.010393099999999999,180449,166140,14258,2913,0.0395854,0.0007129
previous_ace_historical,imo_1969_p2,1,experiments/output/ace_thesis_20260918/validation/configs/validation__ace_historical__proof__imo_1969_p2__seed1,validation__ace_historical__proof__imo_1969_p2__seed1,False,22,False,"{'cache.yaml': 'd439adbf882b5385533cb9482a5f6047eca46ecaeff198e2bda3cd1ff074df25', 'result.yaml': '56ebe291113eaa03fdf95466a3c1d41a3ed28a60781cc60210c56120406b0e88'}",0.06007928,0.06905533,367141,187554,179521,17009,0.09383899999999999,0.00897605
previous_nonace_ordinary,imo_1969_p2,1,experiments/output/ace_thesis_20260918/validation/configs/validation__nonace_ordinary__proof__imo_1969_p2__seed1,validation__nonace_ordinary__proof__imo_1969_p2__seed1,False,17,False,"{'cache.yaml': 'ba9fc25b24069797a9b2984ab83e4fb69f66d5d59cd81f36a2f84a59320d304a', 'result.yaml': '04981863d9d2be8f0871f49acc3a6489f1414ccd0f61802f8ef5c270312a5ebf'}",0.04131548,0.048051079999999996,240067,105304,134712,10214,0.060270199999999996,0.0067356
previous_nonace_matched,imo_1969_p2,1,experiments/output/ace_thesis_20260918/validation/configs/validation__nonace_matched__proof__imo_1969_p2__seed1,validation__nonace_matched__proof__imo_1969_p2__seed1,False,25,False,"{'cache.yaml': '0a3b5e6e74c2d340edcf34b64c2e4f0fef49f149f96c8f3a0eee894daffbe6db', 'result.yaml': '6933b41e403b8d30f5d5ae7afb6108fefc3881b2f84e823698bed9f1b9767d9d'}",0.061792019999999996,0.06971661999999999,399978,241411,158492,21042,0.10524599999999999,0.0079246
previous_ace_selected,imo_1969_p2,1,experiments/output/ace_thesis_20260918/validation/configs/validation__ace_selected__proof__imo_1969_p2__seed1,validation__ace_selected__proof__imo_1969_p2__seed1,False,26,False,"{'cache.yaml': '98fdd54381386307eb33c1aad1ba014a38a9faf4b3b757fe0ed1ed96401116e6', 'result.yaml': '6820e0a5d1e7dd074604ee14fe2ad7f4593a5f0c53fc586a205cd72d4ab59265'}",0.06103538,0.07011853,536980,355239,181663,14652,0.12497839999999999,0.00908315
previous_ace_selected,amc12b_2020_p5,1,experiments/output/ace_thesis_20260918/validation/configs/validation__ace_selected__proof__amc12b_2020_p5__seed1,validation__ace_selected__proof__amc12b_2020_p5__seed1,True,1,False,"{'cache.yaml': '410a9c89fbe39e52200792b59046eafb0d166f1559b632ad5e5caa74373fe899', 'result.yaml': '6610a74735a2b16ac9e5718d4aa964d30388bc05e90dbd064a8ae659df63d632'}",0.00037949999999999995,0.00037949999999999995,11928,11925,0,117,0.002526,0.0
previous_ace_historical,amc12b_2020_p5,1,experiments/output/ace_thesis_20260918/validation/configs/validation__ace_historical__proof__amc12b_2020_p5__seed1,validation__ace_historical__proof__amc12b_2020_p5__seed1,True,1,False,"{'cache.yaml': '5e2a1658737afda3743b36ce2ae2b5a1b883de1f1ed458cf4e457e6e3d2b8a79', 'result.yaml': '76fbb8eeaabca85a528ff4f33b534f3ff1ab41db7ef52186a838d6336021e60a'}",0.00030592,0.00030592,6209,6206,0,151,0.001423,0.0
previous_nonace_ordinary,amc12b_2020_p5,1,experiments/output/ace_thesis_20260918/validation/configs/validation__nonace_ordinary__proof__amc12b_2020_p5__seed1,validation__nonace_ordinary__proof__amc12b_2020_p5__seed1,True,2,False,"{'cache.yaml': '3d9716bf4d01e582d7c743803587d810970273617cee08c8d018e50e355f5e37', 'result.yaml': 'b77a42bbc5f4f182227d126fec2589b948dd71dbea84ca9d3baae271f88d4a39'}",0.00032024,0.00032929,8209,8022,181,102,0.0017642,9.05e-06
previous_nonace_matched,amc12b_2020_p5,1,experiments/output/ace_thesis_20260918/validation/configs/validation__nonace_matched__proof__amc12b_2020_p5__seed1,validation__nonace_matched__proof__amc12b_2020_p5__seed1,True,1,False,"{'cache.yaml': 'd21778b440b4cac56ae64a31caf5f04793f5b67dcc221b782eab9025da9f3a9f', 'result.yaml': '6212df411cbd6b4ea5648f8e776d158ccce9984ed11aa4cff45010ee79e17d2e'}",0.00017442,0.00017442,4014,4011,0,78,0.0008964,0.0
previous_nonace_matched,aime_1991_p6,1,experiments/output/ace_thesis_20260918/validation/configs/validation__nonace_matched__proof__aime_1991_p6__seed1,validation__nonace_matched__proof__aime_1991_p6__seed1,False,31,False,"{'cache.yaml': '7f32510fc1bb46f5db9e0aabec720cac0f727c76557936e3afcbb22f6ec60e60', 'result.yaml': 'f2762b4bda3f5c22df30b79e7a29206c53f2597c00d91c626e3d453b06492c96'}",0.06533478,0.07300998,531366,377769,153504,22550,0.13333319999999999,0.0076752
previous_ace_selected,aime_1991_p6,1,experiments/output/ace_thesis_20260918/validation/configs/validation__ace_selected__proof__aime_1991_p6__seed1,validation__ace_selected__proof__aime_1991_p6__seed1,False,18,False,"{'cache.yaml': 'd0b263d099873a3134ddb2894ef30d7ffff1c3c966b5ef148f3b892b845315c0', 'result.yaml': '346c6a3b6dd072d70948bc304762f0cb4275e1d10711c73c8cb0806798e999b1'}",0.05861536,0.06681891,474203,310078,164071,16324,0.11442939999999999,0.00820355
previous_ace_historical,aime_1991_p6,1,experiments/output/ace_thesis_20260918/validation/configs/validation__ace_historical__proof__aime_1991_p6__seed1,validation__ace_historical__proof__aime_1991_p6__seed1,False,16,False,"{'cache.yaml': '7604785a8699c5c21597a643138c882203a043d716a58c5a0a653f9764d76997', 'result.yaml': 'c8fd93dbf2738f85c6bf54805bb698c40036f495055fb8ec6a6434523d4b93d9'}",0.06304812,0.07036537,280329,133936,146345,25909,0.0871566,0.007317249999999999
previous_nonace_ordinary,aime_1991_p6,1,experiments/output/ace_thesis_20260918/validation/configs/validation__nonace_ordinary__proof__aime_1991_p6__seed1,validation__nonace_ordinary__proof__aime_1991_p6__seed1,False,18,False,"{'cache.yaml': '8c6780156403e0e7673d235ee8ba2f4699d3f92974af1c0091695725f7c26602', 'result.yaml': '4219f54b8cf063b03e68e32c3cbdd576acae307c9f6ad7cdac3e531f1928f4b1'}",0.05360688,0.05425218,184764,171804,12906,39649,0.0845316,0.0006453
previous_nonace_ordinary,amc12_2001_p21,1,experiments/output/ace_thesis_20260918/validation/configs/validation__nonace_ordinary__proof__amc12_2001_p21__seed1,validation__nonace_ordinary__proof__amc12_2001_p21__seed1,False,22,False,"{'cache.yaml': 'e0e10c88769ba0d793b5727ea54a5fae28559df9c4786f927b1bb73cea372f2b', 'result.yaml': '542da3e3aa557732ce6ec126820100e8c9a178b921b0d970935c4c6832f10cfe'}",0.04323046,0.04970011,236192,106733,129393,12670,0.0624424,0.0064696499999999995
previous_nonace_matched,amc12_2001_p21,1,experiments/output/ace_thesis_20260918/validation/configs/validation__nonace_matched__proof__amc12_2001_p21__seed1,validation__nonace_matched__proof__amc12_2001_p21__seed1,False,21,False,"{'cache.yaml': 'a1aa8308558d597a41ae48c990da120b03e045df6553844dc602448c113284e4', 'result.yaml': 'a14be72b20d68de1fe214c1290885ed0f2fdb69a36274cb077bd16f2e0dceb15'}",0.033643719999999995,0.03749252,174815,97776,76976,13567,0.051243399999999995,0.0038488
previous_ace_selected,amc12_2001_p21,1,experiments/output/ace_thesis_20260918/validation/configs/validation__ace_selected__proof__amc12_2001_p21__seed1,validation__ace_selected__proof__amc12_2001_p21__seed1,False,6,False,"{'cache.yaml': '95db288ac2f817064001e6662918c5dfda0c7e681c6f8295d57cef74a1433e05', 'result.yaml': 'c157cadef0cd2e4b8a1f8a2ffc6cbe533d677202488a6b4e02851a56d4610d19'}",0.016572319999999998,0.017159869999999997,82075,70306,11751,10677,0.029227399999999997,0.0005875499999999999
previous_ace_historical,amc12_2001_p21,1,experiments/output/ace_thesis_20260918/validation/configs/validation__ace_historical__proof__amc12_2001_p21__seed1,validation__ace_historical__proof__amc12_2001_p21__seed1,False,21,False,"{'cache.yaml': 'b30264ca58eaa63a7a6da88fb3804190142d7fd4a676e2562274f01d1500ab29', 'result.yaml': 'e6de9cb4e0c1feb0e0386fb89b7d98af86f9cd9b7d02efb99d4b30b40bf00a0d'}",0.04477544,0.05061204,257317,140522,116732,15505,0.0700694,0.0058366
previous_ace_historical,mathd_numbertheory_284,1,experiments/output/ace_thesis_20260918/validation/configs/validation__ace_historical__proof__mathd_numbertheory_284__seed1,validation__ace_historical__proof__mathd_numbertheory_284__seed1,True,1,False,"{'cache.yaml': '0edd4bade8fc25b317678001c4d3005f8a814fca34f119614e2450b3ba7fc6dd', 'result.yaml': 'e87139bb373d97f0b2dfe470a9356e78e76e93b95c06b0d38e2f4d2bde6581db'}",0.00030493999999999996,0.00030493999999999996,5980,5977,0,154,0.0013808,0.0
previous_nonace_ordinary,mathd_numbertheory_284,1,experiments/output/ace_thesis_20260918/validation/configs/validation__nonace_ordinary__proof__mathd_numbertheory_284__seed1,validation__nonace_ordinary__proof__mathd_numbertheory_284__seed1,True,1,False,"{'cache.yaml': 'e2ea17d160da3c2cf511d2e87e89d6cdc38d00e0374a8f75075aa0ed2cd90c5c', 'result.yaml': '7fb7d41dd9f7d6c8913e84a8928dbd7d65faa2f4ca7c11fd1f55760223f9f357'}",0.00016384,0.00016384,3785,3782,0,73,0.0008445999999999999,0.0
previous_nonace_matched,mathd_numbertheory_284,1,experiments/output/ace_thesis_20260918/validation/configs/validation__nonace_matched__proof__mathd_numbertheory_284__seed1,validation__nonace_matched__proof__mathd_numbertheory_284__seed1,True,1,False,"{'cache.yaml': '60c9a6a15b8b95f7683f7cddcab1ce3835b8de97252c22ac14ec65c217f0542b', 'result.yaml': '1df83a2eb8db93a852994dac70b0c6619379e0ae1bacf30be1a870af0c06c8d2'}",0.00035823999999999996,0.00035823999999999996,3785,3782,0,235,0.001039,0.0
previous_ace_selected,mathd_numbertheory_284,1,experiments/output/ace_thesis_20260918/validation/configs/validation__ace_selected__proof__mathd_numbertheory_284__seed1,validation__ace_selected__proof__mathd_numbertheory_284__seed1,True,1,False,"{'cache.yaml': '263c5f022abc38ee6412fb3c81b6af8c04910c34d3bf6c5ddd5bf78129430f95', 'result.yaml': 'b3d2f06e8c23f51fb346f7e0cad8a8ba9895d3ef93ea5abef78155063d2bfbbb'}",0.00047811999999999996,0.00047811999999999996,11699,11696,0,203,0.0025834,0.0
previous_ace_selected,mathd_numbertheory_461,1,experiments/output/ace_thesis_20260918/validation/configs/validation__ace_selected__proof__mathd_numbertheory_461__seed1,validation__ace_selected__proof__mathd_numbertheory_461__seed1,True,1,False,"{'cache.yaml': '90a9d4f9f06751bfce8a37dc0d0b29fd0c4e3e61d8e8580dc535c7aedf0bd29a', 'result.yaml': 'ed0cc6f6a0007ed63b5bcd03eb4e5103844296d487d331c90ba1394e60485bfb'}",0.00044485999999999994,0.00044485999999999994,11716,11713,0,175,0.0025532,0.0
previous_ace_historical,mathd_numbertheory_461,1,experiments/output/ace_thesis_20260918/validation/configs/validation__ace_historical__proof__mathd_numbertheory_461__seed1,validation__ace_historical__proof__mathd_numbertheory_461__seed1,True,1,False,"{'cache.yaml': 'e8579070e7bcd2fd74675d876dbe1e16878b2135b9631452744733fe11d24dab', 'result.yaml': 'e6b95a0b39465fb6a00bb5a19bb24f6f504e06627b5fd51fac7e67acd33e2869'}",0.00037728,0.00037728,5997,5994,0,214,0.0014562,0.0
previous_nonace_ordinary,mathd_numbertheory_461,1,experiments/output/ace_thesis_20260918/validation/configs/validation__nonace_ordinary__proof__mathd_numbertheory_461__seed1,validation__nonace_ordinary__proof__mathd_numbertheory_461__seed1,True,1,False,"{'cache.yaml': '8417f82d183faa4e2aaf10e0eb10898a7d78fc66196274385db01d42a2a49672', 'result.yaml': 'd85f9dd3abdd5868f396c3fbb568f27ec09aaf100647a287d41b63ad36ae3e30'}",0.00030097999999999995,0.00030097999999999995,3802,3799,0,187,0.0009847999999999999,0.0
previous_nonace_matched,mathd_numbertheory_461,1,experiments/output/ace_thesis_20260918/validation/configs/validation__nonace_matched__proof__mathd_numbertheory_461__seed1,validation__nonace_matched__proof__mathd_numbertheory_461__seed1,True,1,False,"{'cache.yaml': 'e2c58b9637a4032e7aeefda3f58d0a1d645f3b53bee8edc3a0ecf894ed3c1a3a', 'result.yaml': '2bea38fb507e4e4966d0dbd055dc6751bd4259acc71a9859f63d9251fe3b38a3'}",0.00018578,0.00018578,3802,3799,0,91,0.0008695999999999999,0.0
previous_nonace_matched,mathd_numbertheory_37,1,experiments/output/ace_thesis_20260918/validation/configs/validation__nonace_matched__proof__mathd_numbertheory_37__seed1,validation__nonace_matched__proof__mathd_numbertheory_37__seed1,False,23,False,"{'cache.yaml': '962f4cb983c14f22bd5e04e2a02a0168108d6887e1e596c4c1c59ebc438748b8', 'result.yaml': '948496cee30fe8de9c13ddcac566a867411acaa8c8dc86c357428feb75674292'}",0.02105832,0.02380877,205254,150176,55009,5866,0.04809,0.0027504499999999998
previous_ace_selected,mathd_numbertheory_37,1,experiments/output/ace_thesis_20260918/validation/configs/validation__ace_selected__proof__mathd_numbertheory_37__seed1,validation__ace_selected__proof__mathd_numbertheory_37__seed1,False,22,False,"{'cache.yaml': '4576ee4bb91be4836a2f9809a470b5b4f78c2c7243f19c3f5ed42e9a70e2c9a9', 'result.yaml': 'a36bb6f6445b39ada93ea31d79d63ae9b53ac3fd05fd27acddd2ecac14ccd76b'}",0.03375664,0.038615039999999996,396866,299632,97168,6931,0.0876904,0.0048584
previous_ace_historical,mathd_numbertheory_37,1,experiments/output/ace_thesis_20260918/validation/configs/validation__ace_historical__proof__mathd_numbertheory_37__seed1,validation__ace_historical__proof__mathd_numbertheory_37__seed1,False,19,False,"{'cache.yaml': 'd68314017da5b76c44328759a376d67987c817e6a20f6716d230dca04a8cddf4', 'result.yaml': '100e2c206dd590e8644434ec0576c94612c7c1053a28b948a5caac309a7ba842'}",0.02155256,0.02370556,239815,196698,43060,7496,0.0569582,0.002153
previous_nonace_ordinary,mathd_numbertheory_37,1,experiments/output/ace_thesis_20260918/validation/configs/validation__nonace_ordinary__proof__mathd_numbertheory_37__seed1,validation__nonace_ordinary__proof__mathd_numbertheory_37__seed1,False,22,False,"{'cache.yaml': '44305e73857502144ce353df0cc67b517f6ee2b53dd88b25656d97337f0dcd19', 'result.yaml': 'e05a1b1425b142bd172404c2c6287fc40ecc9a8fa41f6c2990fa260cc32a9e36'}",0.02150278,0.024447729999999997,185114,126149,58899,5989,0.044209599999999995,0.00294495
previous_nonace_ordinary,aime_1984_p7,1,experiments/output/ace_thesis_20260918/validation/configs/validation__nonace_ordinary__proof__aime_1984_p7__seed1,validation__nonace_ordinary__proof__aime_1984_p7__seed1,True,10,False,"{'cache.yaml': '0bb7fac33a6b1cfbcf7eda7a13ecec1539988f49b3b006fd3c5fae34f6a2573e', 'result.yaml': 'abe3134fa994bff1f204c27f0be6500d6c59de81e2e0ff9fa4a9d76ad51f8d80'}",0.03067922,0.03418437,107224,37091,70103,13259,0.037355599999999996,0.00350515
previous_nonace_matched,aime_1984_p7,1,experiments/output/ace_thesis_20260918/validation/configs/validation__nonace_matched__proof__aime_1984_p7__seed1,validation__nonace_matched__proof__aime_1984_p7__seed1,True,13,False,"{'cache.yaml': '964b2532f83594c5e7429363dd6d8a5876a2418800f8166f56f791c913686d6f', 'result.yaml': '186b88fd05f31126ae602aa59c56f7ec9ae8df67c4a19ca860bb1d2d8d7bc55d'}",0.044308259999999995,0.05056681,171423,46213,125171,15285,0.052626599999999996,0.00625855
previous_ace_selected,aime_1984_p7,1,experiments/output/ace_thesis_20260918/validation/configs/validation__ace_selected__proof__aime_1984_p7__seed1,validation__ace_selected__proof__aime_1984_p7__seed1,True,13,False,"{'cache.yaml': 'a588ccd59bceb652a883274cb0f4c8ed15e9f2a650889bef0e76808a6ec4525e', 'result.yaml': 'b64a61ac3d34c776bad2f65f5d9a364b801173272b867a6c5aeffbb9d6f56c48'}",0.03997438,0.04445453,247481,157839,89603,15741,0.0683854,0.00448015
previous_ace_historical,aime_1984_p7,1,experiments/output/ace_thesis_20260918/validation/configs/validation__ace_historical__proof__aime_1984_p7__seed1,validation__ace_historical__proof__aime_1984_p7__seed1,False,26,False,"{'cache.yaml': 'ce8732f84c680db371835c311a6b96c2ea752a8d3f66052636b97a17d6e222a3', 'result.yaml': '9644eb0e1a9a7298155072e30816353f4cfca4230a5f62e3c864bd4d282b304f'}",0.06213949999999999,0.06699275,401548,304405,97065,30519,0.11693239999999999,0.00485325
previous_ace_historical,mathd_algebra_421,1,experiments/output/ace_thesis_20260918/validation/configs/validation__ace_historical__proof__mathd_algebra_421__seed1,validation__ace_historical__proof__mathd_algebra_421__seed1,True,4,False,"{'cache.yaml': 'bd4c340c8cda7eea25d86136669976e221772a856f14f26aaff9b2e7807b52f8', 'result.yaml': '606b778a58134e6ed29396ef43b7703753b42ef504f3cac8e385a26193d01dc3'}",0.0032724,0.0035607499999999997,35589,29810,5767,1267,0.008638199999999999,0.00028835
previous_nonace_ordinary,mathd_algebra_421,1,experiments/output/ace_thesis_20260918/validation/configs/validation__nonace_ordinary__proof__mathd_algebra_421__seed1,validation__nonace_ordinary__proof__mathd_algebra_421__seed1,True,8,False,"{'cache.yaml': '65420ee2cd0ed13c0707b8df8a9bffdb5a000762f3121432f1a7326020712a44', 'result.yaml': '6ae399f6828bbec717abd0c25685d608714c19aad36a1fb9a54c13aab2f70d31'}",0.00849658,0.00944328,59147,40189,18934,3251,0.0157306,0.0009467
previous_nonace_matched,mathd_algebra_421,1,experiments/output/ace_thesis_20260918/validation/configs/validation__nonace_matched__proof__mathd_algebra_421__seed1,validation__nonace_matched__proof__mathd_algebra_421__seed1,True,3,False,"{'cache.yaml': 'bd427ddfcf7c13cbbeb0e4bb94993be7a13e55c9b9fcd3a26f8e0740213a0cbe', 'result.yaml': '84ac34356d744e14ccb63d09d6d7e0a477d892ec058ca9794ae7ced42947747b'}",0.00108812,0.00111972,13177,12536,632,591,0.0033445999999999997,3.1599999999999996e-05
previous_ace_selected,mathd_algebra_421,1,experiments/output/ace_thesis_20260918/validation/configs/validation__ace_selected__proof__mathd_algebra_421__seed1,validation__ace_selected__proof__mathd_algebra_421__seed1,True,4,False,"{'cache.yaml': '4ca41babce25e1793db0eb059263d4264585bca3156af4f11b5a836895bcd809', 'result.yaml': 'edaee4762f2e3e3788945f9812688c3911a27bbd47cc7aedc095d6d5062f332b'}",0.0026184999999999997,0.00274875,50312,47695,2605,951,0.0112036,0.00013025
previous_ace_selected,amc12b_2003_p6,1,experiments/output/ace_thesis_20260918/validation/configs/validation__ace_selected__proof__amc12b_2003_p6__seed1,validation__ace_selected__proof__amc12b_2003_p6__seed1,True,23,False,"{'cache.yaml': 'be920440d404cf563aa7c17e2b553456433713f4b8a43ab018a9533b51f27b39', 'result.yaml': '47f622bd80a0532b309d852bbf5768a60694a1616b4c336bda65b76c0e1d6a62'}",0.05102798,0.05804708,481000,340549,140382,13439,0.11232679999999999,0.0070190999999999995
previous_ace_historical,amc12b_2003_p6,1,experiments/output/ace_thesis_20260918/validation/configs/validation__ace_historical__proof__amc12b_2003_p6__seed1,validation__ace_historical__proof__amc12b_2003_p6__seed1,True,15,False,"{'cache.yaml': '8200c9ee52b42c068fe79af9644d695814346b34ed908a761beb7c36a6a33a03', 'result.yaml': '5861455e6c98b91003ccac2fba5d684a16ba2224e705d5c37be19c4dfd48d66e'}",0.02782828,0.03128883,169130,99874,69211,9983,0.045805599999999995,0.0034605499999999997
previous_nonace_ordinary,amc12b_2003_p6,1,experiments/output/ace_thesis_20260918/validation/configs/validation__nonace_ordinary__proof__amc12b_2003_p6__seed1,validation__nonace_ordinary__proof__amc12b_2003_p6__seed1,True,20,False,"{'cache.yaml': 'f68d7232c79e1ab0635601dea12b84402e1ab6edf9abc576c6f9ae040f2fba07', 'result.yaml': '3feae7f5247bfc3713f6c6aab889ebb6f980e7982d9c86b80c7d3c0eb46cc514'}",0.037277779999999996,0.04250018,241237,136729,104448,11368,0.061889,0.0052223999999999994
previous_nonace_matched,amc12b_2003_p6,1,experiments/output/ace_thesis_20260918/validation/configs/validation__nonace_matched__proof__amc12b_2003_p6__seed1,validation__nonace_matched__proof__amc12b_2003_p6__seed1,True,11,False,"{'cache.yaml': '457b1a2b698446bc068d11cb85062e02d63037faacde48a1d269b946ff4dc914', 'result.yaml': '6a55230b5fc25991e9848fcce66d036e0b3ffa74072279b1ec6cf7eadf805caa'}",0.0164727,0.01808525,94299,62015,32251,7313,0.027635399999999997,0.00161255
previous_nonace_matched,mathd_algebra_234,1,experiments/output/ace_thesis_20260918/validation/configs/validation__nonace_matched__proof__mathd_algebra_234__seed1,validation__nonace_matched__proof__mathd_algebra_234__seed1,True,2,False,"{'cache.yaml': 'a7a92103dd5e2755a44fa78f599469c1aa98cd8dd6933d957c6c8eb68038c7de', 'result.yaml': 'ca8e9f4602e9f403fa9fe380f5f02df64c49e8b04ecb89d88e29ac8277a8dd21'}",0.00045191999999999997,0.00046217,7737,7526,205,216,0.0018066,1.025e-05
previous_ace_selected,mathd_algebra_234,1,experiments/output/ace_thesis_20260918/validation/configs/validation__ace_selected__proof__mathd_algebra_234__seed1,validation__ace_selected__proof__mathd_algebra_234__seed1,True,1,False,"{'cache.yaml': '55bdbb5db3db890b66b673ef195bcaa38f37cd2a785b879a3d25b6d1736f138f', 'result.yaml': '329cc40790275dd6633c247ada1df7272eb61318c77a3c6116b4c7522cc2ed25'}",0.00043094,0.00043094,11680,11677,0,164,0.0025328,0.0
previous_ace_historical,mathd_algebra_234,1,experiments/output/ace_thesis_20260918/validation/configs/validation__ace_historical__proof__mathd_algebra_234__seed1,validation__ace_historical__proof__mathd_algebra_234__seed1,True,1,False,"{'cache.yaml': '98a0e6cae5a45bf4d5de62cb585abc24ab70029db4dbbec2fd8f30eaebcaade9', 'result.yaml': 'badb6b3e07d3f91ba79e9d3899672096d3809c9ae596ee86be5f1469300512d1'}",0.00034056,0.00034056,5961,5958,0,184,0.001413,0.0
previous_nonace_ordinary,mathd_algebra_234,1,experiments/output/ace_thesis_20260918/validation/configs/validation__nonace_ordinary__proof__mathd_algebra_234__seed1,validation__nonace_ordinary__proof__mathd_algebra_234__seed1,True,1,False,"{'cache.yaml': '6d32ed283bb5aa47ada3599c473c9cd544fab6c559d1c6218116797555fae132', 'result.yaml': 'ca0fe486194ca21fa7d4c269ef9ab733f22466fdae93977a716e698f6b516daf'}",0.00045626,0.00045626,3766,3763,0,317,0.0011336,0.0
previous_nonace_ordinary,imo_1981_p6,1,experiments/output/ace_thesis_20260918/validation/configs/validation__nonace_ordinary__proof__imo_1981_p6__seed1,validation__nonace_ordinary__proof__imo_1981_p6__seed1,True,9,False,"{'cache.yaml': 'fc8a1a310a696a14815b871cfcebf22cf53cc2a046b92ccb1b6f73baa3f8872d', 'result.yaml': 'a3bc3fe78adaffc0dd7807747a1aac97376e2c37172e735b05e882c63565993d'}",0.0110793,0.012187149999999999,56949,34765,22157,4956,0.017336999999999998,0.0011078499999999999
previous_nonace_matched,imo_1981_p6,1,experiments/output/ace_thesis_20260918/validation/configs/validation__nonace_matched__proof__imo_1981_p6__seed1,validation__nonace_matched__proof__imo_1981_p6__seed1,True,6,False,"{'cache.yaml': '564fbf421590e49f5c3c2448a51f0dfe95127caa28e1ee70b19ed9f65870fed8', 'result.yaml': 'a41edae78f90800f8dda2c59a1f48614b34343e9163e59d5def79ca0a99a842d'}",0.00670368,0.007271629999999999,36351,24974,11359,3274,0.011198999999999999,0.00056795
previous_ace_selected,imo_1981_p6,1,experiments/output/ace_thesis_20260918/validation/configs/validation__ace_selected__proof__imo_1981_p6__seed1,validation__ace_selected__proof__imo_1981_p6__seed1,True,4,False,"{'cache.yaml': 'b9fb7edf79474d8d2ec6ab57f423751d386a6b6c91e2bb6b42f8f4252b2d44e2', 'result.yaml': 'b4bdff7f4ff1ff27020b15fc4863aa82b1ef6b6d0ba8d85abb19459d5ef04c47'}",0.0053025,0.0055972999999999995,53973,48065,5896,2633,0.0139542,0.00029479999999999996
previous_ace_historical,imo_1981_p6,1,experiments/output/ace_thesis_20260918/validation/configs/validation__ace_historical__proof__imo_1981_p6__seed1,validation__ace_historical__proof__imo_1981_p6__seed1,True,1,False,"{'cache.yaml': '3c71f382801bc061e70db63bbd3272c9898d52f5423ebe0e6fd58f6ba82dca22', 'result.yaml': 'cc185400128867491280478dd10b4fa516e5fb437ac6af985a2a7f9189d38ff4'}",0.00204334,0.00204334,6260,6257,0,1598,0.0031696,0.0
previous_ace_historical,imo_1964_p2,1,experiments/output/ace_thesis_20260918/validation/configs/validation__ace_historical__proof__imo_1964_p2__seed1,validation__ace_historical__proof__imo_1964_p2__seed1,True,18,False,"{'cache.yaml': '2271f662c870b45e0b5b4702a625da0fdc2ab0173896cff68513557f028f2d52', 'result.yaml': '335e936c28c68109a3ebc73679522b8d1cf0530bae73ef430cf94795c0fb6cb1'}",0.054969519999999994,0.06264957,271241,117586,153601,18239,0.076135,0.00768005
previous_nonace_ordinary,imo_1964_p2,1,experiments/output/ace_thesis_20260918/validation/configs/validation__nonace_ordinary__proof__imo_1964_p2__seed1,validation__nonace_ordinary__proof__imo_1964_p2__seed1,True,7,False,"{'cache.yaml': '3a7803483915ac977b0e004736451a79eabff47130c06a71fd5e63d2f0275a76', 'result.yaml': 'f104964c09cd17cbc0e32b3a4c363b574d34d889e8528b8f33cb75a86783712f'}",0.01654528,0.01813103,51380,19644,31715,8171,0.0200812,0.00158575
previous_nonace_matched,imo_1964_p2,1,experiments/output/ace_thesis_20260918/validation/configs/validation__nonace_matched__proof__imo_1964_p2__seed1,validation__nonace_matched__proof__imo_1964_p2__seed1,True,5,False,"{'cache.yaml': '07e3e089a405e938149a0ef18ea12574d2a990c7ca77aa00fa53e4fdcfb1a2ec', 'result.yaml': 'eb2fb3d2b2bbaca29321cc7b90aaba62d146f3221de790c0aa5e40174eb6aa39'}",0.00784094,0.00832054,29884,20277,9592,4595,0.011490799999999999,0.00047959999999999995
previous_ace_selected,imo_1964_p2,1,experiments/output/ace_thesis_20260918/validation/configs/validation__ace_selected__proof__imo_1964_p2__seed1,validation__ace_selected__proof__imo_1964_p2__seed1,True,5,False,"{'cache.yaml': 'e96fc2fbb03a77f43f1cec3cec9efd31d1affd1af7701178cdfb3cb883be961a', 'result.yaml': '4a6a5600f0df0af27c57493f59845d29156f29caa5c23d3d61571ab5a0c743db'}",0.0118788,0.012790649999999999,72132,53880,18237,5959,0.021577199999999998,0.0009118499999999999
previous_ace_selected,mathd_numbertheory_405,1,experiments/output/ace_thesis_20260918/validation/configs/validation__ace_selected__proof__mathd_numbertheory_405__seed1,validation__ace_selected__proof__mathd_numbertheory_405__seed1,True,13,False,"{'cache.yaml': '355f542cd4d56eb6f9ff181119391a11aad6d083fcdfd6b7d6c2a82b8f7f521f', 'result.yaml': '36fbfda229002d808edd551d59c0e231f30db4826c983248b67f95986ec099b7'}",0.055884659999999996,0.06388241,309987,149993,159955,17405,0.0828834,0.00799775
previous_ace_historical,mathd_numbertheory_405,1,experiments/output/ace_thesis_20260918/validation/configs/validation__ace_historical__proof__mathd_numbertheory_405__seed1,validation__ace_historical__proof__mathd_numbertheory_405__seed1,True,10,False,"{'cache.yaml': '5fdfe730b7358a95b61bf51bf06ff36a347380bfad8d72c631b2f0e29c8d65bc', 'result.yaml': '5eb5e6f866bacc44dd70237ec7f709d15a95362cec16b49bdc7455003ba0d7d9'}",0.04642164,0.052425139999999995,174042,53942,120070,17769,0.0561312,0.0060035
previous_nonace_ordinary,mathd_numbertheory_405,1,experiments/output/ace_thesis_20260918/validation/configs/validation__nonace_ordinary__proof__mathd_numbertheory_405__seed1,validation__nonace_ordinary__proof__mathd_numbertheory_405__seed1,False,13,False,"{'cache.yaml': '7e0b3d3cdcad0dc221f6a18a49da0708fd81ac176741b59b59eee3102d28438a', 'result.yaml': '62f5306cc1356480538d00c3ac15a7bcdc8e4065d7ea6bda919c764b9fdc9b27'}",0.041876699999999996,0.046497949999999996,152499,60035,92425,18486,0.052682999999999994,0.0046212499999999995
previous_nonace_matched,mathd_numbertheory_405,1,experiments/output/ace_thesis_20260918/validation/configs/validation__nonace_matched__proof__mathd_numbertheory_405__seed1,validation__nonace_matched__proof__mathd_numbertheory_405__seed1,False,16,False,"{'cache.yaml': '3804147d5070d32da83834317827b72a9e2a66314e66e8e5ec6a9e950ed16f15', 'result.yaml': '3e01ad2e5cf2e96994493f22a82f44ea4f115c9e2f23955b780082f5bda5e314'}",0.0683178,0.07853175,264927,60600,204279,21867,0.0792258,0.01021395
previous_nonace_matched,mathd_algebra_327,1,experiments/output/ace_thesis_20260918/validation/configs/validation__nonace_matched__proof__mathd_algebra_327__seed1,validation__nonace_matched__proof__mathd_algebra_327__seed1,True,3,False,"{'cache.yaml': '4fc441a0b4ecdf7cd2f32cb85765848f85c7c2ee55865aff50f25fe984c614bb', 'result.yaml': '08a5134a79a17c75564310fc67c7e9e7532b11a43706e7cf4e23ede9a2ca722c'}",0.0013449199999999999,0.00145817,15640,13366,2265,519,0.0037508,0.00011324999999999999
previous_ace_selected,mathd_algebra_327,1,experiments/output/ace_thesis_20260918/validation/configs/validation__ace_selected__proof__mathd_algebra_327__seed1,validation__ace_selected__proof__mathd_algebra_327__seed1,True,3,False,"{'cache.yaml': '6b13a66a178b19742fdc79eb87a054cb8122adb5eb4f7dc275edf1302279d9d6', 'result.yaml': '3aa7c77120799069c4fb8c58173198eccc7bf79d0c3f8b61419f1603fb99b792'}",0.00252084,0.00280264,42057,36412,5636,553,0.009075,0.0002818
previous_ace_historical,mathd_algebra_327,1,experiments/output/ace_thesis_20260918/validation/configs/validation__ace_historical__proof__mathd_algebra_327__seed1,validation__ace_historical__proof__mathd_algebra_327__seed1,True,2,False,"{'cache.yaml': '0bdeae9b6ae70a3d0bb07e82c5232e2ab32f7cc5a209e40c715c42d96ba4eccf', 'result.yaml': '5e02898842ab6e4d01f49f188d0c45554015b9f6a8c4ebaa3113e3513ea1218c'}",0.00126524,0.00142714,15166,11922,3238,315,0.0034111999999999996,0.0001619
previous_nonace_ordinary,mathd_algebra_327,1,experiments/output/ace_thesis_20260918/validation/configs/validation__nonace_ordinary__proof__mathd_algebra_327__seed1,validation__nonace_ordinary__proof__mathd_algebra_327__seed1,True,4,False,"{'cache.yaml': '78a5930a423a4aab6475d7aaf15c8c6aad9f7636b4c8be0baca1d864d3a31f31', 'result.yaml': '67fc9256be554d2dc0f5c90003efaffe5547e956d702cfe7c7615691da669dee'}",0.00231512,0.0025860699999999998,26017,20586,5419,681,0.0060206,0.00027094999999999995
previous_nonace_ordinary,amc12a_2013_p8,1,experiments/output/ace_thesis_20260918/validation/configs/validation__nonace_ordinary__proof__amc12a_2013_p8__seed1,validation__nonace_ordinary__proof__amc12a_2013_p8__seed1,True,21,False,"{'cache.yaml': 'ed90b67bb644596b885e26b669899a202c92df5f6bd927dc329c00614df0beaf', 'result.yaml': '8f70bcb6056187635979cfd1e2bcb160bda65570a8ed43a6504bcd773df7e5eb'}",0.0132228,0.01416185,153384,134540,18781,5636,0.037439999999999994,0.00093905
previous_nonace_matched,amc12a_2013_p8,1,experiments/output/ace_thesis_20260918/validation/configs/validation__nonace_matched__proof__amc12a_2013_p8__seed1,validation__nonace_matched__proof__amc12a_2013_p8__seed1,True,8,False,"{'cache.yaml': '9671dc4753c85071e241f540eda033d28edbeaab45cb3aed7063c73eedb941a8', 'result.yaml': 'a32383e1838604d9bd7f40630e1c65d5e33a3c9edd0f90f8905270b62f5cefbb'}",0.00947856,0.010305809999999999,52827,36258,16545,4533,0.016005,0.00082725
previous_ace_selected,amc12a_2013_p8,1,experiments/output/ace_thesis_20260918/validation/configs/validation__ace_selected__proof__amc12a_2013_p8__seed1,validation__ace_selected__proof__amc12a_2013_p8__seed1,True,5,False,"{'cache.yaml': 'fa41de4a697553a1fc37d9a7b786087e69fbffb7ac2c1beff20d5c6ec7d3d054', 'result.yaml': 'cded36359bde31381eec84bda1b34dee661a5bff840ceda1f94c6fa253a526e0'}",0.0076360199999999994,0.00802617,63579,55761,7803,4131,0.017672999999999998,0.00039014999999999997
previous_ace_historical,amc12a_2013_p8,1,experiments/output/ace_thesis_20260918/validation/configs/validation__ace_historical__proof__amc12a_2013_p8__seed1,validation__ace_historical__proof__amc12a_2013_p8__seed1,True,3,False,"{'cache.yaml': 'dbb5cce9a57a470727d953bf9fb96e538d36664d895f177266edd5b84968a10e', 'result.yaml': 'c5d6ffb1b93d76e3e7d7665eb991b1d48aace0b69414867517f400ad5b73fc7f'}",0.00287506,0.0029355600000000003,19862,18643,1210,1882,0.0062308,6.049999999999999e-05
previous_ace_historical,mathd_algebra_190,1,experiments/output/ace_thesis_20260918/validation/configs/validation__ace_historical__proof__mathd_algebra_190__seed1,validation__ace_historical__proof__mathd_algebra_190__seed1,True,1,False,"{'cache.yaml': '4b76bee62e28a261d400664941d12629d3d9e0dce5745d86060ae6155ed016e2', 'result.yaml': '262a1ffbf7e1e500417e1e2c19d37ce035c1d799c417a6a3f3fdfb61b7986027'}",0.00024545999999999997,0.00024545999999999997,5946,5943,0,105,0.0013151999999999999,0.0
previous_nonace_ordinary,mathd_algebra_190,1,experiments/output/ace_thesis_20260918/validation/configs/validation__nonace_ordinary__proof__mathd_algebra_190__seed1,validation__nonace_ordinary__proof__mathd_algebra_190__seed1,True,2,False,"{'cache.yaml': '60719774c6a90db432083d6573de35b1476b27f5d3f4d8d5f330b510e713cf69', 'result.yaml': 'ab8590d56e33a1839edb871639856ebed35a37007e436ae21370d6bb657a547e'}",0.00038132,0.00039147,7705,7496,203,158,0.0017305999999999999,1.015e-05
previous_nonace_matched,mathd_algebra_190,1,experiments/output/ace_thesis_20260918/validation/configs/validation__nonace_matched__proof__mathd_algebra_190__seed1,validation__nonace_matched__proof__mathd_algebra_190__seed1,True,1,False,"{'cache.yaml': '750b2f375187110d914dc8e090afa2442576b58c3b9bd4c3a6a49b73f82921d6', 'result.yaml': '13648f521ff3247639fcfe9cae017604a942d9c7b6acdf437ab23202b35f62d7'}",0.00015716,0.00015716,3751,3748,0,68,0.0008317999999999999,0.0
previous_ace_selected,mathd_algebra_190,1,experiments/output/ace_thesis_20260918/validation/configs/validation__ace_selected__proof__mathd_algebra_190__seed1,validation__ace_selected__proof__mathd_algebra_190__seed1,True,1,False,"{'cache.yaml': '11de5eb90851a0033d78b9804127d1dccb718a575b65129100f2c3dcdd6a16ef', 'result.yaml': '3a11be183ef1affaa799425d0d1c97bb64a17d1caece25dc4ff6a76dbb3ede8c'}",0.00044384,0.00044384,11665,11662,0,175,0.002543,0.0
previous_ace_selected,mathd_algebra_393,1,experiments/output/ace_thesis_20260918/validation/configs/validation__ace_selected__proof__mathd_algebra_393__seed1,validation__ace_selected__proof__mathd_algebra_393__seed1,True,6,False,"{'cache.yaml': 'a5567049192c1d0225cb5aa21ccd751243f0d33a10fbb2027deb5f146e4ddf67', 'result.yaml': '9aa077a8aadb335a607608e8d135b96e5ebbc93191c1e4a800b5bc9b9dd0d82e'}",0.00832496,0.00891441,82705,70898,11789,3788,0.0210866,0.00058945
previous_ace_historical,mathd_algebra_393,1,experiments/output/ace_thesis_20260918/validation/configs/validation__ace_historical__proof__mathd_algebra_393__seed1,validation__ace_historical__proof__mathd_algebra_393__seed1,True,14,False,"{'cache.yaml': '45e22fc7cf494ed55fe71e5f22bae5bf0a1d0705ce9ed4e55f99ccb041b3231d', 'result.yaml': '66e337add73a4e95d9eeab69b458b328f08d1d93afc42ee342638ae36d6b03bf'}",0.01485276,0.01626916,134028,105658,28328,5888,0.0338712,0.0014164
previous_nonace_ordinary,mathd_algebra_393,1,experiments/output/ace_thesis_20260918/validation/configs/validation__nonace_ordinary__proof__mathd_algebra_393__seed1,validation__nonace_ordinary__proof__mathd_algebra_393__seed1,True,10,False,"{'cache.yaml': 'c49e17fb9e0f54b1b8cb57403c1608d19dea34cf4f93977f003ddb326c631be2', 'result.yaml': '7d864e38ca889fdcef451c55d834df8dfdb1b211e9108c99b9a3f7943ea2bda6'}",0.0146748,0.015678949999999997,74043,53930,20083,7978,0.0243822,0.0010041499999999999
previous_nonace_matched,mathd_algebra_393,1,experiments/output/ace_thesis_20260918/validation/configs/validation__nonace_matched__proof__mathd_algebra_393__seed1,validation__nonace_matched__proof__mathd_algebra_393__seed1,True,5,False,"{'cache.yaml': '8b88190e6eaa368787834bd822e4b4b8baf202355e6f9eb90dc043dd218d6f22', 'result.yaml': '1acabb05db4eabc8d07a35362406b561380013592232230a1f5cd8f7a8f34781'}",0.0039031599999999997,0.00431901,26990,18658,8317,1553,0.0072616,0.00041585
previous_nonace_matched,amc12a_2020_p21,1,experiments/output/ace_thesis_20260918/validation/configs/validation__nonace_matched__proof__amc12a_2020_p21__seed1,validation__nonace_matched__proof__amc12a_2020_p21__seed1,False,48,False,"{'cache.yaml': '9f85bd67a95123734ac5960550abdde109617105f2babbdf62e89c297bf84723', 'result.yaml': '60b283f2ed08f97aab2ba20768f27cf5105e93f2f386580d53189ded20b1e6f0'}",0.0543179,0.05892605,882172,789865,92163,16716,0.1964936,0.00460815
previous_ace_selected,amc12a_2020_p21,1,experiments/output/ace_thesis_20260918/validation/configs/validation__ace_selected__proof__amc12a_2020_p21__seed1,validation__ace_selected__proof__amc12a_2020_p21__seed1,False,31,False,"{'cache.yaml': '1079bb6a563cd2a715c04520195e70d349eacbcdfa2b0b5e57ffd1ba4c6d740f', 'result.yaml': 'e903cc81f01716d1babe51c5b14634dcddcbe5fb39972664592681cbe4696594'}",0.060226619999999995,0.06743122,642246,498061,144092,17857,0.1498776,0.007204599999999999
previous_ace_historical,amc12a_2020_p21,1,experiments/output/ace_thesis_20260918/validation/configs/validation__ace_historical__proof__amc12a_2020_p21__seed1,validation__ace_historical__proof__amc12a_2020_p21__seed1,False,26,False,"{'cache.yaml': '30537d67992cfe2ebea6f954dad939051a923a291b6e26c53ce2589011e91927', 'result.yaml': '9d43bcc68fb58c4bef24f6533327ab8f875f9c5f203e75afec98beb96a5f1c4d'}",0.05252188,0.05906533,441311,310364,130869,16771,0.1083874,0.00654345
previous_nonace_ordinary,amc12a_2020_p21,1,experiments/output/ace_thesis_20260918/validation/configs/validation__nonace_ordinary__proof__amc12a_2020_p21__seed1,validation__nonace_ordinary__proof__amc12a_2020_p21__seed1,False,19,True,{'cache.yaml': 'c9fb408661278854d23446cfa4fe85d7895f18be90d835331930626b026186eb'},0.01674016,0.01797871,180323,155498,24771,7221,0.0447298,0.00123855
previous_nonace_ordinary,amc12a_2019_p21,1,experiments/output/ace_thesis_20260918/validation/configs/validation__nonace_ordinary__proof__amc12a_2019_p21__seed1,validation__nonace_ordinary__proof__amc12a_2019_p21__seed1,False,18,False,"{'cache.yaml': '3acc3ae53c4d217b6ff5b7e9d17dd874021ce749da36adaf99cff4bfdf36c66b', 'result.yaml': 'f3b5fc0ef4790df80b7a9226e33d664764c3349bb9601764892fe5ad6cea40b4'}",0.036016599999999996,0.042562100000000005,381434,250470,130910,4012,0.0811012,0.0065455
previous_nonace_matched,amc12a_2019_p21,1,experiments/output/ace_thesis_20260918/validation/configs/validation__nonace_matched__proof__amc12a_2019_p21__seed1,validation__nonace_matched__proof__amc12a_2019_p21__seed1,False,21,False,"{'cache.yaml': 'b519ff1b60213f6c2cca9fb51a89a35a36a757cee2fbfd99689e968ec344e8ac', 'result.yaml': 'b7086ca5d8c6af48bd84cf0dfa51c77549a4e570fcc6fbb7c76ae648cb82c155'}",0.04885738,0.057327829999999996,674321,504849,169409,4055,0.1397302,0.00847045
previous_ace_selected,amc12a_2019_p21,1,experiments/output/ace_thesis_20260918/validation/configs/validation__ace_selected__proof__amc12a_2019_p21__seed1,validation__ace_selected__proof__amc12a_2019_p21__seed1,False,48,False,"{'cache.yaml': 'd9bdc28e37535922b7b40dc749186a9e678f306952154604b8b890921c70ac37', 'result.yaml': '2ec12ce05607788f9ddcad64d77a6e798fc34ae906168f4842a06a449711d5d5'}",0.05340138,0.05819693,1245174,1149119,95911,9340,0.2602428,0.00479555
previous_ace_historical,amc12a_2019_p21,1,experiments/output/ace_thesis_20260918/validation/configs/validation__ace_historical__proof__amc12a_2019_p21__seed1,validation__ace_historical__proof__amc12a_2019_p21__seed1,False,23,False,"{'cache.yaml': 'ff2dde2a85956bf6e923f7a00e8c7e7fe589a6229e643431543b277cd0fea982', 'result.yaml': 'fdf8a0627930ba7caafc9ac91df99a4244836f5d8dc0947032653f53b5afe6f5'}",0.057230239999999995,0.06743189,674194,470092,204033,5840,0.1418468,0.01020165
previous_ace_historical,amc12b_2002_p3,1,experiments/output/ace_thesis_20260918/validation/configs/validation__ace_historical__proof__amc12b_2002_p3__seed1,validation__ace_historical__proof__amc12b_2002_p3__seed1,True,15,False,"{'cache.yaml': 'b42a23fded7671a2c33ce0ba59a37b1d111c16722836e9c934761e7534b4df54', 'result.yaml': '2f476d4a67b5df8c95dc722b1b5e09d96890425061e60fef810bc9155cee59a5'}",0.0111254,0.0122227,150451,128460,21946,3465,0.0342482,0.0010973
previous_nonace_ordinary,amc12b_2002_p3,1,experiments/output/ace_thesis_20260918/validation/configs/validation__nonace_ordinary__proof__amc12b_2002_p3__seed1,validation__nonace_ordinary__proof__amc12b_2002_p3__seed1,True,8,False,"{'cache.yaml': '7c7a29eadc134ea94e24c56409cdb58d5a91b487a265828cc16793c3b8022775', 'result.yaml': 'b7c8d789e30bdac2fa5df3c0379ad7048c21d0ca58c0e68c9c1ffcd25058721f'}",0.0069701599999999996,0.007702209999999999,56323,41658,14641,2670,0.0144686,0.0007320499999999999
previous_nonace_matched,amc12b_2002_p3,1,experiments/output/ace_thesis_20260918/validation/configs/validation__nonace_matched__proof__amc12b_2002_p3__seed1,validation__nonace_matched__proof__amc12b_2002_p3__seed1,True,8,False,"{'cache.yaml': '66bc5bb315db70cc4eef0ffbe655947fa37a287573d5cd51a48ff11b5f76f090', 'result.yaml': '49afe1b9f08859486f00c582be432a88daa35b36f46d8e3fd5717ff752ef5b8f'}",0.00719238,0.00789723,50430,36309,14097,3035,0.013727999999999999,0.00070485
previous_ace_selected,amc12b_2002_p3,1,experiments/output/ace_thesis_20260918/validation/configs/validation__ace_selected__proof__amc12b_2002_p3__seed1,validation__ace_selected__proof__amc12b_2002_p3__seed1,True,10,False,"{'cache.yaml': 'e3fa1ee3443e78c6b76ef9de25e932e29299f7c84de7d509b56f4fb2524dd008', 'result.yaml': 'a279379433749435acbeb63e678a3ad7db346a84e9a0364949c706edad125fbb'}",0.00718496,0.0076276600000000005,183652,174768,8854,1594,0.038643199999999996,0.00044269999999999997
previous_ace_selected,mathd_algebra_214,1,experiments/output/ace_thesis_20260918/validation/configs/validation__ace_selected__proof__mathd_algebra_214__seed1,validation__ace_selected__proof__mathd_algebra_214__seed1,True,1,False,"{'cache.yaml': 'be35dca25bb4a37b767b77e2ba72176c58a54ab869785b28cf5a17ebe35cb04e', 'result.yaml': 'bbe2bfe0e5f9030a4fc44f8d42c7e84600c0c1e744aa771f6139e351862471a5'}",0.00040795999999999996,0.00040795999999999996,11791,11788,0,143,0.0025298,0.0
previous_ace_historical,mathd_algebra_214,1,experiments/output/ace_thesis_20260918/validation/configs/validation__ace_historical__proof__mathd_algebra_214__seed1,validation__ace_historical__proof__mathd_algebra_214__seed1,True,1,False,"{'cache.yaml': '2ab47950faa86e44d74e216b705cc97262f2af243f4cecdc51c0f8121979e4f0', 'result.yaml': 'b72aba87d9d3ce501ee527f25410216ab37daa955a4fd2850b8f587e11e29971'}",0.00042318,0.00042318,6072,6069,0,251,0.0015156,0.0
previous_nonace_ordinary,mathd_algebra_214,1,experiments/output/ace_thesis_20260918/validation/configs/validation__nonace_ordinary__proof__mathd_algebra_214__seed1,validation__nonace_ordinary__proof__mathd_algebra_214__seed1,True,2,False,"{'cache.yaml': 'fd12953e391e550f51720994a0cfc496fdff46257e3637fd7432d6dea4be5f57', 'result.yaml': '8574c378b0c6b029a70cc9db1b4f9a213a446d3883dcc3f736679e8cc8494f35'}",0.00104102,0.00112487,8164,6481,1677,479,0.0022075999999999997,8.384999999999999e-05
previous_nonace_matched,mathd_algebra_214,1,experiments/output/ace_thesis_20260918/validation/configs/validation__nonace_matched__proof__mathd_algebra_214__seed1,validation__nonace_matched__proof__mathd_algebra_214__seed1,True,2,False,"{'cache.yaml': '9be281a89632f0d8c63a81b0bda8248980e3dc2c145a12b3b4761905297dfccd', 'result.yaml': '8c692699109f2b1696ac356b1cda87702c707370f7a65a4c09c43b7fc6f5bef5'}",0.00133282,0.00141582,8147,6481,1660,725,0.0024993999999999997,8.3e-05
previous_nonace_matched,amc12a_2016_p3,1,experiments/output/ace_thesis_20260918/validation/configs/validation__nonace_matched__proof__amc12a_2016_p3__seed1,validation__nonace_matched__proof__amc12a_2016_p3__seed1,True,10,False,"{'cache.yaml': 'cbeddf1b3050e127d1f0881c0003bec1f3f09f1e83bb1607be010e96e824939e', 'result.yaml': '40fe2c5b1d675d0df6a9923a200650a54496f6f40bff47fafdbaeeaeea657526'}",0.0146816,0.0162696,83290,51500,31760,6078,0.0239516,0.001588
previous_ace_selected,amc12a_2016_p3,1,experiments/output/ace_thesis_20260918/validation/configs/validation__ace_selected__proof__amc12a_2016_p3__seed1,validation__ace_selected__proof__amc12a_2016_p3__seed1,True,12,False,"{'cache.yaml': '1a1e5fedc922ce9990128069b23758529483026cae98fd819c79ca10cdb55909', 'result.yaml': 'fcdb20343500b6398efe85ff3e4a30bfaae7ab4e21e47eb6f686c39aee8c4c57'}",0.01471788,0.01622403,191283,161124,30123,4553,0.043720199999999994,0.00150615
previous_ace_historical,amc12a_2016_p3,1,experiments/output/ace_thesis_20260918/validation/configs/validation__ace_historical__proof__amc12a_2016_p3__seed1,validation__ace_historical__proof__amc12a_2016_p3__seed1,True,10,False,"{'cache.yaml': '29c0fef7b9d1fefde4f6f32ec4655bbb36b4782b8217df8d8cdb8be547601745', 'result.yaml': 'd4b6bcbb63696af6bdca3cee5e8055a09cf6d50e6db76d5aa2c25ec885def982'}",0.01712238,0.01920423,103356,61689,41637,6296,0.0282264,0.0020818499999999997
previous_nonace_ordinary,amc12a_2016_p3,1,experiments/output/ace_thesis_20260918/validation/configs/validation__nonace_ordinary__proof__amc12a_2016_p3__seed1,validation__nonace_ordinary__proof__amc12a_2016_p3__seed1,True,3,False,"{'cache.yaml': '170ec0ddb9a7ab9a75dd6e39242785f0bc69b2b0296e6dc32baea018376d0dd6', 'result.yaml': '28125ac0d68c2421eb270dcda2531b4eab2b83337b3cc5df4f5c1c6c1d9e1493'}",0.0036584599999999997,0.003976759999999999,17488,11113,6366,1801,0.0056588,0.0003183
previous_nonace_ordinary,algebra_others_exirrpowirrrat,1,experiments/output/ace_thesis_20260918/validation/configs/validation__nonace_ordinary__proof__algebra_others_exirrpowirrrat__seed1,validation__nonace_ordinary__proof__algebra_others_exirrpowirrrat__seed1,False,23,False,"{'cache.yaml': '0f971c64b64795db1a950ca68b68228e57231b1b60f284f2c644c2e8c205dcb4', 'result.yaml': 'f2549ce9025270c55e35f57ef46e0c5df7d7344ef8309233ec31becee88c8af2'}",0.03343892,0.03772507,401518,315726,85723,8305,0.0902696,0.00428615
previous_nonace_matched,algebra_others_exirrpowirrrat,1,experiments/output/ace_thesis_20260918/validation/configs/validation__nonace_matched__proof__algebra_others_exirrpowirrrat__seed1,validation__nonace_matched__proof__algebra_others_exirrpowirrrat__seed1,False,39,False,"{'cache.yaml': '70294c1131dae8d8fbbfdf46405a2de0280d499274b21746c76507734d40e355', 'result.yaml': 'ea56af7906c75585525bd756a923084db3e323a891b35ed04514982ebca5c27b'}",0.06410713999999999,0.07292029,552697,376317,176263,17754,0.1318442,0.008813149999999999
previous_ace_selected,algebra_others_exirrpowirrrat,1,experiments/output/ace_thesis_20260918/validation/configs/validation__ace_selected__proof__algebra_others_exirrpowirrrat__seed1,validation__ace_selected__proof__algebra_others_exirrpowirrrat__seed1,False,30,False,"{'cache.yaml': 'a5cd006745efe4e4056c6eab751e7f9e7cc5b16aeffa6ab5ddb5ca9cb2575393', 'result.yaml': 'd75032ebf1a0c8ba2a6d5ae4d1922ef55625290fb666f1ff555a32ffca241e07'}",0.06021384,0.06741869,707529,563342,144097,16758,0.1616154,0.00720485
previous_ace_historical,algebra_others_exirrpowirrrat,1,experiments/output/ace_thesis_20260918/validation/configs/validation__ace_historical__proof__algebra_others_exirrpowirrrat__seed1,validation__ace_historical__proof__algebra_others_exirrpowirrrat__seed1,False,32,False,"{'cache.yaml': '28173f3efc768203527f16fc0e3fd00bf324b9fe514bc9a37f5e5cae48bbc9d7', 'result.yaml': 'fbc4fabaf471bbd5eeadc4547f7564717a2ddf572c0a9347758d103e78871c5d'}",0.061490859999999994,0.06960481,644288,481913,162279,16148,0.14823519999999998,0.00811395
previous_ace_historical,induction_prod1p1onk3le3m1onn,1,experiments/output/ace_thesis_20260918/validation/configs/validation__ace_historical__proof__induction_prod1p1onk3le3m1onn__seed1,validation__ace_historical__proof__induction_prod1p1onk3le3m1onn__seed1,True,18,False,"{'cache.yaml': 'b477f4adab243efa95aa235d159eb8356291f66aa5577202b45882eba00ccc5b', 'result.yaml': 'cfaf6844295e04c4029ec1e224160ccb031b7462a41d87ab608a351b6d219887'}",0.0484823,0.05567125,282778,138945,143779,14114,0.0734924,0.0071889499999999995
previous_nonace_ordinary,induction_prod1p1onk3le3m1onn,1,experiments/output/ace_thesis_20260918/validation/configs/validation__nonace_ordinary__proof__induction_prod1p1onk3le3m1onn__seed1,validation__nonace_ordinary__proof__induction_prod1p1onk3le3m1onn__seed1,False,22,False,"{'cache.yaml': '16bbc16a8cca295d570c81b329af3c483bfa54a0f415284b78b4fe2c2ffb2ca6', 'result.yaml': 'ff5f07ba221c26fffa74bcf1bb4df2244039e223498c88c600893a86e191093f'}",0.039497819999999996,0.044537969999999996,253410,152541,100803,13561,0.06695519999999999,0.00504015
previous_nonace_matched,induction_prod1p1onk3le3m1onn,1,experiments/output/ace_thesis_20260918/validation/configs/validation__nonace_matched__proof__induction_prod1p1onk3le3m1onn__seed1,validation__nonace_matched__proof__induction_prod1p1onk3le3m1onn__seed1,False,34,False,"{'cache.yaml': '42faef19ad67731c9105eb14fb88f5bf9abb4f01dc7a184db6be7bbff00f9304', 'result.yaml': 'f87e07ddd78e189582bbf7bff0e1d58b13d5baa9fc27e812cc005a2335f6db4b'}",0.06427421999999999,0.07441677,463314,260361,202851,15397,0.1111392,0.01014255
previous_ace_selected,induction_prod1p1onk3le3m1onn,1,experiments/output/ace_thesis_20260918/validation/configs/validation__ace_selected__proof__induction_prod1p1onk3le3m1onn__seed1,validation__ace_selected__proof__induction_prod1p1onk3le3m1onn__seed1,False,18,False,"{'cache.yaml': '46352460f20218727350375e469c2f5a3ea3ab591350ade98c1a8d0e5c4117ea', 'result.yaml': '1c39748e1275e0368e39a9d62045a779ddd2609375870bbdd9d375d2f2c305f4'}",0.0647754,0.07425935,461793,272060,189679,17823,0.11374619999999999,0.00948395
previous_ace_selected,amc12a_2008_p4,1,experiments/output/ace_thesis_20260918/validation/configs/validation__ace_selected__proof__amc12a_2008_p4__seed1,validation__ace_selected__proof__amc12a_2008_p4__seed1,False,52,False,"{'cache.yaml': '130960284cd1b2d1c2f1eed88bfbdd90a3859186d5056feb72c792ac45809265', 'result.yaml': '4790be48d033ce47d20cf423e4edf656983ff8e58d603271d6505cdc243d8020'}",0.05145888,0.05460453,1221123,1158054,62913,13070,0.2599086,0.00314565
previous_ace_historical,amc12a_2008_p4,1,experiments/output/ace_thesis_20260918/validation/configs/validation__ace_historical__proof__amc12a_2008_p4__seed1,validation__ace_historical__proof__amc12a_2008_p4__seed1,True,14,False,"{'cache.yaml': '3534050f0765dc468765c4a994f141bf7505e7fe24903030f8fc0aa75015849b', 'result.yaml': 'ac89ea7cfbddc939504e4fc8bef4d717c4c979c7a37bd2f2ce334962551602a5'}",0.026809259999999998,0.030836159999999998,184083,103503,80538,7186,0.045439799999999995,0.0040269
previous_nonace_ordinary,amc12a_2008_p4,1,experiments/output/ace_thesis_20260918/validation/configs/validation__nonace_ordinary__proof__amc12a_2008_p4__seed1,validation__nonace_ordinary__proof__amc12a_2008_p4__seed1,True,9,False,"{'cache.yaml': '789434e230b7aba8ee78c92ee461e1bc74fd2a78032efd8f4dc3a8770e6db38d', 'result.yaml': '83b6add30780c2c9daefe53aa2d9f9939a0a2c6d4af76306116ea0ef5b080383'}",0.01328968,0.015310029999999999,79178,38744,40407,3690,0.0202636,0.0020203499999999998
previous_nonace_matched,amc12a_2008_p4,1,experiments/output/ace_thesis_20260918/validation/configs/validation__nonace_matched__proof__amc12a_2008_p4__seed1,validation__nonace_matched__proof__amc12a_2008_p4__seed1,True,24,False,"{'cache.yaml': 'e6edb8f9b78884b9e34588f1fefa52eb59c2d6025677e83f479f137f96ec0543', 'result.yaml': '162bd7266b5345475b3a6dbe725aa28b8cebed61cdffca43049514d8fcd6cbf1'}",0.06768632,0.07817766999999999,353185,143286,209827,19034,0.0934778,0.01049135
previous_nonace_matched,imo_1960_p2,1,experiments/output/ace_thesis_20260918/validation/configs/validation__nonace_matched__proof__imo_1960_p2__seed1,validation__nonace_matched__proof__imo_1960_p2__seed1,True,15,False,"{'cache.yaml': 'a2be6dccfc9acac697b9f3649e282fb3477f256ca0ecab0b78548d05e92cfd37', 'result.yaml': '68d727f381160cbd0f7486afae5ebbe62ac89b7294233986cd1927a5b1d1e37c'}",0.023016659999999998,0.026150009999999998,139245,76533,62667,7453,0.0367926,0.00313335
previous_ace_selected,imo_1960_p2,1,experiments/output/ace_thesis_20260918/validation/configs/validation__ace_selected__proof__imo_1960_p2__seed1,validation__ace_selected__proof__imo_1960_p2__seed1,True,16,False,"{'cache.yaml': 'cceb26ab449a2b8774dbf2c8a6fcb8ddf24ecaed633bcd274cd6f22be83e98e7', 'result.yaml': 'df694f632415d24f121c9012e130ff2d31428f6b914229f676874d066d1b8fb6'}",0.02696846,0.030450659999999997,279235,209543,69644,7366,0.0646862,0.0034821999999999995
previous_ace_historical,imo_1960_p2,1,experiments/output/ace_thesis_20260918/validation/configs/validation__ace_historical__proof__imo_1960_p2__seed1,validation__ace_historical__proof__imo_1960_p2__seed1,True,2,False,"{'cache.yaml': 'e8d7432418136db99c553b0658a95603f6a849f657b66fc88eaa75152f0a94a4', 'result.yaml': 'a75ca4ae70efde1f445e6e8c876c44e0110429d2854af4f585d59d11298625f2'}",0.0012510400000000001,0.00128489,13025,12342,677,723,0.0034726,3.3849999999999996e-05
previous_nonace_ordinary,imo_1960_p2,1,experiments/output/ace_thesis_20260918/validation/configs/validation__nonace_ordinary__proof__imo_1960_p2__seed1,validation__nonace_ordinary__proof__imo_1960_p2__seed1,True,26,False,"{'cache.yaml': '24215fbf34797461e871b0b791468d14299323ae1f27d63b6060adfc6a0b0daf', 'result.yaml': 'c6f502d6a76e0a40c248fdde252aea13942bf219498b590b2a9b564c09c2208b'}",0.040015499999999996,0.046005,330543,210675,119790,9857,0.07793699999999999,0.0059895
