cell,request,receipt,output_limit,structured,shadow_32768_denied,proof_checked,truncated
aime_1984_p1__training-A__gpt-5.6-luna__seed0,1,4378c2f21d9341698b234716baafbf09,4096,False,False,False,False
aime_1984_p1__training-A__gpt-5.6-luna__seed0,2,74f02c3c3af0448bb275779d630e6852,4096,False,False,False,False
aime_1984_p1__training-A__gpt-5.6-luna__seed0,3,edcfed9644f343bfb4b7d1937adbe778,4096,False,False,True,False
aime_1984_p1__training-A__gpt-5.6-luna__seed0,4,26a666fb9942401fb38279513cb9c519,4096,False,False,False,False
aime_1984_p1__training-A__gpt-5.6-luna__seed0,5,6d9355dcc26144809c33209ae2cfdf1e,4096,False,False,True,False
aime_1984_p1__training-A__gpt-5.6-luna__seed0,6,20b83974f1024295ba6948dc994f225a,4096,False,False,True,False
aime_1984_p1__training-A__gpt-5.6-luna__seed0,7,375d2e0f18d945cebe0c1bc8cad84ef5,4096,False,False,True,False
aime_1984_p1__training-A__gpt-5.6-luna__seed0,8,eef7facd064841948279d1a8031a61d6,4096,False,False,True,False
aime_1984_p1__training-A__gpt-5.6-luna__seed0,9,87afb188b7e4451ebc0ed923bddc2879,4096,False,False,True,False
aime_1984_p1__training-A__gpt-5.6-luna__seed0,10,48b210c7e08b4e63b7b6255c5020cced,4096,False,False,True,False
aime_1984_p1__training-A__gpt-5.6-luna__seed0,11,c06a0c0a002540598aff53b8cc3364e5,4096,False,False,True,False
aime_1984_p1__training-A__gpt-5.6-luna__seed0,12,f14c09b46bf6489c9828747d174a6998,4096,False,False,True,False
aime_1984_p1__training-A__gpt-5.6-luna__seed0,13,8e2b7104036648f9b6b2cac6c31d36ab,4096,False,False,True,False
aime_1984_p1__training-A__gpt-5.6-luna__seed0,14,82ceb9fbc0904f668ac0ce748bbfab1c,4096,False,False,True,False
aime_1984_p1__training-A__gpt-5.6-luna__seed0,15,adf35ed6750f4e37895710fdd194d92a,4096,False,True,True,False
aime_1984_p1__training-A__gpt-5.6-luna__seed0,16,16a80478c255402c9d888d73046f660b,4096,False,True,True,False
aime_1984_p1__training-A__gpt-5.6-luna__seed0,17,112b8a5a0f45413f8987eebc986c964f,4096,False,True,True,False
aime_1988_p3__training-A__gpt-5.6-luna__seed0,1,f0c69e40c559404284efbdc3dd4dc28c,4096,False,False,False,False
aime_1988_p3__training-A__gpt-5.6-luna__seed0,2,ac539921df07418fadc0be97dcd61085,4096,False,False,False,False
aime_1988_p3__training-A__gpt-5.6-luna__seed0,3,75c23baa72444bd58f7263b5efad8deb,4096,False,False,False,False
aime_1988_p3__training-A__gpt-5.6-luna__seed0,4,a4912e7fbb1245ff9e5535dad2079804,4096,False,False,False,False
aime_1988_p3__training-A__gpt-5.6-luna__seed0,5,10cd4f0b94d547c09dd8a3d4155c909f,4096,False,False,False,False
aime_1988_p3__training-A__gpt-5.6-luna__seed0,6,fa7fd93eaa444986aa88f7cc921482ac,4096,False,False,True,False
aime_1988_p3__training-A__gpt-5.6-luna__seed0,7,e2d1004aded9426bb7f9f0295ef6989b,4096,False,False,True,False
aime_1988_p3__training-A__gpt-5.6-luna__seed0,8,d9e0e9267ce04c4d9400e9605885ea89,4096,False,False,True,False
aime_1988_p3__training-A__gpt-5.6-luna__seed0,9,62491607365a4fa9ba2c7a20fbea7bc2,4096,False,False,True,False
aime_1988_p3__training-A__gpt-5.6-luna__seed0,10,d777cc2ea13e4ca5afb8dfc9c6a5d9e6,4096,False,False,True,False
aime_1988_p3__training-A__gpt-5.6-luna__seed0,11,1a2b883c60104caeb6e8de703bc06c7d,4096,False,False,True,False
aime_1988_p3__training-A__gpt-5.6-luna__seed0,12,4f267211883c40918a4e62c2c70932f0,4096,False,False,True,False
aime_1988_p3__training-A__gpt-5.6-luna__seed0,13,51b400540d174f59adc37fbaffbeed4c,4096,False,False,True,False
aime_1988_p3__training-A__gpt-5.6-luna__seed0,14,f352e07af4c043b09f94271a5c678cec,4096,False,False,True,False
aime_1988_p3__training-A__gpt-5.6-luna__seed0,15,4df42c8919d64e4b8124fe52374fb2bd,4096,False,False,False,False
aime_1988_p3__training-A__gpt-5.6-luna__seed0,16,c0f7353e01e7405b981b0219d6fa8905,4096,False,False,False,False
aime_1988_p3__training-A__gpt-5.6-luna__seed0,17,a62f087ac0044839949119c4d1145cb9,4096,False,False,True,False
aime_1988_p3__training-A__gpt-5.6-luna__seed0,18,53278fe4349b449f9665cecc58ffa4e0,4096,False,False,True,False
aime_1988_p3__training-A__gpt-5.6-luna__seed0,19,a99f5d2bf43b43588ba6c9f1c76461fa,4096,False,True,True,False
aime_1988_p3__training-A__gpt-5.6-luna__seed0,20,7b995b836b8d4030baeecd9aa2adb131,4096,False,True,True,False
aime_1988_p3__training-A__gpt-5.6-luna__seed0,21,839fa2f6a4574d9596943d1968b6f8bc,4096,False,True,True,False
aime_1988_p8__training-A__gpt-5.6-luna__seed0,1,f0e99eb7ddfd404a9f629a9ffe938573,4096,False,False,True,False
aime_1988_p8__training-A__gpt-5.6-luna__seed0,2,8a2dc5ec398147e99cf193b0d29154fd,4096,False,False,True,False
aime_1988_p8__training-A__gpt-5.6-luna__seed0,3,df062086aea74be39178d4a7294fa315,4096,False,False,True,False
aime_1988_p8__training-A__gpt-5.6-luna__seed0,4,7cc1c51695714d66a48133221b1bb994,4096,False,False,True,False
aime_1990_p4__training-A__gpt-5.6-luna__seed0,1,51eb598fe0fd4c45a14afe37c4e74abf,4096,False,False,True,False
aime_1990_p4__training-A__gpt-5.6-luna__seed0,2,8d65bda077d444ec902c19ca05c1a41f,4096,False,False,False,False
aime_1990_p4__training-A__gpt-5.6-luna__seed0,3,67f2588d377e48c49f1b58a9c4adda16,4096,False,False,False,False
aime_1990_p4__training-A__gpt-5.6-luna__seed0,4,ae08219c36fb45a49183dca263fde107,4096,False,False,True,False
aime_1990_p4__training-A__gpt-5.6-luna__seed0,5,4c3dd0827cfe431cb35e0b3eab6e577b,4096,False,False,False,False
aime_1990_p4__training-A__gpt-5.6-luna__seed0,6,66490fb115604e588c56f24ec98a906d,4096,False,False,True,False
aime_1990_p4__training-A__gpt-5.6-luna__seed0,7,92e661ddd3994077a6769429797312a4,4096,False,False,True,False
aime_1990_p4__training-A__gpt-5.6-luna__seed0,8,59dc27210c17421da52d1178d3f6b69b,4096,False,False,True,False
aime_1990_p4__training-A__gpt-5.6-luna__seed0,9,9e29683e20c8434c907943173fda14bd,4096,False,False,True,False
aime_1990_p4__training-A__gpt-5.6-luna__seed0,10,09f83b696ca84005b815c77ec8958abc,4096,False,False,True,False
algebra_amgm_sum1toneqn_prod1tonleq1__training-A__gpt-5.6-luna__seed0,1,05d9c7cf2e8049c5a721f088e03fe9c5,4096,False,False,False,False
algebra_amgm_sum1toneqn_prod1tonleq1__training-A__gpt-5.6-luna__seed0,2,9283dafa461c4a128d132e774fb9a6dd,4096,False,False,False,False
algebra_amgm_sum1toneqn_prod1tonleq1__training-A__gpt-5.6-luna__seed0,3,d2552b69f07147ebbe249c5fc1df09d5,4096,False,False,False,False
algebra_amgm_sum1toneqn_prod1tonleq1__training-A__gpt-5.6-luna__seed0,4,178b29fd5e0b4aa4b967706f6f1ac13c,4096,False,False,False,False
algebra_amgm_sum1toneqn_prod1tonleq1__training-A__gpt-5.6-luna__seed0,5,6c2b3e6eceb745a7941ed6bbc0787e3c,4096,False,False,False,False
algebra_amgm_sum1toneqn_prod1tonleq1__training-A__gpt-5.6-luna__seed0,6,1432747795ca4feba687c0d3b92d9fd4,4096,False,False,True,False
algebra_amgm_sum1toneqn_prod1tonleq1__training-A__gpt-5.6-luna__seed0,7,8987b363c2ff4efa891e748bcd655f56,4096,False,False,False,False
algebra_amgm_sum1toneqn_prod1tonleq1__training-A__gpt-5.6-luna__seed0,8,c32ed1cde06749d4b0e775fc2af74a11,4096,False,False,False,False
algebra_amgm_sum1toneqn_prod1tonleq1__training-A__gpt-5.6-luna__seed0,9,ea21152635864b26840da28006ca11c1,4096,False,False,False,False
algebra_amgm_sum1toneqn_prod1tonleq1__training-A__gpt-5.6-luna__seed0,10,54b241b255ef4309823bf64c79b3d0da,4096,False,False,False,False
algebra_amgm_sum1toneqn_prod1tonleq1__training-A__gpt-5.6-luna__seed0,11,5075734c50d54af8a90caa897cce6b45,4096,False,False,False,False
algebra_amgm_sum1toneqn_prod1tonleq1__training-A__gpt-5.6-luna__seed0,12,11522a69a3fb4c23ac490c7cf90884cf,4096,False,False,False,False
algebra_amgm_sum1toneqn_prod1tonleq1__training-A__gpt-5.6-luna__seed0,13,78cc8e2884c44b7ab1ce4be19f014aeb,4096,False,False,True,False
algebra_amgm_sum1toneqn_prod1tonleq1__training-A__gpt-5.6-luna__seed0,14,43e52460470245a2b0759ffb51d4b756,4096,False,False,True,False
algebra_amgm_sum1toneqn_prod1tonleq1__training-A__gpt-5.6-luna__seed0,15,9661336a8b8849168af552e6d2052cd8,4096,False,False,False,False
algebra_amgm_sum1toneqn_prod1tonleq1__training-A__gpt-5.6-luna__seed0,16,a8d2d83d7b394c768901fd2581b0604b,4096,False,False,False,False
algebra_amgm_sum1toneqn_prod1tonleq1__training-A__gpt-5.6-luna__seed0,17,e3233076bcad4269bd7832e8bf5af880,4096,False,False,False,False
algebra_amgm_sum1toneqn_prod1tonleq1__training-A__gpt-5.6-luna__seed0,18,d94c3b9b0c4f42698bcf44ca142dc46e,4096,False,False,True,False
algebra_amgm_sum1toneqn_prod1tonleq1__training-A__gpt-5.6-luna__seed0,19,72ca03375f47468fa08b8d6242d30197,4096,False,False,True,False
algebra_amgm_sum1toneqn_prod1tonleq1__training-A__gpt-5.6-luna__seed0,20,397592f3f48749b6aa46dad015814d61,4096,False,False,False,False
algebra_amgm_sum1toneqn_prod1tonleq1__training-A__gpt-5.6-luna__seed0,21,e14bef5704e34809b6d75911cc9dc6f8,4096,False,False,True,False
algebra_amgm_sum1toneqn_prod1tonleq1__training-A__gpt-5.6-luna__seed0,22,175e1651313d42fda3b32711a821910a,4096,False,False,False,False
algebra_amgm_sum1toneqn_prod1tonleq1__training-A__gpt-5.6-luna__seed0,23,360df34585ae4fca8a3af9b88419d3e0,4096,False,False,False,False
algebra_amgm_sum1toneqn_prod1tonleq1__training-A__gpt-5.6-luna__seed0,24,99a92a7712cd4feabe3b670c64ca78f4,4096,False,False,True,False
algebra_amgm_sum1toneqn_prod1tonleq1__training-A__gpt-5.6-luna__seed0,25,4a67df6cf52f40dd8c8c713e8b21bbe7,4096,False,False,True,False
algebra_amgm_sum1toneqn_prod1tonleq1__training-A__gpt-5.6-luna__seed0,26,bd521ce36f4e46f4833fb1c1c9b89fa9,4096,False,False,False,False
algebra_amgm_sum1toneqn_prod1tonleq1__training-A__gpt-5.6-luna__seed0,27,3e775b2b41da48fa809042bde5ee25b7,4096,False,False,True,False
algebra_amgm_sum1toneqn_prod1tonleq1__training-A__gpt-5.6-luna__seed0,28,7166da6362e34c029cf30046d297f92c,4096,False,False,True,False
algebra_amgm_sum1toneqn_prod1tonleq1__training-A__gpt-5.6-luna__seed0,29,2200730dcb40401a8141ae38c35997d2,4096,False,False,True,False
algebra_amgm_sum1toneqn_prod1tonleq1__training-A__gpt-5.6-luna__seed0,30,2980f9dbff6e42dc8da0c79825fb4bcc,4096,False,False,False,False
algebra_amgm_sum1toneqn_prod1tonleq1__training-A__gpt-5.6-luna__seed0,31,48d7e236d6274a37ae1a5134203a52fc,4096,False,True,False,False
algebra_amgm_sum1toneqn_prod1tonleq1__training-A__gpt-5.6-luna__seed0,32,3b0d43ab813e4a56a9288524800b3f70,4096,False,True,True,False
algebra_amgm_sum1toneqn_prod1tonleq1__training-A__gpt-5.6-luna__seed0,33,2e6271ac702b48fc9c482c0284d5ff0a,4096,False,True,True,False
algebra_amgm_sum1toneqn_prod1tonleq1__training-A__gpt-5.6-luna__seed0,34,8105a9aaad9b4a238fa39f44e94fb1f3,4096,False,True,True,False
algebra_amgm_sum1toneqn_prod1tonleq1__training-A__gpt-5.6-luna__seed0,35,d395578e827c45b18002cd42b7574604,4096,False,True,True,False
algebra_amgm_sum1toneqn_prod1tonleq1__training-A__gpt-5.6-luna__seed0,36,b19a7a75f3d340e48845944ca19ef3ee,4096,False,True,True,False
algebra_amgm_sum1toneqn_prod1tonleq1__training-A__gpt-5.6-luna__seed0,37,b1255d695c8a40318c0028c1c2cf4d46,4096,False,True,False,False
algebra_amgm_sum1toneqn_prod1tonleq1__training-A__gpt-5.6-luna__seed0,38,82a9a08ea22145f99403552a91ddb280,4096,False,True,False,False
algebra_amgm_sum1toneqn_prod1tonleq1__training-A__gpt-5.6-luna__seed0,39,c763b939e75b4f3d9279c66e32a7d927,4096,False,True,True,False
algebra_amgm_sum1toneqn_prod1tonleq1__training-A__gpt-5.6-luna__seed0,40,0fbc6409e5d2424eb6c8442edbdb4442,4096,False,True,True,False
algebra_amgm_sum1toneqn_prod1tonleq1__training-A__gpt-5.6-luna__seed0,41,f1a11cea27f144368a5cf8431b7be9cf,4096,False,True,False,False
algebra_amgm_sum1toneqn_prod1tonleq1__training-A__gpt-5.6-luna__seed0,42,793c8b09e219461abbd937de4d7241fb,4096,False,True,True,False
algebra_amgm_sum1toneqn_prod1tonleq1__training-A__gpt-5.6-luna__seed0,43,ab18500a42c94dcba8f2dcc2da551df6,4096,False,True,True,False
algebra_amgm_sum1toneqn_prod1tonleq1__training-A__gpt-5.6-luna__seed0,44,a365d903f9f743cd8f7383c1f986c47f,4096,False,True,True,False
algebra_amgm_sum1toneqn_prod1tonleq1__training-A__gpt-5.6-luna__seed0,45,07c131dd4cad406b8f9792744edec712,4096,False,True,True,False
algebra_amgm_sum1toneqn_prod1tonleq1__training-A__gpt-5.6-luna__seed0,46,8c04825875334836a22eb596aa246a95,4096,False,True,True,False
algebra_amgm_sum1toneqn_prod1tonleq1__training-A__gpt-5.6-luna__seed0,47,d5b0399e5e794a6eacd13a42daeb171d,4096,False,True,True,False
algebra_amgm_sum1toneqn_prod1tonleq1__training-A__gpt-5.6-luna__seed0,48,43a5614c79034ca0a9be5c80c50df6ea,4096,False,True,True,False
algebra_amgm_sum1toneqn_prod1tonleq1__training-A__gpt-5.6-luna__seed0,49,24dd10896f8c4efeb4429f1e7b34dee3,4096,False,True,True,False
amc12_2000_p1__training-A__gpt-5.6-luna__seed0,1,9b29fcae88d743c1960253c3d01989d9,4096,False,False,True,False
amc12_2000_p1__training-A__gpt-5.6-luna__seed0,2,35b6bb66987c41a1b4ea2e0a710aba3e,4096,False,False,True,False
amc12_2000_p1__training-A__gpt-5.6-luna__seed0,3,b9fd5fe3e7aa446299a76146fd363157,4096,False,False,True,False
amc12_2000_p1__training-A__gpt-5.6-luna__seed0,4,e25eee43a5144888bb8acdaabe23c783,4096,False,False,True,False
amc12_2000_p1__training-A__gpt-5.6-luna__seed0,5,a7ce3f1108fa46eb9193099f7b67ae94,4096,False,False,True,False
amc12_2000_p6__training-A__gpt-5.6-luna__seed0,1,b18388a9beb7481b9b97d28fe7b3ba9a,4096,False,False,False,False
amc12_2000_p6__training-A__gpt-5.6-luna__seed0,2,c88f24fee15b4c5e942745638a0803ee,4096,False,False,False,False
amc12_2000_p6__training-A__gpt-5.6-luna__seed0,3,acf0586b71ff42bbaf314f6b124b7361,4096,False,False,False,False
amc12_2000_p6__training-A__gpt-5.6-luna__seed0,4,a6df8b9c225f43fe8672173d5de93722,4096,False,False,False,False
amc12_2000_p6__training-A__gpt-5.6-luna__seed0,5,9667f80a86e34213831df7786a392f20,4096,False,False,True,False
amc12_2000_p6__training-A__gpt-5.6-luna__seed0,6,a01027f9c8904a69b97450a8011cd29f,4096,False,False,True,False
amc12a_2002_p13__training-A__gpt-5.6-luna__seed0,1,335184b7d06d4deba4c109ffd4536a8c,4096,False,False,False,False
amc12a_2002_p13__training-A__gpt-5.6-luna__seed0,2,d08f961dbe954eb2b98de3ff6b286e6c,4096,False,False,False,False
amc12a_2002_p13__training-A__gpt-5.6-luna__seed0,3,f1f04b9f4f57416eb3f59622197629d3,4096,False,False,False,False
amc12a_2002_p13__training-A__gpt-5.6-luna__seed0,4,08b7424770944ddf8daff3023dcee043,4096,False,False,False,False
amc12a_2002_p13__training-A__gpt-5.6-luna__seed0,5,7d03281a423140098e8b8c8f8f5b4bc6,4096,False,False,True,False
amc12a_2002_p13__training-A__gpt-5.6-luna__seed0,6,12b45cc78f5b44a190a70076001f273b,4096,False,False,True,False
amc12a_2002_p13__training-A__gpt-5.6-luna__seed0,7,076b8d94a5b847d18fef653bf6664640,4096,False,False,False,False
amc12a_2002_p13__training-A__gpt-5.6-luna__seed0,8,c6b1171614b849c48b54d4cd92475428,4096,False,False,True,False
amc12a_2002_p13__training-A__gpt-5.6-luna__seed0,9,bc0fd6f02bb3496eb29805cacd712fd0,4096,False,False,True,False
amc12a_2002_p13__training-A__gpt-5.6-luna__seed0,10,d4def6573c78443b97822dcef3e0bac8,4096,False,False,True,False
amc12a_2003_p1__training-A__gpt-5.6-luna__seed0,1,12e5dae1482d4fe48fd269fe2a8deb6a,4096,False,False,True,False
amc12a_2003_p1__training-A__gpt-5.6-luna__seed0,2,1e1015932c4a4b27930ef06757a7231a,4096,False,False,True,False
amc12a_2013_p7__training-A__gpt-5.6-luna__seed0,1,1dc026a5562f4c0d92b863db7f5775af,4096,False,False,True,False
amc12a_2016_p2__training-A__gpt-5.6-luna__seed0,1,94da285ea31041daaa15702f72361e98,4096,False,False,False,False
amc12a_2016_p2__training-A__gpt-5.6-luna__seed0,2,839ca0c09fcb4d83b330e7046287e265,4096,False,False,False,False
amc12a_2016_p2__training-A__gpt-5.6-luna__seed0,3,df6f15a624894298862e6fd0ec2b6bc7,4096,False,False,False,False
amc12a_2016_p2__training-A__gpt-5.6-luna__seed0,4,eefc56160ff74b0aa3715c8c7ea152d3,4096,False,False,True,False
amc12a_2016_p2__training-A__gpt-5.6-luna__seed0,5,a479259b0dca4957a269f69f0acfe838,4096,False,False,True,False
amc12a_2016_p2__training-A__gpt-5.6-luna__seed0,6,2dba394b0ca14487a29fb58e1eff273f,4096,False,False,True,False
amc12a_2016_p2__training-A__gpt-5.6-luna__seed0,7,2ccb89ac6cfd465dbe4ddb8accad6698,4096,False,False,True,False
amc12a_2016_p2__training-A__gpt-5.6-luna__seed0,8,ff04763a4a8e4ad78872d1d3f45acc0c,4096,False,False,True,False
amc12a_2016_p2__training-A__gpt-5.6-luna__seed0,9,766d6fcf8fa74777bdbafd32af8a685b,4096,False,False,True,False
amc12a_2016_p2__training-A__gpt-5.6-luna__seed0,10,be89c251d88b4a6f8547aeb91836fd90,4096,False,False,True,False
amc12a_2016_p2__training-A__gpt-5.6-luna__seed0,11,8d8ca58b5c6849149b46e7ef3df4d8d6,4096,False,False,True,False
amc12a_2016_p2__training-A__gpt-5.6-luna__seed0,12,bac3100a952240949a1ab73329e8d7e5,4096,False,False,False,False
amc12a_2016_p2__training-A__gpt-5.6-luna__seed0,13,b8fc4470c51f4c329ba216aeb0a96080,4096,False,False,True,False
amc12a_2016_p2__training-A__gpt-5.6-luna__seed0,14,0f590cd2e8f94ebb922e729314abf0af,4096,False,False,True,False
amc12a_2016_p2__training-A__gpt-5.6-luna__seed0,15,d2a0b54e9db148fe87408780a42f5379,4096,False,False,True,False
amc12a_2016_p2__training-A__gpt-5.6-luna__seed0,16,189e54d334e14328a122122a645cc9a7,4096,False,False,True,False
amc12a_2016_p2__training-A__gpt-5.6-luna__seed0,17,dcd45c15484a41adb74431cc0e650240,4096,False,False,True,False
amc12a_2016_p2__training-A__gpt-5.6-luna__seed0,18,462d711952954b2b92dddfa4c84e8eec,4096,False,False,True,False
amc12a_2017_p7__training-A__gpt-5.6-luna__seed0,1,4bf96ec22e424f15bcb77adfc8805002,4096,False,False,False,False
amc12a_2017_p7__training-A__gpt-5.6-luna__seed0,2,a7ce91b4c9034db7a3abaeac0f8d4ec8,4096,False,False,False,False
amc12a_2017_p7__training-A__gpt-5.6-luna__seed0,3,88a658eeca29400f80502feb94866f7c,4096,False,False,False,False
amc12a_2017_p7__training-A__gpt-5.6-luna__seed0,4,caa3abeffdc846bc801bd1ca55d49f0d,4096,False,False,True,False
amc12a_2017_p7__training-A__gpt-5.6-luna__seed0,5,1c05fc23a4e946068cb0c4dfcea22701,4096,False,False,False,False
amc12a_2017_p7__training-A__gpt-5.6-luna__seed0,6,885f6e453e1c4686934a51060449a960,4096,False,False,False,False
amc12a_2017_p7__training-A__gpt-5.6-luna__seed0,7,c1e28669e58c4ea3a7d80eee081a3ae2,4096,False,False,False,False
amc12a_2017_p7__training-A__gpt-5.6-luna__seed0,8,79f2db1b91b54faeb9a999e658a21810,4096,False,False,True,False
amc12a_2017_p7__training-A__gpt-5.6-luna__seed0,9,4e8e43e8d4c84734a20a8e99144b8e55,4096,False,False,False,False
amc12a_2017_p7__training-A__gpt-5.6-luna__seed0,10,0a5464378f374919a309bac15e377c2f,4096,False,False,False,False
amc12a_2017_p7__training-A__gpt-5.6-luna__seed0,11,1606ffd496ca4110ad5e60f53a5aaddc,4096,False,False,True,False
amc12a_2017_p7__training-A__gpt-5.6-luna__seed0,12,6fa9115b333d490ba63fef5072366b51,4096,False,False,True,False
amc12a_2017_p7__training-A__gpt-5.6-luna__seed0,13,1b11554d7dee47e9becab6bef8bf33c4,4096,False,False,True,False
amc12a_2017_p7__training-A__gpt-5.6-luna__seed0,14,5e2bea9d9ce2475a8bc1595bb2d15f98,4096,False,False,True,False
amc12a_2017_p7__training-A__gpt-5.6-luna__seed0,15,aeb26f08422c4b97963c48ca7028188e,4096,False,False,True,False
amc12a_2017_p7__training-A__gpt-5.6-luna__seed0,16,6e62fa51ed904b14b039c8cd87352fb4,4096,False,False,True,False
amc12a_2020_p13__training-A__gpt-5.6-luna__seed0,1,c44ecde6433f437b8902c4c5b79c22ea,4096,False,False,False,False
amc12a_2020_p13__training-A__gpt-5.6-luna__seed0,2,8ea7fcb94c224e39ae371df4df928c54,4096,False,False,False,False
amc12a_2020_p13__training-A__gpt-5.6-luna__seed0,3,86485c4ffdc64414b0bfcc878058fbb5,4096,False,False,False,False
amc12a_2020_p13__training-A__gpt-5.6-luna__seed0,4,b35c151236df4f9294e8649a097ce95d,4096,False,False,False,False
amc12a_2020_p13__training-A__gpt-5.6-luna__seed0,5,94ad6eb38593480b91785f97fe6aa2fb,4096,False,False,False,False
amc12a_2020_p13__training-A__gpt-5.6-luna__seed0,6,7c78f87bafbd4fed9695b3e341d0811d,4096,False,False,False,False
amc12a_2020_p13__training-A__gpt-5.6-luna__seed0,7,4662c4cb39934c2a90a1f3b42c812b98,4096,False,False,True,False
amc12a_2020_p13__training-A__gpt-5.6-luna__seed0,8,3be48de9d7eb4bf19879c7e44058d3aa,4096,False,False,True,False
amc12a_2020_p13__training-A__gpt-5.6-luna__seed0,9,273dc31b84024c68978ed205437bd219,4096,False,False,False,False
amc12a_2020_p13__training-A__gpt-5.6-luna__seed0,10,efb2afaa3fbf47c9b4b12c985c13fac4,4096,False,False,False,False
amc12a_2020_p13__training-A__gpt-5.6-luna__seed0,11,bb799ab2422b4002ab474a91df176e5f,4096,False,False,True,False
amc12a_2020_p13__training-A__gpt-5.6-luna__seed0,12,c387735d185f4f7bb97f932a8333a1c8,4096,False,False,False,False
amc12a_2020_p13__training-A__gpt-5.6-luna__seed0,13,57e49b177cd44ce6b5fcc1bda3f84419,4096,False,False,False,False
amc12a_2020_p13__training-A__gpt-5.6-luna__seed0,14,e847f8442995417083b1ebb35db6861f,4096,False,False,True,False
amc12a_2020_p13__training-A__gpt-5.6-luna__seed0,15,d57d48fdcfbd42b2904ecded8ade95fd,4096,False,False,True,False
amc12a_2020_p13__training-A__gpt-5.6-luna__seed0,16,1093defdbb354f1da7608fac8cd91384,4096,False,False,True,False
amc12a_2020_p13__training-A__gpt-5.6-luna__seed0,17,53d62b62746b41b28401d6e773cff8b1,4096,False,False,True,False
amc12a_2020_p13__training-A__gpt-5.6-luna__seed0,18,922b11ff8bf04019b48b81b22ba7840b,4096,False,False,True,False
amc12a_2020_p13__training-A__gpt-5.6-luna__seed0,19,7768663c3dd64c75b989891a99423366,4096,False,True,True,False
amc12a_2020_p13__training-A__gpt-5.6-luna__seed0,20,2b373ce25c7a46229504b1585a9e1c98,4096,False,True,False,False
amc12a_2020_p13__training-A__gpt-5.6-luna__seed0,21,7eaf4836a4454d4da9890870453cf89a,4096,False,True,True,False
amc12a_2020_p13__training-A__gpt-5.6-luna__seed0,22,774a9c8d439c4cad82588de0dcf1835d,4096,False,True,True,False
amc12b_2002_p11__training-A__gpt-5.6-luna__seed0,1,83b5da976ace4525978bca107ebae984,4096,False,False,False,False
amc12b_2002_p11__training-A__gpt-5.6-luna__seed0,2,6366912f050b4b68a07578979f2eb81f,4096,False,False,False,False
amc12b_2002_p11__training-A__gpt-5.6-luna__seed0,3,c62946a20ff1444484405aea85785e62,4096,False,False,False,False
amc12b_2002_p11__training-A__gpt-5.6-luna__seed0,4,5a81a454854e4b9e941c1e4f0d91e2d1,4096,False,False,False,False
amc12b_2002_p11__training-A__gpt-5.6-luna__seed0,5,473e0ab5206c44ee8b2df5f6f938302d,4096,False,False,False,False
amc12b_2002_p11__training-A__gpt-5.6-luna__seed0,6,4318da95377c4ef4aae6d391cf1ed29e,4096,False,False,False,False
amc12b_2002_p11__training-A__gpt-5.6-luna__seed0,7,36032a42cfca4714b2d2a0ea0e118c6d,4096,False,False,False,False
amc12b_2002_p11__training-A__gpt-5.6-luna__seed0,8,400cd3c5fc26455daa1d2041c36dedae,4096,False,False,False,False
amc12b_2002_p11__training-A__gpt-5.6-luna__seed0,9,e9e1d8039a3f47178b232d0af486bd85,4096,False,False,False,False
amc12b_2002_p11__training-A__gpt-5.6-luna__seed0,10,a4649fb57d8543ab861e204ba2327692,4096,False,False,False,False
amc12b_2002_p11__training-A__gpt-5.6-luna__seed0,11,b7551f99a5ad4f6d90acc3cda0d58e37,4096,False,False,True,False
amc12b_2002_p11__training-A__gpt-5.6-luna__seed0,12,1669d3aaaba94e75bbe5f38d960d261f,4096,False,False,False,False
amc12b_2002_p11__training-A__gpt-5.6-luna__seed0,13,39556f4cfd384c0b9883402d294c9bd5,4096,False,False,False,False
amc12b_2002_p11__training-A__gpt-5.6-luna__seed0,14,0ab3b14597cb4d4eb66233a925a54757,4096,False,False,False,False
amc12b_2002_p11__training-A__gpt-5.6-luna__seed0,15,071462b874744e91bc9d654ce739ac09,4096,False,False,False,False
amc12b_2002_p11__training-A__gpt-5.6-luna__seed0,16,9885ea5cab9246ce95de973f640e84c0,4096,False,False,False,False
amc12b_2002_p11__training-A__gpt-5.6-luna__seed0,17,cf2586ff1b054d20990ea6f28d7e15db,4096,False,False,False,False
amc12b_2002_p11__training-A__gpt-5.6-luna__seed0,18,e7a8034059d74056b36160613827ffec,4096,False,False,True,False
amc12b_2002_p11__training-A__gpt-5.6-luna__seed0,19,754791449f0849c6b6a7158ae295c020,4096,False,False,False,False
amc12b_2002_p11__training-A__gpt-5.6-luna__seed0,20,c60dd60043e24ef98ccc1e1b15bd02ad,4096,False,False,True,False
amc12b_2002_p11__training-A__gpt-5.6-luna__seed0,21,941a368f458c4538ac47d421a4e7fff4,4096,False,False,True,False
amc12b_2002_p11__training-A__gpt-5.6-luna__seed0,22,e40ba7d1978543ddae9b022cab023b28,4096,False,False,True,False
amc12b_2002_p11__training-A__gpt-5.6-luna__seed0,23,0d18cdd9bd684205a1313722c57e0a96,4096,False,False,True,False
amc12b_2002_p11__training-A__gpt-5.6-luna__seed0,24,86b304958bea49039a61231323a269f5,4096,False,False,True,False
amc12b_2002_p11__training-A__gpt-5.6-luna__seed0,25,66edecb9a5ab4838bc3ee3ce9785388e,4096,False,True,True,False
amc12b_2002_p11__training-A__gpt-5.6-luna__seed0,26,5ebbd0e1be604d02b5d8dd8f04e42f98,4096,False,True,True,False
amc12b_2002_p11__training-A__gpt-5.6-luna__seed0,27,bd1323ee778449f18410d2f13f193040,4096,False,True,True,False
amc12b_2002_p11__training-A__gpt-5.6-luna__seed0,28,e0e665cbfe2446efafbb676f2b55b736,4096,False,True,True,False
amc12b_2003_p17__training-A__gpt-5.6-luna__seed0,1,ac7dd96eeb4a4f9cace946d1d60e7a56,4096,False,False,False,False
amc12b_2003_p17__training-A__gpt-5.6-luna__seed0,2,6e17f37668b14c30b316d739a4bdfa16,4096,False,False,True,False
amc12b_2003_p17__training-A__gpt-5.6-luna__seed0,3,f47561133ad9400eba20c43a96cb011a,4096,False,False,True,False
amc12b_2003_p17__training-A__gpt-5.6-luna__seed0,4,e0ddb478a141480d847fb10a7df1417e,4096,False,False,False,False
amc12b_2003_p17__training-A__gpt-5.6-luna__seed0,5,2632cdc5abea4c17ad3c75d758e3d892,4096,False,False,True,False
amc12b_2003_p17__training-A__gpt-5.6-luna__seed0,6,2820ed10d33944de99bf0fa1ce9ad255,4096,False,False,True,False
amc12b_2003_p17__training-A__gpt-5.6-luna__seed0,7,5766218a34ed4deeb37c3d8934c2ab63,4096,False,False,False,False
amc12b_2003_p17__training-A__gpt-5.6-luna__seed0,8,b9d096dd65ef404d806814566f4a222c,4096,False,False,True,False
amc12b_2004_p3__training-A__gpt-5.6-luna__seed0,1,ed3fe725c96b4832a22a06636e815269,4096,False,False,False,False
amc12b_2004_p3__training-A__gpt-5.6-luna__seed0,2,4f959e5a87c94c4fa43c2424cb2334f6,4096,False,False,False,False
amc12b_2004_p3__training-A__gpt-5.6-luna__seed0,3,c658c87892ad40669b27f361e2e6f72e,4096,False,False,False,False
amc12b_2004_p3__training-A__gpt-5.6-luna__seed0,4,8381dffbfb2e484b9c22788b9972af61,4096,False,False,False,False
amc12b_2004_p3__training-A__gpt-5.6-luna__seed0,5,15c9803c3dc94407ba28d84973ee0d30,4096,False,False,True,False
amc12b_2004_p3__training-A__gpt-5.6-luna__seed0,6,8ed0ec5c2dd64f509b6ddfa303763b2e,4096,False,False,True,False
amc12b_2004_p3__training-A__gpt-5.6-luna__seed0,7,36cc79919f854818abb855d40ae77c0d,4096,False,False,True,False
amc12b_2004_p3__training-A__gpt-5.6-luna__seed0,8,58ce32732002407bac61ee25e1d2553f,4096,False,False,True,False
amc12b_2004_p3__training-A__gpt-5.6-luna__seed0,9,6ac359cfe4b849859b5d26616ea804d8,4096,False,False,False,False
amc12b_2004_p3__training-A__gpt-5.6-luna__seed0,10,851f2046cd12443d80155e1e94447a22,4096,False,False,True,False
amc12b_2004_p3__training-A__gpt-5.6-luna__seed0,11,fe8bc206f9b248439379143398ab7467,4096,False,False,True,False
amc12b_2004_p3__training-A__gpt-5.6-luna__seed0,12,ad104ead4d154fa3a2d8fc02ec4e4880,4096,False,False,True,False
amc12b_2004_p3__training-A__gpt-5.6-luna__seed0,13,78081f8fa25b421993dabaff746e6003,4096,False,False,True,False
amc12b_2004_p3__training-A__gpt-5.6-luna__seed0,14,e76310d011364432badd0d7fd91bbf58,4096,False,False,False,False
amc12b_2004_p3__training-A__gpt-5.6-luna__seed0,15,15e83417f8d14bdf8d3207a821252a00,4096,False,False,False,False
amc12b_2004_p3__training-A__gpt-5.6-luna__seed0,16,630aee3b756541c9b6208eec1da1ccd4,4096,False,False,True,False
amc12b_2004_p3__training-A__gpt-5.6-luna__seed0,17,d2dc997310e44d2791f50fae0d925d8d,4096,False,False,True,False
amc12b_2004_p3__training-A__gpt-5.6-luna__seed0,18,f93a9a5990aa4694b8ff005314ccaab9,4096,False,False,False,False
imo_1963_p5__training-A__gpt-5.6-luna__seed0,1,e9f7c6f4965a46f894c2f2724f16ab2c,4096,False,False,False,False
imo_1963_p5__training-A__gpt-5.6-luna__seed0,2,9c9523cfb57f45aaaa7cd20facf02799,4096,False,False,False,False
imo_1963_p5__training-A__gpt-5.6-luna__seed0,3,6d69facc4dc945868725db94a66459cb,4096,False,False,False,False
imo_1963_p5__training-A__gpt-5.6-luna__seed0,4,319dc8453b7c4b3c89e52140fe88a93e,4096,False,False,False,False
imo_1963_p5__training-A__gpt-5.6-luna__seed0,5,4920e23ec3a74e9fb8b4f13336016108,4096,False,False,False,False
imo_1963_p5__training-A__gpt-5.6-luna__seed0,6,31116ac939c34e33840e2c3873df65ec,4096,False,False,False,False
imo_1963_p5__training-A__gpt-5.6-luna__seed0,7,f061b0f55d484dc184fa76284509a88b,4096,False,False,False,False
imo_1963_p5__training-A__gpt-5.6-luna__seed0,8,e21f16339c084ef2bd5c5870096c6f95,4096,False,False,True,False
imo_1963_p5__training-A__gpt-5.6-luna__seed0,9,f336d1af01b941d0804112c39ace1923,4096,False,False,True,False
imo_1963_p5__training-A__gpt-5.6-luna__seed0,10,2067d7daa76b4db083d9fcf95a32dff0,4096,False,False,False,False
imo_1963_p5__training-A__gpt-5.6-luna__seed0,11,e7ea7dca0bb947c084330b165ba8cf00,4096,False,False,True,False
imo_1963_p5__training-A__gpt-5.6-luna__seed0,12,635d63b295d443388dfab7fd85f3fe88,4096,False,False,True,False
imo_1963_p5__training-A__gpt-5.6-luna__seed0,13,2c757f83b47948cba46295c62e76ba0d,4096,False,False,False,False
imo_1963_p5__training-A__gpt-5.6-luna__seed0,14,4b071cd4a5a64fc5941127d5f9f99a6e,4096,False,False,False,False
imo_1963_p5__training-A__gpt-5.6-luna__seed0,15,0176d4932c9444baae762e0f39441117,4096,False,False,False,False
imo_1963_p5__training-A__gpt-5.6-luna__seed0,16,77b5d0ec5c044fa1af0d141146ec365b,4096,False,False,True,False
imo_1963_p5__training-A__gpt-5.6-luna__seed0,17,f356386dc49f48d09877aee37d639e05,4096,False,False,False,False
imo_1963_p5__training-A__gpt-5.6-luna__seed0,18,a78917f144164f5cb1e4f9b22210e429,4096,False,False,False,False
imo_1963_p5__training-A__gpt-5.6-luna__seed0,19,4caa8a616c164cb1986dd49c52223306,4096,False,False,False,False
imo_1963_p5__training-A__gpt-5.6-luna__seed0,20,b3af7d7cb44e41319aeeb1fd953d442f,4096,False,False,True,False
imo_1963_p5__training-A__gpt-5.6-luna__seed0,21,782e675ad2c44a54811f1cc16320a2ee,4096,False,False,True,False
imo_1963_p5__training-A__gpt-5.6-luna__seed0,22,03a3f687caff450b83a8597d75f19c85,4096,False,False,True,False
imo_1967_p3__training-A__gpt-5.6-luna__seed0,1,3f73627563b0425c967e35dde183246c,4096,False,False,False,False
imo_1967_p3__training-A__gpt-5.6-luna__seed0,2,05eb682338b3468fafe8b33dbe9494b8,4096,False,False,False,False
imo_1967_p3__training-A__gpt-5.6-luna__seed0,3,9af156d0d4f9428d981e5f004e211cad,4096,False,False,True,False
imo_1967_p3__training-A__gpt-5.6-luna__seed0,4,68c04cf1f7bd4137a7464dab4bc90a5f,4096,False,False,False,False
imo_1967_p3__training-A__gpt-5.6-luna__seed0,5,20f53f63c3004b009f96dfa08ab52b18,4096,False,False,True,False
imo_1967_p3__training-A__gpt-5.6-luna__seed0,6,4a92a821d09e49238023fb2b199bce08,4096,False,False,False,False
imo_1967_p3__training-A__gpt-5.6-luna__seed0,7,3de62f082e874306b8a33b096050b001,4096,False,False,False,False
imo_1967_p3__training-A__gpt-5.6-luna__seed0,8,752eaf2233ab4b469056c4447474a0f5,4096,False,False,True,False
imo_1967_p3__training-A__gpt-5.6-luna__seed0,9,1168c51a73344a1e8e96060d325da511,4096,False,False,True,False
imo_1967_p3__training-A__gpt-5.6-luna__seed0,10,55750f9642d640b986acc025f2dace4f,4096,False,False,False,False
imo_1967_p3__training-A__gpt-5.6-luna__seed0,11,dad337ee411c4325af1c5ad4eef4464d,4096,False,False,True,False
imo_1967_p3__training-A__gpt-5.6-luna__seed0,12,99bc5f12f2de4cfeb714fa462b1edd66,4096,False,False,False,False
imo_1967_p3__training-A__gpt-5.6-luna__seed0,13,f2fffa257210483e8d27208a102f1b1c,4096,False,False,True,False
imo_1967_p3__training-A__gpt-5.6-luna__seed0,14,8e733d2ba2aa4cf5b47a6925ac3ecf52,4096,False,False,False,False
imo_1967_p3__training-A__gpt-5.6-luna__seed0,15,f0974f8227a847929212125a6c0ab3cb,4096,False,False,False,False
imo_1967_p3__training-A__gpt-5.6-luna__seed0,16,0a05ebde717f48a4a2bce8c1248323df,4096,False,False,True,False
imo_1967_p3__training-A__gpt-5.6-luna__seed0,17,973a458b15e24e5bb11bce7827123ff6,4096,False,False,True,False
imo_1967_p3__training-A__gpt-5.6-luna__seed0,18,9918cc0a230b4f0ba5fbf9b50dab398b,4096,False,False,True,False
imo_1967_p3__training-A__gpt-5.6-luna__seed0,19,84d6329340d045cc83406adb0af0867b,4096,False,False,True,False
imo_1967_p3__training-A__gpt-5.6-luna__seed0,20,ae925c87309f4199ba388cf216cbfe88,4096,False,False,True,False
imo_1967_p3__training-A__gpt-5.6-luna__seed0,21,bd14b8296d2c443398c540da22b99c95,4096,False,False,False,False
imo_1967_p3__training-A__gpt-5.6-luna__seed0,22,33edfcbc294f44248b3b18b9debea6ab,4096,False,True,False,False
imo_1967_p3__training-A__gpt-5.6-luna__seed0,23,3fb0aec5c90448c1b5983f3ef0eedb1b,4096,False,True,False,False
imo_1967_p3__training-A__gpt-5.6-luna__seed0,24,37731aef7e0140eabc91a9854275e0ae,4096,False,True,False,False
imo_1967_p3__training-A__gpt-5.6-luna__seed0,25,19fb25f9d1b44db1a036aeb8147a76dc,4096,False,True,True,False
imo_1967_p3__training-A__gpt-5.6-luna__seed0,26,189a02d349ad415fb44499f42851d706,4096,False,True,False,False
imo_1967_p3__training-A__gpt-5.6-luna__seed0,27,85c3361a397b4a17bba4827d03d48aab,4096,False,True,True,False
imo_1967_p3__training-A__gpt-5.6-luna__seed0,28,4ad1b06853fc42e8bf9b9eb026749940,4096,False,True,False,False
imo_1967_p3__training-A__gpt-5.6-luna__seed0,29,3dbf4928b22b4314b9a753fa1c57af0b,4096,False,True,False,False
imo_1967_p3__training-A__gpt-5.6-luna__seed0,30,5323594fee44460383caf309d086265d,4096,False,True,True,False
imo_1967_p3__training-A__gpt-5.6-luna__seed0,31,210d9f49d830468a8edd17c328fedc98,4096,False,True,True,False
imo_1967_p3__training-A__gpt-5.6-luna__seed0,32,23db2d1085a14153b0469c3a43314c13,4096,False,True,False,False
imo_1968_p5_1__training-A__gpt-5.6-luna__seed0,1,b7c8d59224f245e1ad631da1abe65e61,4096,False,False,False,False
imo_1968_p5_1__training-A__gpt-5.6-luna__seed0,2,8bb16d80b5634525bfadc12655c9d691,4096,False,False,False,False
imo_1968_p5_1__training-A__gpt-5.6-luna__seed0,3,3261f6bc63a047318a9f96c2445a9644,4096,False,False,False,False
imo_1968_p5_1__training-A__gpt-5.6-luna__seed0,4,fb720c05fd91440bb20ac67e9ab66d3c,4096,False,False,False,False
imo_1968_p5_1__training-A__gpt-5.6-luna__seed0,5,0bef0cc3513244df8a1450be32da4824,4096,False,False,True,False
imo_1968_p5_1__training-A__gpt-5.6-luna__seed0,6,11256e09228d45b2a4c6f69632811b0b,4096,False,False,True,False
imo_1968_p5_1__training-A__gpt-5.6-luna__seed0,7,58dc0bb10691415db18a1f9a80a1f733,4096,False,False,True,False
imo_1977_p6__training-A__gpt-5.6-luna__seed0,1,98d77bb8d4be42c3aa6e06d8bd56182f,4096,False,False,False,False
imo_1977_p6__training-A__gpt-5.6-luna__seed0,2,a73bc48756ca47c9a3803bcafe2ddf43,4096,False,False,False,False
imo_1977_p6__training-A__gpt-5.6-luna__seed0,3,e87f5ae0fe4249a9a96a7659937a5a67,4096,False,False,False,False
imo_1977_p6__training-A__gpt-5.6-luna__seed0,4,1981953b957f4e0db53e6eeb83c0e980,4096,False,False,True,False
imo_1977_p6__training-A__gpt-5.6-luna__seed0,5,d85b7537a49b48e393dd70f78704f8c5,4096,False,False,True,False
imo_1977_p6__training-A__gpt-5.6-luna__seed0,6,26d6aba4bf7f48a2ada2bda63c64dcba,4096,False,False,True,False
imo_1977_p6__training-A__gpt-5.6-luna__seed0,7,467bd68cadf74f718c3bc9e1c0f006f8,4096,False,False,False,True
imo_1977_p6__training-A__gpt-5.6-luna__seed0,8,00fb6605dcc147829e09d97e7cbe8a54,4096,False,False,True,False
imo_1977_p6__training-A__gpt-5.6-luna__seed0,9,9195c363a3124fbdbfe866ebcee4dd82,4096,False,False,True,False
imo_1977_p6__training-A__gpt-5.6-luna__seed0,10,395a7ccb8f004b9cbf27d364418e3e32,4096,False,False,True,False
imo_1977_p6__training-A__gpt-5.6-luna__seed0,11,9d3c5f147f3245099a0c2257b6b74b9b,4096,False,False,True,False
imo_1977_p6__training-A__gpt-5.6-luna__seed0,12,29e022b69f4c44f6ae7e8e0cda5b19e0,4096,False,False,True,False
imo_1977_p6__training-A__gpt-5.6-luna__seed0,13,dfda1cbd40264a3a8806342e4d243de9,4096,False,True,True,False
imo_1977_p6__training-A__gpt-5.6-luna__seed0,14,a2da534d9dab492a90bfe2248acc1955,4096,False,True,True,False
imo_1977_p6__training-A__gpt-5.6-luna__seed0,15,c2615d54b923440fb7406005885acc60,4096,False,True,True,False
imo_1977_p6__training-A__gpt-5.6-luna__seed0,16,abdbda4a1b2b47d3bc7867ecf08a358b,4096,False,True,False,False
imo_1977_p6__training-A__gpt-5.6-luna__seed0,17,099c93506de74cc5b513a04ddcdf9c89,4096,False,True,True,False
imo_1977_p6__training-A__gpt-5.6-luna__seed0,18,c939ccc1e6f4450290d0d9089b1ecf7f,4096,False,True,True,False
imo_1977_p6__training-A__gpt-5.6-luna__seed0,19,21370e5d4d9046358e31693891799629,4096,False,True,False,False
imo_1983_p6__training-A__gpt-5.6-luna__seed0,1,d1be2601557844f393befb6dd376809e,4096,False,False,False,False
imo_1983_p6__training-A__gpt-5.6-luna__seed0,2,0c28e58cdf0e4cbcb558032f70b02d4a,4096,False,False,False,False
imo_1983_p6__training-A__gpt-5.6-luna__seed0,3,c3654a867b284ac48d37bafc1c233e95,4096,False,False,True,False
imo_1983_p6__training-A__gpt-5.6-luna__seed0,4,769ab725366242cda8be6049c6b5a9b9,4096,False,False,True,False
imo_1983_p6__training-A__gpt-5.6-luna__seed0,5,7cea3df50624460ebe3e7bc5b191f54d,4096,False,False,True,False
imo_1983_p6__training-A__gpt-5.6-luna__seed0,6,cf81a22fe1414fbd8352ea52bd627b28,4096,False,False,True,False
imo_1983_p6__training-A__gpt-5.6-luna__seed0,7,47877656e3614f99a038d9bf2ab79a8b,4096,False,False,True,False
imo_1983_p6__training-A__gpt-5.6-luna__seed0,8,5f37420da2b5451d8d9caee59f07a2ad,4096,False,False,True,False
imo_1983_p6__training-A__gpt-5.6-luna__seed0,9,89a2a49c5cff47b7aef77c40d26f524c,4096,False,False,False,False
imo_1983_p6__training-A__gpt-5.6-luna__seed0,10,d3f5cbc089a945db972fa8053b106b10,4096,False,False,True,False
imo_1983_p6__training-A__gpt-5.6-luna__seed0,11,969c3956fd7744288dc73c1bc31954ab,4096,False,False,True,False
imo_1983_p6__training-A__gpt-5.6-luna__seed0,12,272f49b4904a4e58a63c11bf60cf8ddb,4096,False,False,True,False
imo_1983_p6__training-A__gpt-5.6-luna__seed0,13,0fe7b7adc8d34bf4a527dc0e8ed77328,4096,False,False,False,False
imo_1983_p6__training-A__gpt-5.6-luna__seed0,14,2c49a03c69094317bb50ae8591859b34,4096,False,False,True,False
induction_pord1p1on2powklt5on2__training-A__gpt-5.6-luna__seed0,1,ca7f9996bc7c4ac0b3715638c640eb46,4096,False,False,False,False
induction_pord1p1on2powklt5on2__training-A__gpt-5.6-luna__seed0,2,83a79fd594bd42c096c5cd32a2da4fb9,4096,False,False,True,False
induction_pord1p1on2powklt5on2__training-A__gpt-5.6-luna__seed0,3,250abf8badbf439489fcc74b7e5b61fb,4096,False,False,True,False
induction_pord1p1on2powklt5on2__training-A__gpt-5.6-luna__seed0,4,d63abc29c5c843e690bde11c3fb18aca,4096,False,False,False,False
induction_pord1p1on2powklt5on2__training-A__gpt-5.6-luna__seed0,5,30e8d910c51a415dbd646bb5e6d3ac86,4096,False,False,True,False
induction_pord1p1on2powklt5on2__training-A__gpt-5.6-luna__seed0,6,2161ee44958b46649960b560dd82c1ea,4096,False,False,False,False
induction_pord1p1on2powklt5on2__training-A__gpt-5.6-luna__seed0,7,7760aae1bf5348d6ab4f1aadcb0173b6,4096,False,False,False,False
induction_pord1p1on2powklt5on2__training-A__gpt-5.6-luna__seed0,8,16a00fb9df8c4c2d9b9ee5093ae0c3d9,4096,False,False,False,False
induction_pord1p1on2powklt5on2__training-A__gpt-5.6-luna__seed0,9,f30c612d22e349fa8f0485a9b1100689,4096,False,False,True,False
induction_pord1p1on2powklt5on2__training-A__gpt-5.6-luna__seed0,10,9a6f61efa9364965b5353b37c0be3c6a,4096,False,False,False,False
induction_pord1p1on2powklt5on2__training-A__gpt-5.6-luna__seed0,11,a548327072754b1d9bf09760ad22bfd2,4096,False,False,False,False
induction_pord1p1on2powklt5on2__training-A__gpt-5.6-luna__seed0,12,c94428831c934ab09c65b6b445e68c6b,4096,False,False,True,False
induction_pord1p1on2powklt5on2__training-A__gpt-5.6-luna__seed0,13,ef064244841b4467b995e6d73c162d03,4096,False,False,False,False
induction_pord1p1on2powklt5on2__training-A__gpt-5.6-luna__seed0,14,6596fd3d4d36481188a29b7323736b11,4096,False,False,True,False
induction_pord1p1on2powklt5on2__training-A__gpt-5.6-luna__seed0,15,1cc5762748e442b4b83cb4438171f2dc,4096,False,False,True,False
induction_pord1p1on2powklt5on2__training-A__gpt-5.6-luna__seed0,16,f1ddff4d087f4c4f93664a1ab3ba7e93,4096,False,False,True,False
induction_pord1p1on2powklt5on2__training-A__gpt-5.6-luna__seed0,17,ab5234c61e9b42f887ba084a0ff4155f,4096,False,False,False,False
induction_pord1p1on2powklt5on2__training-A__gpt-5.6-luna__seed0,18,fe8a14211d8f42168991aa82e931f805,4096,False,False,True,False
induction_pord1p1on2powklt5on2__training-A__gpt-5.6-luna__seed0,19,e0eff73e85304629a10815c3a5c95ad5,4096,False,False,True,False
induction_pord1p1on2powklt5on2__training-A__gpt-5.6-luna__seed0,20,a31d7854cb9f4518afd95065c79cea97,4096,False,False,True,False
induction_pord1p1on2powklt5on2__training-A__gpt-5.6-luna__seed0,21,e588cca0b25746e9886d92ab8b08a4b5,4096,False,True,True,False
induction_pord1p1on2powklt5on2__training-A__gpt-5.6-luna__seed0,22,4b512be2dc0148708f8e99aa72e96edf,4096,False,True,True,False
induction_pord1p1on2powklt5on2__training-A__gpt-5.6-luna__seed0,23,719bd892f8554d1a909cf4600984ac55,4096,False,True,True,False
mathd_algebra_185__training-A__gpt-5.6-luna__seed0,1,dab115156cb5473297250b1c8ff1391c,4096,False,False,False,False
mathd_algebra_185__training-A__gpt-5.6-luna__seed0,2,cccb2c21c6784dfab354e13eec550f4d,4096,False,False,False,False
mathd_algebra_185__training-A__gpt-5.6-luna__seed0,3,7ab11f03cf8c4e1d87d9ee48acffd79b,4096,False,False,False,False
mathd_algebra_185__training-A__gpt-5.6-luna__seed0,4,b2d2b83bf79f4287b280da7e6acd2c22,4096,False,False,False,False
mathd_algebra_185__training-A__gpt-5.6-luna__seed0,5,c1c6f9142d734d05af4c5283452c6bde,4096,False,False,False,False
mathd_algebra_185__training-A__gpt-5.6-luna__seed0,6,b87fb1b6660a4261b8831d3244d72f40,4096,False,False,True,False
mathd_algebra_185__training-A__gpt-5.6-luna__seed0,7,293b8d52eeec42a39d1674728affbfb6,4096,False,False,True,False
mathd_algebra_185__training-A__gpt-5.6-luna__seed0,8,aa970b816f384ff69af991b913ac9808,4096,False,False,True,False
mathd_algebra_185__training-A__gpt-5.6-luna__seed0,9,5a831c375f3f465da9d3614a54dfee46,4096,False,False,False,False
mathd_algebra_185__training-A__gpt-5.6-luna__seed0,10,9546db3dec184810b36bbda87eda0ca1,4096,False,False,True,False
mathd_algebra_185__training-A__gpt-5.6-luna__seed0,11,965767c526664de4acd9163a4ad10b6f,4096,False,False,False,False
mathd_algebra_185__training-A__gpt-5.6-luna__seed0,12,b214ec8553d34578b15ee2f639283662,4096,False,False,True,False
mathd_algebra_185__training-A__gpt-5.6-luna__seed0,13,e9f30f4332164eab905dee6db4525a3b,4096,False,False,False,False
mathd_algebra_185__training-A__gpt-5.6-luna__seed0,14,484e71258429483ebf450934c3874014,4096,False,False,True,False
mathd_algebra_185__training-A__gpt-5.6-luna__seed0,15,0728569709dc43639164dc7d208eca57,4096,False,False,True,False
mathd_algebra_185__training-A__gpt-5.6-luna__seed0,16,8cbbd511eafd402d86c4a98572ac15c8,4096,False,False,True,False
mathd_algebra_185__training-A__gpt-5.6-luna__seed0,17,4889e6696ac14251b89d3fc971905721,4096,False,False,True,False
mathd_algebra_185__training-A__gpt-5.6-luna__seed0,18,f69d544782b941db8785492377c4d24f,4096,False,False,True,False
mathd_algebra_185__training-A__gpt-5.6-luna__seed0,19,fcd3d8eb9b28474aafdacb33ebc62be2,4096,False,False,True,False
mathd_algebra_185__training-A__gpt-5.6-luna__seed0,20,b7c926722d7e4b17a1ec3c050b610c52,4096,False,True,False,False
mathd_algebra_185__training-A__gpt-5.6-luna__seed0,21,f09f73e6fa134a65a6985b5d0ebb7733,4096,False,True,False,False
mathd_algebra_185__training-A__gpt-5.6-luna__seed0,22,28a95fb5c27a40a597fc716daba33ece,4096,False,True,True,False
mathd_algebra_185__training-A__gpt-5.6-luna__seed0,23,cd9108744c904423b1cc8dcdbd762cb6,4096,False,True,True,False
mathd_algebra_185__training-A__gpt-5.6-luna__seed0,24,f72d82efc3dd4caea121ad8c6632154c,4096,False,True,False,False
mathd_algebra_185__training-A__gpt-5.6-luna__seed0,25,7fe99608d53c492985e5495616791345,4096,False,True,True,False
mathd_algebra_185__training-A__gpt-5.6-luna__seed0,26,402b1ef0fe454e95a78e06b73281c562,4096,False,True,False,False
mathd_algebra_206__training-A__gpt-5.6-luna__seed0,1,923efffc97b245cbb94e319ee2e08698,4096,False,False,True,False
mathd_algebra_206__training-A__gpt-5.6-luna__seed0,2,65944fd3f994406e995470112bd5fa8c,4096,False,False,False,False
mathd_algebra_206__training-A__gpt-5.6-luna__seed0,3,54d24a6e69b44c12853efca79d4956e2,4096,False,False,True,False
mathd_algebra_224__training-A__gpt-5.6-luna__seed0,1,8929c5a0918e4a6c8c72adc4e8f8bb65,4096,False,False,False,False
mathd_algebra_224__training-A__gpt-5.6-luna__seed0,2,e22fc72df90d49eaae1926b321d4be1b,4096,False,False,False,False
mathd_algebra_224__training-A__gpt-5.6-luna__seed0,3,49d032f8af1947cebdb5515f86e63315,4096,False,False,False,False
mathd_algebra_224__training-A__gpt-5.6-luna__seed0,4,65e5a1b59321499aba956adc7f128665,4096,False,False,False,False
mathd_algebra_224__training-A__gpt-5.6-luna__seed0,5,7aa42a8958b14cd598c2656c07048c7b,4096,False,False,False,False
mathd_algebra_224__training-A__gpt-5.6-luna__seed0,6,a2196a07f7bc419bb36cdbb9631953f7,4096,False,False,False,False
mathd_algebra_224__training-A__gpt-5.6-luna__seed0,7,c0ad4f9906b648c59596c34db8243b01,4096,False,False,True,False
mathd_algebra_224__training-A__gpt-5.6-luna__seed0,8,44f05f228a3c42e087e79bf4ed097ff5,4096,False,False,True,False
mathd_algebra_224__training-A__gpt-5.6-luna__seed0,9,61dd8327642d4fd78eb56336359f165f,4096,False,False,False,False
mathd_algebra_224__training-A__gpt-5.6-luna__seed0,10,0661a7961f4146d1873f52fff3584d78,4096,False,False,True,False
mathd_algebra_224__training-A__gpt-5.6-luna__seed0,11,295b79f1d1b74af390ef69e806b078e3,4096,False,False,True,False
mathd_algebra_224__training-A__gpt-5.6-luna__seed0,12,188c87b4fa6046c6b434df9097c22d44,4096,False,False,True,False
mathd_algebra_224__training-A__gpt-5.6-luna__seed0,13,4dfe1a8f65824c318e5513982a0c4d5d,4096,False,False,True,False
mathd_algebra_224__training-A__gpt-5.6-luna__seed0,14,7981ad4df76c488ba825962378b881f9,4096,False,False,True,False
mathd_algebra_224__training-A__gpt-5.6-luna__seed0,15,83094cad50b94ac99ff662f9055e4249,4096,False,False,True,False
mathd_algebra_224__training-A__gpt-5.6-luna__seed0,16,170e6654c30647eb872b1e6cf31ef9e8,4096,False,False,False,False
mathd_algebra_224__training-A__gpt-5.6-luna__seed0,17,cab18b64d4624d76b6d5557147c5ff25,4096,False,False,False,False
mathd_algebra_224__training-A__gpt-5.6-luna__seed0,18,e77e8b36b0794872b54fc10fdb7f8edc,4096,False,False,True,False
mathd_algebra_224__training-A__gpt-5.6-luna__seed0,19,605a8e6c6e4a47ab98a1c96c13074d4b,4096,False,False,True,False
mathd_algebra_224__training-A__gpt-5.6-luna__seed0,20,b77c71ea274c45bab6225d5dec5185a7,4096,False,False,True,False
mathd_algebra_224__training-A__gpt-5.6-luna__seed0,21,9819ba9f87ae4fe2946c1b7c8a4546ad,4096,False,False,True,False
mathd_algebra_224__training-A__gpt-5.6-luna__seed0,22,f0a4e05163d6410ea02a0a7c7bbbc8d4,4096,False,True,True,False
mathd_algebra_224__training-A__gpt-5.6-luna__seed0,23,c545507341254c8aab6d48d5dfa50a19,4096,False,True,False,False
mathd_algebra_224__training-A__gpt-5.6-luna__seed0,24,85715c8be7d54becbae3d8175ee7a07c,4096,False,True,False,False
mathd_algebra_224__training-A__gpt-5.6-luna__seed0,25,772366a64dcc4216a7c5e984f022eff4,4096,False,True,True,False
mathd_algebra_224__training-A__gpt-5.6-luna__seed0,26,74f06146305f4f7d977b037b9815e888,4096,False,True,True,False
mathd_algebra_224__training-A__gpt-5.6-luna__seed0,27,8295b70bde8c41cd8ce086938ff31020,4096,False,True,True,False
mathd_algebra_247__training-A__gpt-5.6-luna__seed0,1,af8d5eaf81f74967a95e3a7471640eb1,4096,False,False,True,False
mathd_algebra_247__training-A__gpt-5.6-luna__seed0,2,1adee117204541eea6ba671e4b067633,4096,False,False,True,False
mathd_algebra_247__training-A__gpt-5.6-luna__seed0,3,3e75eda3436440f6a6e6e8747a8aacc6,4096,False,False,True,False
mathd_algebra_247__training-A__gpt-5.6-luna__seed0,4,b4998de4766f453ab664b733a8285dae,4096,False,False,True,False
mathd_algebra_247__training-A__gpt-5.6-luna__seed0,5,ec84fee76ec54be68899c82b9fc6e63d,4096,False,False,True,False
mathd_algebra_247__training-A__gpt-5.6-luna__seed0,6,2a985230990b4518b9edddb28c756b7c,4096,False,False,False,False
mathd_algebra_247__training-A__gpt-5.6-luna__seed0,7,a77671e1d11149aaa3afc937f64f9cf7,4096,False,False,True,False
mathd_algebra_247__training-A__gpt-5.6-luna__seed0,8,07550df68f1f4199a9870b0ee946cb83,4096,False,False,True,False
mathd_algebra_247__training-A__gpt-5.6-luna__seed0,9,f13058361925486d9e60c21860558265,4096,False,False,True,False
mathd_algebra_28__training-A__gpt-5.6-luna__seed0,1,bfd794d736b640289612493acea43911,4096,False,False,True,False
mathd_algebra_28__training-A__gpt-5.6-luna__seed0,2,76ac76bea7e846d1a5ed78db4447de45,4096,False,False,True,False
mathd_algebra_28__training-A__gpt-5.6-luna__seed0,3,316e26161ac54a7496e93ef6e1530ce8,4096,False,False,False,False
mathd_algebra_28__training-A__gpt-5.6-luna__seed0,4,2102f28905f64741a5fcb153fa0d5e99,4096,False,False,True,False
mathd_algebra_28__training-A__gpt-5.6-luna__seed0,5,b0325799a73a4977b168471dc3c2f0ea,4096,False,False,True,False
mathd_algebra_28__training-A__gpt-5.6-luna__seed0,6,b99f462de31747a98d19c2f26d90c0fb,4096,False,False,True,False
mathd_algebra_28__training-A__gpt-5.6-luna__seed0,7,576fd9a3a9154d94b69e48bd625375d0,4096,False,False,False,False
mathd_algebra_28__training-A__gpt-5.6-luna__seed0,8,c26fdb56c28546efa73c14405a03c571,4096,False,False,True,False
mathd_algebra_323__training-A__gpt-5.6-luna__seed0,1,404fe8c275194766abdcdbd7974e5342,4096,False,False,True,False
mathd_algebra_323__training-A__gpt-5.6-luna__seed0,2,ed03eaad62d9444eb93330e8bb105084,4096,False,False,False,False
mathd_algebra_323__training-A__gpt-5.6-luna__seed0,3,54517670001e4c69be6e1035b6bde96e,4096,False,False,True,False
mathd_algebra_323__training-A__gpt-5.6-luna__seed0,4,854847eaa3194bbeb265a05cfb7a703f,4096,False,False,False,False
mathd_algebra_323__training-A__gpt-5.6-luna__seed0,5,7bb940dc1e1f4cee8340f35408c1b718,4096,False,False,True,False
mathd_algebra_37__training-A__gpt-5.6-luna__seed0,1,eadcf6bdc055479b88a9b5f0ff4cc2c1,4096,False,False,True,False
mathd_algebra_410__training-A__gpt-5.6-luna__seed0,1,daf6b472f6814231a90cfa27c6453545,4096,False,False,True,False
mathd_algebra_43__training-A__gpt-5.6-luna__seed0,1,d94656dd3d544fa6be3750dcbf775381,4096,False,False,True,False
mathd_numbertheory_221__training-A__gpt-5.6-luna__seed0,1,ecf7f9cd6f20420ba11470ae05709323,4096,False,False,True,False
mathd_numbertheory_301__training-A__gpt-5.6-luna__seed0,1,0930a71bbf634fccaa9d0968fccde8a2,4096,False,False,False,False
mathd_numbertheory_301__training-A__gpt-5.6-luna__seed0,2,d2c3ccfd62eb4a97b92b5b587db939b5,4096,False,False,False,False
mathd_numbertheory_301__training-A__gpt-5.6-luna__seed0,3,d52730ed2dee4da19e6067b7fbeae0a3,4096,False,False,False,False
mathd_numbertheory_301__training-A__gpt-5.6-luna__seed0,4,4da5bf5aa9694a0385df89e941ec3d84,4096,False,False,True,False
mathd_numbertheory_326__training-A__gpt-5.6-luna__seed0,1,0963fc2d3930474f80f030caea167693,4096,False,False,True,False
mathd_numbertheory_35__training-A__gpt-5.6-luna__seed0,1,390c55ed547240ddba3ba08bec4638db,4096,False,False,True,False
mathd_numbertheory_403__training-A__gpt-5.6-luna__seed0,1,89db16554f3f4ffaa494dd1c1e8d9732,4096,False,False,True,False
mathd_numbertheory_42__training-A__gpt-5.6-luna__seed0,1,a94fa10838884aa3947d7f8756ecef9b,4096,False,False,False,False
mathd_numbertheory_42__training-A__gpt-5.6-luna__seed0,2,6b9332d3ca704e58b5e709b4e39cec24,4096,False,False,True,False
mathd_numbertheory_458__training-A__gpt-5.6-luna__seed0,1,c265228d487144118fc6a9412b5c4159,4096,False,False,False,False
mathd_numbertheory_458__training-A__gpt-5.6-luna__seed0,2,254f986a9b684a2a9954d111a0051fdb,4096,False,False,True,False
mathd_numbertheory_458__training-A__gpt-5.6-luna__seed0,3,168bf79700144182ae631322a690ccf9,4096,False,False,False,False
mathd_numbertheory_458__training-A__gpt-5.6-luna__seed0,4,4af6baed18ea465980650884e1ce4f98,4096,False,False,True,False
mathd_numbertheory_48__training-A__gpt-5.6-luna__seed0,1,c0ab84e8a9df4cdfb7a021d3013e1b88,4096,False,False,True,False
mathd_numbertheory_48__training-A__gpt-5.6-luna__seed0,2,ed2e98fdff9141ceb786dc0ac372d723,4096,False,False,False,False
mathd_numbertheory_48__training-A__gpt-5.6-luna__seed0,3,82789385476a466a8409c6ab7c8c378a,4096,False,False,False,False
mathd_numbertheory_48__training-A__gpt-5.6-luna__seed0,4,0edbc4df1d1f4e87b114931a3dea5e43,4096,False,False,True,False
mathd_numbertheory_48__training-A__gpt-5.6-luna__seed0,5,cb32fae6fd02494e8a1f6b1f6195029e,4096,False,False,True,False
mathd_numbertheory_48__training-A__gpt-5.6-luna__seed0,6,1b6e6e4a84744aa594fef80f221232b8,4096,False,False,True,False
mathd_numbertheory_48__training-A__gpt-5.6-luna__seed0,7,c90172e8d6e847d4822eea68c8b4b487,4096,False,False,True,False
mathd_numbertheory_48__training-A__gpt-5.6-luna__seed0,8,43c33747c5e944f986aea02454801092,4096,False,False,True,False
mathd_numbertheory_48__training-A__gpt-5.6-luna__seed0,9,6f0babf07d104815bc89ca1f3828475e,4096,False,False,True,False
mathd_numbertheory_629__training-A__gpt-5.6-luna__seed0,1,29d7df12665a4370b8057a1716fa58b4,4096,False,False,False,False
mathd_numbertheory_629__training-A__gpt-5.6-luna__seed0,2,e291f83ddf6b4c86bf276a5063bcd138,4096,False,False,False,False
mathd_numbertheory_629__training-A__gpt-5.6-luna__seed0,3,ac24f87510cb48649b551489aba77938,4096,False,False,True,False
mathd_numbertheory_629__training-A__gpt-5.6-luna__seed0,4,1f611c11918041ffbee9e2c5462545ae,4096,False,False,True,False
mathd_numbertheory_629__training-A__gpt-5.6-luna__seed0,5,24f6ff855b4b4f37b305662c26bd6eea,4096,False,False,True,False
mathd_numbertheory_629__training-A__gpt-5.6-luna__seed0,6,f5ce480ce5804e2f9805f7f7f4412614,4096,False,False,True,False
mathd_numbertheory_629__training-A__gpt-5.6-luna__seed0,7,c82fecdf72c04e72be16abf7760bf8d5,4096,False,False,True,False
mathd_numbertheory_629__training-A__gpt-5.6-luna__seed0,8,054c7b56fe914dbdb7f83204b8a3bf17,4096,False,False,False,False
mathd_numbertheory_629__training-A__gpt-5.6-luna__seed0,9,e20a4f7305204e8cb88f66d8d57f663e,4096,False,False,True,False
mathd_numbertheory_629__training-A__gpt-5.6-luna__seed0,10,8be0421c8e5c4e228305d7114cdd8320,4096,False,False,True,False
mathd_numbertheory_629__training-A__gpt-5.6-luna__seed0,11,eb228b5a4ef14974a886368a22377b17,4096,False,False,True,False
mathd_numbertheory_629__training-A__gpt-5.6-luna__seed0,12,f02352f1da7042dcb5f3234bb2488687,4096,False,False,True,False
mathd_numbertheory_629__training-A__gpt-5.6-luna__seed0,13,60cdc34e087b4dccafa3f14146c412c2,4096,False,False,True,False
mathd_numbertheory_629__training-A__gpt-5.6-luna__seed0,14,d28e257ee44148ed8e1cc350b20bf142,4096,False,False,True,False
mathd_numbertheory_629__training-A__gpt-5.6-luna__seed0,15,5cc78aef82924e1e99a16db0b5f8305d,4096,False,False,True,False
mathd_numbertheory_629__training-A__gpt-5.6-luna__seed0,16,e02b69c178854cda809a34d0cf6c3937,4096,False,True,False,False
mathd_numbertheory_629__training-A__gpt-5.6-luna__seed0,17,b4a94043d17b43998728529bb5463494,4096,False,True,False,False
mathd_numbertheory_629__training-A__gpt-5.6-luna__seed0,18,81acaaaac8e54eb78a25582ceefffad7,4096,False,True,True,False
mathd_numbertheory_629__training-A__gpt-5.6-luna__seed0,19,44d33aab6df54a44bdae6fabe157258c,4096,False,True,True,False
mathd_numbertheory_629__training-A__gpt-5.6-luna__seed0,20,e90f1849bad1484cbcd148747ce16753,4096,False,True,True,False
mathd_numbertheory_629__training-A__gpt-5.6-luna__seed0,21,d560ef448862424eaec17a85700d7440,4096,False,True,True,False
mathd_numbertheory_629__training-A__gpt-5.6-luna__seed0,22,f2fb6a27f2bc4c988cd139ef86bfd81d,4096,False,True,True,False
aime_1984_p1__training-B__gpt-5.6-luna__seed0,1,8606f9fb8f23418ca2d95991c378b59a,32768,False,False,False,False
aime_1984_p1__training-B__gpt-5.6-luna__seed0,2,903dd93f2c6e4b5b8de823ff96dce160,32768,False,False,False,False
aime_1984_p1__training-B__gpt-5.6-luna__seed0,3,7cc894fbcd634693ac02e72114b65467,32768,False,False,False,False
aime_1984_p1__training-B__gpt-5.6-luna__seed0,4,20570395b42c41f38122ebf384a92ba7,32768,False,False,True,False
aime_1984_p1__training-B__gpt-5.6-luna__seed0,5,c29dbb3624c34783a0b4c22967213cb4,32768,True,False,True,False
aime_1984_p1__training-B__gpt-5.6-luna__seed0,6,09b7649568c2462594f7d84a3474e4fb,32768,True,False,False,False
aime_1984_p1__training-B__gpt-5.6-luna__seed0,7,167d99935a494a4bb9f9377a0fec2642,32768,True,False,True,False
aime_1984_p1__training-B__gpt-5.6-luna__seed0,8,b859b7c0a8654d74810ae472abd327dc,32768,True,False,True,False
aime_1984_p1__training-B__gpt-5.6-luna__seed0,9,17f596284ae043379a339e56db31440e,32768,True,False,True,False
aime_1984_p1__training-B__gpt-5.6-luna__seed0,10,a8098e52de5640b0b2caa49acb6ebfc0,32768,True,False,True,False
aime_1984_p1__training-B__gpt-5.6-luna__seed0,11,03552e66c9334de1a078cd37ee4b279f,32768,True,False,True,False
aime_1984_p1__training-B__gpt-5.6-luna__seed0,12,2d81ce18ce1e41ada51ea3b395a214ca,32768,True,False,True,False
aime_1984_p1__training-B__gpt-5.6-luna__seed0,13,4fd2346ba4764d16a32ab30a84840ffb,32768,True,False,True,False
aime_1984_p1__training-B__gpt-5.6-luna__seed0,14,957c727fb31046a585731e7010ebbad7,32768,True,False,True,False
aime_1984_p1__training-B__gpt-5.6-luna__seed0,15,8eb93e3c5efd42bc99b53b27caa8ec1c,32768,True,False,True,False
aime_1988_p3__training-B__gpt-5.6-luna__seed0,1,82a0db670d9442579ccd0a0c9f3a8d95,32768,False,False,False,False
aime_1988_p3__training-B__gpt-5.6-luna__seed0,2,e13f300d5e7d4b448c74b6e33f0b69af,32768,False,False,False,False
aime_1988_p3__training-B__gpt-5.6-luna__seed0,3,911e316fb44f4820a8a82c881984d08e,32768,False,False,False,False
aime_1988_p3__training-B__gpt-5.6-luna__seed0,4,5e42cf3ce71e4deb8586503fa396131a,32768,False,False,True,False
aime_1988_p3__training-B__gpt-5.6-luna__seed0,5,d402b55518824fde83f43d0255a92f33,32768,True,False,False,False
aime_1988_p3__training-B__gpt-5.6-luna__seed0,6,1d78e0c2755c40839c5dd451968257bd,32768,True,False,True,False
aime_1988_p3__training-B__gpt-5.6-luna__seed0,7,a60fa03afaad426682b0cface0b71961,32768,True,False,True,False
aime_1988_p3__training-B__gpt-5.6-luna__seed0,8,12604949e7294555a93f0e51c02240b1,32768,True,False,True,False
aime_1988_p3__training-B__gpt-5.6-luna__seed0,9,cfe94702a3dd46ec9b282ec65f5a0c4e,32768,True,False,True,False
aime_1988_p3__training-B__gpt-5.6-luna__seed0,10,68eb509182f94861865ddc8583a517d9,32768,True,False,True,False
aime_1988_p3__training-B__gpt-5.6-luna__seed0,11,3a59ad02123249c08a53466fc42be9e6,32768,True,False,True,False
aime_1988_p3__training-B__gpt-5.6-luna__seed0,12,1fe4db3f78b74329b3a498dfa54dbc65,32768,True,False,True,False
aime_1988_p3__training-B__gpt-5.6-luna__seed0,13,426d723dec3f482693e8d0db7e58638a,32768,True,False,False,False
aime_1988_p3__training-B__gpt-5.6-luna__seed0,14,fc43130721b44bc0a66bada342792b4d,32768,True,False,True,False
aime_1988_p3__training-B__gpt-5.6-luna__seed0,15,6198e5c5ab1a4fbdadfd879ddd859133,32768,True,False,True,False
aime_1988_p3__training-B__gpt-5.6-luna__seed0,16,4de8a6b55b0b49d987390ed9155a5d89,32768,True,False,True,False
aime_1988_p3__training-B__gpt-5.6-luna__seed0,17,7781aae9dc1f4680bde05a598b51ea6e,32768,True,False,False,False
aime_1988_p8__training-B__gpt-5.6-luna__seed0,1,a096d07ee95840bba1f37e9d9ac5923b,32768,False,False,True,False
aime_1988_p8__training-B__gpt-5.6-luna__seed0,2,b23df7e66fe046f8ad388c2e081868e5,32768,True,False,True,False
aime_1990_p4__training-B__gpt-5.6-luna__seed0,1,dbbeeb32eca24776bfa365237582a670,32768,False,False,True,False
aime_1990_p4__training-B__gpt-5.6-luna__seed0,2,68c611a75e0543bdb0ba8de725e15d36,32768,True,False,True,False
aime_1990_p4__training-B__gpt-5.6-luna__seed0,3,4a1ceac972554a839de79f5e13870f79,32768,True,False,False,False
aime_1990_p4__training-B__gpt-5.6-luna__seed0,4,47bde98039fb41dc8d9d44eec8c4a535,32768,True,False,False,False
aime_1990_p4__training-B__gpt-5.6-luna__seed0,5,bbf1fbac953643ef8b47224598e05ef0,32768,True,False,False,False
aime_1990_p4__training-B__gpt-5.6-luna__seed0,6,29202bf78a58479e898a35504171b50f,32768,True,False,False,False
aime_1990_p4__training-B__gpt-5.6-luna__seed0,7,c2160669c7b64b66b467a4fd68505a63,32768,True,False,True,False
aime_1990_p4__training-B__gpt-5.6-luna__seed0,8,707dafe34fec45dd8edb7c0c9fc92304,32768,True,False,True,False
aime_1990_p4__training-B__gpt-5.6-luna__seed0,9,ce3dfcac54ce424fad283e94dc6b8f37,32768,True,False,True,False
aime_1990_p4__training-B__gpt-5.6-luna__seed0,10,1867858639f64716ae99e0c83df7eca3,32768,True,False,True,False
aime_1990_p4__training-B__gpt-5.6-luna__seed0,11,d2209aa2d2cc4ed9859973c8ed3305e5,32768,True,False,False,False
aime_1990_p4__training-B__gpt-5.6-luna__seed0,12,3482a135c4c14cfb85d2199541e0d622,32768,True,False,True,False
aime_1990_p4__training-B__gpt-5.6-luna__seed0,13,8d291761ed294b1295b276dcefb684ba,32768,True,False,True,False
aime_1990_p4__training-B__gpt-5.6-luna__seed0,14,4de9a6ddaf4b410a9c647021a6ba8472,32768,True,False,True,False
algebra_amgm_sum1toneqn_prod1tonleq1__training-B__gpt-5.6-luna__seed0,1,3bb0cc817fae417f853ef50f15ec782f,32768,False,False,False,False
algebra_amgm_sum1toneqn_prod1tonleq1__training-B__gpt-5.6-luna__seed0,2,cbc045cfbf4443199b63a3ebfc1ae9f6,32768,False,False,False,False
algebra_amgm_sum1toneqn_prod1tonleq1__training-B__gpt-5.6-luna__seed0,3,439bf97ac49a46ad914f540c76156d4c,32768,False,False,False,False
algebra_amgm_sum1toneqn_prod1tonleq1__training-B__gpt-5.6-luna__seed0,4,a0238767437f487c9b799c4a40e57492,32768,False,False,False,False
algebra_amgm_sum1toneqn_prod1tonleq1__training-B__gpt-5.6-luna__seed0,5,a674db08d15342f8a4a1a39ab34bb340,32768,False,False,True,False
algebra_amgm_sum1toneqn_prod1tonleq1__training-B__gpt-5.6-luna__seed0,6,a74162ccabb541b38fdf7db1b9ddb34d,32768,True,False,False,False
algebra_amgm_sum1toneqn_prod1tonleq1__training-B__gpt-5.6-luna__seed0,7,99995d85454c453c97e24c8a1b081100,32768,True,False,False,False
algebra_amgm_sum1toneqn_prod1tonleq1__training-B__gpt-5.6-luna__seed0,8,81ff719e1ed54b4bb004dcea043bd0fe,32768,True,False,False,False
algebra_amgm_sum1toneqn_prod1tonleq1__training-B__gpt-5.6-luna__seed0,9,8079d10b9c9e4f4b86e4c7db24717202,32768,True,False,False,False
algebra_amgm_sum1toneqn_prod1tonleq1__training-B__gpt-5.6-luna__seed0,10,a4d13f97b580461786fa422f65d193af,32768,True,False,False,False
algebra_amgm_sum1toneqn_prod1tonleq1__training-B__gpt-5.6-luna__seed0,11,a9583862fd2c4a0a8af5a1f786a6ca1c,32768,True,False,False,False
algebra_amgm_sum1toneqn_prod1tonleq1__training-B__gpt-5.6-luna__seed0,12,e580fdc7df8c4913914b096569a06ba3,32768,True,False,True,False
algebra_amgm_sum1toneqn_prod1tonleq1__training-B__gpt-5.6-luna__seed0,13,78462631dfd74d2f82e9922aff0b43cd,32768,True,False,False,False
algebra_amgm_sum1toneqn_prod1tonleq1__training-B__gpt-5.6-luna__seed0,14,a17a387d02d146bfabf5b302974b4a26,32768,True,False,False,False
algebra_amgm_sum1toneqn_prod1tonleq1__training-B__gpt-5.6-luna__seed0,15,c3bfb779146149a980b45035ba9b37f6,32768,True,False,False,False
algebra_amgm_sum1toneqn_prod1tonleq1__training-B__gpt-5.6-luna__seed0,16,93332d3c38e441678cbe4febb46b8126,32768,True,False,True,False
algebra_amgm_sum1toneqn_prod1tonleq1__training-B__gpt-5.6-luna__seed0,17,15af5f14d26a41d7836e298dbebd014d,32768,True,False,False,False
algebra_amgm_sum1toneqn_prod1tonleq1__training-B__gpt-5.6-luna__seed0,18,f37f621b9f6549b3b6d934864aed7159,32768,True,False,False,False
algebra_amgm_sum1toneqn_prod1tonleq1__training-B__gpt-5.6-luna__seed0,19,a9a8c34ed87b44ac8b3be6e481a103cf,32768,True,False,False,False
algebra_amgm_sum1toneqn_prod1tonleq1__training-B__gpt-5.6-luna__seed0,20,6d48c7f27e0e4e588eca44f85fdc0c17,32768,True,False,False,False
algebra_amgm_sum1toneqn_prod1tonleq1__training-B__gpt-5.6-luna__seed0,21,fc2da936e0a1475abf62811871032c97,32768,True,False,True,False
algebra_amgm_sum1toneqn_prod1tonleq1__training-B__gpt-5.6-luna__seed0,22,b5356386d0854a5497fe741d583cfec6,32768,True,False,True,False
algebra_amgm_sum1toneqn_prod1tonleq1__training-B__gpt-5.6-luna__seed0,23,8d31ddc9ec1b4cf1bc73f501e7e14499,32768,True,False,True,False
algebra_amgm_sum1toneqn_prod1tonleq1__training-B__gpt-5.6-luna__seed0,24,246ffad969ae4aed8ecdc2a09e6abb43,32768,True,False,True,False
algebra_amgm_sum1toneqn_prod1tonleq1__training-B__gpt-5.6-luna__seed0,25,b3df20e05a8a4af7a18d22c2d90375b3,32768,True,False,False,False
amc12_2000_p1__training-B__gpt-5.6-luna__seed0,1,e5e29bf4060c48f49fa14aff42043fb4,32768,False,False,False,False
amc12_2000_p1__training-B__gpt-5.6-luna__seed0,2,0343fff0edae4bad909a863730e7f15a,32768,False,False,True,False
amc12_2000_p1__training-B__gpt-5.6-luna__seed0,3,017cb7a50ba8408b96b9b2f4a39ec852,32768,True,False,True,False
amc12_2000_p1__training-B__gpt-5.6-luna__seed0,4,fd9f53394183492d847f379b09c09562,32768,True,False,True,False
amc12_2000_p1__training-B__gpt-5.6-luna__seed0,5,ccaf0a6061da4d20904d4c420730b5a8,32768,True,False,True,False
amc12_2000_p1__training-B__gpt-5.6-luna__seed0,6,52f8eb83898f4545af83c29f4a5e5fa6,32768,True,False,False,False
amc12_2000_p1__training-B__gpt-5.6-luna__seed0,7,112a8b9c924d4273ae2395fac1715a66,32768,True,False,True,False
amc12_2000_p1__training-B__gpt-5.6-luna__seed0,8,8f93fc43540244b68f42ede9230cc341,32768,True,False,True,False
amc12_2000_p1__training-B__gpt-5.6-luna__seed0,9,9bc8b9b433294a7fb82cba03b24c2704,32768,True,False,True,False
amc12_2000_p1__training-B__gpt-5.6-luna__seed0,10,e543575f34be4ecbac5dab9b95015a40,32768,True,False,False,False
amc12_2000_p1__training-B__gpt-5.6-luna__seed0,11,1f10364c91e54591b46b60831dae6bcf,32768,True,False,True,False
amc12_2000_p1__training-B__gpt-5.6-luna__seed0,12,60893e8bf3ed4bc0a436d6bfcbc1b054,32768,True,False,True,False
amc12_2000_p1__training-B__gpt-5.6-luna__seed0,13,5611da5acb68463ea3123c10f25d589f,32768,True,False,True,False
amc12_2000_p1__training-B__gpt-5.6-luna__seed0,14,84c203f5aca74c039d49f50e77cb7492,32768,True,False,False,False
amc12_2000_p6__training-B__gpt-5.6-luna__seed0,1,343ba71da82d4865b0b71115022589b3,32768,False,False,True,False
amc12_2000_p6__training-B__gpt-5.6-luna__seed0,2,fa9e15dc18c64b1b84177dc4ea25f1c7,32768,True,False,False,False
amc12_2000_p6__training-B__gpt-5.6-luna__seed0,3,8ca28f7168bf4bcb8a3c3037a6ce6811,32768,True,False,True,False
amc12_2000_p6__training-B__gpt-5.6-luna__seed0,4,da206d10e3d14a70be4c4b8f9a49121a,32768,True,False,False,False
amc12_2000_p6__training-B__gpt-5.6-luna__seed0,5,bd01c15ad74c4642adf5df907ca1a3fb,32768,True,False,False,False
amc12_2000_p6__training-B__gpt-5.6-luna__seed0,6,d11ce5ac08654425b0a568e3682f42d7,32768,True,False,True,False
amc12_2000_p6__training-B__gpt-5.6-luna__seed0,7,069d2113b8ea4ebaace00543a4870a5b,32768,True,False,True,False
amc12_2000_p6__training-B__gpt-5.6-luna__seed0,8,18c072057a46444b99ad30ddb5427ecf,32768,True,False,True,False
amc12_2000_p6__training-B__gpt-5.6-luna__seed0,9,e26991abf4ad44d8896d0c527dfc1f47,32768,True,False,True,False
amc12_2000_p6__training-B__gpt-5.6-luna__seed0,10,f5ab4358d4344ea58caa1ccd8ff919c6,32768,True,False,False,False
amc12_2000_p6__training-B__gpt-5.6-luna__seed0,11,33c1924976574fe98cbc1c30a7a803f6,32768,True,False,False,False
amc12_2000_p6__training-B__gpt-5.6-luna__seed0,12,d798f2e6de334bfaa2642e4a919532c1,32768,True,False,False,False
amc12_2000_p6__training-B__gpt-5.6-luna__seed0,13,e449c2c9d42c416399f6c3ba191db507,32768,True,False,False,False
amc12_2000_p6__training-B__gpt-5.6-luna__seed0,14,370503ff6ddf4093a24e6482ccf4f9f2,32768,True,False,False,False
amc12_2000_p6__training-B__gpt-5.6-luna__seed0,15,55a997e22af4431c90edd1d4d6fb0d3e,32768,True,False,False,False
amc12_2000_p6__training-B__gpt-5.6-luna__seed0,16,42f7586c3fd9485c835b8c670b253d29,32768,True,False,True,False
amc12_2000_p6__training-B__gpt-5.6-luna__seed0,17,27056c55e53948e7aebeb44cb61f1887,32768,True,False,True,False
amc12a_2002_p13__training-B__gpt-5.6-luna__seed0,1,2e7ba05f0b57401c8a09f8b9906932d3,32768,False,False,False,False
amc12a_2002_p13__training-B__gpt-5.6-luna__seed0,2,8ca604954af04615bf040541d15fe475,32768,False,False,False,False
amc12a_2002_p13__training-B__gpt-5.6-luna__seed0,3,63c60c4a66b74bb2b22e5fee8478f976,32768,False,False,False,False
amc12a_2002_p13__training-B__gpt-5.6-luna__seed0,4,b74aa834271c48c49a82c2f38b2f3998,32768,False,False,False,False
amc12a_2002_p13__training-B__gpt-5.6-luna__seed0,5,05189374a6bb4eacbf2172e15fce7535,32768,False,False,False,False
amc12a_2002_p13__training-B__gpt-5.6-luna__seed0,6,aff3eb152fb64d50ba3e9296582361d0,32768,False,False,False,False
amc12a_2002_p13__training-B__gpt-5.6-luna__seed0,7,1e45ad94ee9a439c905733e5b6127fd3,32768,False,False,False,False
amc12a_2002_p13__training-B__gpt-5.6-luna__seed0,8,218b8a095e384c3d9c6364caae24ddb5,32768,False,False,True,False
amc12a_2002_p13__training-B__gpt-5.6-luna__seed0,9,4c890deb355f4f09bb9c0d233f5ef1b2,32768,True,False,True,False
amc12a_2002_p13__training-B__gpt-5.6-luna__seed0,10,382b33e446f346849ddbd808f6b88470,32768,True,False,False,False
amc12a_2002_p13__training-B__gpt-5.6-luna__seed0,11,ffa81ff0907a4be78c98213b5f5395c5,32768,True,False,True,False
amc12a_2002_p13__training-B__gpt-5.6-luna__seed0,12,73f88f5d5f7b4e71bff4c0b7538b4b84,32768,True,False,True,False
amc12a_2002_p13__training-B__gpt-5.6-luna__seed0,13,2abd5b3b729244cca412223b6146a333,32768,True,False,True,False
amc12a_2002_p13__training-B__gpt-5.6-luna__seed0,14,5d5aaa70778f448f984f601fd328a7ff,32768,True,False,True,False
amc12a_2002_p13__training-B__gpt-5.6-luna__seed0,15,6777045a19304dc28747b4b1e99c47eb,32768,True,False,False,False
amc12a_2002_p13__training-B__gpt-5.6-luna__seed0,16,f7b6847a7a594c2cb6ccac8f0ef445f6,32768,True,False,True,False
amc12a_2002_p13__training-B__gpt-5.6-luna__seed0,17,2781b4df7d96472ea316e7bd150dd58a,32768,True,False,False,False
amc12a_2002_p13__training-B__gpt-5.6-luna__seed0,18,013d8c2ef8704df9bf2959aaf8df973a,32768,True,False,True,False
amc12a_2002_p13__training-B__gpt-5.6-luna__seed0,19,88994e26b5c24c21ae8f3c4b4eafd545,32768,True,False,False,False
amc12a_2002_p13__training-B__gpt-5.6-luna__seed0,20,94f0152a10594ce9836da1499abf0afa,32768,True,False,False,False
amc12a_2002_p13__training-B__gpt-5.6-luna__seed0,21,8ef8abd5ffae412d8309bec7d3b9b199,32768,True,False,True,False
amc12a_2002_p13__training-B__gpt-5.6-luna__seed0,22,2817f428be694ff790c204c17583a8bb,32768,True,False,True,False
amc12a_2002_p13__training-B__gpt-5.6-luna__seed0,23,71f261b90211472a917769a5ce4e03a9,32768,True,False,True,False
amc12a_2003_p1__training-B__gpt-5.6-luna__seed0,1,b9d869fc3684488fa4a3bb0cedffc839,32768,False,False,True,False
amc12a_2003_p1__training-B__gpt-5.6-luna__seed0,2,59ea0e2d9ecd4ff78349c6e55fb3a0b4,32768,True,False,True,False
amc12a_2003_p1__training-B__gpt-5.6-luna__seed0,3,f3802450899a4270a50370ecb98b13de,32768,True,False,True,False
amc12a_2003_p1__training-B__gpt-5.6-luna__seed0,4,b30acf7ddcf741078445f78919f0504f,32768,True,False,False,False
amc12a_2003_p1__training-B__gpt-5.6-luna__seed0,5,a63387785e2a4dbfaedafdd76120e89b,32768,True,False,False,False
amc12a_2003_p1__training-B__gpt-5.6-luna__seed0,6,cb958dd853a04075bf87b746b152e0cb,32768,True,False,True,False
amc12a_2003_p1__training-B__gpt-5.6-luna__seed0,7,a798aa16512143539540e0fe285af3d0,32768,True,False,True,False
amc12a_2003_p1__training-B__gpt-5.6-luna__seed0,8,d7eab7d2635b49edac1923481ce8a4bd,32768,True,False,True,False
amc12a_2003_p1__training-B__gpt-5.6-luna__seed0,9,484783fad95d43e8a7fbf19fe71b5f16,32768,True,False,True,False
amc12a_2003_p1__training-B__gpt-5.6-luna__seed0,10,0b61d3a8db2f4cfab4a0ee1094a037b2,32768,True,False,True,False
amc12a_2003_p1__training-B__gpt-5.6-luna__seed0,11,e8df594aab6d403aba57ac253f001e6d,32768,True,False,True,False
amc12a_2013_p7__training-B__gpt-5.6-luna__seed0,1,725ef1e4e89d42058be6e960d77d54e1,32768,False,False,True,False
amc12a_2013_p7__training-B__gpt-5.6-luna__seed0,2,d0e025e22fe54c188607c152cd51dd13,32768,True,False,True,False
amc12a_2016_p2__training-B__gpt-5.6-luna__seed0,1,806a48b6cd1b40cea3715150112a49a1,32768,False,False,False,False
amc12a_2016_p2__training-B__gpt-5.6-luna__seed0,2,63f6053d5fcf41fd9846f74f48fa6938,32768,False,False,False,False
amc12a_2016_p2__training-B__gpt-5.6-luna__seed0,3,40dc0352f5c944a3a2b5503304e43b30,32768,False,False,False,False
amc12a_2016_p2__training-B__gpt-5.6-luna__seed0,4,7225f27268c4434caf69946731b8d943,32768,False,False,False,False
amc12a_2016_p2__training-B__gpt-5.6-luna__seed0,5,735f383433cd4fe6a6311092fe89c233,32768,False,False,True,False
amc12a_2016_p2__training-B__gpt-5.6-luna__seed0,6,3c291b67ef5f4b8499d50b4d85c3ba70,32768,True,False,True,False
amc12a_2016_p2__training-B__gpt-5.6-luna__seed0,7,accd8a8d210c4c88b140e8658ec12bfc,32768,True,False,True,False
amc12a_2016_p2__training-B__gpt-5.6-luna__seed0,8,cef99deca9fc40a995c616d24d8e9455,32768,True,False,True,False
amc12a_2016_p2__training-B__gpt-5.6-luna__seed0,9,a5313a20768944f0903bebc892aa14e3,32768,True,False,True,False
amc12a_2016_p2__training-B__gpt-5.6-luna__seed0,10,044eabb744c44ac2b6c96c7af9c2efc2,32768,True,False,True,False
amc12a_2016_p2__training-B__gpt-5.6-luna__seed0,11,925a027570234ec8b4cca67c770bdf4e,32768,True,False,True,False
amc12a_2016_p2__training-B__gpt-5.6-luna__seed0,12,bcd6ae5b624143d3ad86f8a378200400,32768,True,False,True,False
amc12a_2016_p2__training-B__gpt-5.6-luna__seed0,13,cb5147fb4e4a4bdaa78639edeb7fb03f,32768,True,False,True,False
amc12a_2016_p2__training-B__gpt-5.6-luna__seed0,14,3d73cbad074a437c8f2af75ac2a10fe6,32768,True,False,True,False
amc12a_2017_p7__training-B__gpt-5.6-luna__seed0,1,b9858d6ea9cc4320b3dc598ef2029c9d,32768,False,False,False,False
amc12a_2017_p7__training-B__gpt-5.6-luna__seed0,2,31ab891b25aa433486179a5b11a0b74e,32768,False,False,False,False
amc12a_2017_p7__training-B__gpt-5.6-luna__seed0,3,8f9fed3ff76d46b8a514d93a387c841c,32768,False,False,True,False
amc12a_2017_p7__training-B__gpt-5.6-luna__seed0,4,d4c59f8cb2064a46b03c1dba4c99abc8,32768,True,False,True,False
amc12a_2017_p7__training-B__gpt-5.6-luna__seed0,5,0025a1d82003416795a3281a9f639a95,32768,True,False,True,False
amc12a_2017_p7__training-B__gpt-5.6-luna__seed0,6,2d91560ce98c44d2b4b54100e85b9e7b,32768,True,False,True,False
amc12a_2017_p7__training-B__gpt-5.6-luna__seed0,7,f95c0d42455141649aea8f9404edbf10,32768,True,False,False,False
amc12a_2017_p7__training-B__gpt-5.6-luna__seed0,8,2394210cec5b4db294267a0913ecb50f,32768,True,False,True,False
amc12a_2017_p7__training-B__gpt-5.6-luna__seed0,9,2e06f9ad61774796b55f48a121f825c6,32768,True,False,True,False
amc12a_2020_p13__training-B__gpt-5.6-luna__seed0,1,9d2f1f9a7c4549c18877d46d22ca8d22,32768,False,False,False,False
amc12a_2020_p13__training-B__gpt-5.6-luna__seed0,2,a78e090edd2c4c9ea603b620550a1910,32768,False,False,False,False
amc12a_2020_p13__training-B__gpt-5.6-luna__seed0,3,f5b99aeeed504e168c3cbbe79b4e635f,32768,False,False,False,False
amc12a_2020_p13__training-B__gpt-5.6-luna__seed0,4,df6ede5ce7604853b8328ff7dc98f5a4,32768,False,False,False,False
amc12a_2020_p13__training-B__gpt-5.6-luna__seed0,5,0fca1eeca3b147798df6c4c60048a9c6,32768,False,False,True,False
amc12a_2020_p13__training-B__gpt-5.6-luna__seed0,6,4a1df68f0e0849679f4c66505794fc95,32768,True,False,False,False
amc12a_2020_p13__training-B__gpt-5.6-luna__seed0,7,a6c46a245605418c8f68763b43e6f036,32768,True,False,False,False
amc12a_2020_p13__training-B__gpt-5.6-luna__seed0,8,70c565593cdb4477b30d57955cec4b9e,32768,True,False,False,False
amc12a_2020_p13__training-B__gpt-5.6-luna__seed0,9,0195bbcb430f4500b34686932db6472b,32768,True,False,False,False
amc12a_2020_p13__training-B__gpt-5.6-luna__seed0,10,1ef8047760c64cb885a611071ba2ef1e,32768,True,False,False,False
amc12a_2020_p13__training-B__gpt-5.6-luna__seed0,11,d640391e256e4d6aa558fa6d5d2c2ddb,32768,True,False,True,False
amc12a_2020_p13__training-B__gpt-5.6-luna__seed0,12,55088b192bb84b70afefc71c0d0aea9e,32768,True,False,False,False
amc12a_2020_p13__training-B__gpt-5.6-luna__seed0,13,be4261c515f84b41b4f9370dde999799,32768,True,False,True,False
amc12a_2020_p13__training-B__gpt-5.6-luna__seed0,14,105e785316204d3b93188289448247e5,32768,True,False,False,False
amc12a_2020_p13__training-B__gpt-5.6-luna__seed0,15,d997ec7151c94b8db72652403bfe11d3,32768,True,False,True,False
amc12a_2020_p13__training-B__gpt-5.6-luna__seed0,16,a2b6d533ea3b4cbcacf0cc64e9d66fd1,32768,True,False,True,False
amc12a_2020_p13__training-B__gpt-5.6-luna__seed0,17,e8ce83bddb27451099a6f7f8dce1b8a7,32768,True,False,False,False
amc12a_2020_p13__training-B__gpt-5.6-luna__seed0,18,d7599a4eb23c4f279348ea10066f9b9e,32768,True,False,True,False
amc12a_2020_p13__training-B__gpt-5.6-luna__seed0,19,4a2f9612d26f4c13924c04298fdd0864,32768,True,False,True,False
amc12a_2020_p13__training-B__gpt-5.6-luna__seed0,20,c6902dc0af3e4f838e0a86fec1ea4786,32768,True,False,False,False
amc12a_2020_p13__training-B__gpt-5.6-luna__seed0,21,7ab1c46709d74465a2c201ab3a8e75e8,32768,True,False,False,False
amc12a_2020_p13__training-B__gpt-5.6-luna__seed0,22,202e0ff1b2fd4a18ab81cd86ea61bf8f,32768,True,False,False,False
amc12a_2020_p13__training-B__gpt-5.6-luna__seed0,23,223beea928ac481aa3e728fc07b77f56,32768,True,False,True,False
amc12a_2020_p13__training-B__gpt-5.6-luna__seed0,24,dd10e6e48e784e7fbcf025a4f02f4556,32768,True,False,False,False
amc12a_2020_p13__training-B__gpt-5.6-luna__seed0,25,701e7a0a913b4040b1c4beecfd28ba9a,32768,True,False,True,False
amc12a_2020_p13__training-B__gpt-5.6-luna__seed0,26,4ef39996e5df421791ac9a9566a4b532,32768,True,False,True,False
amc12b_2002_p11__training-B__gpt-5.6-luna__seed0,1,b2b9fc0a941a451f88c3cd03885b38a1,32768,False,False,False,False
amc12b_2002_p11__training-B__gpt-5.6-luna__seed0,2,ba0d2aac75294e9eac10803cf7789498,32768,False,False,False,False
amc12b_2002_p11__training-B__gpt-5.6-luna__seed0,3,a3d5bf42e91d44de823f2d163e82f5f6,32768,False,False,False,False
amc12b_2002_p11__training-B__gpt-5.6-luna__seed0,4,110e86c0d7634d8d822d006147e909f2,32768,False,False,False,False
amc12b_2002_p11__training-B__gpt-5.6-luna__seed0,5,26c62b4aa67e4d559fdd940949909c5f,32768,False,False,False,False
amc12b_2002_p11__training-B__gpt-5.6-luna__seed0,6,0d19c10524b54146acec6a87244a0017,32768,False,False,True,False
amc12b_2002_p11__training-B__gpt-5.6-luna__seed0,7,fc7d0412b68a4626ad6729668f9828f5,32768,True,False,False,False
amc12b_2002_p11__training-B__gpt-5.6-luna__seed0,8,6fc6f44c697d4bc398af1a41418d0584,32768,True,False,True,False
amc12b_2002_p11__training-B__gpt-5.6-luna__seed0,9,9018dc3e8e324a85aab09f462be245ff,32768,True,False,True,False
amc12b_2002_p11__training-B__gpt-5.6-luna__seed0,10,6d720b97584d44cf8fbc47f2940c0419,32768,True,False,False,False
amc12b_2002_p11__training-B__gpt-5.6-luna__seed0,11,584825f6039d47149294ba3a660b2de7,32768,True,False,False,False
amc12b_2002_p11__training-B__gpt-5.6-luna__seed0,12,e0455bd29c7a4170bffb51534369cce1,32768,True,False,False,False
amc12b_2002_p11__training-B__gpt-5.6-luna__seed0,13,602a31c6fd074b93aa9f469bc2ca7595,32768,True,False,False,False
amc12b_2002_p11__training-B__gpt-5.6-luna__seed0,14,cfc230eb7b824410bf9c4820faa39a65,32768,True,False,False,False
amc12b_2002_p11__training-B__gpt-5.6-luna__seed0,15,52fc1739e1714ab7b267e02bdf0c188d,32768,True,False,False,False
amc12b_2002_p11__training-B__gpt-5.6-luna__seed0,16,e0096d823d7e42b885eca7a42e3fd9af,32768,True,False,False,False
amc12b_2002_p11__training-B__gpt-5.6-luna__seed0,17,22f868cd6c7d4daf903ef710c99240ca,32768,True,False,False,False
amc12b_2002_p11__training-B__gpt-5.6-luna__seed0,18,6add6a6597ab4d11b0bdd82ae75eb93d,32768,True,False,True,False
amc12b_2002_p11__training-B__gpt-5.6-luna__seed0,19,670997c1cdde47059ba2ebd8d4ad11d1,32768,True,False,True,False
amc12b_2002_p11__training-B__gpt-5.6-luna__seed0,20,a4dcc2ea46684a08b13a0996f62a63c2,32768,True,False,True,False
amc12b_2002_p11__training-B__gpt-5.6-luna__seed0,21,2691b83f8006479b8a4a864297d29b37,32768,True,False,True,False
amc12b_2002_p11__training-B__gpt-5.6-luna__seed0,22,ff62457a099c4bcdb8836430d5dda51c,32768,True,False,True,False
amc12b_2002_p11__training-B__gpt-5.6-luna__seed0,23,af9c7876e20549d28ca4b28501f09eb4,32768,True,False,True,False
amc12b_2002_p11__training-B__gpt-5.6-luna__seed0,24,eccbe4b0acbd49e0b368a73a57c64be7,32768,True,False,True,False
amc12b_2002_p11__training-B__gpt-5.6-luna__seed0,25,f1b5f471f05f45ec8dab5994775129d9,32768,True,False,True,False
amc12b_2002_p11__training-B__gpt-5.6-luna__seed0,26,626d002e1dfc47a69a010a8f16c300ea,32768,True,False,True,False
amc12b_2003_p17__training-B__gpt-5.6-luna__seed0,1,aa9f9bdb5b174cabaa5fb4c5a878aa64,32768,False,False,False,False
amc12b_2003_p17__training-B__gpt-5.6-luna__seed0,2,1072df8431344b7584a93d5139051ab2,32768,False,False,True,False
amc12b_2003_p17__training-B__gpt-5.6-luna__seed0,3,53a753f606814de48a8882b63db18fe3,32768,True,False,True,False
amc12b_2003_p17__training-B__gpt-5.6-luna__seed0,4,7e64aaca42914fdcacbf0908dd2f40cd,32768,True,False,True,False
amc12b_2003_p17__training-B__gpt-5.6-luna__seed0,5,30e6ec9e897f44d79276d491a94ddf47,32768,True,False,False,False
amc12b_2003_p17__training-B__gpt-5.6-luna__seed0,6,228060f155ed40e28470edb0b1c12e58,32768,True,False,False,False
amc12b_2003_p17__training-B__gpt-5.6-luna__seed0,7,7e4b434cf01e4c6b84585f5238b7c212,32768,True,False,False,False
amc12b_2003_p17__training-B__gpt-5.6-luna__seed0,8,46de476f11d842ce8991a43b359d5ce8,32768,True,False,True,False
amc12b_2004_p3__training-B__gpt-5.6-luna__seed0,1,51839685ade24e36a7b78a046b322e93,32768,False,False,False,False
amc12b_2004_p3__training-B__gpt-5.6-luna__seed0,2,0b0e2960f998418da04dfd93722afa6c,32768,False,False,False,False
amc12b_2004_p3__training-B__gpt-5.6-luna__seed0,3,b7cfb4067bfb490e87c0367a149357de,32768,False,False,False,False
amc12b_2004_p3__training-B__gpt-5.6-luna__seed0,4,bd684642dc77484aa4659e7768bbaf36,32768,False,False,False,False
amc12b_2004_p3__training-B__gpt-5.6-luna__seed0,5,e3e43a23dd204b3aaf2a5d24842001e6,32768,False,False,False,False
amc12b_2004_p3__training-B__gpt-5.6-luna__seed0,6,7510d1c8cc7a4d3dad050240eb36a3ad,32768,False,False,True,False
amc12b_2004_p3__training-B__gpt-5.6-luna__seed0,7,8797b53cfc1d4b6d964192270c6d0ba7,32768,True,False,True,False
amc12b_2004_p3__training-B__gpt-5.6-luna__seed0,8,8ba48af854c74bff8de74db06e1765cd,32768,True,False,True,False
amc12b_2004_p3__training-B__gpt-5.6-luna__seed0,9,7e6228a4c72a4a54b19dceccce362beb,32768,True,False,True,False
amc12b_2004_p3__training-B__gpt-5.6-luna__seed0,10,a7fd4b24351a46cbbe09c68512bb7f64,32768,True,False,True,False
amc12b_2004_p3__training-B__gpt-5.6-luna__seed0,11,0d1afe56b20f44ff93634ef4c0c6e537,32768,True,False,True,False
amc12b_2004_p3__training-B__gpt-5.6-luna__seed0,12,b8c7c8c084604c259c495be5a70240d7,32768,True,False,True,False
amc12b_2004_p3__training-B__gpt-5.6-luna__seed0,13,02cdbc7cb95c42de8fa69377ce91f88b,32768,True,False,False,False
imo_1963_p5__training-B__gpt-5.6-luna__seed0,1,b3a24e2bb080481e95d568d5574ebaec,32768,False,False,False,False
imo_1963_p5__training-B__gpt-5.6-luna__seed0,2,6f6c38c452c14e2c880dec5d387d9858,32768,False,False,False,False
imo_1963_p5__training-B__gpt-5.6-luna__seed0,3,0cbbc91c688c4b32add52a1502780eae,32768,False,False,False,False
imo_1963_p5__training-B__gpt-5.6-luna__seed0,4,89eb495f4235486caad05b770f5fa581,32768,False,False,True,False
imo_1963_p5__training-B__gpt-5.6-luna__seed0,5,688757bd069f4dd1b356a7d7bbb6ff31,32768,True,False,True,False
imo_1963_p5__training-B__gpt-5.6-luna__seed0,6,d049a4aba84f4600b6b8f5c4985e3131,32768,True,False,True,False
imo_1963_p5__training-B__gpt-5.6-luna__seed0,7,6c94e3d7cdf649c2824d5b0bf156aded,32768,True,False,False,False
imo_1963_p5__training-B__gpt-5.6-luna__seed0,8,20f721051ac64c8f89f09da8be60f35d,32768,True,False,False,False
imo_1963_p5__training-B__gpt-5.6-luna__seed0,9,e62039a5171e407180913c7ece96cab1,32768,True,False,True,False
imo_1963_p5__training-B__gpt-5.6-luna__seed0,10,780abf5b1d824f0e82fce3accb76c126,32768,True,False,True,False
imo_1963_p5__training-B__gpt-5.6-luna__seed0,11,e5200fe5e0924697bc90450f2bc3b4f3,32768,True,False,True,False
imo_1963_p5__training-B__gpt-5.6-luna__seed0,12,3d85a2c2c26f429781fc9ac7f7a28c65,32768,True,False,True,False
imo_1963_p5__training-B__gpt-5.6-luna__seed0,13,9137aba5af3a4fb58e000c63c1f1ca89,32768,True,False,False,False
imo_1963_p5__training-B__gpt-5.6-luna__seed0,14,6e73232b8b3949dba9ad3ca32b3c756e,32768,True,False,True,False
imo_1963_p5__training-B__gpt-5.6-luna__seed0,15,1e59a42fd049425d9bbd63dc50d3d254,32768,True,False,False,False
imo_1963_p5__training-B__gpt-5.6-luna__seed0,16,155ed9db1464421fa056b33a70a4c517,32768,True,False,True,False
imo_1963_p5__training-B__gpt-5.6-luna__seed0,17,5f61e52551554fceb32d3c440ebdd8f3,32768,True,False,True,False
imo_1963_p5__training-B__gpt-5.6-luna__seed0,18,6998188e0b2c49c39d1aa9825716d54e,32768,True,False,False,False
imo_1963_p5__training-B__gpt-5.6-luna__seed0,19,7d98f6bff3724d58a1349f40866f7617,32768,True,False,True,False
imo_1963_p5__training-B__gpt-5.6-luna__seed0,20,4684aba713dc4b5e85ceb6182cdc8e5c,32768,True,False,True,False
imo_1963_p5__training-B__gpt-5.6-luna__seed0,21,57100c218c3145da870faf021f285470,32768,True,False,True,False
imo_1963_p5__training-B__gpt-5.6-luna__seed0,22,5cd131ffcc66493d8f6cdf09b5cd291f,32768,True,False,True,False
imo_1963_p5__training-B__gpt-5.6-luna__seed0,23,61a461bf897c461fb44ce9e4190f6049,32768,True,False,True,False
imo_1963_p5__training-B__gpt-5.6-luna__seed0,24,52e158db48e94cf5b60e28e8241313ba,32768,True,False,False,False
imo_1963_p5__training-B__gpt-5.6-luna__seed0,25,f3bec10c812243379c2cc9f75beddd43,32768,True,False,False,False
imo_1963_p5__training-B__gpt-5.6-luna__seed0,26,f8f9ed7220c644a59f53b520936000c5,32768,True,False,True,False
imo_1963_p5__training-B__gpt-5.6-luna__seed0,27,147975226a3d49a3b5e3dfacb2751485,32768,True,False,True,False
imo_1967_p3__training-B__gpt-5.6-luna__seed0,1,e55180f6cf434d13afd3d12bd80223e1,32768,False,False,False,False
imo_1967_p3__training-B__gpt-5.6-luna__seed0,2,60b3270d0b4e44b39f425010e3b2c0a3,32768,False,False,False,False
imo_1967_p3__training-B__gpt-5.6-luna__seed0,3,36854fec752c4fe88b820bfc7a510dce,32768,False,False,False,False
imo_1967_p3__training-B__gpt-5.6-luna__seed0,4,48a4c4b41fa844cead55128708efc6b3,32768,False,False,True,False
imo_1967_p3__training-B__gpt-5.6-luna__seed0,5,84749c565f16458db79e9a44c2fbae82,32768,True,False,False,False
imo_1967_p3__training-B__gpt-5.6-luna__seed0,6,aa5dc25098c94e589230adeef3d32719,32768,True,False,True,False
imo_1967_p3__training-B__gpt-5.6-luna__seed0,7,1c67713835c64a07adbd7208e6c97d62,32768,True,False,False,False
imo_1967_p3__training-B__gpt-5.6-luna__seed0,8,c73516461de447f28ca62fb9180f4095,32768,True,False,True,False
imo_1967_p3__training-B__gpt-5.6-luna__seed0,9,645f6ff1a6074bd88fbedf8c9f3d8f54,32768,True,False,True,False
imo_1967_p3__training-B__gpt-5.6-luna__seed0,10,d55d9c48fc8049e896682187c97250b1,32768,True,False,True,False
imo_1967_p3__training-B__gpt-5.6-luna__seed0,11,a54a248f1da741e48103b3748cbd14ef,32768,True,False,True,False
imo_1967_p3__training-B__gpt-5.6-luna__seed0,12,469216ad78394dd7a68b3bceaf691280,32768,True,False,True,False
imo_1967_p3__training-B__gpt-5.6-luna__seed0,13,23aa90710dfd44a1aa6bfa1b306fd6c7,32768,True,False,True,False
imo_1967_p3__training-B__gpt-5.6-luna__seed0,14,6c4ab3975d184e189a50dcf04087cff1,32768,True,False,False,False
imo_1967_p3__training-B__gpt-5.6-luna__seed0,15,e7ab3f343f7b4647a50cf19b07155ae7,32768,True,False,False,False
imo_1967_p3__training-B__gpt-5.6-luna__seed0,16,7ed2012636c344a0aec557877d52a7e6,32768,True,False,False,False
imo_1967_p3__training-B__gpt-5.6-luna__seed0,17,2110784ee9104182ad451eed05994d79,32768,True,False,True,False
imo_1967_p3__training-B__gpt-5.6-luna__seed0,18,7ee569d9ecaf4886b200b80b01cf3c36,32768,True,False,False,False
imo_1967_p3__training-B__gpt-5.6-luna__seed0,19,5fb58d1959c34dbc8a09891c38533716,32768,True,False,False,False
imo_1967_p3__training-B__gpt-5.6-luna__seed0,20,316dd1b4250743ffac1d3442f59d0fc5,32768,True,False,False,False
imo_1968_p5_1__training-B__gpt-5.6-luna__seed0,1,255ce2b5848e406f9709db70fd9d731c,32768,False,False,False,False
imo_1968_p5_1__training-B__gpt-5.6-luna__seed0,2,83145251b3b84a34a1f2bc581e132969,32768,False,False,False,False
imo_1968_p5_1__training-B__gpt-5.6-luna__seed0,3,8f39248ff65b481e941ba45f938d8518,32768,False,False,False,False
imo_1968_p5_1__training-B__gpt-5.6-luna__seed0,4,a8a9fa54247b40038d28cf2306dee9e8,32768,False,False,True,False
imo_1968_p5_1__training-B__gpt-5.6-luna__seed0,5,35ee4f00230f4f1683043cf259db5b13,32768,True,False,False,False
imo_1968_p5_1__training-B__gpt-5.6-luna__seed0,6,5d5a3997f3ae4009b6d6cfcb9dc40bd7,32768,True,False,True,False
imo_1968_p5_1__training-B__gpt-5.6-luna__seed0,7,238f62bcce0242d08ccdfcd88d8e6bbc,32768,True,False,True,False
imo_1968_p5_1__training-B__gpt-5.6-luna__seed0,8,a17e36d0df2c44bfabbad550dd6d7db7,32768,True,False,True,False
imo_1968_p5_1__training-B__gpt-5.6-luna__seed0,9,2761db7b6c2f4fe594ba9b2c8657139b,32768,True,False,True,False
imo_1968_p5_1__training-B__gpt-5.6-luna__seed0,10,009459a30e124c87aed7cd95f275b70d,32768,True,False,True,False
imo_1968_p5_1__training-B__gpt-5.6-luna__seed0,11,d4e596947149485fbd92e1bf08630bf2,32768,True,False,True,False
imo_1977_p6__training-B__gpt-5.6-luna__seed0,1,045f6ef84e224c688d1150325bf4cd3d,32768,False,False,False,False
imo_1977_p6__training-B__gpt-5.6-luna__seed0,2,dfc0b99085be4e4a8f859d9532a1e7c8,32768,False,False,False,False
imo_1977_p6__training-B__gpt-5.6-luna__seed0,3,88b3b01b23f24e3f872b0d604cb878a6,32768,False,False,True,False
imo_1977_p6__training-B__gpt-5.6-luna__seed0,4,0b6e5a99431543c4b2c1bf842a241a40,32768,True,False,True,False
imo_1977_p6__training-B__gpt-5.6-luna__seed0,5,05c0684ee46742268d09375e218bf118,32768,True,False,True,False
imo_1977_p6__training-B__gpt-5.6-luna__seed0,6,724a441a7f12470ebb5ea381ccad8412,32768,True,False,True,False
imo_1977_p6__training-B__gpt-5.6-luna__seed0,7,45290617873344a48bda8294c82aa78c,32768,True,False,True,False
imo_1977_p6__training-B__gpt-5.6-luna__seed0,8,ff96f579ba2249c4b494c73353132561,32768,True,False,True,False
imo_1977_p6__training-B__gpt-5.6-luna__seed0,9,0d284de6e9ae43dbad45f1f1b72e0e79,32768,True,False,True,False
imo_1977_p6__training-B__gpt-5.6-luna__seed0,10,60cc6ecd6e564df7b50b5742611f8479,32768,True,False,True,False
imo_1977_p6__training-B__gpt-5.6-luna__seed0,11,0c3a940581b141648f492328bdbc057f,32768,True,False,True,False
imo_1977_p6__training-B__gpt-5.6-luna__seed0,12,ff07a87ffd964c8cbf23e581a61e2d07,32768,True,False,True,False
imo_1977_p6__training-B__gpt-5.6-luna__seed0,13,b4b30057fe334cebb1934949bc8a0d41,32768,True,False,False,False
imo_1977_p6__training-B__gpt-5.6-luna__seed0,14,946e05a8fbef4b1599aeb8de62962c7f,32768,True,False,True,False
imo_1977_p6__training-B__gpt-5.6-luna__seed0,15,31d2d27b5a4642e2806d4afb955a5932,32768,True,False,True,False
imo_1983_p6__training-B__gpt-5.6-luna__seed0,1,efb4cb2c025049188bade254b8f88014,32768,False,False,False,False
imo_1983_p6__training-B__gpt-5.6-luna__seed0,2,606a2a60e94346569a21820931921aa0,32768,False,False,True,False
imo_1983_p6__training-B__gpt-5.6-luna__seed0,3,22e7fd586daf40ad891f7650ac39e1c6,32768,True,False,True,False
imo_1983_p6__training-B__gpt-5.6-luna__seed0,4,db96fed2394c41a4ac64a0b2905d9beb,32768,True,False,True,False
imo_1983_p6__training-B__gpt-5.6-luna__seed0,5,12f6d457319c4fadb4b55bc1a1057576,32768,True,False,False,False
imo_1983_p6__training-B__gpt-5.6-luna__seed0,6,0777e219ba65430d9cca56979a772676,32768,True,False,True,False
imo_1983_p6__training-B__gpt-5.6-luna__seed0,7,53af11b805a546c4b449562d21223b39,32768,True,False,True,False
imo_1983_p6__training-B__gpt-5.6-luna__seed0,8,4766a511050b4cf18ad82ab3fe698a16,32768,True,False,True,False
imo_1983_p6__training-B__gpt-5.6-luna__seed0,9,2757b40c41104e24bb7f3be41f29744b,32768,True,False,True,False
induction_pord1p1on2powklt5on2__training-B__gpt-5.6-luna__seed0,1,08511f9973794ec0ab0a415e476441ca,32768,False,False,False,False
induction_pord1p1on2powklt5on2__training-B__gpt-5.6-luna__seed0,2,38a8781f9ba44ece8f1b18f3dd1b8fd7,32768,False,False,False,False
induction_pord1p1on2powklt5on2__training-B__gpt-5.6-luna__seed0,3,f630de0007f74db98d9a29e2e6b04174,32768,False,False,True,False
induction_pord1p1on2powklt5on2__training-B__gpt-5.6-luna__seed0,4,cf1f85bf8af24806ac9d3ddb0ee768ce,32768,True,False,True,False
induction_pord1p1on2powklt5on2__training-B__gpt-5.6-luna__seed0,5,136c20a5d71041ce882b0cd070ff78cf,32768,True,False,False,False
induction_pord1p1on2powklt5on2__training-B__gpt-5.6-luna__seed0,6,940ae0b644094e26af8ad474263e645d,32768,True,False,False,False
induction_pord1p1on2powklt5on2__training-B__gpt-5.6-luna__seed0,7,5fdd7cc82c4b4d0c9be2b363836613e4,32768,True,False,False,False
induction_pord1p1on2powklt5on2__training-B__gpt-5.6-luna__seed0,8,0c57219ac70941f3b7179b1deffba162,32768,True,False,False,False
induction_pord1p1on2powklt5on2__training-B__gpt-5.6-luna__seed0,9,d4583fde180b4f1bbeb508a2e62215be,32768,True,False,False,False
induction_pord1p1on2powklt5on2__training-B__gpt-5.6-luna__seed0,10,1a86e70bf9ff43e7bc488622c096f1da,32768,True,False,True,False
induction_pord1p1on2powklt5on2__training-B__gpt-5.6-luna__seed0,11,1c686898087b44108862978496e716ce,32768,True,False,True,False
induction_pord1p1on2powklt5on2__training-B__gpt-5.6-luna__seed0,12,80e446225a594697968b3cfd7ccb3c10,32768,True,False,True,False
induction_pord1p1on2powklt5on2__training-B__gpt-5.6-luna__seed0,13,35339e97f8c445879582fd7f90c22fbf,32768,True,False,True,False
induction_pord1p1on2powklt5on2__training-B__gpt-5.6-luna__seed0,14,b73ba6c9b7ad4c3882af88de95a86528,32768,True,False,True,False
induction_pord1p1on2powklt5on2__training-B__gpt-5.6-luna__seed0,15,d68e4581c142460f9428132f660f3e34,32768,True,False,True,False
induction_pord1p1on2powklt5on2__training-B__gpt-5.6-luna__seed0,16,954c2037927d4770886dbf0aa8a7c419,32768,True,False,True,False
induction_pord1p1on2powklt5on2__training-B__gpt-5.6-luna__seed0,17,24b8a848f9304d91847ea181d6754b7d,32768,True,False,True,False
induction_pord1p1on2powklt5on2__training-B__gpt-5.6-luna__seed0,18,ede9d7581f34442fbd84d8b7399470ed,32768,True,False,True,False
induction_pord1p1on2powklt5on2__training-B__gpt-5.6-luna__seed0,19,8b98fc0e7af0475098153365d4bc1b18,32768,True,False,True,False
induction_pord1p1on2powklt5on2__training-B__gpt-5.6-luna__seed0,20,c837b202820543ed8f6a938e582c153f,32768,True,False,False,False
induction_pord1p1on2powklt5on2__training-B__gpt-5.6-luna__seed0,21,abe00b357f2a4edf911d5f0cb5549c40,32768,True,False,True,False
induction_pord1p1on2powklt5on2__training-B__gpt-5.6-luna__seed0,22,ca0040b1cacc43fe80ee9ecce6c32b9c,32768,True,False,True,False
induction_pord1p1on2powklt5on2__training-B__gpt-5.6-luna__seed0,23,00d4595060184b9aac18621f11ed85a7,32768,True,False,True,False
induction_pord1p1on2powklt5on2__training-B__gpt-5.6-luna__seed0,24,96aa968fbbd841529393eb352680d40a,32768,True,False,True,False
induction_pord1p1on2powklt5on2__training-B__gpt-5.6-luna__seed0,25,ba921b8ee4324f99b8fac699c2c8e5c6,32768,True,False,True,False
induction_pord1p1on2powklt5on2__training-B__gpt-5.6-luna__seed0,26,9bb90c7d82a3488086a6c83a48616d14,32768,True,False,False,False
mathd_algebra_185__training-B__gpt-5.6-luna__seed0,1,f6556ed4f7004fa9954e179808572bf2,32768,False,False,False,False
mathd_algebra_185__training-B__gpt-5.6-luna__seed0,2,0bc7750796c44bebafa787a538cc38cc,32768,False,False,False,False
mathd_algebra_185__training-B__gpt-5.6-luna__seed0,3,0f6d7d8d1cb64b5d95a613ffc3400690,32768,False,False,False,False
mathd_algebra_185__training-B__gpt-5.6-luna__seed0,4,1b3624623bfd4204b245d66bee5eaf53,32768,False,False,False,False
mathd_algebra_185__training-B__gpt-5.6-luna__seed0,5,9d537b0855e44f1680dd69216ddfbe93,32768,False,False,False,False
mathd_algebra_185__training-B__gpt-5.6-luna__seed0,6,2153ab075ced4fbbb794f57959d71cc2,32768,False,False,False,False
mathd_algebra_185__training-B__gpt-5.6-luna__seed0,7,b8bd9930644044f79b827e491f7e5262,32768,False,False,False,False
mathd_algebra_185__training-B__gpt-5.6-luna__seed0,8,2db1000a4bc14ff3bdfd70e2920120b5,32768,False,False,True,False
mathd_algebra_185__training-B__gpt-5.6-luna__seed0,9,527706b474bd4fdc851767268f991332,32768,True,False,True,False
mathd_algebra_185__training-B__gpt-5.6-luna__seed0,10,1bccb26aa1ac4f599514a9160f5a23a6,32768,True,False,False,False
mathd_algebra_185__training-B__gpt-5.6-luna__seed0,11,535a7c52be5746aebcf17172e919eff1,32768,True,False,False,False
mathd_algebra_185__training-B__gpt-5.6-luna__seed0,12,f4c1e819436e47979c711ddd7c6d6530,32768,True,False,False,False
mathd_algebra_185__training-B__gpt-5.6-luna__seed0,13,36433bf84b604b53aa4e89eaa7b671df,32768,True,False,False,False
mathd_algebra_185__training-B__gpt-5.6-luna__seed0,14,399ab84e9b014d339f7ca81d7560ca47,32768,True,False,False,False
mathd_algebra_185__training-B__gpt-5.6-luna__seed0,15,0e6c841e8b334e21a59a22d501d30971,32768,True,False,False,False
mathd_algebra_185__training-B__gpt-5.6-luna__seed0,16,4a94261a2b134f54a8b735cb7547dc47,32768,True,False,False,False
mathd_algebra_185__training-B__gpt-5.6-luna__seed0,17,74215e1756f24276b7ccc4bb57504d6c,32768,True,False,True,False
mathd_algebra_185__training-B__gpt-5.6-luna__seed0,18,67607a4e1302467d82df9ad1e021126a,32768,True,False,True,False
mathd_algebra_185__training-B__gpt-5.6-luna__seed0,19,916d69deb1304052bb28daaea4fbd2f8,32768,True,False,True,False
mathd_algebra_185__training-B__gpt-5.6-luna__seed0,20,048ed0b565544b528e9279ab84b4f7c9,32768,True,False,True,False
mathd_algebra_185__training-B__gpt-5.6-luna__seed0,21,bca2d92f125e4af680a1eae22e6a0660,32768,True,False,True,False
mathd_algebra_185__training-B__gpt-5.6-luna__seed0,22,1c2db0e66767401faf9694c91c6fe2b7,32768,True,False,False,False
mathd_algebra_185__training-B__gpt-5.6-luna__seed0,23,9502c85795fd46b1a87340277a7b1ec7,32768,True,False,False,False
mathd_algebra_185__training-B__gpt-5.6-luna__seed0,24,edece54f771d4a68bc32bb39a847577a,32768,True,False,True,False
mathd_algebra_185__training-B__gpt-5.6-luna__seed0,25,6401da51771343e5ae86f5345ac36250,32768,True,False,False,False
mathd_algebra_185__training-B__gpt-5.6-luna__seed0,26,68f04e809e474c21af19c0fb49da5eb0,32768,True,False,False,False
mathd_algebra_185__training-B__gpt-5.6-luna__seed0,27,19326632ef54467f86e16366b100c4de,32768,True,False,True,False
mathd_algebra_185__training-B__gpt-5.6-luna__seed0,28,8ea277a9a5d34254853223598c2f302d,32768,True,False,True,False
mathd_algebra_206__training-B__gpt-5.6-luna__seed0,1,01438a2f835f46cba946104a3868ece0,32768,False,False,True,False
mathd_algebra_206__training-B__gpt-5.6-luna__seed0,2,eea9eaffcbff4805b7d92cedf7c8fe93,32768,True,False,False,False
mathd_algebra_206__training-B__gpt-5.6-luna__seed0,3,101ab027f87b437881e94995bdaf96dd,32768,True,False,True,False
mathd_algebra_224__training-B__gpt-5.6-luna__seed0,1,2c30003a57b24939ac7323f6ad560faa,32768,False,False,False,False
mathd_algebra_224__training-B__gpt-5.6-luna__seed0,2,65b79315427b4057bf194dc0d4ccec9f,32768,False,False,False,False
mathd_algebra_224__training-B__gpt-5.6-luna__seed0,3,a1356575d10946b7b480397dca3c5cb6,32768,False,False,False,False
mathd_algebra_224__training-B__gpt-5.6-luna__seed0,4,6ef1706a58cb483aa5e09c403e24523b,32768,False,False,False,False
mathd_algebra_224__training-B__gpt-5.6-luna__seed0,5,8958e3d84b1242ce935fe973e00aabc7,32768,False,False,False,False
mathd_algebra_224__training-B__gpt-5.6-luna__seed0,6,85c632c47c1641c9baeb41d9621d9532,32768,False,False,False,False
mathd_algebra_224__training-B__gpt-5.6-luna__seed0,7,ceddfa9e3bea4123a10d2a899042ae3f,32768,False,False,False,False
mathd_algebra_224__training-B__gpt-5.6-luna__seed0,8,e2e461917e6641da9345240c1065d081,32768,False,False,False,False
mathd_algebra_224__training-B__gpt-5.6-luna__seed0,9,1c32cce581334fc78ede63ef32da04b3,32768,False,False,False,False
mathd_algebra_224__training-B__gpt-5.6-luna__seed0,10,f4b7225fb9cf42228129e970d1f864ca,32768,False,False,True,False
mathd_algebra_224__training-B__gpt-5.6-luna__seed0,11,d58d6992beea409c8fa8576972765601,32768,True,False,False,False
mathd_algebra_224__training-B__gpt-5.6-luna__seed0,12,dbbc7f1b196740aaa70c735289a3228b,32768,True,False,True,False
mathd_algebra_224__training-B__gpt-5.6-luna__seed0,13,757086ea053f40418ba98754d9ce2a96,32768,True,False,True,False
mathd_algebra_224__training-B__gpt-5.6-luna__seed0,14,2f972a2f7d6845e682ae4cf4b13fb72c,32768,True,False,True,False
mathd_algebra_224__training-B__gpt-5.6-luna__seed0,15,d5a0dc874c08423a9e3cd9d4e70d59b0,32768,True,False,True,False
mathd_algebra_224__training-B__gpt-5.6-luna__seed0,16,b608210fd5e047d78d8ba7063d228aad,32768,True,False,True,False
mathd_algebra_224__training-B__gpt-5.6-luna__seed0,17,dcdb5d5490924022b6ee770ba76403e3,32768,True,False,True,False
mathd_algebra_224__training-B__gpt-5.6-luna__seed0,18,ebf228bcf98a474e9b13cf8c7b111cbe,32768,True,False,False,False
mathd_algebra_224__training-B__gpt-5.6-luna__seed0,19,89ea4c086eb54da683287bdf49ec8d5b,32768,True,False,True,False
mathd_algebra_224__training-B__gpt-5.6-luna__seed0,20,c235fa6e44ed4816becc10f8392b94da,32768,True,False,False,False
mathd_algebra_224__training-B__gpt-5.6-luna__seed0,21,757920f7cf2140819e0e81b0b1b5adbf,32768,True,False,True,False
mathd_algebra_224__training-B__gpt-5.6-luna__seed0,22,3529bf45e823498b9360cc7cd5d38393,32768,True,False,True,False
mathd_algebra_247__training-B__gpt-5.6-luna__seed0,1,bd9a3454e20246ea809f8d7b22cb3902,32768,False,False,True,False
mathd_algebra_247__training-B__gpt-5.6-luna__seed0,2,89e72d043d5248c09f9ed1d4651bed62,32768,True,False,True,False
mathd_algebra_247__training-B__gpt-5.6-luna__seed0,3,721c110e2e5440e694cb0fe03a761a0e,32768,True,False,True,False
mathd_algebra_247__training-B__gpt-5.6-luna__seed0,4,92d64b382f8e41a683e666aefa568d14,32768,True,False,True,False
mathd_algebra_28__training-B__gpt-5.6-luna__seed0,1,f493508cf5e24366b6f19a0b386861be,32768,False,False,True,False
mathd_algebra_28__training-B__gpt-5.6-luna__seed0,2,6598a067789749beb9038e1f1cc62436,32768,True,False,True,False
mathd_algebra_28__training-B__gpt-5.6-luna__seed0,3,d0603c9583224a31bcabf26ffaecb413,32768,True,False,True,False
mathd_algebra_323__training-B__gpt-5.6-luna__seed0,1,8e6fac2857d644c6a376a0d12cec7920,32768,False,False,True,False
mathd_algebra_37__training-B__gpt-5.6-luna__seed0,1,7e58b8a0f8f042449c98735697ba3a0c,32768,False,False,True,False
mathd_algebra_410__training-B__gpt-5.6-luna__seed0,1,d1c8a4a194fe4db2bf1251c847ddf5fc,32768,False,False,True,False
mathd_algebra_410__training-B__gpt-5.6-luna__seed0,2,748ece0a6b4e46f0adddcbb3063bec94,32768,True,False,True,False
mathd_algebra_410__training-B__gpt-5.6-luna__seed0,3,15310af7233a4b1a974359fd962da2c9,32768,True,False,False,False
mathd_algebra_410__training-B__gpt-5.6-luna__seed0,4,6357a7c2941c489c9b1e2ccf7f6be1ae,32768,True,False,True,False
mathd_algebra_410__training-B__gpt-5.6-luna__seed0,5,c63b1ec4ba07440c8224c36dce7cac55,32768,True,False,True,False
mathd_algebra_410__training-B__gpt-5.6-luna__seed0,6,439595a3a4f44b25a812a5b12f7c0f8e,32768,True,False,True,False
mathd_algebra_43__training-B__gpt-5.6-luna__seed0,1,811ae853040e449197c7f02424e61937,32768,False,False,True,False
mathd_numbertheory_221__training-B__gpt-5.6-luna__seed0,1,2c930078c11f4ad2914cc5e3e0c4ee48,32768,False,False,True,False
mathd_numbertheory_301__training-B__gpt-5.6-luna__seed0,1,6c50f3e68a534676b05c2da66de0138a,32768,False,False,False,False
mathd_numbertheory_301__training-B__gpt-5.6-luna__seed0,2,f0be0e6836a34ac2bf24218f930690ff,32768,False,False,False,False
mathd_numbertheory_301__training-B__gpt-5.6-luna__seed0,3,7087ab2cc34440158cc214fdca452da8,32768,False,False,True,False
mathd_numbertheory_301__training-B__gpt-5.6-luna__seed0,4,13913d89ae6641fe9483977f95cfe803,32768,True,False,False,False
mathd_numbertheory_301__training-B__gpt-5.6-luna__seed0,5,7804fbb66d3e4359bbdfb4905df18d22,32768,True,False,True,False
mathd_numbertheory_301__training-B__gpt-5.6-luna__seed0,6,2126327a0b42402297b87c4178999199,32768,True,False,True,False
mathd_numbertheory_301__training-B__gpt-5.6-luna__seed0,7,ab79e22085cc49c5861a50e19a28bffc,32768,True,False,True,False
mathd_numbertheory_301__training-B__gpt-5.6-luna__seed0,8,1afb5606f2184bde8d9e74b24f90e915,32768,True,False,True,False
mathd_numbertheory_301__training-B__gpt-5.6-luna__seed0,9,616153aeefc2468794cc04b87d3fbe57,32768,True,False,True,False
mathd_numbertheory_301__training-B__gpt-5.6-luna__seed0,10,7c1a4f9f3f354739828e6185bde71ccc,32768,True,False,True,False
mathd_numbertheory_326__training-B__gpt-5.6-luna__seed0,1,fa99984a892e4fdf89b0d229bbf3c3ed,32768,False,False,True,False
mathd_numbertheory_35__training-B__gpt-5.6-luna__seed0,1,b57bc3a211ea484589210476c49f9477,32768,False,False,True,False
mathd_numbertheory_403__training-B__gpt-5.6-luna__seed0,1,9752a4314fb2468ea822b6f1f0537e1b,32768,False,False,True,False
mathd_numbertheory_42__training-B__gpt-5.6-luna__seed0,1,233e7f0217d74625a99f4f045074371e,32768,False,False,False,False
mathd_numbertheory_42__training-B__gpt-5.6-luna__seed0,2,4ce92abff64a400e9232fc213cad1fd9,32768,False,False,True,False
mathd_numbertheory_458__training-B__gpt-5.6-luna__seed0,1,dc130bdec32f4ea4ae160fe49f7fd80a,32768,False,False,False,False
mathd_numbertheory_458__training-B__gpt-5.6-luna__seed0,2,652eaac8941549f8a273fa47bc3dcfd1,32768,False,False,False,False
mathd_numbertheory_458__training-B__gpt-5.6-luna__seed0,3,745551623a1043ceaa8c2ae223b41e09,32768,False,False,False,False
mathd_numbertheory_458__training-B__gpt-5.6-luna__seed0,4,6bbb459ba926462b97b271ad6e0137aa,32768,False,False,True,False
mathd_numbertheory_48__training-B__gpt-5.6-luna__seed0,1,27bb772644e94eef8eb84db2acbb05ca,32768,False,False,True,False
mathd_numbertheory_48__training-B__gpt-5.6-luna__seed0,2,27eb025922154ba0a0cb62a57e0a2129,32768,True,False,True,False
mathd_numbertheory_48__training-B__gpt-5.6-luna__seed0,3,47962123f50943f69f424b0cbcd76660,32768,True,False,True,False
mathd_numbertheory_48__training-B__gpt-5.6-luna__seed0,4,5fa90884d08146659ec3362d30068cb5,32768,True,False,True,False
mathd_numbertheory_48__training-B__gpt-5.6-luna__seed0,5,7b3c08484481446383922459f48e4eed,32768,True,False,True,False
mathd_numbertheory_48__training-B__gpt-5.6-luna__seed0,6,81b46199e1b0455fba349b4ddceeb6af,32768,True,False,True,False
mathd_numbertheory_629__training-B__gpt-5.6-luna__seed0,1,3ae5a30facf44f198c5ce1083049f524,32768,False,False,False,False
mathd_numbertheory_629__training-B__gpt-5.6-luna__seed0,2,2930fba1d63c4af4b8698b9398cc63f1,32768,False,False,False,False
mathd_numbertheory_629__training-B__gpt-5.6-luna__seed0,3,bea0712d7c344cdb928313ba4b35cb50,32768,False,False,True,False
mathd_numbertheory_629__training-B__gpt-5.6-luna__seed0,4,263d515dc7174fc1ae5829b4fc15bb0b,32768,True,False,False,False
mathd_numbertheory_629__training-B__gpt-5.6-luna__seed0,5,5f74424d31324674bc3eb6ab88f3c5ed,32768,True,False,True,False
mathd_numbertheory_629__training-B__gpt-5.6-luna__seed0,6,fccf1fee2fa34119925f3ea409f05698,32768,True,False,False,False
mathd_numbertheory_629__training-B__gpt-5.6-luna__seed0,7,0b5f6dd7d6eb41eab9ccfe618fe052b9,32768,True,False,True,False
mathd_numbertheory_629__training-B__gpt-5.6-luna__seed0,8,38dcd3432c6647a589729b8397e32c8d,32768,True,False,False,False
mathd_numbertheory_629__training-B__gpt-5.6-luna__seed0,9,65ca776002ac455b93e01f0a7433fcdf,32768,True,False,False,False
mathd_numbertheory_629__training-B__gpt-5.6-luna__seed0,10,ad8b0a62ac394ee5acfa4dad00a63433,32768,True,False,True,False
mathd_numbertheory_629__training-B__gpt-5.6-luna__seed0,11,e4de80ce0aeb49b39fd3c58f8090df4d,32768,True,False,True,False
mathd_numbertheory_629__training-B__gpt-5.6-luna__seed0,12,15dceefa0854426c9d5b91e316fc7b74,32768,True,False,True,False
mathd_numbertheory_629__training-B__gpt-5.6-luna__seed0,13,78db5298893a4b38b8a4a08a20c6be85,32768,True,False,True,False
mathd_numbertheory_629__training-B__gpt-5.6-luna__seed0,14,d87f7eae6d424a6988cc0b1eb6ae4836,32768,True,False,True,False
mathd_numbertheory_629__training-B__gpt-5.6-luna__seed0,15,6a351fecba42491e9a2c52382a3ccac3,32768,True,False,True,False
mathd_numbertheory_629__training-B__gpt-5.6-luna__seed0,16,f1b894df471e4d81b86f09f2a1328e11,32768,True,False,False,False
mathd_numbertheory_629__training-B__gpt-5.6-luna__seed0,17,def12eb5d2d642cb816a245334c3bbea,32768,True,False,False,False
mathd_numbertheory_629__training-B__gpt-5.6-luna__seed0,18,67fbf473b77e4cf2bade2ae391db32db,32768,True,False,False,False
mathd_numbertheory_629__training-B__gpt-5.6-luna__seed0,19,f95971a022ee410ca8323b8e9003ded7,32768,True,False,True,False
mathd_numbertheory_629__training-B__gpt-5.6-luna__seed0,20,cfb18f51f9964c1bbc20112c25591d62,32768,True,False,True,False
mathd_numbertheory_629__training-B__gpt-5.6-luna__seed0,21,40c2108155dd41ccb3c8b02238309f21,32768,True,False,True,False
mathd_numbertheory_629__training-B__gpt-5.6-luna__seed0,22,f49cdd87147e4ad788ff2d297c44bd8f,32768,True,False,True,False
mathd_numbertheory_629__training-B__gpt-5.6-luna__seed0,23,46ff4979f6b24cdfa680b5d584c47bee,32768,True,False,True,False
mathd_numbertheory_629__training-B__gpt-5.6-luna__seed0,24,cd9c2db6bfa845229d7adf2ed510c8a5,32768,True,False,True,False
mathd_numbertheory_629__training-B__gpt-5.6-luna__seed0,25,bf3bc207bb334f96b7f15be9b9939347,32768,True,False,True,False
aime_1984_p7__validation-A__gpt-5.6-luna__seed0,1,d0b09d3914ef447b8cb7ec434bcdb08c,4096,False,False,False,False
aime_1984_p7__validation-A__gpt-5.6-luna__seed0,2,ec350fd5d25849a1b20364d34753c7b3,4096,False,False,False,False
aime_1984_p7__validation-A__gpt-5.6-luna__seed0,3,828a3ee00de24b21a2a54dec9d183c82,4096,False,False,True,False
aime_1984_p7__validation-A__gpt-5.6-luna__seed0,4,6322c86eb142454f8302673c61407730,4096,False,False,True,False
aime_1984_p7__validation-A__gpt-5.6-luna__seed0,5,c8bb9fa977464f85a08d126308ab7aa1,4096,False,False,True,False
aime_1984_p7__validation-A__gpt-5.6-luna__seed0,6,6445d800f7be447ca309538234eb77da,4096,False,False,True,False
aime_1984_p7__validation-A__gpt-5.6-luna__seed0,7,78e76fc5805c4aa18c1afffe23087a58,4096,False,False,True,False
aime_1984_p7__validation-A__gpt-5.6-luna__seed0,8,f9293e3e939543b58a870cebc9dfb18f,4096,False,False,False,False
aime_1984_p7__validation-A__gpt-5.6-luna__seed0,9,c9f07aa2d54b47f2bae161e1a8f90ab3,4096,False,False,True,False
aime_1984_p7__validation-A__gpt-5.6-luna__seed0,10,74ce921452f14b608dcf83801a390013,4096,False,False,True,False
aime_1984_p7__validation-A__gpt-5.6-luna__seed0,11,afa5708345b943168e7e7da048de9d03,4096,False,False,True,False
aime_1984_p7__validation-A__gpt-5.6-luna__seed0,12,ce19fde88467404493804f44e0306b1d,4096,False,False,True,False
aime_1984_p7__validation-A__gpt-5.6-luna__seed0,13,ae209dff7ab3431aa4814b01f8823766,4096,False,True,True,False
aime_1989_p8__validation-A__gpt-5.6-luna__seed0,1,ebbe1a5c9ff3476081a076fd86488d8d,4096,False,False,True,False
aime_1991_p6__validation-A__gpt-5.6-luna__seed0,1,463843305e6a490993185b69f5862860,4096,False,False,False,False
aime_1991_p6__validation-A__gpt-5.6-luna__seed0,2,bce4c9f5c5ba46609ebb867efaf66222,4096,False,False,False,False
aime_1991_p6__validation-A__gpt-5.6-luna__seed0,3,bd97515b016845a5b5c8971558ea9f3b,4096,False,False,False,False
aime_1991_p6__validation-A__gpt-5.6-luna__seed0,4,868033e4b98c4125b4b3dc0843045cb1,4096,False,False,False,False
aime_1991_p6__validation-A__gpt-5.6-luna__seed0,5,412421df608f4d0da61d59fff704971e,4096,False,False,False,False
aime_1991_p6__validation-A__gpt-5.6-luna__seed0,6,48bb2cf14fff4c15843aea2e90e3adbe,4096,False,False,False,False
aime_1991_p6__validation-A__gpt-5.6-luna__seed0,7,2faf7b702fb14f8c8be71bee5c0c2662,4096,False,False,True,False
aime_1991_p6__validation-A__gpt-5.6-luna__seed0,8,00a64d36a8704c8eaee93b9410d5c350,4096,False,False,False,False
aime_1991_p6__validation-A__gpt-5.6-luna__seed0,9,c103f67f1b08480e932ab01fca46e03f,4096,False,False,False,False
aime_1991_p6__validation-A__gpt-5.6-luna__seed0,10,dd8c2c27fbe649819e2abb47153312dc,4096,False,False,True,False
aime_1991_p6__validation-A__gpt-5.6-luna__seed0,11,590fc0dbafac43dda06f8026ef1d7d59,4096,False,False,False,False
aime_1991_p6__validation-A__gpt-5.6-luna__seed0,12,633b15c4e8d047428a3ef0ef5f786f6b,4096,False,False,False,False
aime_1991_p6__validation-A__gpt-5.6-luna__seed0,13,bc08f0d64fc6474e805af1d04788d8e1,4096,False,False,False,False
aime_1991_p6__validation-A__gpt-5.6-luna__seed0,14,78f3e1bae5da466db276cc417c08a463,4096,False,False,True,False
aime_1991_p6__validation-A__gpt-5.6-luna__seed0,15,c5132b800d62485c89d906d0b6560c07,4096,False,False,True,False
aime_1991_p6__validation-A__gpt-5.6-luna__seed0,16,b429f63e61a94469bf3a03428dcfaf92,4096,False,False,True,False
aime_1991_p6__validation-A__gpt-5.6-luna__seed0,17,53a98cb392c547e185aaace86961baf2,4096,False,True,True,False
aime_1991_p6__validation-A__gpt-5.6-luna__seed0,18,76f2cf9feb7f43ec8d78f20ee1b2b734,4096,False,True,False,True
aime_1991_p9__validation-A__gpt-5.6-luna__seed0,1,41755b8c96c142a89529c76f67b637e5,4096,False,False,False,False
aime_1991_p9__validation-A__gpt-5.6-luna__seed0,2,3d1832e23c8549438c5f5c1b2262bc20,4096,False,False,False,False
aime_1991_p9__validation-A__gpt-5.6-luna__seed0,3,8c77a1cd69d845d08411182d640b9f78,4096,False,False,False,False
aime_1991_p9__validation-A__gpt-5.6-luna__seed0,4,0d468f4615d94ec9b54ca594812f7376,4096,False,False,False,False
aime_1991_p9__validation-A__gpt-5.6-luna__seed0,5,216a45509b6f4d519f1e0efda4f5fa83,4096,False,False,True,False
aime_1991_p9__validation-A__gpt-5.6-luna__seed0,6,e1817c03f3e24d9b80d2ab2cadc49b1b,4096,False,False,False,False
aime_1991_p9__validation-A__gpt-5.6-luna__seed0,7,2599b18180bb466eb68272148c1a2e9c,4096,False,False,False,False
aime_1991_p9__validation-A__gpt-5.6-luna__seed0,8,029fd49352444ac3a3532089eb5fec17,4096,False,False,True,False
aime_1991_p9__validation-A__gpt-5.6-luna__seed0,9,47e7ddb7d0814a1babfc1c9daf4fc0ba,4096,False,False,True,False
aime_1991_p9__validation-A__gpt-5.6-luna__seed0,10,a9eb0dcadfa84579858a7f28e9bb4db5,4096,False,False,True,False
aime_1991_p9__validation-A__gpt-5.6-luna__seed0,11,2faab28a75de4900aa667f6a82a1b637,4096,False,False,True,False
aime_1991_p9__validation-A__gpt-5.6-luna__seed0,12,0bfac75cb7be415cb7d9699745673656,4096,False,False,True,False
aime_1991_p9__validation-A__gpt-5.6-luna__seed0,13,98b3413962a94da78cc88b1f71521c62,4096,False,False,True,False
aime_1991_p9__validation-A__gpt-5.6-luna__seed0,14,fae9301d0ef745bc88db93aa899d2b44,4096,False,False,True,False
aime_1991_p9__validation-A__gpt-5.6-luna__seed0,15,a61ba6815ac046d3a732a418907d18df,4096,False,False,True,False
aime_1991_p9__validation-A__gpt-5.6-luna__seed0,16,4ee5719dc1b740e28c5d5d55598c32ce,4096,False,False,True,False
aime_1991_p9__validation-A__gpt-5.6-luna__seed0,17,923bf65a011246879e4270e0de193436,4096,False,False,True,False
aime_1991_p9__validation-A__gpt-5.6-luna__seed0,18,4f659e3a3f3d401097c85039fdc7073c,4096,False,True,True,False
aime_1991_p9__validation-A__gpt-5.6-luna__seed0,19,75d3d864474844f7be29dc0030384eed,4096,False,True,False,False
aime_1991_p9__validation-A__gpt-5.6-luna__seed0,20,69f8b3f1522b4f8aa6e997b4d131d0b2,4096,False,True,True,False
aime_1991_p9__validation-A__gpt-5.6-luna__seed0,21,e064f77852e546d8b8692b8c607239e7,4096,False,True,True,False
aime_1991_p9__validation-A__gpt-5.6-luna__seed0,22,fc7518102250460ebf06cef6fc300f69,4096,False,True,True,False
aime_1991_p9__validation-A__gpt-5.6-luna__seed0,23,bef7b68318574e14985fcf2d24bb6a71,4096,False,True,True,False
algebra_others_exirrpowirrrat__validation-A__gpt-5.6-luna__seed0,1,4643549bbf2d4db0991542695aa7dbd6,4096,False,False,False,False
algebra_others_exirrpowirrrat__validation-A__gpt-5.6-luna__seed0,2,b6241123314e44028d1af38248d3fa59,4096,False,False,False,False
algebra_others_exirrpowirrrat__validation-A__gpt-5.6-luna__seed0,3,96693c3bc6cb4363a8f59147c496161f,4096,False,False,False,False
algebra_others_exirrpowirrrat__validation-A__gpt-5.6-luna__seed0,4,7e4bebdc924547f3866c6ba79f271db3,4096,False,False,False,False
algebra_others_exirrpowirrrat__validation-A__gpt-5.6-luna__seed0,5,d30032c4ff324e288c702adc02a527ed,4096,False,False,False,False
algebra_others_exirrpowirrrat__validation-A__gpt-5.6-luna__seed0,6,a8c08ed57cee4febb0c6bb67c20966ab,4096,False,False,False,False
algebra_others_exirrpowirrrat__validation-A__gpt-5.6-luna__seed0,7,fa032f9bc5da4a29836fa8a90b1620a3,4096,False,False,False,False
algebra_others_exirrpowirrrat__validation-A__gpt-5.6-luna__seed0,8,462fcda7f14e4583a383cdaae70f526f,4096,False,False,True,False
algebra_others_exirrpowirrrat__validation-A__gpt-5.6-luna__seed0,9,f297e585a4fe4f86a285319541191e46,4096,False,False,False,False
algebra_others_exirrpowirrrat__validation-A__gpt-5.6-luna__seed0,10,57c1b14d24484db9a6ab51063ef199ed,4096,False,False,False,False
algebra_others_exirrpowirrrat__validation-A__gpt-5.6-luna__seed0,11,d253fa489942409e95ae07b61037c3b1,4096,False,False,False,False
algebra_others_exirrpowirrrat__validation-A__gpt-5.6-luna__seed0,12,ad22a2945a8c4468a00ed385b476fd8b,4096,False,False,False,False
algebra_others_exirrpowirrrat__validation-A__gpt-5.6-luna__seed0,13,63ecbc7de2f347719e0137472e7bb41f,4096,False,False,False,False
algebra_others_exirrpowirrrat__validation-A__gpt-5.6-luna__seed0,14,427109fadc3e439abd465da8f6853a69,4096,False,False,False,False
algebra_others_exirrpowirrrat__validation-A__gpt-5.6-luna__seed0,15,bb54371bee974d258540cb4ca3f656a7,4096,False,False,False,False
algebra_others_exirrpowirrrat__validation-A__gpt-5.6-luna__seed0,16,f1f8ccd496054828b0c9d4c50488d790,4096,False,False,False,False
algebra_others_exirrpowirrrat__validation-A__gpt-5.6-luna__seed0,17,2d2aeafdbc44420fb169645d187e5c81,4096,False,False,True,False
algebra_others_exirrpowirrrat__validation-A__gpt-5.6-luna__seed0,18,77aa96a99db04f7fb342fe287a083e4c,4096,False,False,False,False
algebra_others_exirrpowirrrat__validation-A__gpt-5.6-luna__seed0,19,cfde3724b03b48218505d75423e1a589,4096,False,False,False,False
algebra_others_exirrpowirrrat__validation-A__gpt-5.6-luna__seed0,20,de277e357b1542e5afe01b8c68e6fe43,4096,False,False,False,False
algebra_others_exirrpowirrrat__validation-A__gpt-5.6-luna__seed0,21,fa006c9e8b9b4720b2253f89806269e7,4096,False,False,False,False
algebra_others_exirrpowirrrat__validation-A__gpt-5.6-luna__seed0,22,1223379eb18b496cb3cf21eff2474a6d,4096,False,False,False,False
algebra_others_exirrpowirrrat__validation-A__gpt-5.6-luna__seed0,23,2eb055c266194977925e9e04ac10a6ae,4096,False,False,False,False
algebra_others_exirrpowirrrat__validation-A__gpt-5.6-luna__seed0,24,b3cba83387d84da48f712b58211754b9,4096,False,False,False,False
algebra_others_exirrpowirrrat__validation-A__gpt-5.6-luna__seed0,25,473b727977954de68ccacb30812d0335,4096,False,False,False,False
algebra_others_exirrpowirrrat__validation-A__gpt-5.6-luna__seed0,26,777e7edbf2b64be292e2b3d85fe98664,4096,False,False,False,False
algebra_others_exirrpowirrrat__validation-A__gpt-5.6-luna__seed0,27,4ced1d53a7b6497ab904fd9b0b13e1f7,4096,False,False,False,False
algebra_others_exirrpowirrrat__validation-A__gpt-5.6-luna__seed0,28,813b2886081e47bca75c1ad6126d5f65,4096,False,False,False,False
algebra_others_exirrpowirrrat__validation-A__gpt-5.6-luna__seed0,29,496a51aa69904802a0f1a8920db03f30,4096,False,False,False,False
algebra_others_exirrpowirrrat__validation-A__gpt-5.6-luna__seed0,30,3b690c004487455bb760c21a94bd9589,4096,False,False,False,False
algebra_others_exirrpowirrrat__validation-A__gpt-5.6-luna__seed0,31,98318b6535ac49c396e6e97d69eed1a2,4096,False,False,False,False
algebra_others_exirrpowirrrat__validation-A__gpt-5.6-luna__seed0,32,8b3769d3c56a4ee4ba10f744a23339fa,4096,False,False,False,False
algebra_others_exirrpowirrrat__validation-A__gpt-5.6-luna__seed0,33,16e788f6aad746a4b773dc80cf1701dc,4096,False,False,True,False
algebra_others_exirrpowirrrat__validation-A__gpt-5.6-luna__seed0,34,c05c4e292be140e0be1136ef1b4a54c1,4096,False,False,False,False
algebra_others_exirrpowirrrat__validation-A__gpt-5.6-luna__seed0,35,1c78787e87984af085ddacedd4ecaa65,4096,False,False,False,False
algebra_others_exirrpowirrrat__validation-A__gpt-5.6-luna__seed0,36,be46d4d67dc345ddbd132ffa3aee57b7,4096,False,False,False,False
algebra_others_exirrpowirrrat__validation-A__gpt-5.6-luna__seed0,37,e07d241b977d4c1f84aad1687ba9163b,4096,False,False,False,False
algebra_others_exirrpowirrrat__validation-A__gpt-5.6-luna__seed0,38,57b88446a4154179ba42ec431c1503b1,4096,False,False,False,False
algebra_others_exirrpowirrrat__validation-A__gpt-5.6-luna__seed0,39,30969a871d3946fd8bcc32ffc2a6dcc1,4096,False,False,False,False
algebra_others_exirrpowirrrat__validation-A__gpt-5.6-luna__seed0,40,3d032a72c19c45f98cbbfae8e229df23,4096,False,False,False,False
algebra_others_exirrpowirrrat__validation-A__gpt-5.6-luna__seed0,41,1e76f3c265604797a81f69604ce2b2cf,4096,False,False,True,False
algebra_others_exirrpowirrrat__validation-A__gpt-5.6-luna__seed0,42,151e89ff66c14fa7ae59eed52684e018,4096,False,True,True,False
algebra_others_exirrpowirrrat__validation-A__gpt-5.6-luna__seed0,43,548fe28f95f84f578ced9c858908999e,4096,False,True,True,False
algebra_others_exirrpowirrrat__validation-A__gpt-5.6-luna__seed0,44,0ee12e49a114428ab2065d5f13ba7fd8,4096,False,True,False,False
algebra_others_exirrpowirrrat__validation-A__gpt-5.6-luna__seed0,45,42952176844b437a848782bd49aa0049,4096,False,True,False,False
algebra_others_exirrpowirrrat__validation-A__gpt-5.6-luna__seed0,46,7e642df133b140bcbb624e90a2ea4aa3,4096,False,True,False,False
algebra_others_exirrpowirrrat__validation-A__gpt-5.6-luna__seed0,47,724e88891c084dfa89d8ba58806f0f33,4096,False,True,False,False
algebra_others_exirrpowirrrat__validation-A__gpt-5.6-luna__seed0,48,ad2ea6f9dfad4ee9adc1ed0a080665ac,4096,False,True,False,False
algebra_others_exirrpowirrrat__validation-A__gpt-5.6-luna__seed0,49,c503761e4dff4c3c82945e06e49c24b4,4096,False,True,False,False
algebra_others_exirrpowirrrat__validation-A__gpt-5.6-luna__seed0,50,303a8b2dbe3c40ee8d6d543575ca278c,4096,False,True,False,False
algebra_others_exirrpowirrrat__validation-A__gpt-5.6-luna__seed0,51,b891425a724a4db4aa6fb1d5cf5c0970,4096,False,True,False,False
algebra_others_exirrpowirrrat__validation-A__gpt-5.6-luna__seed0,52,5827f80451024db4b347fac62b947f52,4096,False,True,False,False
algebra_others_exirrpowirrrat__validation-A__gpt-5.6-luna__seed0,53,e41431dadb6641949a8a698a1ede304e,4096,False,True,True,False
algebra_others_exirrpowirrrat__validation-A__gpt-5.6-luna__seed0,54,40ece6194ac24567b3a5f53b9e1dc5b5,4096,False,True,True,False
algebra_others_exirrpowirrrat__validation-A__gpt-5.6-luna__seed0,55,9d6347d927a545e8b53c503dfc3b6657,4096,False,True,True,False
algebra_others_exirrpowirrrat__validation-A__gpt-5.6-luna__seed0,56,6dfe45a414744c3c9624ca707320d010,4096,False,True,False,False
amc12_2000_p12__validation-A__gpt-5.6-luna__seed0,1,8967311883a4475a8cf8344dbc5975e9,4096,False,False,True,False
amc12_2000_p12__validation-A__gpt-5.6-luna__seed0,2,f8fc4f5311d34cbb8f011d4c85f55e92,4096,False,False,True,False
amc12_2000_p12__validation-A__gpt-5.6-luna__seed0,3,0a5fc73021704ad48dfaac70fa8ceaae,4096,False,False,True,False
amc12_2000_p12__validation-A__gpt-5.6-luna__seed0,4,46f88e2387d348d2b05c3aa3e116f446,4096,False,False,True,False
amc12_2000_p12__validation-A__gpt-5.6-luna__seed0,5,5cab2e7eb6a44ad489a6babee616e05c,4096,False,False,True,False
amc12_2000_p12__validation-A__gpt-5.6-luna__seed0,6,6e5f1c02d2654e148107b9541559ca7d,4096,False,False,True,False
amc12_2000_p12__validation-A__gpt-5.6-luna__seed0,7,7d3595b3d48e4acd96e236f7471fc7b2,4096,False,False,True,False
amc12_2001_p21__validation-A__gpt-5.6-luna__seed0,1,d39831d35d1943e59f491ef3f376b769,4096,False,False,True,False
amc12_2001_p21__validation-A__gpt-5.6-luna__seed0,2,48ce751be1994e2b951cd37b4736a761,4096,False,False,True,False
amc12_2001_p21__validation-A__gpt-5.6-luna__seed0,3,a89e3b36097643d69fd4aa027ab82b07,4096,False,False,True,False
amc12_2001_p21__validation-A__gpt-5.6-luna__seed0,4,1cb9f0dbb6874642a02d2ef1b23a9e55,4096,False,False,True,False
amc12_2001_p21__validation-A__gpt-5.6-luna__seed0,5,cc79fca9be20435598c6ab6ae5d316ca,4096,False,False,False,False
amc12_2001_p21__validation-A__gpt-5.6-luna__seed0,6,99fb30153ecb45d4b3d1d85bfc7cf179,4096,False,False,True,False
amc12_2001_p21__validation-A__gpt-5.6-luna__seed0,7,0fbd0eef8ba04770a5a4ac4f9cb9e471,4096,False,False,False,False
amc12_2001_p21__validation-A__gpt-5.6-luna__seed0,8,05be6689856f494fbc46703ec21a9105,4096,False,False,False,False
amc12_2001_p21__validation-A__gpt-5.6-luna__seed0,9,029baa03f43c436f9ac283a528a98434,4096,False,False,False,False
amc12_2001_p21__validation-A__gpt-5.6-luna__seed0,10,092b748363154182b111206f1916a8ff,4096,False,False,True,False
amc12_2001_p21__validation-A__gpt-5.6-luna__seed0,11,3d0cb025790e4416985c0a5b3c68aa20,4096,False,False,True,False
amc12_2001_p21__validation-A__gpt-5.6-luna__seed0,12,f3227871dc684d76bff8d736cc1df51b,4096,False,False,True,False
amc12_2001_p21__validation-A__gpt-5.6-luna__seed0,13,a30e86cfbfe04cbaba656c73252d128b,4096,False,False,True,False
amc12_2001_p21__validation-A__gpt-5.6-luna__seed0,14,7048fcac5d8a46b5a10dd897a447c968,4096,False,False,False,False
amc12a_2002_p6__validation-A__gpt-5.6-luna__seed0,1,df4d860df60647d08e3d45da0ca72b17,4096,False,False,True,False
amc12a_2008_p4__validation-A__gpt-5.6-luna__seed0,1,05785c259ac949bab76821a0e9a7277c,4096,False,False,False,False
amc12a_2008_p4__validation-A__gpt-5.6-luna__seed0,2,ddeac589006d4df09fef2d422a8a9725,4096,False,False,True,False
amc12a_2008_p4__validation-A__gpt-5.6-luna__seed0,3,09ec85c9dcef455e8f473bd7127f2ed8,4096,False,False,False,False
amc12a_2008_p4__validation-A__gpt-5.6-luna__seed0,4,a53c95e225a7455a9b77231e5c87d65c,4096,False,False,False,False
amc12a_2008_p4__validation-A__gpt-5.6-luna__seed0,5,dc3e8423719143c981fc6fc899122676,4096,False,False,False,False
amc12a_2008_p4__validation-A__gpt-5.6-luna__seed0,6,7222d8e4a1964a089be618ff22cffac5,4096,False,False,True,False
amc12a_2008_p4__validation-A__gpt-5.6-luna__seed0,7,286612027c4a426b92520d871520be94,4096,False,False,False,False
amc12a_2008_p4__validation-A__gpt-5.6-luna__seed0,8,d058e1ecf007454d913f608262e50e37,4096,False,False,True,False
amc12a_2008_p4__validation-A__gpt-5.6-luna__seed0,9,e43b028c7f4b4c14b7fdedc7ce86883f,4096,False,False,True,False
amc12a_2008_p4__validation-A__gpt-5.6-luna__seed0,10,6ce15069480449209872a999ced8ee3b,4096,False,False,True,False
amc12a_2008_p4__validation-A__gpt-5.6-luna__seed0,11,e88d7252329d4f608a9ed5fb5a80a1e4,4096,False,False,False,False
amc12a_2008_p4__validation-A__gpt-5.6-luna__seed0,12,e0ff17300fd04f9088f1299105ad30d9,4096,False,False,True,False
amc12a_2008_p4__validation-A__gpt-5.6-luna__seed0,13,0cec9e371d1e45c6a39efcedbf7c69d3,4096,False,False,False,False
amc12a_2008_p4__validation-A__gpt-5.6-luna__seed0,14,9290277f00224efa8e8c8980cfdb7e36,4096,False,False,True,False
amc12a_2008_p4__validation-A__gpt-5.6-luna__seed0,15,dec7421849444f799b48376798d9d5fa,4096,False,False,True,False
amc12a_2008_p4__validation-A__gpt-5.6-luna__seed0,16,a1cf9b5446c44e26821f2e154da0437c,4096,False,False,True,False
amc12a_2008_p4__validation-A__gpt-5.6-luna__seed0,17,642804b304f54dac95d45742b04755bb,4096,False,False,True,False
amc12a_2008_p4__validation-A__gpt-5.6-luna__seed0,18,8cd21eaddb004b41803ac99fc9ed6e17,4096,False,False,True,False
amc12a_2008_p4__validation-A__gpt-5.6-luna__seed0,19,f7e91dc401e74a2f9b3181c4e81d1213,4096,False,False,True,False
amc12a_2008_p4__validation-A__gpt-5.6-luna__seed0,20,1826d59439b542fd831577d91ab9a127,4096,False,True,True,False
amc12a_2008_p4__validation-A__gpt-5.6-luna__seed0,21,fdce86e3bf01489da2faa3a44a1dad74,4096,False,True,True,False
amc12a_2008_p4__validation-A__gpt-5.6-luna__seed0,22,426791d8a5fa497da1ba600c68bcce23,4096,False,True,True,False
amc12a_2008_p4__validation-A__gpt-5.6-luna__seed0,23,5560589d94f64baea64145c36e3ab8e3,4096,False,True,True,False
amc12a_2008_p4__validation-A__gpt-5.6-luna__seed0,24,1a82d165ede840eeae4f1fe8a84bd5fc,4096,False,True,True,False
amc12a_2013_p8__validation-A__gpt-5.6-luna__seed0,1,9f35dd849ede4147b90339c944a95159,4096,False,False,True,False
amc12a_2013_p8__validation-A__gpt-5.6-luna__seed0,2,a2a0d2537c004988985e7e598b50703a,4096,False,False,False,False
amc12a_2013_p8__validation-A__gpt-5.6-luna__seed0,3,96c6b0e64b854d7696934ba0e6ea76c8,4096,False,False,True,False
amc12a_2013_p8__validation-A__gpt-5.6-luna__seed0,4,d55d732bfbc249279b0532ad4455fe67,4096,False,False,False,False
amc12a_2013_p8__validation-A__gpt-5.6-luna__seed0,5,d994c9c331384cd6b3cfa1acc0cc754c,4096,False,False,True,False
amc12a_2013_p8__validation-A__gpt-5.6-luna__seed0,6,95b12cef509a40d8bbc895e2b273d74f,4096,False,False,True,False
amc12a_2013_p8__validation-A__gpt-5.6-luna__seed0,7,dee9794a7bcb4544bf27b40a6639a521,4096,False,False,True,False
amc12a_2016_p3__validation-A__gpt-5.6-luna__seed0,1,464ae9229f6a4f64b95d212e2830a5c8,4096,False,False,False,False
amc12a_2016_p3__validation-A__gpt-5.6-luna__seed0,2,dc8ecb9291944ce0b566f39ce8cd8db0,4096,False,False,False,False
amc12a_2016_p3__validation-A__gpt-5.6-luna__seed0,3,6f4c725a29fe4294bf818b7dbfeff482,4096,False,False,True,False
amc12a_2016_p3__validation-A__gpt-5.6-luna__seed0,4,9d6480fee3864c3db5be239a818974d3,4096,False,False,True,False
amc12a_2016_p3__validation-A__gpt-5.6-luna__seed0,5,dc90fa1f06f1433cb9aad2e8ab348346,4096,False,False,True,False
amc12a_2016_p3__validation-A__gpt-5.6-luna__seed0,6,5ac8770322f44f108b23e0315af03379,4096,False,False,True,False
amc12a_2016_p3__validation-A__gpt-5.6-luna__seed0,7,6d7fee0ea00042d1a68dd1aa865ab081,4096,False,False,True,False
amc12a_2016_p3__validation-A__gpt-5.6-luna__seed0,8,78dbd5bb7b06474680956f3bdf75ad79,4096,False,False,True,False
amc12a_2016_p3__validation-A__gpt-5.6-luna__seed0,9,d34a1850061d4175adea666a2be2b050,4096,False,False,False,False
amc12a_2016_p3__validation-A__gpt-5.6-luna__seed0,10,62af0e484a6a4b269c3e3d9ab55ec12d,4096,False,False,False,False
amc12a_2016_p3__validation-A__gpt-5.6-luna__seed0,11,cb935993b30347eb9cbcf4ce1513095f,4096,False,False,False,False
amc12a_2016_p3__validation-A__gpt-5.6-luna__seed0,12,c0218a8a1fee4aa6a78d81ead3575a00,4096,False,False,True,False
amc12a_2019_p21__validation-A__gpt-5.6-luna__seed0,1,f51a529fdf184c25b3f44a1d9afa89eb,4096,False,False,False,False
amc12a_2019_p21__validation-A__gpt-5.6-luna__seed0,2,f124a23ffd164e5baaeefc0c2fd989e6,4096,False,False,True,False
amc12a_2019_p21__validation-A__gpt-5.6-luna__seed0,3,89f1f2cceaab4534aa93fab81f6ab4d6,4096,False,False,False,False
amc12a_2019_p21__validation-A__gpt-5.6-luna__seed0,4,5710351d71444e94a69db6d56f0a7e14,4096,False,False,False,False
amc12a_2019_p21__validation-A__gpt-5.6-luna__seed0,5,67879874c8cc4120b2151f38deb97c17,4096,False,False,False,False
amc12a_2019_p21__validation-A__gpt-5.6-luna__seed0,6,d5dd3a917ab04f349e2a5d0e8770167e,4096,False,False,False,False
amc12a_2019_p21__validation-A__gpt-5.6-luna__seed0,7,7ae491731a9f4e958a3d521f69c79695,4096,False,False,False,False
amc12a_2019_p21__validation-A__gpt-5.6-luna__seed0,8,4d23a85dee3545b1bef79a8bf275b75a,4096,False,False,False,False
amc12a_2019_p21__validation-A__gpt-5.6-luna__seed0,9,388a505e9c3c411caebc40067c18f88a,4096,False,False,False,False
amc12a_2019_p21__validation-A__gpt-5.6-luna__seed0,10,8b37c501b99d4448ae8e0da8e211b23f,4096,False,False,True,False
amc12a_2019_p21__validation-A__gpt-5.6-luna__seed0,11,01d205752a1747b6af99a03dc89689a7,4096,False,False,False,False
amc12a_2019_p21__validation-A__gpt-5.6-luna__seed0,12,8db620caed1e4f54a44e975282c1aec0,4096,False,False,False,False
amc12a_2019_p21__validation-A__gpt-5.6-luna__seed0,13,166aea3374d24bc69a488580dba48c38,4096,False,False,True,False
amc12a_2019_p21__validation-A__gpt-5.6-luna__seed0,14,f8f18c7034ac4c43ac25fd3a05f9c763,4096,False,False,True,False
amc12a_2019_p21__validation-A__gpt-5.6-luna__seed0,15,a17d4aca8a804b86912e506bfe4e37db,4096,False,False,True,False
amc12a_2019_p21__validation-A__gpt-5.6-luna__seed0,16,d3076e64723a4eceaa056a7a57ec4773,4096,False,False,True,False
amc12a_2019_p21__validation-A__gpt-5.6-luna__seed0,17,66d35e910d494703bbc3e00955ec1192,4096,False,False,False,False
amc12a_2019_p21__validation-A__gpt-5.6-luna__seed0,18,89ee3a341f414ca484a634841d507c33,4096,False,False,True,False
amc12a_2019_p21__validation-A__gpt-5.6-luna__seed0,19,042e6bcb3eb64cb6bd9f2ad96f7e56ff,4096,False,False,False,False
amc12a_2019_p21__validation-A__gpt-5.6-luna__seed0,20,eee324b3b4484de0a9c9496ed991221b,4096,False,False,True,False
amc12a_2019_p21__validation-A__gpt-5.6-luna__seed0,21,2edfc2c296124ba680fb956a975e33dc,4096,False,False,False,False
amc12a_2019_p21__validation-A__gpt-5.6-luna__seed0,22,beafafef5dc142c083c7ac72310b0ead,4096,False,True,False,False
amc12a_2019_p21__validation-A__gpt-5.6-luna__seed0,23,7b42c8069dd04c3ca1f8adedce4a4c6a,4096,False,True,False,False
amc12a_2019_p21__validation-A__gpt-5.6-luna__seed0,24,2f7f5bcdbeff43ce853f61a57ae75529,4096,False,True,True,False
amc12a_2019_p21__validation-A__gpt-5.6-luna__seed0,25,dbf83578665d4a97baeb05b2cc0ab441,4096,False,True,True,False
amc12a_2019_p21__validation-A__gpt-5.6-luna__seed0,26,46d364b2d04b4d5792271a7c058d1102,4096,False,True,False,False
amc12a_2019_p21__validation-A__gpt-5.6-luna__seed0,27,b2d1f54e97ef45acaaa0c9fb78043e57,4096,False,True,True,False
amc12a_2019_p21__validation-A__gpt-5.6-luna__seed0,28,942d67322bac4017a9a39bcc337bd03b,4096,False,True,True,False
amc12a_2019_p21__validation-A__gpt-5.6-luna__seed0,29,9d7c42d14b0c4052b6621ebf3c2e8d4f,4096,False,True,False,False
amc12a_2020_p21__validation-A__gpt-5.6-luna__seed0,1,8e4d7cc3a77e4d6bbc69ffdc238c1e97,4096,False,False,False,False
amc12a_2020_p21__validation-A__gpt-5.6-luna__seed0,2,45cf2cdc53a6405da7667b91e64e1160,4096,False,False,False,False
amc12a_2020_p21__validation-A__gpt-5.6-luna__seed0,3,2cc9156f760346568e86e8c56acb2133,4096,False,False,False,False
amc12a_2020_p21__validation-A__gpt-5.6-luna__seed0,4,1ae7f04d2dac4366814f1ab3a3577ef9,4096,False,False,False,False
amc12a_2020_p21__validation-A__gpt-5.6-luna__seed0,5,153e9ef862744c758c297fff4241845d,4096,False,False,False,False
amc12a_2020_p21__validation-A__gpt-5.6-luna__seed0,6,431fc98c1cfb4e11b5e1fe7d3d4342db,4096,False,False,False,False
amc12a_2020_p21__validation-A__gpt-5.6-luna__seed0,7,4306cb9520504e0eb75fc514402fa65c,4096,False,False,False,False
amc12a_2020_p21__validation-A__gpt-5.6-luna__seed0,8,798670d98f7c4d1796a0411df05d4137,4096,False,False,True,False
amc12a_2020_p21__validation-A__gpt-5.6-luna__seed0,9,68a1d4aeecf54cf38d978ccbcceefd80,4096,False,False,False,False
amc12a_2020_p21__validation-A__gpt-5.6-luna__seed0,10,12e55a52caf84edfbe9c76cf580db946,4096,False,False,True,False
amc12a_2020_p21__validation-A__gpt-5.6-luna__seed0,11,04f603f5e834496bb8c5c1498794a450,4096,False,False,True,False
amc12a_2020_p21__validation-A__gpt-5.6-luna__seed0,12,d10e736172ea445e866f9b40c902d75f,4096,False,False,True,False
amc12a_2020_p21__validation-A__gpt-5.6-luna__seed0,13,6310d84310734b5da5f7702903e01879,4096,False,False,True,False
amc12a_2020_p21__validation-A__gpt-5.6-luna__seed0,14,6af858939d564dbeb96a8b4e99dc20cf,4096,False,False,True,False
amc12a_2020_p21__validation-A__gpt-5.6-luna__seed0,15,12d66e50bae241548c2b05f9dae131b1,4096,False,False,True,False
amc12a_2020_p21__validation-A__gpt-5.6-luna__seed0,16,f563f35e79c74a438d2de075ee72ca85,4096,False,False,False,False
amc12a_2020_p21__validation-A__gpt-5.6-luna__seed0,17,b18b9b43490145e0b0b99f2894b8c7f4,4096,False,False,True,False
amc12a_2020_p21__validation-A__gpt-5.6-luna__seed0,18,15117a11cd46436aabbfd9e42d2017e5,4096,False,False,False,False
amc12a_2020_p21__validation-A__gpt-5.6-luna__seed0,19,a6a8be2fb44e4dbfa0425d3c83f6e92d,4096,False,False,True,False
amc12a_2020_p21__validation-A__gpt-5.6-luna__seed0,20,fa0a7717f0be44009854dc5a8bf4c77c,4096,False,False,True,False
amc12a_2020_p21__validation-A__gpt-5.6-luna__seed0,21,d516a005aca14408a225c0b1baa2bf97,4096,False,False,True,False
amc12a_2020_p21__validation-A__gpt-5.6-luna__seed0,22,699349d6e07740028901a06ed7f12cf5,4096,False,False,True,False
amc12a_2020_p21__validation-A__gpt-5.6-luna__seed0,23,be21eb4b94304ca0b6f7798bcb0cb0c3,4096,False,False,True,False
amc12a_2020_p21__validation-A__gpt-5.6-luna__seed0,24,cb09c65c4a194359abf901a7d7ed2f48,4096,False,False,True,False
amc12a_2020_p21__validation-A__gpt-5.6-luna__seed0,25,c77556ccf36a40999f4660cf911a000e,4096,False,False,True,False
amc12a_2020_p21__validation-A__gpt-5.6-luna__seed0,26,35920846ded0467dae24ea6b2d3ee769,4096,False,False,True,False
amc12a_2020_p21__validation-A__gpt-5.6-luna__seed0,27,bd477162504e44b8afbddf7dceee3a2a,4096,False,False,True,False
amc12a_2020_p21__validation-A__gpt-5.6-luna__seed0,28,0e4d25f1fbda439f8315f1d75a728155,4096,False,True,True,False
amc12a_2020_p21__validation-A__gpt-5.6-luna__seed0,29,5574af07008547c8b283df4595334191,4096,False,True,True,False
amc12a_2020_p21__validation-A__gpt-5.6-luna__seed0,30,f65756ed802f4697a6198dc05b7e0f2f,4096,False,True,True,False
amc12a_2020_p21__validation-A__gpt-5.6-luna__seed0,31,b66e306b5a354d289ea09114e7031021,4096,False,True,True,False
amc12a_2020_p21__validation-A__gpt-5.6-luna__seed0,32,ef0660f9ad454943b35db4485e967236,4096,False,True,True,False
amc12a_2020_p21__validation-A__gpt-5.6-luna__seed0,33,2e095d8f8dab43a5a41c0d31cf68cdd5,4096,False,True,True,False
amc12a_2020_p21__validation-A__gpt-5.6-luna__seed0,34,ca7fea0aab7d43ee80dc44d469419ceb,4096,False,True,True,False
amc12a_2020_p21__validation-A__gpt-5.6-luna__seed0,35,bacbd94e13d44600a829f9d3d7d5c3e5,4096,False,True,True,False
amc12a_2020_p21__validation-A__gpt-5.6-luna__seed0,36,59c9f6d140ec4b7a8c0e701eb313a4d0,4096,False,True,True,False
amc12a_2020_p21__validation-A__gpt-5.6-luna__seed0,37,d94b708707e44040adb7d7548dfdf470,4096,False,True,True,False
amc12a_2020_p21__validation-A__gpt-5.6-luna__seed0,38,a1c24416737b471ea9375ed7529c67f2,4096,False,True,True,False
amc12a_2020_p21__validation-A__gpt-5.6-luna__seed0,39,d20875ae926f44178680252eb16b4df4,4096,False,True,False,False
amc12a_2020_p21__validation-A__gpt-5.6-luna__seed0,40,dc01540e9b1241068cfbb06f651e35dd,4096,False,True,True,False
amc12a_2020_p21__validation-A__gpt-5.6-luna__seed0,41,b1cb8c5b2a364addaa8d488e3946f135,4096,False,True,True,False
amc12a_2020_p21__validation-A__gpt-5.6-luna__seed0,42,25984242097246da9f9a36410c2ed420,4096,False,True,True,False
amc12a_2020_p21__validation-A__gpt-5.6-luna__seed0,43,dcc75f3051484ca999e82c086ef81da1,4096,False,True,False,False
amc12a_2020_p21__validation-A__gpt-5.6-luna__seed0,44,c11cb34c429343579f7288bb653cf0a9,4096,False,True,False,False
amc12a_2020_p21__validation-A__gpt-5.6-luna__seed0,45,464fc31b871f4233b1ef2e260ef945e1,4096,False,True,True,False
amc12a_2020_p21__validation-A__gpt-5.6-luna__seed0,46,60df6d98b22346aa8e082091d93c1585,4096,False,True,True,False
amc12a_2020_p21__validation-A__gpt-5.6-luna__seed0,47,59bd44ae9d0445f2a2287f81972ad5e3,4096,False,True,False,False
amc12a_2020_p21__validation-A__gpt-5.6-luna__seed0,48,9793d6f9e4e34ad19d35e198a18f719a,4096,False,True,False,False
amc12a_2020_p21__validation-A__gpt-5.6-luna__seed0,49,a544370a4e0c4de2a13c621fea2f83c7,4096,False,True,True,False
amc12a_2020_p21__validation-A__gpt-5.6-luna__seed0,50,c48fa35002a347da84ca269191e3473a,4096,False,True,False,False
amc12a_2020_p21__validation-A__gpt-5.6-luna__seed0,51,b7b0c435c851461ea19f8f4f718380a0,4096,False,True,False,False
amc12a_2020_p21__validation-A__gpt-5.6-luna__seed0,52,ce7e3a6e99c14e4c94ba6eae00390429,4096,False,True,True,False
amc12a_2020_p21__validation-A__gpt-5.6-luna__seed0,53,84ce22e812af4d86bf220d6363eabf86,4096,False,True,False,False
amc12a_2020_p21__validation-A__gpt-5.6-luna__seed0,54,ee8236b6f89042adbcdd510a5e5eddc0,4096,False,True,True,False
amc12a_2020_p21__validation-A__gpt-5.6-luna__seed0,55,fd9e8feddeac46aca26afdf5bdf6175e,4096,False,True,False,False
amc12a_2020_p21__validation-A__gpt-5.6-luna__seed0,56,7cd9a46404fc46839a6822a9f4d19353,4096,False,True,True,False
amc12a_2020_p21__validation-A__gpt-5.6-luna__seed0,57,80c32e890c824c5ba0fd793be877476a,4096,False,True,False,False
amc12a_2020_p21__validation-A__gpt-5.6-luna__seed0,58,757cbabeb8fa4ecdb955eeb130d5ca85,4096,False,True,False,False
amc12a_2020_p21__validation-A__gpt-5.6-luna__seed0,59,b29327e764c1474492c724decbea6100,4096,False,True,False,False
amc12a_2020_p21__validation-A__gpt-5.6-luna__seed0,60,68212d09f01a464ab3eefcb34a04f14e,4096,False,True,False,False
amc12a_2020_p21__validation-A__gpt-5.6-luna__seed0,61,d2851fcb874b472b88f18f1bad1fc0a5,4096,False,True,True,False
amc12a_2020_p21__validation-A__gpt-5.6-luna__seed0,62,beb7cce900bc4cb4b1f3940cdf111cfe,4096,False,True,False,False
amc12a_2020_p21__validation-A__gpt-5.6-luna__seed0,63,cb3671c56ed44bbcb693e4f42b28ba7f,4096,False,True,False,False
amc12b_2002_p3__validation-A__gpt-5.6-luna__seed0,1,bec09dfff59c4c0e8945d81ca776dea5,4096,False,False,False,False
amc12b_2002_p3__validation-A__gpt-5.6-luna__seed0,2,b54689389cbd4b8db92541ad0c4427db,4096,False,False,False,False
amc12b_2002_p3__validation-A__gpt-5.6-luna__seed0,3,9d99b2538f704c55873db5597babde70,4096,False,False,False,False
amc12b_2002_p3__validation-A__gpt-5.6-luna__seed0,4,86bcb112b4cc4ed2890693c94ad6a036,4096,False,False,True,False
amc12b_2002_p3__validation-A__gpt-5.6-luna__seed0,5,117b0f01d8c0404882e3173fea32129b,4096,False,False,True,False
amc12b_2003_p6__validation-A__gpt-5.6-luna__seed0,1,e512799712314f85b0afa5b3213d37fe,4096,False,False,False,False
amc12b_2003_p6__validation-A__gpt-5.6-luna__seed0,2,efa07c866751467c8600035fad228906,4096,False,False,False,False
amc12b_2003_p6__validation-A__gpt-5.6-luna__seed0,3,eaf64c203c2a45e49550aa3025dc1059,4096,False,False,False,False
amc12b_2003_p6__validation-A__gpt-5.6-luna__seed0,4,0f3d0be19dca466b97242acb0be7d4b7,4096,False,False,True,False
amc12b_2003_p6__validation-A__gpt-5.6-luna__seed0,5,9ee9ab59f82d4e58b2b09c75d6ebe727,4096,False,False,True,False
amc12b_2003_p6__validation-A__gpt-5.6-luna__seed0,6,0e53f732be064c459a3b4b4ca4158d9d,4096,False,False,True,False
amc12b_2003_p6__validation-A__gpt-5.6-luna__seed0,7,bb709594281d429ea57aabd6cec22d6b,4096,False,False,False,False
amc12b_2003_p6__validation-A__gpt-5.6-luna__seed0,8,fafe80a517a5425ba1638a8b20c82bc7,4096,False,False,True,False
amc12b_2003_p6__validation-A__gpt-5.6-luna__seed0,9,6301788ba51b4e2d9dbb0b6435d70958,4096,False,False,True,False
amc12b_2003_p6__validation-A__gpt-5.6-luna__seed0,10,2052374c200a4e4cb22bcd0bc37dc343,4096,False,False,False,False
amc12b_2003_p6__validation-A__gpt-5.6-luna__seed0,11,e6d6b2962da74c7dbc2a03ceeab3abcd,4096,False,False,True,False
amc12b_2003_p6__validation-A__gpt-5.6-luna__seed0,12,2f022705cf554c11a82256af0d5bd586,4096,False,False,True,False
amc12b_2003_p6__validation-A__gpt-5.6-luna__seed0,13,182a582c892c4dc09ae64c8ed1973134,4096,False,False,True,False
amc12b_2003_p6__validation-A__gpt-5.6-luna__seed0,14,d618c1ecf8044da78303354c5cd75594,4096,False,False,True,False
amc12b_2020_p5__validation-A__gpt-5.6-luna__seed0,1,0d6a636abdb44064abe162375b3398fc,4096,False,False,True,False
imo_1960_p2__validation-A__gpt-5.6-luna__seed0,1,718d47635e44410192eb65d874a8cd91,4096,False,False,False,False
imo_1960_p2__validation-A__gpt-5.6-luna__seed0,2,71735363fa0f44b9ad63433e0759181d,4096,False,False,False,False
imo_1960_p2__validation-A__gpt-5.6-luna__seed0,3,31c5569fe1ee42cbae5eb2c0fd64d89c,4096,False,False,True,False
imo_1960_p2__validation-A__gpt-5.6-luna__seed0,4,c98a94ffb7724a568e4ef44f9e3a2f39,4096,False,False,True,False
imo_1960_p2__validation-A__gpt-5.6-luna__seed0,5,5e1da2d860b946b7bf3b6db168e216e8,4096,False,False,False,False
imo_1960_p2__validation-A__gpt-5.6-luna__seed0,6,f08adddf34ee43c6aa6c68a7e46a5a65,4096,False,False,False,False
imo_1960_p2__validation-A__gpt-5.6-luna__seed0,7,13c56df3618d488281a9f66ff389991f,4096,False,False,True,False
imo_1960_p2__validation-A__gpt-5.6-luna__seed0,8,eea6d8a6d45d4b599d57f84626774960,4096,False,False,True,False
imo_1960_p2__validation-A__gpt-5.6-luna__seed0,9,a464fe9bc7ed4fccbc6617549f38814c,4096,False,False,False,False
imo_1960_p2__validation-A__gpt-5.6-luna__seed0,10,c31a037c001f45c991d5161968f301ed,4096,False,False,True,False
imo_1964_p2__validation-A__gpt-5.6-luna__seed0,1,b2442cca7ad9477782fa0086d4f5b343,4096,False,False,True,False
imo_1964_p2__validation-A__gpt-5.6-luna__seed0,2,e322990b0e63476a89472a62afae690c,4096,False,False,True,False
imo_1964_p2__validation-A__gpt-5.6-luna__seed0,3,d9b9b3fc628d4f38a89b1d60e255afce,4096,False,False,False,False
imo_1964_p2__validation-A__gpt-5.6-luna__seed0,4,12e5a4309c1247c3af31ebebde1d3390,4096,False,False,True,False
imo_1964_p2__validation-A__gpt-5.6-luna__seed0,5,d818ebaf5ac24b60beb1e0fb76a5aa36,4096,False,False,True,False
imo_1964_p2__validation-A__gpt-5.6-luna__seed0,6,0ef37b8cde9a4c2db2592311c6df83b9,4096,False,False,True,False
imo_1964_p2__validation-A__gpt-5.6-luna__seed0,7,c9b9c9fcf875489ab3f6eea2f6e7cc60,4096,False,False,True,False
imo_1964_p2__validation-A__gpt-5.6-luna__seed0,8,1f40fec53d734a2fab0b54c2b21c8428,4096,False,False,False,False
imo_1964_p2__validation-A__gpt-5.6-luna__seed0,9,e341b90ccd69497eadef9fedd5502ed4,4096,False,False,True,False
imo_1964_p2__validation-A__gpt-5.6-luna__seed0,10,7b2ecef2f16147bb8697b406969f54e6,4096,False,False,True,False
imo_1969_p2__validation-A__gpt-5.6-luna__seed0,1,42f777dd58db42c5a0bae99b11c63bf9,4096,False,False,False,False
imo_1969_p2__validation-A__gpt-5.6-luna__seed0,2,693cb269c1004e5bafe9667523fa2fcd,4096,False,False,False,False
imo_1969_p2__validation-A__gpt-5.6-luna__seed0,3,594e2cd1816142deac69068e02af09dd,4096,False,False,False,False
imo_1969_p2__validation-A__gpt-5.6-luna__seed0,4,b84892a7cc3b48339a09b9943fce65bd,4096,False,False,False,False
imo_1969_p2__validation-A__gpt-5.6-luna__seed0,5,334404bf783c4f4f9275fbd60c76d379,4096,False,False,True,False
imo_1969_p2__validation-A__gpt-5.6-luna__seed0,6,0f54c705745149b5a1235c586c3d2798,4096,False,False,False,False
imo_1969_p2__validation-A__gpt-5.6-luna__seed0,7,01668fa3feeb4db7b670566a1f9ef5b1,4096,False,False,False,False
imo_1969_p2__validation-A__gpt-5.6-luna__seed0,8,79b29d3ae54e4adea39e1571b717d880,4096,False,False,True,False
imo_1969_p2__validation-A__gpt-5.6-luna__seed0,9,1d4e9e436ed0449a90756fd5e102b03c,4096,False,False,False,False
imo_1969_p2__validation-A__gpt-5.6-luna__seed0,10,0d289798fe4b457eb2421b7d4b0c0949,4096,False,False,True,False
imo_1969_p2__validation-A__gpt-5.6-luna__seed0,11,bf91821ce84e498893500dab7af7cc66,4096,False,False,False,False
imo_1969_p2__validation-A__gpt-5.6-luna__seed0,12,a3a0c052122f4881ac97da5127e355d8,4096,False,False,False,False
imo_1969_p2__validation-A__gpt-5.6-luna__seed0,13,99279a5d2f2c4b37a22b5cd912be55c5,4096,False,False,True,False
imo_1969_p2__validation-A__gpt-5.6-luna__seed0,14,99642dc54f714c7483d90d5e44522d74,4096,False,False,False,False
imo_1969_p2__validation-A__gpt-5.6-luna__seed0,15,ba5f66eb29a5463b93a39758f33fd07b,4096,False,False,False,False
imo_1969_p2__validation-A__gpt-5.6-luna__seed0,16,d4c2605f4b304a41b32e5a401f575e12,4096,False,False,True,False
imo_1969_p2__validation-A__gpt-5.6-luna__seed0,17,a68ca7b2dd2f4d66ac03b6d54037e2ee,4096,False,False,True,False
imo_1969_p2__validation-A__gpt-5.6-luna__seed0,18,ea3444aa1fb94657bdc8b4abcbc48cfb,4096,False,False,True,False
imo_1969_p2__validation-A__gpt-5.6-luna__seed0,19,ca99c50623e74c10a386e657b01350e0,4096,False,False,True,False
imo_1969_p2__validation-A__gpt-5.6-luna__seed0,20,f7c1b4985cf64eaf99991c221bd4d565,4096,False,False,True,False
imo_1969_p2__validation-A__gpt-5.6-luna__seed0,21,667d1de5a83f4d7baad6b5f9c863fe98,4096,False,True,False,False
imo_1969_p2__validation-A__gpt-5.6-luna__seed0,22,6ef749f5155d49adab0a313966fe2823,4096,False,True,True,False
imo_1969_p2__validation-A__gpt-5.6-luna__seed0,23,bfcf49d4bf0946d5b5ebe40cba58e03a,4096,False,True,True,False
imo_1969_p2__validation-A__gpt-5.6-luna__seed0,24,4a344f9566664896b6c9d8a9fe8a057b,4096,False,True,True,False
imo_1969_p2__validation-A__gpt-5.6-luna__seed0,25,68c59d44352b4eaab347d3dc513bd895,4096,False,True,True,False
imo_1969_p2__validation-A__gpt-5.6-luna__seed0,26,45fc075a980e40fc88e5fbbb515ff622,4096,False,True,True,False
imo_1969_p2__validation-A__gpt-5.6-luna__seed0,27,cf7eced1d2414c449bfba919dc59fcd5,4096,False,True,True,False
imo_1981_p6__validation-A__gpt-5.6-luna__seed0,1,fb473c9594c643b5b41573302386756a,4096,False,False,False,False
imo_1981_p6__validation-A__gpt-5.6-luna__seed0,2,5de73f4edb4741ae91bc5718ea749bf3,4096,False,False,True,False
imo_1981_p6__validation-A__gpt-5.6-luna__seed0,3,eb300b72a5454e5eba22e98def91d3b8,4096,False,False,False,False
imo_1981_p6__validation-A__gpt-5.6-luna__seed0,4,7dce86931a0d4c8fa4ea0fd68b7eea3b,4096,False,False,True,False
imo_1981_p6__validation-A__gpt-5.6-luna__seed0,5,a2288000f0b54c20966ccf31eabf61d4,4096,False,False,True,False
imo_1981_p6__validation-A__gpt-5.6-luna__seed0,6,96880e1941af4072a1eaec55060f35a2,4096,False,False,True,False
imo_1984_p6__validation-A__gpt-5.6-luna__seed0,1,fd6b2cb94a5c4f8faeba052cd484eac5,4096,False,False,False,False
imo_1984_p6__validation-A__gpt-5.6-luna__seed0,2,735885bf09604962ae2f829f232cf989,4096,False,False,False,False
imo_1984_p6__validation-A__gpt-5.6-luna__seed0,3,f1b8a1889a0c4ce1b780c49e3b2538bf,4096,False,False,False,False
imo_1984_p6__validation-A__gpt-5.6-luna__seed0,4,b4b6d93ebafc4435b88e198c038ec2f0,4096,False,False,False,False
imo_1984_p6__validation-A__gpt-5.6-luna__seed0,5,fd29986c1a744f45b388cccf94fe9105,4096,False,False,False,False
imo_1984_p6__validation-A__gpt-5.6-luna__seed0,6,dc96e3af31234d9d90e7dc5396899cb3,4096,False,False,False,False
imo_1984_p6__validation-A__gpt-5.6-luna__seed0,7,707ec3af489946c4b580ab52f65b745f,4096,False,False,False,False
imo_1984_p6__validation-A__gpt-5.6-luna__seed0,8,7ccae376e0d54698aad9e366ef86d7e3,4096,False,False,False,False
imo_1984_p6__validation-A__gpt-5.6-luna__seed0,9,735a89e7abba43a383e9ae1f7ac7d90b,4096,False,False,True,False
imo_1984_p6__validation-A__gpt-5.6-luna__seed0,10,8caf2e5f993f4b90bf9d26c6ed54eee2,4096,False,False,True,False
imo_1984_p6__validation-A__gpt-5.6-luna__seed0,11,f039a52b0f554c5d85195ef6feb62d3b,4096,False,False,False,False
imo_1984_p6__validation-A__gpt-5.6-luna__seed0,12,0d803a8d490147c7b24da7e632dc5d33,4096,False,False,False,False
imo_1984_p6__validation-A__gpt-5.6-luna__seed0,13,e1386f86f9a74f979ee6887280eb63ad,4096,False,False,False,False
imo_1984_p6__validation-A__gpt-5.6-luna__seed0,14,b541bc92d5a24a649acfc576b2e7fed5,4096,False,False,True,False
imo_1984_p6__validation-A__gpt-5.6-luna__seed0,15,c346f6f8e8b34018af6498528b5d5a49,4096,False,False,True,False
imo_1984_p6__validation-A__gpt-5.6-luna__seed0,16,fd24c0febe8b480ba74ae9735b36663e,4096,False,False,False,False
imo_1984_p6__validation-A__gpt-5.6-luna__seed0,17,814d4d5b2ea6411da350c1bb10beabe2,4096,False,False,False,False
imo_1984_p6__validation-A__gpt-5.6-luna__seed0,18,246c4f57f09c47b08f6dfd4093f230be,4096,False,False,True,False
imo_1984_p6__validation-A__gpt-5.6-luna__seed0,19,26995dcfad9b4e6ca581ce503bf58be8,4096,False,False,True,False
imo_1984_p6__validation-A__gpt-5.6-luna__seed0,20,b59cd43b7a414377bb8a1f5668890a16,4096,False,False,False,False
induction_prod1p1onk3le3m1onn__validation-A__gpt-5.6-luna__seed0,1,76a01e9e32d04723b9cf1da33e94f99f,4096,False,False,True,False
induction_prod1p1onk3le3m1onn__validation-A__gpt-5.6-luna__seed0,2,a687ed2151e3499190f686b08bdad144,4096,False,False,True,False
induction_prod1p1onk3le3m1onn__validation-A__gpt-5.6-luna__seed0,3,2e8d1f91893647fc8b7d19667bb9cec8,4096,False,False,True,False
induction_prod1p1onk3le3m1onn__validation-A__gpt-5.6-luna__seed0,4,f7d05bd084aa4577a14d451aa996645d,4096,False,False,True,False
induction_prod1p1onk3le3m1onn__validation-A__gpt-5.6-luna__seed0,5,ec3ae24b34f74579ae4e7407f5ab2886,4096,False,False,False,False
induction_prod1p1onk3le3m1onn__validation-A__gpt-5.6-luna__seed0,6,245dd78538834963b0990c24450e6db1,4096,False,False,True,False
induction_prod1p1onk3le3m1onn__validation-A__gpt-5.6-luna__seed0,7,7118601c05b84c2abe7476166e2ec794,4096,False,False,False,False
induction_prod1p1onk3le3m1onn__validation-A__gpt-5.6-luna__seed0,8,bae34df8362f49baa2a7aa989bfd1f0e,4096,False,False,True,False
induction_prod1p1onk3le3m1onn__validation-A__gpt-5.6-luna__seed0,9,e120274f942e405e80f374fe9f7de55d,4096,False,False,False,False
induction_prod1p1onk3le3m1onn__validation-A__gpt-5.6-luna__seed0,10,832e05fd914a49d7a046d9c60ba27a59,4096,False,False,True,False
induction_prod1p1onk3le3m1onn__validation-A__gpt-5.6-luna__seed0,11,00b42fcbeaf44a239ed95042bd802e25,4096,False,False,False,False
induction_prod1p1onk3le3m1onn__validation-A__gpt-5.6-luna__seed0,12,f125c792e2fe4042885ffd8e18f86c11,4096,False,False,True,False
induction_prod1p1onk3le3m1onn__validation-A__gpt-5.6-luna__seed0,13,824bb5ac0d3641ec9ef1dd649b24b55a,4096,False,False,True,False
induction_prod1p1onk3le3m1onn__validation-A__gpt-5.6-luna__seed0,14,99723b69f36f46d19ba5bf21c0c7564c,4096,False,False,True,False
induction_prod1p1onk3le3m1onn__validation-A__gpt-5.6-luna__seed0,15,68d28e15892940c081c87b38eaef0c97,4096,False,False,True,False
induction_prod1p1onk3le3m1onn__validation-A__gpt-5.6-luna__seed0,16,7c83634873d540db962fc891ea687e1e,4096,False,False,True,False
induction_prod1p1onk3le3m1onn__validation-A__gpt-5.6-luna__seed0,17,21541f8e83cc4d36b016ebbc64e3d628,4096,False,True,False,False
induction_prod1p1onk3le3m1onn__validation-A__gpt-5.6-luna__seed0,18,8da0133e6df2448daee20a2e4f92361b,4096,False,True,True,False
induction_prod1p1onk3le3m1onn__validation-A__gpt-5.6-luna__seed0,19,a8b621848ad140e293fe86c04676445c,4096,False,True,True,False
induction_prod1p1onk3le3m1onn__validation-A__gpt-5.6-luna__seed0,20,eabfb274db4f4b55a7088f566f94ba4b,4096,False,True,True,False
mathd_algebra_190__validation-A__gpt-5.6-luna__seed0,1,380510479cf1468f8685b54cb1844c3d,4096,False,False,True,False
mathd_algebra_214__validation-A__gpt-5.6-luna__seed0,1,3f79b95952ba4bd586e6c24bfc4c78c0,4096,False,False,True,False
mathd_algebra_234__validation-A__gpt-5.6-luna__seed0,1,778c26a231e048e8a6511b685e5b8c3f,4096,False,False,True,False
mathd_algebra_251__validation-A__gpt-5.6-luna__seed0,1,72d63ba5f5504712a4cacc220e8d6834,4096,False,False,True,False
mathd_algebra_282__validation-A__gpt-5.6-luna__seed0,1,9afc2d942ea64ec29fdfe513cb9083fd,4096,False,False,False,False
mathd_algebra_282__validation-A__gpt-5.6-luna__seed0,2,d5a30a30321949e49f0bd111a22c9473,4096,False,False,False,False
mathd_algebra_282__validation-A__gpt-5.6-luna__seed0,3,df2994c333504f0aba46f96d3ddc63dd,4096,False,False,False,False
mathd_algebra_282__validation-A__gpt-5.6-luna__seed0,4,37f661580e314911817c78c95a47aeb7,4096,False,False,False,False
mathd_algebra_282__validation-A__gpt-5.6-luna__seed0,5,6ae4606f63e641da947dbf119737aa3d,4096,False,False,False,False
mathd_algebra_282__validation-A__gpt-5.6-luna__seed0,6,27bf5cd9d3214e9b8fcaf50fe4fe9122,4096,False,False,False,False
mathd_algebra_282__validation-A__gpt-5.6-luna__seed0,7,543f52fe10484d3081ac5fd105fd0109,4096,False,False,False,False
mathd_algebra_282__validation-A__gpt-5.6-luna__seed0,8,3614a7774f66409b86d7f3f8a6e43a94,4096,False,False,False,False
mathd_algebra_282__validation-A__gpt-5.6-luna__seed0,9,0e7248607ba7462daca1b631a3480803,4096,False,False,False,False
mathd_algebra_282__validation-A__gpt-5.6-luna__seed0,10,a4d0377312184867877633931c404dde,4096,False,False,True,False
mathd_algebra_282__validation-A__gpt-5.6-luna__seed0,11,819e695122c949feb3b9a38f7ba61bac,4096,False,False,False,False
mathd_algebra_282__validation-A__gpt-5.6-luna__seed0,12,22d58fef36a64a8c91465a65ed74c647,4096,False,False,False,False
mathd_algebra_282__validation-A__gpt-5.6-luna__seed0,13,e75283a5dc1f4c2fbcc7b4676861cdbf,4096,False,False,False,False
mathd_algebra_282__validation-A__gpt-5.6-luna__seed0,14,15eab7c0f842480fa54c793a94831758,4096,False,False,True,False
mathd_algebra_282__validation-A__gpt-5.6-luna__seed0,15,d9a567f2aa68421e97f5dbcf435fa4b3,4096,False,False,True,False
mathd_algebra_282__validation-A__gpt-5.6-luna__seed0,16,cacbb43f519349c88340d5f5a413c083,4096,False,False,True,False
mathd_algebra_282__validation-A__gpt-5.6-luna__seed0,17,6dfbdd3528ba4f31a7859fcebc38ffc1,4096,False,False,True,False
mathd_algebra_282__validation-A__gpt-5.6-luna__seed0,18,42e9d8653a724b1289b0d142ae14ff30,4096,False,False,True,False
mathd_algebra_282__validation-A__gpt-5.6-luna__seed0,19,9e2293fac0bc4c80bdb75da40d6710d2,4096,False,False,True,False
mathd_algebra_282__validation-A__gpt-5.6-luna__seed0,20,29a6f88c051043a3a7a475fdb01faa5f,4096,False,False,False,False
mathd_algebra_282__validation-A__gpt-5.6-luna__seed0,21,b99af47903e248cb9fdd22018ed4b186,4096,False,False,True,False
mathd_algebra_282__validation-A__gpt-5.6-luna__seed0,22,b06ee49ddd144d80a551edba25fe24a4,4096,False,False,True,False
mathd_algebra_282__validation-A__gpt-5.6-luna__seed0,23,d06e7300c86341c19c143cb11c2e7ff1,4096,False,False,False,False
mathd_algebra_282__validation-A__gpt-5.6-luna__seed0,24,4ae686e8c9314b359e15ea3091a5590f,4096,False,False,True,False
mathd_algebra_282__validation-A__gpt-5.6-luna__seed0,25,ffe90d6147104ff29cb5c9cf2e360d05,4096,False,False,True,False
mathd_algebra_282__validation-A__gpt-5.6-luna__seed0,26,8dfc6702180d4d13a890ecd413aa6591,4096,False,False,True,False
mathd_algebra_282__validation-A__gpt-5.6-luna__seed0,27,3c7af1c037304be0b25a2dbd7928dcd1,4096,False,False,True,False
mathd_algebra_282__validation-A__gpt-5.6-luna__seed0,28,920bf1fd570043ebaec13ce2fd38fbf3,4096,False,False,True,False
mathd_algebra_282__validation-A__gpt-5.6-luna__seed0,29,72adb47ea8ae46ad843ae6125db38745,4096,False,False,True,False
mathd_algebra_282__validation-A__gpt-5.6-luna__seed0,30,690a9b2cf15c45ec9f74e845c7a6d69c,4096,False,False,True,False
mathd_algebra_282__validation-A__gpt-5.6-luna__seed0,31,d57c54be01de43a38b903931acca9998,4096,False,False,True,False
mathd_algebra_282__validation-A__gpt-5.6-luna__seed0,32,a132e94709154656a10268e498fc2b95,4096,False,False,True,False
mathd_algebra_282__validation-A__gpt-5.6-luna__seed0,33,669b71e4a27641d5a9ac2678a38bfab7,4096,False,False,True,False
mathd_algebra_282__validation-A__gpt-5.6-luna__seed0,34,f166c578da1c44eeabb9ba222aebcb07,4096,False,False,True,False
mathd_algebra_282__validation-A__gpt-5.6-luna__seed0,35,183cea9e96124926acc98b6d4613be1e,4096,False,False,True,False
mathd_algebra_282__validation-A__gpt-5.6-luna__seed0,36,f1ef253221144a21858d6a68bc1556f6,4096,False,True,True,False
mathd_algebra_282__validation-A__gpt-5.6-luna__seed0,37,fb933ec4e65741e6bce81da4269ffade,4096,False,True,True,False
mathd_algebra_282__validation-A__gpt-5.6-luna__seed0,38,4d62f3997e3d4304b0fc3e70896ba1bf,4096,False,True,True,False
mathd_algebra_282__validation-A__gpt-5.6-luna__seed0,39,75d65163e4924187a527ac17f7afeb2e,4096,False,True,True,False
mathd_algebra_282__validation-A__gpt-5.6-luna__seed0,40,58d2bf77cd2c48cc994fe8dcbf779e8b,4096,False,True,True,False
mathd_algebra_282__validation-A__gpt-5.6-luna__seed0,41,25df5e8294df47b5b04eca043247c905,4096,False,True,False,False
mathd_algebra_282__validation-A__gpt-5.6-luna__seed0,42,7ad3c8caaaf0404a8d12e21af3e2e68b,4096,False,True,True,False
mathd_algebra_282__validation-A__gpt-5.6-luna__seed0,43,066b54225ae74bdf92f0f7a850df930f,4096,False,True,True,False
mathd_algebra_282__validation-A__gpt-5.6-luna__seed0,44,584693a353c94ee28b105a0b5328a471,4096,False,True,True,False
mathd_algebra_282__validation-A__gpt-5.6-luna__seed0,45,3e31619c41274760a744282248f6d2cb,4096,False,True,True,False
mathd_algebra_282__validation-A__gpt-5.6-luna__seed0,46,e8f2f9abd92f4ec9910eb6e94a34f189,4096,False,True,True,False
mathd_algebra_282__validation-A__gpt-5.6-luna__seed0,47,f83ba2a5141b4c2fbdee9658c8f5ba86,4096,False,True,True,False
mathd_algebra_282__validation-A__gpt-5.6-luna__seed0,48,68bb8635ce104ad899d7fdaa48b3df63,4096,False,True,True,False
mathd_algebra_282__validation-A__gpt-5.6-luna__seed0,49,67c5e6ce3b4042fa9cf5b2f38e3a9de1,4096,False,True,True,False
mathd_algebra_282__validation-A__gpt-5.6-luna__seed0,50,547acd37a72341649809976c5e311828,4096,False,True,False,False
mathd_algebra_282__validation-A__gpt-5.6-luna__seed0,51,58bd1b62b84d44c9ae1d88ec84652c69,4096,False,True,True,False
mathd_algebra_282__validation-A__gpt-5.6-luna__seed0,52,a8c39ade73ed4fa88ac5d4fda37dc0ec,4096,False,True,True,False
mathd_algebra_282__validation-A__gpt-5.6-luna__seed0,53,241bc4ef13624774b3666932c275b253,4096,False,True,True,False
mathd_algebra_282__validation-A__gpt-5.6-luna__seed0,54,296a9ecbe1f94c67b76a56d8f412cbb4,4096,False,True,True,False
mathd_algebra_282__validation-A__gpt-5.6-luna__seed0,55,1beff653b6334de3ad7fa733f78706fc,4096,False,True,True,False
mathd_algebra_282__validation-A__gpt-5.6-luna__seed0,56,7074007c8ae6435f988a5426c2e145f6,4096,False,True,True,False
mathd_algebra_282__validation-A__gpt-5.6-luna__seed0,57,9ba9bbf00c464b77b6d98981c7dbb547,4096,False,True,False,False
mathd_algebra_282__validation-A__gpt-5.6-luna__seed0,58,b9b14abf60ab490c9ea21db90d78734f,4096,False,True,True,False
mathd_algebra_282__validation-A__gpt-5.6-luna__seed0,59,daceafbf36384117ac86e5b735477885,4096,False,True,False,False
mathd_algebra_282__validation-A__gpt-5.6-luna__seed0,60,f4d2f85739f24586922ab393d948d177,4096,False,True,False,False
mathd_algebra_282__validation-A__gpt-5.6-luna__seed0,61,24b6f7752a224f0198515f26f1ae2312,4096,False,True,True,False
mathd_algebra_282__validation-A__gpt-5.6-luna__seed0,62,70557a2030e14ed9b7c329cc30a83099,4096,False,True,False,False
mathd_algebra_327__validation-A__gpt-5.6-luna__seed0,1,4341ea34a3c74c4bb55072a8d2c57fc9,4096,False,False,False,False
mathd_algebra_327__validation-A__gpt-5.6-luna__seed0,2,347205a2710b4589a1a7d014d3412486,4096,False,False,False,False
mathd_algebra_327__validation-A__gpt-5.6-luna__seed0,3,63cc86a042bf456aa6283b53c419e3f6,4096,False,False,False,False
mathd_algebra_327__validation-A__gpt-5.6-luna__seed0,4,b03b5f8316664a41aac8d1035ecbe8af,4096,False,False,True,False
mathd_algebra_393__validation-A__gpt-5.6-luna__seed0,1,bca1e10e833b454384049ace8299fe5b,4096,False,False,True,False
mathd_algebra_393__validation-A__gpt-5.6-luna__seed0,2,6dffd1875d3e414f90d74e19254b2c64,4096,False,False,True,False
mathd_algebra_393__validation-A__gpt-5.6-luna__seed0,3,691966f90a8a4a7f9b337992dd812852,4096,False,False,False,False
mathd_algebra_393__validation-A__gpt-5.6-luna__seed0,4,3403dd86ca5c4461b7de167e3cdd0386,4096,False,False,True,False
mathd_algebra_393__validation-A__gpt-5.6-luna__seed0,5,3ed03eb61189470da61da2fe291bd7c3,4096,False,False,True,False
mathd_algebra_421__validation-A__gpt-5.6-luna__seed0,1,77ec413c923f4a94a4df9a1cd2c8b0c5,4096,False,False,False,False
mathd_algebra_421__validation-A__gpt-5.6-luna__seed0,2,13cb6345ca0c468894ce6caaf4d6b9c7,4096,False,False,False,False
mathd_algebra_421__validation-A__gpt-5.6-luna__seed0,3,dfcc0e04df25406895f3496c9d6592c6,4096,False,False,True,False
mathd_algebra_433__validation-A__gpt-5.6-luna__seed0,1,fd73ac8fb91744a6879e821aad97fe56,4096,False,False,False,False
mathd_algebra_433__validation-A__gpt-5.6-luna__seed0,2,3de4a0a3de894b0ebd3b4044d0246db5,4096,False,False,False,False
mathd_algebra_433__validation-A__gpt-5.6-luna__seed0,3,526011019deb450589476ebcbbc81fbe,4096,False,False,True,False
mathd_algebra_433__validation-A__gpt-5.6-luna__seed0,4,d66092d0dc214fe38070a4de31a6b432,4096,False,False,True,False
mathd_algebra_433__validation-A__gpt-5.6-luna__seed0,5,1fb0c3b8e46f4c0d9cb4d240ea1f08e9,4096,False,False,True,False
mathd_numbertheory_284__validation-A__gpt-5.6-luna__seed0,1,398d47d3a9fc4c2c8d25846a957cca1b,4096,False,False,True,False
mathd_numbertheory_303__validation-A__gpt-5.6-luna__seed0,1,80d4e404d1b14788ab515b840b4bdb07,4096,False,False,False,False
mathd_numbertheory_303__validation-A__gpt-5.6-luna__seed0,2,95d511418b89400fac3723d3144ae118,4096,False,False,False,False
mathd_numbertheory_303__validation-A__gpt-5.6-luna__seed0,3,88585f26501d4ff7bebd58873370e359,4096,False,False,False,False
mathd_numbertheory_303__validation-A__gpt-5.6-luna__seed0,4,34d65468904848feac1172272b2796f9,4096,False,False,False,False
mathd_numbertheory_303__validation-A__gpt-5.6-luna__seed0,5,d8d267d43a01480c82e7ba8d7bb2eade,4096,False,False,False,False
mathd_numbertheory_303__validation-A__gpt-5.6-luna__seed0,6,5c423dee631d47f99977e814729a45a0,4096,False,False,False,False
mathd_numbertheory_303__validation-A__gpt-5.6-luna__seed0,7,97de76cd46de492b994bc250d8458f2d,4096,False,False,False,False
mathd_numbertheory_303__validation-A__gpt-5.6-luna__seed0,8,b771cb3afa014662bf447dcd80669565,4096,False,False,False,False
mathd_numbertheory_303__validation-A__gpt-5.6-luna__seed0,9,628f790e624347608ee3f3178a3a29d8,4096,False,False,False,False
mathd_numbertheory_303__validation-A__gpt-5.6-luna__seed0,10,6915f7430c304a399aec4244cfa35fb4,4096,False,False,True,False
mathd_numbertheory_303__validation-A__gpt-5.6-luna__seed0,11,7b9c4fd3f61f462a88d6e76e87713a7d,4096,False,False,False,False
mathd_numbertheory_303__validation-A__gpt-5.6-luna__seed0,12,9a0682a0977f4f2e98cfa396a3349dfb,4096,False,False,False,False
mathd_numbertheory_303__validation-A__gpt-5.6-luna__seed0,13,1a333d0ff9f54f278e03a32a34db1c77,4096,False,False,False,False
mathd_numbertheory_303__validation-A__gpt-5.6-luna__seed0,14,9c8493feb1f34df2b74380e59387d894,4096,False,False,False,False
mathd_numbertheory_303__validation-A__gpt-5.6-luna__seed0,15,e20c191cde3e4918a4a793cbd720a197,4096,False,False,True,False
mathd_numbertheory_303__validation-A__gpt-5.6-luna__seed0,16,d08130cd2cf8495ba747ff0f04a4769e,4096,False,False,False,False
mathd_numbertheory_303__validation-A__gpt-5.6-luna__seed0,17,17e270dea94e49ba98bd3802b7375aac,4096,False,False,False,False
mathd_numbertheory_303__validation-A__gpt-5.6-luna__seed0,18,469fb09470e54d86bd3716f004a9f3fa,4096,False,False,True,False
mathd_numbertheory_303__validation-A__gpt-5.6-luna__seed0,19,dbf95812ed3c41bba1f61ec1ea7efa72,4096,False,False,True,False
mathd_numbertheory_303__validation-A__gpt-5.6-luna__seed0,20,78517ff45a8249cda6cb882be00126ab,4096,False,False,True,False
mathd_numbertheory_303__validation-A__gpt-5.6-luna__seed0,21,d1551f5dac1f475cb7ebe3931c5cac0e,4096,False,False,True,False
mathd_numbertheory_303__validation-A__gpt-5.6-luna__seed0,22,2f0d42a576f24f888124de85a3730f70,4096,False,False,True,False
mathd_numbertheory_303__validation-A__gpt-5.6-luna__seed0,23,29aeff0dd376428cbcbcb2e70bb3d404,4096,False,True,True,False
mathd_numbertheory_303__validation-A__gpt-5.6-luna__seed0,24,531da777d7694a719ced05699f2c9235,4096,False,True,True,False
mathd_numbertheory_303__validation-A__gpt-5.6-luna__seed0,25,b8e53c0092ec474f8d68be3c1f171d3d,4096,False,True,True,False
mathd_numbertheory_303__validation-A__gpt-5.6-luna__seed0,26,75a0a90d010d4bc2a1309ee1b85f4ec6,4096,False,True,True,False
mathd_numbertheory_303__validation-A__gpt-5.6-luna__seed0,27,a3502ea8ba294919b3da0910447a3778,4096,False,True,True,False
mathd_numbertheory_303__validation-A__gpt-5.6-luna__seed0,28,9c5a309b8dda4a929754f377863560e6,4096,False,True,True,False
mathd_numbertheory_303__validation-A__gpt-5.6-luna__seed0,29,01fd54e6ee2848119c93160ec5b665d0,4096,False,True,True,False
mathd_numbertheory_303__validation-A__gpt-5.6-luna__seed0,30,b0f1cf1210f24c60ab014880a1642edf,4096,False,True,False,False
mathd_numbertheory_33__validation-A__gpt-5.6-luna__seed0,1,784db5de8a19409dbea5b592c3e66b61,4096,False,False,False,False
mathd_numbertheory_33__validation-A__gpt-5.6-luna__seed0,2,c84eab2a4634434780b08f302e89526a,4096,False,False,True,False
mathd_numbertheory_37__validation-A__gpt-5.6-luna__seed0,1,13dd2f8578c94fbd9cccf08421997e50,4096,False,False,False,False
mathd_numbertheory_37__validation-A__gpt-5.6-luna__seed0,2,d794bd66e5094dc2b09fe359bceac74a,4096,False,False,True,False
mathd_numbertheory_37__validation-A__gpt-5.6-luna__seed0,3,db56911374d4437c8f13842257bb2d41,4096,False,False,True,False
mathd_numbertheory_37__validation-A__gpt-5.6-luna__seed0,4,5d074c9fd14f4c78bffff622fee2e08a,4096,False,False,False,False
mathd_numbertheory_37__validation-A__gpt-5.6-luna__seed0,5,28a4d945c7834286ada054769631e80d,4096,False,False,False,False
mathd_numbertheory_37__validation-A__gpt-5.6-luna__seed0,6,a38e1441fe2742d7910b406d826c5cdb,4096,False,False,False,False
mathd_numbertheory_37__validation-A__gpt-5.6-luna__seed0,7,35269748e92e4a5295ec99965e74556b,4096,False,False,False,False
mathd_numbertheory_37__validation-A__gpt-5.6-luna__seed0,8,7c4650c172a04c7faa45cda48971dd4b,4096,False,False,False,False
mathd_numbertheory_37__validation-A__gpt-5.6-luna__seed0,9,a1b660f5471045f98fa79b541561f9a6,4096,False,False,False,False
mathd_numbertheory_37__validation-A__gpt-5.6-luna__seed0,10,472c17eeba494020b6a0fdaf53633cd3,4096,False,False,False,False
mathd_numbertheory_37__validation-A__gpt-5.6-luna__seed0,11,0760886a845048e4912d61593e1ea7a6,4096,False,False,False,False
mathd_numbertheory_37__validation-A__gpt-5.6-luna__seed0,12,41f8156ae0774d9ea5c22e9a2f588a41,4096,False,False,False,False
mathd_numbertheory_37__validation-A__gpt-5.6-luna__seed0,13,f8b267670f124938a9b79be5e9a9dd95,4096,False,False,False,False
mathd_numbertheory_37__validation-A__gpt-5.6-luna__seed0,14,003370c3c9674a5fbfbf8cd7008f9b38,4096,False,False,False,False
mathd_numbertheory_37__validation-A__gpt-5.6-luna__seed0,15,0c629856f84a442d946a88c2368f4e75,4096,False,False,False,False
mathd_numbertheory_37__validation-A__gpt-5.6-luna__seed0,16,f6667da14b6246028a9c188daea02452,4096,False,False,False,False
mathd_numbertheory_37__validation-A__gpt-5.6-luna__seed0,17,8f8d93c5b58c4fbd84a5f33a6d5e8454,4096,False,False,False,False
mathd_numbertheory_37__validation-A__gpt-5.6-luna__seed0,18,e02dd6ce417340dea9da502c9d094e26,4096,False,False,False,False
mathd_numbertheory_37__validation-A__gpt-5.6-luna__seed0,19,9e095927beff41198da9bc49c5e05071,4096,False,False,False,False
mathd_numbertheory_37__validation-A__gpt-5.6-luna__seed0,20,c3b6a056d7264fc494f204f5d6ff1a19,4096,False,False,False,False
mathd_numbertheory_37__validation-A__gpt-5.6-luna__seed0,21,359bfab50f9b43d19b04e1295d24e2eb,4096,False,False,False,False
mathd_numbertheory_37__validation-A__gpt-5.6-luna__seed0,22,5cfe5ed2b149404e9728d023a8c4cf62,4096,False,False,False,False
mathd_numbertheory_37__validation-A__gpt-5.6-luna__seed0,23,9f675a9073d248ffb790d8f88591eca3,4096,False,False,False,False
mathd_numbertheory_37__validation-A__gpt-5.6-luna__seed0,24,8c7ff08690f34cf882e2a413938111c1,4096,False,False,False,False
mathd_numbertheory_37__validation-A__gpt-5.6-luna__seed0,25,f4db6f0462be47f9860feca3060a65fd,4096,False,False,False,False
mathd_numbertheory_37__validation-A__gpt-5.6-luna__seed0,26,a17e624b82d342c5b7096c534ce4806d,4096,False,False,False,False
mathd_numbertheory_37__validation-A__gpt-5.6-luna__seed0,27,8731633df26c418a892aae220783f735,4096,False,False,False,False
mathd_numbertheory_37__validation-A__gpt-5.6-luna__seed0,28,5d9410210bab4257b37091e9e2ccab85,4096,False,False,False,False
mathd_numbertheory_37__validation-A__gpt-5.6-luna__seed0,29,2a6eda2ace574fdf97ff221528eed6e0,4096,False,False,False,False
mathd_numbertheory_37__validation-A__gpt-5.6-luna__seed0,30,b5d3580ac8924704a11ab48f5c05d451,4096,False,False,False,False
mathd_numbertheory_37__validation-A__gpt-5.6-luna__seed0,31,5de3750db48440ea9dffdc8ab4355ef6,4096,False,False,False,False
mathd_numbertheory_37__validation-A__gpt-5.6-luna__seed0,32,41dfd76b24f24b91be73f1a667c18f45,4096,False,False,False,False
mathd_numbertheory_37__validation-A__gpt-5.6-luna__seed0,33,5d85939694fc4eb2b06028f355d61e13,4096,False,False,False,False
mathd_numbertheory_37__validation-A__gpt-5.6-luna__seed0,34,bfa854c213fe4feeb5c07a682fcfa5e5,4096,False,False,False,False
mathd_numbertheory_37__validation-A__gpt-5.6-luna__seed0,35,68edd6b34e694fbc815d5cd2fcb205fd,4096,False,False,False,False
mathd_numbertheory_37__validation-A__gpt-5.6-luna__seed0,36,5cba395b4d994f91acf3ea22b0d96b0e,4096,False,False,False,False
mathd_numbertheory_37__validation-A__gpt-5.6-luna__seed0,37,7d3cfe3f1bcf4520b390b5fc6b2eac9e,4096,False,False,False,False
mathd_numbertheory_37__validation-A__gpt-5.6-luna__seed0,38,2a8533399145427cbf7248ac15bd00e1,4096,False,False,False,False
mathd_numbertheory_37__validation-A__gpt-5.6-luna__seed0,39,6b587128ca914588ab05a8d9453b2a4d,4096,False,False,False,False
mathd_numbertheory_37__validation-A__gpt-5.6-luna__seed0,40,ea17f194c6de432c809a63b4098f92ea,4096,False,False,False,False
mathd_numbertheory_37__validation-A__gpt-5.6-luna__seed0,41,3a1295d1143d49d59930d912242c123c,4096,False,True,False,False
mathd_numbertheory_37__validation-A__gpt-5.6-luna__seed0,42,d70d412579554859a6206cd101386a91,4096,False,True,False,False
mathd_numbertheory_37__validation-A__gpt-5.6-luna__seed0,43,0be4c36212f043558616c125b948637f,4096,False,True,True,False
mathd_numbertheory_37__validation-A__gpt-5.6-luna__seed0,44,82bd215f3c9c4cbd9ebec6ceaab2ce19,4096,False,False,True,False
mathd_numbertheory_37__validation-A__gpt-5.6-luna__seed0,45,bdeaa6e6aeeb4242a7b676526d756e2f,4096,False,False,True,False
mathd_numbertheory_37__validation-A__gpt-5.6-luna__seed0,46,560cb80820f94b9890ce874443a5d97d,4096,False,False,True,False
mathd_numbertheory_37__validation-A__gpt-5.6-luna__seed0,47,0fb0165219b1489d9f49047b27b8a662,4096,False,True,True,False
mathd_numbertheory_37__validation-A__gpt-5.6-luna__seed0,48,bd8158a2102a41a5ae63bf7a331d412e,4096,False,True,False,False
mathd_numbertheory_37__validation-A__gpt-5.6-luna__seed0,49,22142729e4764fd39658dc0f85648ec0,4096,False,True,False,False
mathd_numbertheory_37__validation-A__gpt-5.6-luna__seed0,50,0e78bc73b0334fc2938b836de0518970,4096,False,True,False,False
mathd_numbertheory_37__validation-A__gpt-5.6-luna__seed0,51,60a53030e7df4f55b3806e2037a18767,4096,False,True,False,False
mathd_numbertheory_37__validation-A__gpt-5.6-luna__seed0,52,0b669b60e8c44da6b729e9a1f4b79797,4096,False,True,True,False
mathd_numbertheory_37__validation-A__gpt-5.6-luna__seed0,53,17336cb902364a0dbaab9a1767cc2004,4096,False,True,True,False
mathd_numbertheory_37__validation-A__gpt-5.6-luna__seed0,54,404ddb364f424149b1fbb3b52e40f8b8,4096,False,True,True,False
mathd_numbertheory_37__validation-A__gpt-5.6-luna__seed0,55,4d2e1193804b48339b63846dd60e73ee,4096,False,True,True,False
mathd_numbertheory_37__validation-A__gpt-5.6-luna__seed0,56,75c977c3390148b3b78bf4109659d870,4096,False,True,True,False
mathd_numbertheory_405__validation-A__gpt-5.6-luna__seed0,1,47b3b2cba4584a739c56f1240b062015,4096,False,False,False,False
mathd_numbertheory_405__validation-A__gpt-5.6-luna__seed0,2,c8d982de20b7421cb842afef62e68ed1,4096,False,False,False,False
mathd_numbertheory_405__validation-A__gpt-5.6-luna__seed0,3,dbb7172b5d764992a114e81ea7df96f4,4096,False,False,False,False
mathd_numbertheory_405__validation-A__gpt-5.6-luna__seed0,4,725550852eaa49f3941bed3483136b9b,4096,False,False,True,False
mathd_numbertheory_405__validation-A__gpt-5.6-luna__seed0,5,0df2767bdc27463fa02aa9c9fef44e71,4096,False,False,False,False
mathd_numbertheory_405__validation-A__gpt-5.6-luna__seed0,6,375e8de1d9534a93ab6d22621487ee1f,4096,False,False,True,False
mathd_numbertheory_405__validation-A__gpt-5.6-luna__seed0,7,f9ef34e1b4eb4cfba6f2780eff67b835,4096,False,False,True,False
mathd_numbertheory_405__validation-A__gpt-5.6-luna__seed0,8,7f9ea421f8fd49899a46121dd1879f2b,4096,False,False,True,False
mathd_numbertheory_405__validation-A__gpt-5.6-luna__seed0,9,5101c467551e4b3ca1d1cb17244b4b01,4096,False,False,True,False
mathd_numbertheory_405__validation-A__gpt-5.6-luna__seed0,10,8026330cff2a48c5a0d0be11093626b8,4096,False,False,True,False
mathd_numbertheory_405__validation-A__gpt-5.6-luna__seed0,11,47cc361dd9e94f889c30ee820ca7d01a,4096,False,False,True,False
mathd_numbertheory_405__validation-A__gpt-5.6-luna__seed0,12,4e0a8b9c1a714f79a600d29b6cdd5a83,4096,False,False,True,False
mathd_numbertheory_405__validation-A__gpt-5.6-luna__seed0,13,6865049039a041d59413177976be5a19,4096,False,False,True,False
mathd_numbertheory_405__validation-A__gpt-5.6-luna__seed0,14,79b7a0579b87416c846357bec618f365,4096,False,True,True,False
mathd_numbertheory_405__validation-A__gpt-5.6-luna__seed0,15,35e5c64b321b4e5fba3efe6ca16f4f46,4096,False,True,True,False
mathd_numbertheory_405__validation-A__gpt-5.6-luna__seed0,16,4588cd31664341ce9dfb7578d7ecaf5f,4096,False,True,True,False
mathd_numbertheory_43__validation-A__gpt-5.6-luna__seed0,1,bf0227dc2e3540e4b1c0bdf70ad3b88a,4096,False,False,False,False
mathd_numbertheory_43__validation-A__gpt-5.6-luna__seed0,2,d6d46094dab64d24b10f124974df7107,4096,False,False,False,False
mathd_numbertheory_43__validation-A__gpt-5.6-luna__seed0,3,930789bffad64124b747a17cb6a39ab7,4096,False,False,False,False
mathd_numbertheory_43__validation-A__gpt-5.6-luna__seed0,4,22d1212c3e7d42c1970e1482f74da1ec,4096,False,False,True,False
mathd_numbertheory_43__validation-A__gpt-5.6-luna__seed0,5,7535798330a840e6993d9711519f8d08,4096,False,False,False,False
mathd_numbertheory_43__validation-A__gpt-5.6-luna__seed0,6,d864c4be3d274ef3b53b81b6d9a98efb,4096,False,False,False,False
mathd_numbertheory_43__validation-A__gpt-5.6-luna__seed0,7,d5b8e66701dc463ca3f1277e391dc7a5,4096,False,False,True,False
mathd_numbertheory_43__validation-A__gpt-5.6-luna__seed0,8,c0e4ce12c6934bf291dc13f4aee2d790,4096,False,False,False,False
mathd_numbertheory_43__validation-A__gpt-5.6-luna__seed0,9,4fe8c3428d254746a4a488a1d4543380,4096,False,False,False,False
mathd_numbertheory_43__validation-A__gpt-5.6-luna__seed0,10,8a072a76b53b46c9a3704e1ad3cb9a22,4096,False,False,False,False
mathd_numbertheory_43__validation-A__gpt-5.6-luna__seed0,11,e76a3c9ee34c441da751e56bdc895f6a,4096,False,False,False,False
mathd_numbertheory_43__validation-A__gpt-5.6-luna__seed0,12,f1c3dbd70f5b44bc9c180a750d091fcf,4096,False,False,False,False
mathd_numbertheory_43__validation-A__gpt-5.6-luna__seed0,13,2ed6d20894604c0da631eeb601c25278,4096,False,False,True,False
mathd_numbertheory_43__validation-A__gpt-5.6-luna__seed0,14,78767005a8d74241b718f07990849eb0,4096,False,False,True,False
mathd_numbertheory_43__validation-A__gpt-5.6-luna__seed0,15,738e8072af7d498db8ea5b0865e29aba,4096,False,False,False,False
mathd_numbertheory_43__validation-A__gpt-5.6-luna__seed0,16,d096f2c8f9a84b949cbaac35cb858699,4096,False,False,False,False
mathd_numbertheory_43__validation-A__gpt-5.6-luna__seed0,17,5fc363e65cd249e8a2f07ab0b73c3968,4096,False,False,True,False
mathd_numbertheory_43__validation-A__gpt-5.6-luna__seed0,18,0b505cf5467746149b2051f362aba967,4096,False,False,True,False
mathd_numbertheory_43__validation-A__gpt-5.6-luna__seed0,19,57991bb8a02944159d3dc1c07969534f,4096,False,False,True,False
mathd_numbertheory_43__validation-A__gpt-5.6-luna__seed0,20,981b47b0c0094468ab5bb26f97048c67,4096,False,False,True,False
mathd_numbertheory_43__validation-A__gpt-5.6-luna__seed0,21,0b36a92b0f7042e99681b30ce0410228,4096,False,False,True,False
mathd_numbertheory_43__validation-A__gpt-5.6-luna__seed0,22,d083c87d6d0a4b8fa29e30090767b360,4096,False,False,True,False
mathd_numbertheory_43__validation-A__gpt-5.6-luna__seed0,23,b83d9c970e62454e97bb7474777dda0f,4096,False,False,True,False
mathd_numbertheory_43__validation-A__gpt-5.6-luna__seed0,24,f7d7b6d9a87f42828781a36fb4be0b3b,4096,False,True,False,False
mathd_numbertheory_43__validation-A__gpt-5.6-luna__seed0,25,0f185008b3794292b17cd7a6cb93bdfe,4096,False,True,True,False
mathd_numbertheory_43__validation-A__gpt-5.6-luna__seed0,26,77f0e38956624ea4b7ce6333d96e80fd,4096,False,True,True,False
mathd_numbertheory_43__validation-A__gpt-5.6-luna__seed0,27,b0fc14d6306e489e870b5f2f497592cb,4096,False,True,True,False
mathd_numbertheory_43__validation-A__gpt-5.6-luna__seed0,28,49aa90987031400386880c849ce3adae,4096,False,True,True,False
mathd_numbertheory_43__validation-A__gpt-5.6-luna__seed0,29,50d00f775ba640b29d7579d19e155c78,4096,False,True,False,False
mathd_numbertheory_43__validation-A__gpt-5.6-luna__seed0,30,40d8b917ce5843d9ba9d2792fcbebded,4096,False,True,False,False
mathd_numbertheory_43__validation-A__gpt-5.6-luna__seed0,31,c3b1b003566f44389b797904e123e100,4096,False,True,False,False
mathd_numbertheory_43__validation-A__gpt-5.6-luna__seed0,32,d78d474da7af4bb48de4ca765cbcdd3b,4096,False,True,True,False
mathd_numbertheory_461__validation-A__gpt-5.6-luna__seed0,1,c3436347dbc54afaafbc6c105576e529,4096,False,False,True,False
mathd_numbertheory_530__validation-A__gpt-5.6-luna__seed0,1,be417e351d814de587f839f1a834c920,4096,False,False,False,False
mathd_numbertheory_530__validation-A__gpt-5.6-luna__seed0,2,61ecaf3b51bf4d7aab3e1d0bdc663758,4096,False,False,False,False
mathd_numbertheory_530__validation-A__gpt-5.6-luna__seed0,3,659a9c4a914a48f9a8f033914c86835b,4096,False,False,False,False
mathd_numbertheory_530__validation-A__gpt-5.6-luna__seed0,4,36d9ef777861447fba8d70986ae4e770,4096,False,False,False,False
mathd_numbertheory_530__validation-A__gpt-5.6-luna__seed0,5,ec5fe68eab054a92a1a2d831b08cbce0,4096,False,False,False,False
mathd_numbertheory_530__validation-A__gpt-5.6-luna__seed0,6,a86f9b0e94484e7e96e9f321694718e6,4096,False,False,False,False
mathd_numbertheory_530__validation-A__gpt-5.6-luna__seed0,7,4cabf68935e5488f895f09d37f3fc694,4096,False,False,False,False
mathd_numbertheory_530__validation-A__gpt-5.6-luna__seed0,8,5c08bcd787764f2e8d133cf6537b0860,4096,False,False,False,False
mathd_numbertheory_530__validation-A__gpt-5.6-luna__seed0,9,107388dce9d54178b0c22c169723fc53,4096,False,False,False,False
mathd_numbertheory_530__validation-A__gpt-5.6-luna__seed0,10,b0268dad35cb4a3da4f41a118a5dd548,4096,False,False,False,False
mathd_numbertheory_530__validation-A__gpt-5.6-luna__seed0,11,202b90052fc9475088466046fcbb70eb,4096,False,False,False,False
mathd_numbertheory_530__validation-A__gpt-5.6-luna__seed0,12,3500370c22d648f1a5c82a27b800b32a,4096,False,False,False,False
mathd_numbertheory_530__validation-A__gpt-5.6-luna__seed0,13,2c8f8707217c4a9a92a05a4c81878657,4096,False,False,False,False
mathd_numbertheory_530__validation-A__gpt-5.6-luna__seed0,14,eca8f89f265e4a298fc9f7f1c34e84c7,4096,False,False,False,False
mathd_numbertheory_530__validation-A__gpt-5.6-luna__seed0,15,a3c45e44c9b243c98c7110e479ab5c8a,4096,False,False,False,False
mathd_numbertheory_530__validation-A__gpt-5.6-luna__seed0,16,2592ea51cd164e5495d243bdc6594883,4096,False,False,False,False
mathd_numbertheory_530__validation-A__gpt-5.6-luna__seed0,17,8035606c51f345aeaffe3f5454ed1a31,4096,False,False,True,False
mathd_numbertheory_530__validation-A__gpt-5.6-luna__seed0,18,ff88854d2ccb4c3e8a5b77e993fcfbee,4096,False,False,True,False
mathd_numbertheory_530__validation-A__gpt-5.6-luna__seed0,19,aead4f4a0fee4179960536c9d821b461,4096,False,False,False,False
mathd_numbertheory_530__validation-A__gpt-5.6-luna__seed0,20,5d6eca5732214a069c18052ab78ce876,4096,False,False,True,False
mathd_numbertheory_530__validation-A__gpt-5.6-luna__seed0,21,84b5aa0fa8c14becaac8db081766be9b,4096,False,False,False,False
mathd_numbertheory_530__validation-A__gpt-5.6-luna__seed0,22,983bedaf67424a138e6d8367e4d88849,4096,False,False,False,False
mathd_numbertheory_530__validation-A__gpt-5.6-luna__seed0,23,252411a91f8c46ce93185476b85c8346,4096,False,False,False,False
mathd_numbertheory_530__validation-A__gpt-5.6-luna__seed0,24,1bd5b46fb6b3486482eabd3a624cd05d,4096,False,False,True,False
mathd_numbertheory_530__validation-A__gpt-5.6-luna__seed0,25,773af23070a94bdbbc0bed12989109d5,4096,False,False,True,False
mathd_numbertheory_530__validation-A__gpt-5.6-luna__seed0,26,9e926a89c3804c02a49049c559ac1b8e,4096,False,False,False,False
mathd_numbertheory_530__validation-A__gpt-5.6-luna__seed0,27,af4be05be2b34102b35e7dac66197bca,4096,False,True,True,False
mathd_numbertheory_530__validation-A__gpt-5.6-luna__seed0,28,f559dafce6f542fbba26b2a901d00c6f,4096,False,True,False,False
mathd_numbertheory_530__validation-A__gpt-5.6-luna__seed0,29,4d3c026e5b6e4d2080ec0c218ffe9ff8,4096,False,True,True,False
mathd_numbertheory_530__validation-A__gpt-5.6-luna__seed0,30,73cd3d6c438d4b0a84906179ce9ab0ff,4096,False,True,True,False
mathd_numbertheory_530__validation-A__gpt-5.6-luna__seed0,31,8103c0ea6303486e9888073723469f6f,4096,False,True,True,False
mathd_numbertheory_530__validation-A__gpt-5.6-luna__seed0,32,501e1e70006947b2887ec28b4ffe8e14,4096,False,True,False,False
mathd_numbertheory_530__validation-A__gpt-5.6-luna__seed0,33,26dddf188524488b81831682fbbe2ece,4096,False,True,False,False
mathd_numbertheory_530__validation-A__gpt-5.6-luna__seed0,34,969ed91f6e8b4021897819ee97e78bed,4096,False,True,True,False
mathd_numbertheory_530__validation-A__gpt-5.6-luna__seed0,35,2cc99667bf3a4fa9842a71cfee4d4d15,4096,False,True,True,False
mathd_numbertheory_64__validation-A__gpt-5.6-luna__seed0,1,f6416cdaeca7428796002ebd06d5047a,4096,False,False,False,False
mathd_numbertheory_64__validation-A__gpt-5.6-luna__seed0,2,ee2c434382114d5f9fbfc37eb3cc0d32,4096,False,False,False,False
mathd_numbertheory_64__validation-A__gpt-5.6-luna__seed0,3,3863be5139714390953709da643a152a,4096,False,False,False,False
mathd_numbertheory_64__validation-A__gpt-5.6-luna__seed0,4,102e55fc13b642a4a9273efc6b0f8e6d,4096,False,False,False,False
mathd_numbertheory_64__validation-A__gpt-5.6-luna__seed0,5,d915e9e054ed4d2b8e8be845f5e5396c,4096,False,False,False,False
mathd_numbertheory_64__validation-A__gpt-5.6-luna__seed0,6,d9be4c6f1d384d969cb763aa3c241f66,4096,False,False,False,False
mathd_numbertheory_64__validation-A__gpt-5.6-luna__seed0,7,84e1586fb5264b8bb82291324093a716,4096,False,False,False,False
mathd_numbertheory_64__validation-A__gpt-5.6-luna__seed0,8,3eefa524695e4bfe915e3a8554c4d78a,4096,False,False,False,False
mathd_numbertheory_64__validation-A__gpt-5.6-luna__seed0,9,1c892bd7e46a4a1ab3e61106065d8ec5,4096,False,False,False,False
mathd_numbertheory_64__validation-A__gpt-5.6-luna__seed0,10,da065c6e343444a590a6ddfe5f1b90f5,4096,False,False,False,False
mathd_numbertheory_64__validation-A__gpt-5.6-luna__seed0,11,5edb59340ca64943a41c4b7b04281b3d,4096,False,False,False,False
mathd_numbertheory_64__validation-A__gpt-5.6-luna__seed0,12,0cbb0b229e2e46d184175d06307edaa1,4096,False,False,False,False
mathd_numbertheory_64__validation-A__gpt-5.6-luna__seed0,13,d759b07be64d4220b8f09446ae1fc1db,4096,False,False,False,False
mathd_numbertheory_64__validation-A__gpt-5.6-luna__seed0,14,355aad901f414787bfd25953306b1132,4096,False,False,True,False
mathd_numbertheory_64__validation-A__gpt-5.6-luna__seed0,15,9b54c671555d4e1997734aad927c9edc,4096,False,False,True,False
mathd_numbertheory_64__validation-A__gpt-5.6-luna__seed0,16,dc69075b5e59448b97ab35387a661611,4096,False,False,True,False
mathd_numbertheory_64__validation-A__gpt-5.6-luna__seed0,17,e03c274a29be4c5780c2b193a92544d4,4096,False,False,True,False
mathd_numbertheory_64__validation-A__gpt-5.6-luna__seed0,18,7d7ab19f0feb4d879d47fd9e77480bb0,4096,False,False,True,False
aime_1984_p7__validation-B__gpt-5.6-luna__seed0,1,41a57b46fc344018ac04e7e692e2cb9e,32768,False,False,False,False
aime_1984_p7__validation-B__gpt-5.6-luna__seed0,2,4eb2d64ac0c34c66b43b903f3ceffdc3,32768,False,False,True,False
aime_1984_p7__validation-B__gpt-5.6-luna__seed0,3,0ef43ad540fb4c0295bc13c1b6db653b,32768,True,False,False,False
aime_1984_p7__validation-B__gpt-5.6-luna__seed0,4,7ca3734a9b0b4cceb06b32cf94e60d7d,32768,True,False,False,False
aime_1984_p7__validation-B__gpt-5.6-luna__seed0,5,d133a2659c1e4e8ea2f993eb6e240282,32768,True,False,True,False
aime_1984_p7__validation-B__gpt-5.6-luna__seed0,6,75ded1fd9b82489495700477bd4e3a09,32768,True,False,True,False
aime_1984_p7__validation-B__gpt-5.6-luna__seed0,7,04aa343a79794cd782050db8606fc36d,32768,True,False,True,False
aime_1984_p7__validation-B__gpt-5.6-luna__seed0,8,4c7e6952928c4e93a17153aab0bb5e22,32768,True,False,True,False
aime_1984_p7__validation-B__gpt-5.6-luna__seed0,9,ca29587199114289b3d6f1095541063f,32768,True,False,True,False
aime_1984_p7__validation-B__gpt-5.6-luna__seed0,10,f34e87bc027643bab02aa44a81b7224e,32768,True,False,True,False
aime_1984_p7__validation-B__gpt-5.6-luna__seed0,11,16470102c5704ad2b065fc1d1cd1c69f,32768,True,False,True,False
aime_1984_p7__validation-B__gpt-5.6-luna__seed0,12,720cc0720dc04aafb112e3629f1e997e,32768,True,False,True,False
aime_1984_p7__validation-B__gpt-5.6-luna__seed0,13,edcb2b11643a48dcb5ca8c792c607af8,32768,True,False,True,False
aime_1984_p7__validation-B__gpt-5.6-luna__seed0,14,28b452aaf2804180a189a97b24d4b357,32768,True,False,True,False
aime_1984_p7__validation-B__gpt-5.6-luna__seed0,15,a3774de18c8a420fa728182d00f51e90,32768,True,False,True,False
aime_1989_p8__validation-B__gpt-5.6-luna__seed0,1,94c4f3d849414246b190ec3a00729f38,32768,False,False,True,False
aime_1991_p6__validation-B__gpt-5.6-luna__seed0,1,d103fcf08485478780f6e9709372bbbe,32768,False,False,False,False
aime_1991_p6__validation-B__gpt-5.6-luna__seed0,2,77d6118270ce452f82f1561d5cb89401,32768,False,False,False,False
aime_1991_p6__validation-B__gpt-5.6-luna__seed0,3,d178abe2b1ae416daeb441fac7419e6a,32768,False,False,False,False
aime_1991_p6__validation-B__gpt-5.6-luna__seed0,4,86e10c288f1e4d42bdbba8de43b89374,32768,False,False,False,False
aime_1991_p6__validation-B__gpt-5.6-luna__seed0,5,0b2f0f67f5eb41f5a282ce6dfcabc2cb,32768,False,False,False,False
aime_1991_p6__validation-B__gpt-5.6-luna__seed0,6,90325ad088b0443397dfc2ccc5d19855,32768,False,False,False,False
aime_1991_p6__validation-B__gpt-5.6-luna__seed0,7,0139dc0c158f4f57baa67b0e17d628ee,32768,False,False,False,False
aime_1991_p6__validation-B__gpt-5.6-luna__seed0,8,6078c965971b453c9eb8d3fceeb46e05,32768,False,False,False,False
aime_1991_p6__validation-B__gpt-5.6-luna__seed0,9,468dfe050d1b4f3dbd1026e8469a6b47,32768,False,False,False,False
aime_1991_p6__validation-B__gpt-5.6-luna__seed0,10,4ad02dc108d941eba26b61123788b43d,32768,False,False,False,False
aime_1991_p6__validation-B__gpt-5.6-luna__seed0,11,d953f7b2ceb94aada6854cee2112047e,32768,False,False,False,False
aime_1991_p6__validation-B__gpt-5.6-luna__seed0,12,f45997c095b349e6803af8c57e392e01,32768,False,False,False,False
aime_1991_p6__validation-B__gpt-5.6-luna__seed0,13,252dfde452b34901ae7e1bd95e0ebf55,32768,False,False,False,False
aime_1991_p6__validation-B__gpt-5.6-luna__seed0,14,a27a505a2cd54231b5164c0345a260a4,32768,False,False,False,False
aime_1991_p6__validation-B__gpt-5.6-luna__seed0,15,cfe4c739cf4e4ba8805215cf2788510b,32768,False,False,False,False
aime_1991_p6__validation-B__gpt-5.6-luna__seed0,16,a47676d107194c60b1b844635250835f,32768,False,False,False,False
aime_1991_p6__validation-B__gpt-5.6-luna__seed0,17,d420a1ac8fde457d9e891dd36e2498fb,32768,False,False,True,False
aime_1991_p6__validation-B__gpt-5.6-luna__seed0,18,7d5b225e1ee64c81994aa0d971c6d36f,32768,True,False,True,False
aime_1991_p6__validation-B__gpt-5.6-luna__seed0,19,239b705b6e8e49f69be75c587729a039,32768,True,False,True,False
aime_1991_p6__validation-B__gpt-5.6-luna__seed0,20,b9af6722e28b4ebaaaf0fd1fd7cd0420,32768,True,False,False,False
aime_1991_p9__validation-B__gpt-5.6-luna__seed0,1,b22e6c0d5a8a469b93f3617b4e1cbc19,32768,False,False,False,False
aime_1991_p9__validation-B__gpt-5.6-luna__seed0,2,363098c6550649d189864a4b8994221c,32768,False,False,False,False
aime_1991_p9__validation-B__gpt-5.6-luna__seed0,3,ac8ad9ec06f64426a05adbeaa6a4b839,32768,False,False,True,False
aime_1991_p9__validation-B__gpt-5.6-luna__seed0,4,17051a7ca134475faee07b6a7e4e6ae5,32768,True,False,True,False
aime_1991_p9__validation-B__gpt-5.6-luna__seed0,5,d01e3bb77ed44843b0e8ff944b5e25f8,32768,True,False,True,False
aime_1991_p9__validation-B__gpt-5.6-luna__seed0,6,976fab36740541b5ac73ef398e98fdbb,32768,True,False,True,False
aime_1991_p9__validation-B__gpt-5.6-luna__seed0,7,343c8173bcda491f8e34f9af111953b3,32768,True,False,False,False
aime_1991_p9__validation-B__gpt-5.6-luna__seed0,8,b32d92fe921842fb93a72fc8d0db8cee,32768,True,False,True,False
aime_1991_p9__validation-B__gpt-5.6-luna__seed0,9,d9752d9c78d14a4d91abf48a77c5e410,32768,True,False,True,False
aime_1991_p9__validation-B__gpt-5.6-luna__seed0,10,c90515d8fe8e4f06b4df8c1f3263d3e5,32768,True,False,False,False
aime_1991_p9__validation-B__gpt-5.6-luna__seed0,11,e982d1e290584a129e7e1cc144cf03fd,32768,True,False,True,False
aime_1991_p9__validation-B__gpt-5.6-luna__seed0,12,a5702f4ec04c4f418772e8314787e895,32768,True,False,True,False
aime_1991_p9__validation-B__gpt-5.6-luna__seed0,13,7c7c6cbfe12e4e6db4a9e0ce1b2cca8e,32768,True,False,True,False
aime_1991_p9__validation-B__gpt-5.6-luna__seed0,14,f9ca61deff614950bb5f67ece06297c6,32768,True,False,True,False
aime_1991_p9__validation-B__gpt-5.6-luna__seed0,15,676dbcfbda754be3856a2ba15426517a,32768,True,False,True,False
aime_1991_p9__validation-B__gpt-5.6-luna__seed0,16,e0dba18c15954662a1aac79f054125ad,32768,True,False,True,False
aime_1991_p9__validation-B__gpt-5.6-luna__seed0,17,2395f132356e46ecb1e832844304dd79,32768,True,False,True,False
algebra_others_exirrpowirrrat__validation-B__gpt-5.6-luna__seed0,1,eb46d13dd54d4848ae66f7f776223a51,32768,False,False,False,False
algebra_others_exirrpowirrrat__validation-B__gpt-5.6-luna__seed0,2,2392e60afdd74eabb5713aa9b4197edd,32768,False,False,False,False
algebra_others_exirrpowirrrat__validation-B__gpt-5.6-luna__seed0,3,2c6e98c6985549fc836b3a1fb6ad0471,32768,False,False,False,False
algebra_others_exirrpowirrrat__validation-B__gpt-5.6-luna__seed0,4,9250ed3c2fb34d289270776f0b0e09d4,32768,False,False,False,False
algebra_others_exirrpowirrrat__validation-B__gpt-5.6-luna__seed0,5,1f98022a99d04018ba1689f515deea75,32768,False,False,False,False
algebra_others_exirrpowirrrat__validation-B__gpt-5.6-luna__seed0,6,63611cd3c4b543469518024f06018319,32768,False,False,False,False
algebra_others_exirrpowirrrat__validation-B__gpt-5.6-luna__seed0,7,b97443078f384b7da8105a089c75884f,32768,False,False,False,False
algebra_others_exirrpowirrrat__validation-B__gpt-5.6-luna__seed0,8,1ed494a03ee145c28b2ac7564bbcb2a3,32768,False,False,False,False
algebra_others_exirrpowirrrat__validation-B__gpt-5.6-luna__seed0,9,cbbd0b50809e476fb5b2d1064e8bc33b,32768,False,False,False,False
algebra_others_exirrpowirrrat__validation-B__gpt-5.6-luna__seed0,10,4e62e675ae534a7cb8ec472dd0d44878,32768,False,False,False,False
algebra_others_exirrpowirrrat__validation-B__gpt-5.6-luna__seed0,11,f4ed5fb5ba934ec881382e1055761738,32768,False,False,False,False
algebra_others_exirrpowirrrat__validation-B__gpt-5.6-luna__seed0,12,3ecb8a34e8e348c2a807530802741a25,32768,False,False,False,False
algebra_others_exirrpowirrrat__validation-B__gpt-5.6-luna__seed0,13,61546ca91c2d4601b530a33538cffa5f,32768,False,False,False,False
algebra_others_exirrpowirrrat__validation-B__gpt-5.6-luna__seed0,14,dcea2ddaebfd4bc299743684bd4edec8,32768,False,False,True,False
algebra_others_exirrpowirrrat__validation-B__gpt-5.6-luna__seed0,15,fecbf43877794d21b78f2b73299468fa,32768,True,False,False,False
algebra_others_exirrpowirrrat__validation-B__gpt-5.6-luna__seed0,16,eaf8574ba51645deb195cfda67424a97,32768,True,False,False,False
algebra_others_exirrpowirrrat__validation-B__gpt-5.6-luna__seed0,17,82e52cf81bc24e558e4bad33c8e40041,32768,True,False,False,False
algebra_others_exirrpowirrrat__validation-B__gpt-5.6-luna__seed0,18,a23c15f24d6e4b1489ac1a4abfe5930a,32768,True,False,True,False
algebra_others_exirrpowirrrat__validation-B__gpt-5.6-luna__seed0,19,ad9b3d1b846e47fbb8a990f46d280574,32768,True,False,False,False
algebra_others_exirrpowirrrat__validation-B__gpt-5.6-luna__seed0,20,978466dc51e94322b748f61300395d0a,32768,True,False,False,False
algebra_others_exirrpowirrrat__validation-B__gpt-5.6-luna__seed0,21,b4da6e9b41a24b358c4af3b44234a12a,32768,True,False,True,False
algebra_others_exirrpowirrrat__validation-B__gpt-5.6-luna__seed0,22,310841455cdd442a87d6d70ccfbd8f8a,32768,True,False,True,False
algebra_others_exirrpowirrrat__validation-B__gpt-5.6-luna__seed0,23,b0b1895b7d00426c9e3234490652566f,32768,True,False,True,False
algebra_others_exirrpowirrrat__validation-B__gpt-5.6-luna__seed0,24,8c4e1ccb8fb3493186d75c27f13b45df,32768,True,False,False,False
algebra_others_exirrpowirrrat__validation-B__gpt-5.6-luna__seed0,25,38be0b30a1b44f60ab28b2460339aadc,32768,True,False,True,False
algebra_others_exirrpowirrrat__validation-B__gpt-5.6-luna__seed0,26,18a72bc2b5a04edd9f91f7ac6cb3c2c6,32768,True,False,False,False
algebra_others_exirrpowirrrat__validation-B__gpt-5.6-luna__seed0,27,eb7d92a0479b4eb7b5d1751d68c05d2b,32768,True,False,True,False
algebra_others_exirrpowirrrat__validation-B__gpt-5.6-luna__seed0,28,6467b7b52cc34f0fb11752d45404e4e7,32768,True,False,True,False
algebra_others_exirrpowirrrat__validation-B__gpt-5.6-luna__seed0,29,bb81911a086041f59c346cc85e9f0e99,32768,True,False,False,False
algebra_others_exirrpowirrrat__validation-B__gpt-5.6-luna__seed0,30,6c9e565a01dc42df8c57cae78dcb512f,32768,True,False,True,False
algebra_others_exirrpowirrrat__validation-B__gpt-5.6-luna__seed0,31,f6ae331b22ea4bf3882906e81b746993,32768,True,False,True,False
algebra_others_exirrpowirrrat__validation-B__gpt-5.6-luna__seed0,32,4200782727df426bbcb4551ad630284a,32768,True,False,True,False
amc12_2000_p12__validation-B__gpt-5.6-luna__seed0,1,6912e4288c1d4224beac962f7859c2e0,32768,False,False,True,False
amc12_2000_p12__validation-B__gpt-5.6-luna__seed0,2,82d5a9eb59544174be8b62702899d1b7,32768,True,False,True,False
amc12_2000_p12__validation-B__gpt-5.6-luna__seed0,3,ef66a4092337484f8ee09e52ba271a11,32768,True,False,True,False
amc12_2000_p12__validation-B__gpt-5.6-luna__seed0,4,84654cadd6e04108b0134111e7f946de,32768,True,False,True,False
amc12_2000_p12__validation-B__gpt-5.6-luna__seed0,5,b9638fb34b2741de9e4d7965febffa4f,32768,True,False,True,False
amc12_2000_p12__validation-B__gpt-5.6-luna__seed0,6,170915cd6e8640cf9576bdda9df1cdf6,32768,True,False,True,False
amc12_2000_p12__validation-B__gpt-5.6-luna__seed0,7,3a648918e0a6423d8cbb83cf79c528b6,32768,True,False,False,False
amc12_2000_p12__validation-B__gpt-5.6-luna__seed0,8,f4abd04dae964979a5d80b203bdd810a,32768,True,False,False,False
amc12_2000_p12__validation-B__gpt-5.6-luna__seed0,9,be920c0e6b2343038be63f86a6ca5920,32768,True,False,False,False
amc12_2000_p12__validation-B__gpt-5.6-luna__seed0,10,a461851c5cd7409aa35f62d536f3640b,32768,True,False,True,False
amc12_2000_p12__validation-B__gpt-5.6-luna__seed0,11,01bab5557a774454943c06ce6a0ef31f,32768,True,False,True,False
amc12_2000_p12__validation-B__gpt-5.6-luna__seed0,12,a00b2b8aad784950b6a40f38ce475caa,32768,True,False,True,False
amc12_2000_p12__validation-B__gpt-5.6-luna__seed0,13,f3b7206b0a4f453ea6672c9c345bcde1,32768,True,False,True,False
amc12_2000_p12__validation-B__gpt-5.6-luna__seed0,14,59166d0e9dec48089f5bc8000eeb8833,32768,True,False,False,False
amc12_2000_p12__validation-B__gpt-5.6-luna__seed0,15,fd60a725ffe744bfbb07d610197274c4,32768,True,False,True,False
amc12_2000_p12__validation-B__gpt-5.6-luna__seed0,16,b0ec651883cb49a9bd8225d102475dd6,32768,True,False,True,False
amc12_2000_p12__validation-B__gpt-5.6-luna__seed0,17,e412c28dc90a46178fd48b477cf568f6,32768,True,False,True,False
amc12_2000_p12__validation-B__gpt-5.6-luna__seed0,18,e0675a1b12da489bbed99d02359a9eb9,32768,True,False,True,False
amc12_2000_p12__validation-B__gpt-5.6-luna__seed0,19,b7bb988cd6c449d1b45bc6b8569e6b03,32768,True,False,True,False
amc12_2000_p12__validation-B__gpt-5.6-luna__seed0,20,14aa0546d4784685a9e73bd91819a43e,32768,True,False,False,False
amc12_2000_p12__validation-B__gpt-5.6-luna__seed0,21,c2ac3f130c994c2fbf8abfa26e6f1280,32768,True,False,True,False
amc12_2000_p12__validation-B__gpt-5.6-luna__seed0,22,662b869efc1e4944846a974d064501cc,32768,True,False,True,False
amc12_2000_p12__validation-B__gpt-5.6-luna__seed0,23,fe72fbbaff654ef8914d6011b7db0bd1,32768,True,False,False,False
amc12_2001_p21__validation-B__gpt-5.6-luna__seed0,1,8257c4d0f3eb4483b0163a2d60549aaf,32768,False,False,False,False
amc12_2001_p21__validation-B__gpt-5.6-luna__seed0,2,94e1cac5a7dc4ac38380655375cef977,32768,False,False,False,False
amc12_2001_p21__validation-B__gpt-5.6-luna__seed0,3,62c59ba05f68406d95af5ca28cfba050,32768,False,False,True,False
amc12_2001_p21__validation-B__gpt-5.6-luna__seed0,4,6c4ec7dcc7f1483b83b92958e146e14a,32768,True,False,True,False
amc12_2001_p21__validation-B__gpt-5.6-luna__seed0,5,e7d886b6cefc4d8e81964e21fedb7feb,32768,True,False,True,False
amc12_2001_p21__validation-B__gpt-5.6-luna__seed0,6,fc1b03383cd24744bdb25e827334507b,32768,True,False,True,False
amc12a_2002_p6__validation-B__gpt-5.6-luna__seed0,1,dffc9b7996cd486485e001661e006155,32768,False,False,True,False
amc12a_2002_p6__validation-B__gpt-5.6-luna__seed0,2,b1d013339f854ae392774148723ad507,32768,True,False,True,False
amc12a_2002_p6__validation-B__gpt-5.6-luna__seed0,3,36b54a5fca364590affb9a862534eeba,32768,True,False,True,False
amc12a_2002_p6__validation-B__gpt-5.6-luna__seed0,4,b8def96781164f87808829571d7b3799,32768,True,False,True,False
amc12a_2002_p6__validation-B__gpt-5.6-luna__seed0,5,60f67d74c3ff4eb68e4f6463ec0715be,32768,True,False,True,False
amc12a_2008_p4__validation-B__gpt-5.6-luna__seed0,1,54943533593d41c687a6f22abceb2f0c,32768,False,False,False,False
amc12a_2008_p4__validation-B__gpt-5.6-luna__seed0,2,643cec0b4e9b472b9dafa6824b5de574,32768,False,False,False,False
amc12a_2008_p4__validation-B__gpt-5.6-luna__seed0,3,b06065c805ee48e89accad8d00280b49,32768,False,False,False,False
amc12a_2008_p4__validation-B__gpt-5.6-luna__seed0,4,96b0df97c685471cb9f16949ec15014a,32768,False,False,True,False
amc12a_2008_p4__validation-B__gpt-5.6-luna__seed0,5,5c5d390c3df749659b88cb5eb67c8ff5,32768,True,False,True,False
amc12a_2008_p4__validation-B__gpt-5.6-luna__seed0,6,2f88177d68ae415f9307a4dfd21ae7d7,32768,True,False,False,False
amc12a_2008_p4__validation-B__gpt-5.6-luna__seed0,7,f15369bf3340402ea2d686746ece1876,32768,True,False,True,False
amc12a_2008_p4__validation-B__gpt-5.6-luna__seed0,8,ae488842c83743ccb25a0df480338f32,32768,True,False,False,False
amc12a_2008_p4__validation-B__gpt-5.6-luna__seed0,9,0427cde71e0d49fe90dcb33042824a39,32768,True,False,False,False
amc12a_2008_p4__validation-B__gpt-5.6-luna__seed0,10,3895c6718e96464893546f6b2b36700e,32768,True,False,False,False
amc12a_2008_p4__validation-B__gpt-5.6-luna__seed0,11,e58945b1f0544eeaa45c8b4779610cd5,32768,True,False,True,False
amc12a_2008_p4__validation-B__gpt-5.6-luna__seed0,12,f8a5979eb7e84556aba4f35f92c323b1,32768,True,False,False,False
amc12a_2008_p4__validation-B__gpt-5.6-luna__seed0,13,399399c4f52a4e218caaeb53c9eae638,32768,True,False,False,False
amc12a_2008_p4__validation-B__gpt-5.6-luna__seed0,14,b4277102a77742cfadb88a73359520f5,32768,True,False,True,False
amc12a_2008_p4__validation-B__gpt-5.6-luna__seed0,15,2295507e27cd422fbd1c0cc1024bd1d7,32768,True,False,True,False
amc12a_2008_p4__validation-B__gpt-5.6-luna__seed0,16,801f6bc4c9a0459baa6377082c2613ef,32768,True,False,True,False
amc12a_2008_p4__validation-B__gpt-5.6-luna__seed0,17,05ebb5b4e7224fa1bdf4cb89f7052405,32768,True,False,True,False
amc12a_2013_p8__validation-B__gpt-5.6-luna__seed0,1,1168e7f8ba0a42fe9b3e47a252a96eaf,32768,False,False,False,False
amc12a_2013_p8__validation-B__gpt-5.6-luna__seed0,2,6f0fb2d9b391436788aca20bd579b2ed,32768,False,False,True,False
amc12a_2013_p8__validation-B__gpt-5.6-luna__seed0,3,88ecb0db7bd94d24bc8bb4309a452049,32768,True,False,True,False
amc12a_2013_p8__validation-B__gpt-5.6-luna__seed0,4,78777a9a4abf49a08abf58b4e4f1dc8c,32768,True,False,False,False
amc12a_2013_p8__validation-B__gpt-5.6-luna__seed0,5,a0ce93f1187b461b90a025e84965c4fa,32768,True,False,False,False
amc12a_2013_p8__validation-B__gpt-5.6-luna__seed0,6,fcb4ec8039874420a5c05d06ef8dc3d3,32768,True,False,False,False
amc12a_2013_p8__validation-B__gpt-5.6-luna__seed0,7,36b6e960426f4c7baafd82e12747554f,32768,True,False,False,False
amc12a_2013_p8__validation-B__gpt-5.6-luna__seed0,8,936aafc6174e4d28b6d8bbe1ff59fcbb,32768,True,False,False,False
amc12a_2013_p8__validation-B__gpt-5.6-luna__seed0,9,c2732e81f95a4ba6b417baad823e16b3,32768,True,False,False,False
amc12a_2013_p8__validation-B__gpt-5.6-luna__seed0,10,1474a0fda43542c39bbc9858aebbcf38,32768,True,False,False,False
amc12a_2013_p8__validation-B__gpt-5.6-luna__seed0,11,2cba644f1e984c10ae0d3e6330e04fcd,32768,True,False,False,False
amc12a_2013_p8__validation-B__gpt-5.6-luna__seed0,12,45fca569d37245dd8e8f3bee45cd90a5,32768,True,False,False,False
amc12a_2013_p8__validation-B__gpt-5.6-luna__seed0,13,7745eca128f54c1cbed0df0a249870aa,32768,True,False,False,False
amc12a_2013_p8__validation-B__gpt-5.6-luna__seed0,14,672109da633e4858be609c0d4b9eb38e,32768,True,False,True,False
amc12a_2013_p8__validation-B__gpt-5.6-luna__seed0,15,25763a04a0f3487cb5dc506e418b1d7d,32768,True,False,False,False
amc12a_2013_p8__validation-B__gpt-5.6-luna__seed0,16,ffbf3999c951492fbb5250dc2bf81eb9,32768,True,False,True,False
amc12a_2016_p3__validation-B__gpt-5.6-luna__seed0,1,3f402fcd7ccd4e9dabacb723cd620585,32768,False,False,False,False
amc12a_2016_p3__validation-B__gpt-5.6-luna__seed0,2,f8329cd6c97644b187c3099b5e6887bf,32768,False,False,False,False
amc12a_2016_p3__validation-B__gpt-5.6-luna__seed0,3,64511b0e1c494554b4a4fa4f6b5fac66,32768,False,False,False,False
amc12a_2016_p3__validation-B__gpt-5.6-luna__seed0,4,7eb2ca4be2b141c8af5aa3bd486de3c7,32768,False,False,True,False
amc12a_2016_p3__validation-B__gpt-5.6-luna__seed0,5,ecc32edf008545b387e6d097dff9436c,32768,True,False,True,False
amc12a_2016_p3__validation-B__gpt-5.6-luna__seed0,6,795031b4b9f0452d983419888518e2f4,32768,True,False,True,False
amc12a_2016_p3__validation-B__gpt-5.6-luna__seed0,7,436f33e12c8e4ef383fea10fb14e74b3,32768,True,False,True,False
amc12a_2016_p3__validation-B__gpt-5.6-luna__seed0,8,0b8e59922bde46cd8afd2973e262b6bc,32768,True,False,True,False
amc12a_2016_p3__validation-B__gpt-5.6-luna__seed0,9,92dd4f674e70460aa2fe9c9a53ed5c35,32768,True,False,True,False
amc12a_2019_p21__validation-B__gpt-5.6-luna__seed0,1,784ecc79fe5f45238f479ec70f218f0d,32768,False,False,False,False
amc12a_2019_p21__validation-B__gpt-5.6-luna__seed0,2,dce36bf105894b1cb6a2e9825eb52461,32768,False,False,False,False
amc12a_2019_p21__validation-B__gpt-5.6-luna__seed0,3,2247cc5a617a4b12a1a890f3379ae9a5,32768,False,False,True,False
amc12a_2019_p21__validation-B__gpt-5.6-luna__seed0,4,edb87f10322b4b6db63a8c320d0f26fc,32768,True,False,False,False
amc12a_2019_p21__validation-B__gpt-5.6-luna__seed0,5,b43713fcd38c45b695f02773213ad71e,32768,True,False,False,False
amc12a_2019_p21__validation-B__gpt-5.6-luna__seed0,6,1bc29dd05ad245b7ab0d0d1fd1de70c7,32768,True,False,False,False
amc12a_2019_p21__validation-B__gpt-5.6-luna__seed0,7,006dd44bbbe24fc5849b9a79cb54cebc,32768,True,False,False,False
amc12a_2019_p21__validation-B__gpt-5.6-luna__seed0,8,9dcf15c293ff4986bae50e4a1ec1ba1c,32768,True,False,False,False
amc12a_2019_p21__validation-B__gpt-5.6-luna__seed0,9,98d416e391414562b8f11ff86f49ea02,32768,True,False,False,False
amc12a_2019_p21__validation-B__gpt-5.6-luna__seed0,10,e11170b2bd3d47c087f7691a63cd56c4,32768,True,False,False,False
amc12a_2019_p21__validation-B__gpt-5.6-luna__seed0,11,c9fff6a0693349b5bf233d6878362b22,32768,True,False,False,False
amc12a_2019_p21__validation-B__gpt-5.6-luna__seed0,12,cdb0fe9a72df463fa541354f2bbac02a,32768,True,False,True,False
amc12a_2019_p21__validation-B__gpt-5.6-luna__seed0,13,d51a6c65fb1f4583854213122c4ea912,32768,True,False,True,False
amc12a_2019_p21__validation-B__gpt-5.6-luna__seed0,14,fc8abea4ebca484f9e063989c2570e2b,32768,True,False,True,False
amc12a_2019_p21__validation-B__gpt-5.6-luna__seed0,15,9a9f7e9d784c49c69d108e54c660c25a,32768,True,False,True,False
amc12a_2019_p21__validation-B__gpt-5.6-luna__seed0,16,662a32158fe44976ae03ea83d69d371b,32768,True,False,True,False
amc12a_2019_p21__validation-B__gpt-5.6-luna__seed0,17,244a6c963f0a46f6ad42b867f9e98203,32768,True,False,False,False
amc12a_2019_p21__validation-B__gpt-5.6-luna__seed0,18,e660353465c44d01a41afc35249ee3a5,32768,True,False,True,False
amc12a_2019_p21__validation-B__gpt-5.6-luna__seed0,19,3c31d4c21d80454ab41528e37750b053,32768,True,False,True,False
amc12a_2019_p21__validation-B__gpt-5.6-luna__seed0,20,5ba7d89b3541492893af7a060e4ca766,32768,True,False,True,False
amc12a_2019_p21__validation-B__gpt-5.6-luna__seed0,21,4bebc1a20de1457caae7fe9621fa4b60,32768,True,False,False,False
amc12a_2020_p21__validation-B__gpt-5.6-luna__seed0,1,99fd512b0fc943879ad02cf3dded2117,32768,False,False,False,False
amc12a_2020_p21__validation-B__gpt-5.6-luna__seed0,2,7733b3acdfd54cbbbc14775b39bd10fc,32768,False,False,False,False
amc12a_2020_p21__validation-B__gpt-5.6-luna__seed0,3,77f85cb251f6485caa5b5c612e176a11,32768,False,False,False,False
amc12a_2020_p21__validation-B__gpt-5.6-luna__seed0,4,7fbc3c32ac74421fb9499d963d30abba,32768,False,False,False,False
amc12a_2020_p21__validation-B__gpt-5.6-luna__seed0,5,3f02a478a4cc4ad99caba9f9434b079f,32768,False,False,True,False
amc12a_2020_p21__validation-B__gpt-5.6-luna__seed0,6,cb57dd22190842a5830cabf352021cf6,32768,True,False,True,False
amc12a_2020_p21__validation-B__gpt-5.6-luna__seed0,7,192b57028879460681d3d4ca4801828f,32768,True,False,True,False
amc12a_2020_p21__validation-B__gpt-5.6-luna__seed0,8,a1bb31e1472f4fd2ae5753c042fbc5f3,32768,True,False,False,False
amc12a_2020_p21__validation-B__gpt-5.6-luna__seed0,9,5221c9eb5f144c26bc8179c8a3dd5f11,32768,True,False,False,False
amc12a_2020_p21__validation-B__gpt-5.6-luna__seed0,10,3fcd9745731e4c2887188d553ab815ca,32768,True,False,False,False
amc12a_2020_p21__validation-B__gpt-5.6-luna__seed0,11,164009ccf46a400f8a03c06988765594,32768,True,False,False,False
amc12a_2020_p21__validation-B__gpt-5.6-luna__seed0,12,4d7010b57b38405f9c19b9644ec143d2,32768,True,False,False,False
amc12a_2020_p21__validation-B__gpt-5.6-luna__seed0,13,e779bdb681d647c4b1dbd3828fa5a72a,32768,True,False,False,False
amc12a_2020_p21__validation-B__gpt-5.6-luna__seed0,14,30d6a00d96dc4f1fb760e7ee8ddb2555,32768,True,False,False,False
amc12a_2020_p21__validation-B__gpt-5.6-luna__seed0,15,0cddc6de391d4280af32e19ede2ba0e4,32768,True,False,False,False
amc12a_2020_p21__validation-B__gpt-5.6-luna__seed0,16,999a24b5102c460f8ee74afacd0c7451,32768,True,False,False,False
amc12a_2020_p21__validation-B__gpt-5.6-luna__seed0,17,8aafc515221845a5bb87804036ef27d3,32768,True,False,False,False
amc12a_2020_p21__validation-B__gpt-5.6-luna__seed0,18,bae35e23e3ce443388a44b33a9344bcb,32768,True,False,False,False
amc12a_2020_p21__validation-B__gpt-5.6-luna__seed0,19,274863de355a4e13b4ac56f6aa6df492,32768,True,False,False,False
amc12a_2020_p21__validation-B__gpt-5.6-luna__seed0,20,1c7846d2b4a6451ba4127eb7519e4e5d,32768,True,False,False,False
amc12a_2020_p21__validation-B__gpt-5.6-luna__seed0,21,931c53472a58496f94e11ef0cd26c663,32768,True,False,False,False
amc12a_2020_p21__validation-B__gpt-5.6-luna__seed0,22,d82a0c5022d74c688b898cd1163bc3ba,32768,True,False,False,False
amc12a_2020_p21__validation-B__gpt-5.6-luna__seed0,23,5f846c931d6d4cce988a1d933b8386b9,32768,True,False,False,False
amc12a_2020_p21__validation-B__gpt-5.6-luna__seed0,24,0f35fd5c048e477e8a38f791bff1af92,32768,True,False,False,False
amc12a_2020_p21__validation-B__gpt-5.6-luna__seed0,25,feedd0b5dd6b4748b6a48d8755671655,32768,True,False,False,False
amc12a_2020_p21__validation-B__gpt-5.6-luna__seed0,26,e3c60ae4d1d2454a8e02d36a52e7c08f,32768,True,False,False,False
amc12a_2020_p21__validation-B__gpt-5.6-luna__seed0,27,bd3b59473bfe465689d172cd781bc6be,32768,True,False,False,False
amc12a_2020_p21__validation-B__gpt-5.6-luna__seed0,28,d8b0ba6d26274d158015dd7c116daa68,32768,True,False,False,False
amc12a_2020_p21__validation-B__gpt-5.6-luna__seed0,29,7e9e134ae9ad4f618bf1863893635cab,32768,True,False,False,False
amc12a_2020_p21__validation-B__gpt-5.6-luna__seed0,30,f6d140ae8a584c0f9c1663c026b475fb,32768,True,False,False,False
amc12a_2020_p21__validation-B__gpt-5.6-luna__seed0,31,2d30050c7c2c42ce8a39c2d81f9cb308,32768,True,False,False,False
amc12a_2020_p21__validation-B__gpt-5.6-luna__seed0,32,3ea2c0db607047878ab4aeab39629a5f,32768,True,False,False,False
amc12a_2020_p21__validation-B__gpt-5.6-luna__seed0,33,b09a67b5c5b3443484ced88104b6668b,32768,True,False,False,False
amc12a_2020_p21__validation-B__gpt-5.6-luna__seed0,34,0600d3ee58dc45ff8753d3200595841a,32768,True,False,False,False
amc12a_2020_p21__validation-B__gpt-5.6-luna__seed0,35,c9f19b38cda143b3b54b37facaf81e82,32768,True,False,False,False
amc12a_2020_p21__validation-B__gpt-5.6-luna__seed0,36,94854e7fea1248e8866f3045c098d83c,32768,True,False,False,False
amc12a_2020_p21__validation-B__gpt-5.6-luna__seed0,37,ee35f7a16d91493c9b3f2d2a98ad265c,32768,True,False,False,False
amc12a_2020_p21__validation-B__gpt-5.6-luna__seed0,38,c5bb846fc0c8460c929a861811873bb1,32768,True,False,False,False
amc12a_2020_p21__validation-B__gpt-5.6-luna__seed0,39,75e1402927b147a7a05ff37ac70c61eb,32768,True,False,False,False
amc12a_2020_p21__validation-B__gpt-5.6-luna__seed0,40,3f9398f34c194a469573ffc0943ec43f,32768,True,False,False,False
amc12a_2020_p21__validation-B__gpt-5.6-luna__seed0,41,bb907ec959bc4ae68e80af1d25154395,32768,True,False,False,False
amc12b_2002_p3__validation-B__gpt-5.6-luna__seed0,1,82de3f3d22ba45e39fe1baaaada96498,32768,False,False,False,False
amc12b_2002_p3__validation-B__gpt-5.6-luna__seed0,2,a31ca9439f8b44dd96b409b11094167f,32768,False,False,False,False
amc12b_2002_p3__validation-B__gpt-5.6-luna__seed0,3,bebc90522beb4a2a9c9d67d0352551d4,32768,False,False,False,False
amc12b_2002_p3__validation-B__gpt-5.6-luna__seed0,4,0bcb9d2f05d04b7b957bf65c3772b25c,32768,False,False,False,False
amc12b_2002_p3__validation-B__gpt-5.6-luna__seed0,5,e14d704b3f3c443ea547e8cf6cec35cc,32768,False,False,False,False
amc12b_2002_p3__validation-B__gpt-5.6-luna__seed0,6,2921311efa7d4c508040b261b2caf06c,32768,False,False,True,False
amc12b_2002_p3__validation-B__gpt-5.6-luna__seed0,7,2448eb79f21c463f8e2b75e8516d9bb8,32768,True,False,True,False
amc12b_2002_p3__validation-B__gpt-5.6-luna__seed0,8,b4b18abe437d4d5793668d7887024b7a,32768,True,False,True,False
amc12b_2002_p3__validation-B__gpt-5.6-luna__seed0,9,a5922dd237f649bda73589753c24696b,32768,True,False,True,False
amc12b_2003_p6__validation-B__gpt-5.6-luna__seed0,1,9f8ce9c3799e4134a378344f2f84da3e,32768,False,False,False,False
amc12b_2003_p6__validation-B__gpt-5.6-luna__seed0,2,794ae5fd46894a4089b7ba30832b1e74,32768,False,False,False,False
amc12b_2003_p6__validation-B__gpt-5.6-luna__seed0,3,79fd861014984fc3bd36f275ec72a6b1,32768,False,False,True,False
amc12b_2003_p6__validation-B__gpt-5.6-luna__seed0,4,948d44174eb54a789b4d0980ddff5566,32768,True,False,False,False
amc12b_2003_p6__validation-B__gpt-5.6-luna__seed0,5,b9c8a09ffafd4b5b8b925a43795ab9e3,32768,True,False,False,False
amc12b_2003_p6__validation-B__gpt-5.6-luna__seed0,6,20f1ab6c433d4680b0699bf8ad3f10ae,32768,True,False,True,False
amc12b_2003_p6__validation-B__gpt-5.6-luna__seed0,7,8b161828b47c44e3b76fc54314976501,32768,True,False,True,False
amc12b_2003_p6__validation-B__gpt-5.6-luna__seed0,8,acaf7b85e2074f249efc595723e65ae1,32768,True,False,False,False
amc12b_2003_p6__validation-B__gpt-5.6-luna__seed0,9,b68269e0b23541608929c71c1b9ef683,32768,True,False,True,False
amc12b_2003_p6__validation-B__gpt-5.6-luna__seed0,10,a06dd8dd73274bdda9e96f1e82ce925b,32768,True,False,True,False
amc12b_2003_p6__validation-B__gpt-5.6-luna__seed0,11,53b5d5b046e24a43865fd4902b61b134,32768,True,False,False,False
amc12b_2003_p6__validation-B__gpt-5.6-luna__seed0,12,39b79b610abf4e1e9e4f0675a47132ab,32768,True,False,True,False
amc12b_2003_p6__validation-B__gpt-5.6-luna__seed0,13,ff9d9b18d24342d0ae924765b0285f7b,32768,True,False,True,False
amc12b_2003_p6__validation-B__gpt-5.6-luna__seed0,14,105825ac676849fcb07d7586b1fdc386,32768,True,False,True,False
amc12b_2020_p5__validation-B__gpt-5.6-luna__seed0,1,0d72647726444525bec15971925cc554,32768,False,False,True,False
imo_1960_p2__validation-B__gpt-5.6-luna__seed0,1,86c23fb013614d22860a4329bd1a6b7f,32768,False,False,False,False
imo_1960_p2__validation-B__gpt-5.6-luna__seed0,2,fceafd5705d34e8480b82b63e400006a,32768,False,False,False,False
imo_1960_p2__validation-B__gpt-5.6-luna__seed0,3,d0f34022b0924149861552a088dccc9c,32768,False,False,True,False
imo_1960_p2__validation-B__gpt-5.6-luna__seed0,4,04436bb7a6574c6fb5715ed43f77ad6c,32768,True,False,False,False
imo_1960_p2__validation-B__gpt-5.6-luna__seed0,5,cb27e2752ef849b7ab9f9b9ed0474ee6,32768,True,False,False,False
imo_1960_p2__validation-B__gpt-5.6-luna__seed0,6,2667d147e7ba4dfeb114ee4ddeaf9ede,32768,True,False,False,False
imo_1960_p2__validation-B__gpt-5.6-luna__seed0,7,73545ccf7777418aa7de7b3abc0623bc,32768,True,False,True,False
imo_1960_p2__validation-B__gpt-5.6-luna__seed0,8,dac3a85b92bd465581b41e1644c50ad9,32768,True,False,False,False
imo_1960_p2__validation-B__gpt-5.6-luna__seed0,9,85c3b8421fa647e287fd56e698dde740,32768,True,False,False,False
imo_1960_p2__validation-B__gpt-5.6-luna__seed0,10,08af859eaac341d0918efeb5d28b2845,32768,True,False,True,False
imo_1960_p2__validation-B__gpt-5.6-luna__seed0,11,40af24045ca44be0b5610464a6eef1d5,32768,True,False,True,False
imo_1960_p2__validation-B__gpt-5.6-luna__seed0,12,c7eae2198a78413c82b8d159d43f0a4f,32768,True,False,False,False
imo_1960_p2__validation-B__gpt-5.6-luna__seed0,13,0cdbb65b79be49ccb0385ed757cd30a4,32768,True,False,True,False
imo_1960_p2__validation-B__gpt-5.6-luna__seed0,14,f31a4e10dac94f8fb8393e086b257aa5,32768,True,False,True,False
imo_1964_p2__validation-B__gpt-5.6-luna__seed0,1,ef0e77830c4f4ceba333aed2c2f46aad,32768,False,False,True,False
imo_1964_p2__validation-B__gpt-5.6-luna__seed0,2,4325738f2e944cef98dbec49b47b182c,32768,True,False,True,False
imo_1964_p2__validation-B__gpt-5.6-luna__seed0,3,cf8ca15a382942faa77f7913b16c09f3,32768,True,False,False,False
imo_1964_p2__validation-B__gpt-5.6-luna__seed0,4,eacc4359faa14a01baa847a85d607f85,32768,True,False,True,False
imo_1964_p2__validation-B__gpt-5.6-luna__seed0,5,77f5d421f0c747319daa2e63c4dfe82d,32768,True,False,True,False
imo_1964_p2__validation-B__gpt-5.6-luna__seed0,6,abb3e15224f34e88ad5e1dff43023bfd,32768,True,False,True,False
imo_1964_p2__validation-B__gpt-5.6-luna__seed0,7,7ff3bc8a287445f487db021e370f208f,32768,True,False,True,False
imo_1964_p2__validation-B__gpt-5.6-luna__seed0,8,9ef0a8c250354ff6ac5aa3bc2c124a53,32768,True,False,True,False
imo_1964_p2__validation-B__gpt-5.6-luna__seed0,9,170c7563e1ca4099b6e6d12bc7428d6e,32768,True,False,True,False
imo_1964_p2__validation-B__gpt-5.6-luna__seed0,10,580718d40b464d88aafa5b5fe4196f4a,32768,True,False,True,False
imo_1964_p2__validation-B__gpt-5.6-luna__seed0,11,0a48cc32f2f8439492bea6c9311ce23d,32768,True,False,True,False
imo_1964_p2__validation-B__gpt-5.6-luna__seed0,12,ce2be05d8c01418fbe4bcf5defe58af0,32768,True,False,True,False
imo_1969_p2__validation-B__gpt-5.6-luna__seed0,1,663b473c066842848ae72b0bc077074f,32768,False,False,False,False
imo_1969_p2__validation-B__gpt-5.6-luna__seed0,2,ed5ea4c57c5a4ec8bf546715cf81cfc6,32768,False,False,False,False
imo_1969_p2__validation-B__gpt-5.6-luna__seed0,3,2de9264dc1b64dd2a7fe18ce342472b2,32768,False,False,False,False
imo_1969_p2__validation-B__gpt-5.6-luna__seed0,4,4753429a44ff4e7b972fd241a9d21c47,32768,False,False,False,False
imo_1969_p2__validation-B__gpt-5.6-luna__seed0,5,f40755c3911a48c8bc197cc22a375ce9,32768,False,False,False,False
imo_1969_p2__validation-B__gpt-5.6-luna__seed0,6,ecea94ec5488491ba0bcf40ed9b24072,32768,False,False,False,False
imo_1969_p2__validation-B__gpt-5.6-luna__seed0,7,7cf99711e87f49d4ba123dee9f77a0b0,32768,False,False,False,False
imo_1969_p2__validation-B__gpt-5.6-luna__seed0,8,c078ee650cd74817a094cf0772e83094,32768,False,False,True,False
imo_1969_p2__validation-B__gpt-5.6-luna__seed0,9,5ec734d4778845e596f12bd4c626e4cd,32768,True,False,True,False
imo_1969_p2__validation-B__gpt-5.6-luna__seed0,10,69b6d2b1a1fe492696a79be131db2ba4,32768,True,False,True,False
imo_1969_p2__validation-B__gpt-5.6-luna__seed0,11,150f80da222741488ea6ea9fc37e70db,32768,True,False,True,False
imo_1969_p2__validation-B__gpt-5.6-luna__seed0,12,419c28eb8e8f423dbe3a67ae9a5363e6,32768,True,False,True,False
imo_1969_p2__validation-B__gpt-5.6-luna__seed0,13,53a0db91f3be4f7ba231a9e62ca72d1d,32768,True,False,True,False
imo_1969_p2__validation-B__gpt-5.6-luna__seed0,14,ceb4c15670a24918b7db3b68b3ddd568,32768,True,False,True,False
imo_1969_p2__validation-B__gpt-5.6-luna__seed0,15,0d0e616bf1724085809c41b2b0d40fcb,32768,True,False,False,False
imo_1969_p2__validation-B__gpt-5.6-luna__seed0,16,487e0ebd245846be94d8067ac2404034,32768,True,False,True,False
imo_1969_p2__validation-B__gpt-5.6-luna__seed0,17,5ebb42afee9e4c8baeda2cad2e2c4028,32768,True,False,True,False
imo_1969_p2__validation-B__gpt-5.6-luna__seed0,18,3d973953037c4a31877cdf0bd701f159,32768,True,False,True,False
imo_1981_p6__validation-B__gpt-5.6-luna__seed0,1,39f12858c2cb49b1bed42fc8985b2ad6,32768,False,False,False,False
imo_1981_p6__validation-B__gpt-5.6-luna__seed0,2,bc0fc598b8d54196855bcff5573243f5,32768,False,False,False,False
imo_1981_p6__validation-B__gpt-5.6-luna__seed0,3,5463018d67bb47caa691fdc470d1b492,32768,False,False,True,False
imo_1981_p6__validation-B__gpt-5.6-luna__seed0,4,2ddcd00c71304274a14f8d89e3e2e5ab,32768,True,False,False,False
imo_1981_p6__validation-B__gpt-5.6-luna__seed0,5,aa8c5e35aa144e45b8227732a3bec206,32768,True,False,True,False
imo_1981_p6__validation-B__gpt-5.6-luna__seed0,6,15154992d8c04a52a0cc17479dbeb793,32768,True,False,True,False
imo_1981_p6__validation-B__gpt-5.6-luna__seed0,7,8b55b4d181e0470a985413ab4891a43f,32768,True,False,True,False
imo_1984_p6__validation-B__gpt-5.6-luna__seed0,1,7c3a5c0629d5406aada3e172106d2ac8,32768,False,False,False,False
imo_1984_p6__validation-B__gpt-5.6-luna__seed0,2,f309c5303f374095bcc845a754f5a0f3,32768,False,False,True,False
imo_1984_p6__validation-B__gpt-5.6-luna__seed0,3,9786a0e875e740b0a37b625325a733c7,32768,True,False,False,False
imo_1984_p6__validation-B__gpt-5.6-luna__seed0,4,5b138f12a54a4a43a4315a3f7d1dc52a,32768,True,False,False,False
imo_1984_p6__validation-B__gpt-5.6-luna__seed0,5,81f8845ff00344b4a5b443ec6ae30ed0,32768,True,False,True,False
imo_1984_p6__validation-B__gpt-5.6-luna__seed0,6,e375ccb927394da2a1bcbd9c91379c60,32768,True,False,True,False
imo_1984_p6__validation-B__gpt-5.6-luna__seed0,7,bfb576e098f94eabb8f665db4c1e73de,32768,True,False,False,False
imo_1984_p6__validation-B__gpt-5.6-luna__seed0,8,d1b0be4d37214c58a37353695d19b9a5,32768,True,False,False,False
imo_1984_p6__validation-B__gpt-5.6-luna__seed0,9,57da0723e8744eaabdbf557daee13db0,32768,True,False,True,False
imo_1984_p6__validation-B__gpt-5.6-luna__seed0,10,33ef6be79d4b47bfbada4fa6875bcd0a,32768,True,False,True,False
imo_1984_p6__validation-B__gpt-5.6-luna__seed0,11,e66174a918974c49a97a87c773d2014f,32768,True,False,False,False
imo_1984_p6__validation-B__gpt-5.6-luna__seed0,12,a1512f0e1ada489397e808ef45fc8166,32768,True,False,True,False
imo_1984_p6__validation-B__gpt-5.6-luna__seed0,13,73b4a7784eea492eb51e8e9cb3d491a7,32768,True,False,False,False
induction_prod1p1onk3le3m1onn__validation-B__gpt-5.6-luna__seed0,1,7ae57fbe5e2948d8a6b41e280f936f93,32768,False,False,False,False
induction_prod1p1onk3le3m1onn__validation-B__gpt-5.6-luna__seed0,2,4be6119e792f4a5fa83edfad79543eb2,32768,False,False,False,False
induction_prod1p1onk3le3m1onn__validation-B__gpt-5.6-luna__seed0,3,bd550ffb94384a81bedc372b9ccfcc4b,32768,False,False,True,False
induction_prod1p1onk3le3m1onn__validation-B__gpt-5.6-luna__seed0,4,ffb978154ac34871a23e1a6332659359,32768,True,False,True,False
induction_prod1p1onk3le3m1onn__validation-B__gpt-5.6-luna__seed0,5,482259c3841347e18c7e895b9da03018,32768,True,False,False,False
induction_prod1p1onk3le3m1onn__validation-B__gpt-5.6-luna__seed0,6,6ad4b1a71a4f420b862a5058cc174a7d,32768,True,False,False,False
induction_prod1p1onk3le3m1onn__validation-B__gpt-5.6-luna__seed0,7,e82490eddbb24267ada610fcae9047b0,32768,True,False,True,False
induction_prod1p1onk3le3m1onn__validation-B__gpt-5.6-luna__seed0,8,8b9d2a9fc8794e9baddbd36eb1dd8937,32768,True,False,True,False
induction_prod1p1onk3le3m1onn__validation-B__gpt-5.6-luna__seed0,9,eca8dd95edc0460aa2fead5cd911ad86,32768,True,False,False,False
induction_prod1p1onk3le3m1onn__validation-B__gpt-5.6-luna__seed0,10,bad41e3e4e5c404eacad9203cc041376,32768,True,False,True,False
induction_prod1p1onk3le3m1onn__validation-B__gpt-5.6-luna__seed0,11,33991c0c74874caebe0e5d60efcb2391,32768,True,False,True,False
induction_prod1p1onk3le3m1onn__validation-B__gpt-5.6-luna__seed0,12,a781ae7303d8486f902beb54ac712121,32768,True,False,True,False
induction_prod1p1onk3le3m1onn__validation-B__gpt-5.6-luna__seed0,13,95f80f9c1a2d448cb19311c77f8fdfab,32768,True,False,True,False
induction_prod1p1onk3le3m1onn__validation-B__gpt-5.6-luna__seed0,14,0f9c7073390241228a1a35256ac2a1b7,32768,True,False,True,False
induction_prod1p1onk3le3m1onn__validation-B__gpt-5.6-luna__seed0,15,edfa7978b0c34f66a8683d45e5be2a02,32768,True,False,True,False
induction_prod1p1onk3le3m1onn__validation-B__gpt-5.6-luna__seed0,16,59f54cd3dbdd48cab8aafc2caf579978,32768,True,False,True,False
induction_prod1p1onk3le3m1onn__validation-B__gpt-5.6-luna__seed0,17,5c36e02ca6624c94a2ad50df021b8b64,32768,True,False,False,False
induction_prod1p1onk3le3m1onn__validation-B__gpt-5.6-luna__seed0,18,fff1d0ff92d14f81b4ecebf42ff2d895,32768,True,False,False,False
induction_prod1p1onk3le3m1onn__validation-B__gpt-5.6-luna__seed0,19,04e458873d97427c90f7c333c22ba9f9,32768,True,False,True,False
induction_prod1p1onk3le3m1onn__validation-B__gpt-5.6-luna__seed0,20,f55edecfcce442d7b549fc73da30a2ac,32768,True,False,False,False
mathd_algebra_190__validation-B__gpt-5.6-luna__seed0,1,fe9059d923224242b20ae0a6e5ecbe00,32768,False,False,True,False
mathd_algebra_214__validation-B__gpt-5.6-luna__seed0,1,191c27d639304266a37792705d23eb76,32768,False,False,True,False
mathd_algebra_234__validation-B__gpt-5.6-luna__seed0,1,f25aeb0a3127456a91d8aa212dd119ef,32768,False,False,True,False
mathd_algebra_251__validation-B__gpt-5.6-luna__seed0,1,ad14765b18d94f90b365df4fd440dfed,32768,False,False,True,False
mathd_algebra_282__validation-B__gpt-5.6-luna__seed0,1,3f67a93c3f33421f9b6110239e543825,32768,False,False,False,False
mathd_algebra_282__validation-B__gpt-5.6-luna__seed0,2,ddac248c4ed143d594b9aab8502b96b5,32768,False,False,False,False
mathd_algebra_282__validation-B__gpt-5.6-luna__seed0,3,fd54f70169b7424991674625c49899d3,32768,False,False,False,False
mathd_algebra_282__validation-B__gpt-5.6-luna__seed0,4,df1b3ff7dec8421ca9e963f6e0804137,32768,False,False,False,False
mathd_algebra_282__validation-B__gpt-5.6-luna__seed0,5,89c6825e419840d88b804238c9b7fd10,32768,False,False,False,False
mathd_algebra_282__validation-B__gpt-5.6-luna__seed0,6,cabd6e4af6e243b485abe1a2b52ae2d6,32768,False,False,False,False
mathd_algebra_282__validation-B__gpt-5.6-luna__seed0,7,a2529c511cf8472b9c25cbb18fb020f9,32768,False,False,False,False
mathd_algebra_282__validation-B__gpt-5.6-luna__seed0,8,84dd1b3c4d514ae58536646e5f9dc6cc,32768,False,False,False,False
mathd_algebra_282__validation-B__gpt-5.6-luna__seed0,9,c8abd9ad993c45dbb3fea4e503498fe8,32768,False,False,False,False
mathd_algebra_282__validation-B__gpt-5.6-luna__seed0,10,2b4d31e68a5f4993ac94b3f834ca8911,32768,False,False,True,False
mathd_algebra_282__validation-B__gpt-5.6-luna__seed0,11,df0a8b8971b74394aa7ee7442d33d4f2,32768,True,False,False,False
mathd_algebra_282__validation-B__gpt-5.6-luna__seed0,12,366cfebc37e9439fb73aefb42502f468,32768,True,False,True,False
mathd_algebra_282__validation-B__gpt-5.6-luna__seed0,13,be3c4f4a82be4aa88e1fad17246bbde6,32768,True,False,False,False
mathd_algebra_282__validation-B__gpt-5.6-luna__seed0,14,7c1c227e7a854cf7ac0781377648151a,32768,True,False,False,False
mathd_algebra_282__validation-B__gpt-5.6-luna__seed0,15,9dd5ee590bbd4563b98cd4fb392b216c,32768,True,False,False,False
mathd_algebra_282__validation-B__gpt-5.6-luna__seed0,16,0a8b996ede72476fa6def435a3a9d02d,32768,True,False,False,False
mathd_algebra_282__validation-B__gpt-5.6-luna__seed0,17,e4bd4bfa98c44856ae4fbf492bb384cb,32768,True,False,False,False
mathd_algebra_282__validation-B__gpt-5.6-luna__seed0,18,95117152269e445d945b4d7295ad52d6,32768,True,False,False,False
mathd_algebra_282__validation-B__gpt-5.6-luna__seed0,19,47596ba6a5c945c39600da4a73cd93a6,32768,True,False,False,False
mathd_algebra_282__validation-B__gpt-5.6-luna__seed0,20,b4ddada1f49e4045838721511809e0a5,32768,True,False,False,False
mathd_algebra_282__validation-B__gpt-5.6-luna__seed0,21,29719cca9d7f43cdb715411b1dd2f5f4,32768,True,False,False,False
mathd_algebra_282__validation-B__gpt-5.6-luna__seed0,22,de9470ea54314fb5bb17d7cd42dc6ecf,32768,True,False,False,False
mathd_algebra_282__validation-B__gpt-5.6-luna__seed0,23,d261bd565d9c442199a494a9ab4fe942,32768,True,False,False,False
mathd_algebra_282__validation-B__gpt-5.6-luna__seed0,24,b6ce44f40340422eb3590bfc6cf32565,32768,True,False,False,False
mathd_algebra_282__validation-B__gpt-5.6-luna__seed0,25,39c58c425b9c40f5ba6184f382d12ebb,32768,True,False,False,False
mathd_algebra_282__validation-B__gpt-5.6-luna__seed0,26,32720d4c9941412a92e1169149a14619,32768,True,False,False,False
mathd_algebra_282__validation-B__gpt-5.6-luna__seed0,27,68dc663b16ff42c0b284419b17c56657,32768,True,False,False,False
mathd_algebra_282__validation-B__gpt-5.6-luna__seed0,28,6089097f94154796b35a95d5d78afb2f,32768,True,False,False,False
mathd_algebra_282__validation-B__gpt-5.6-luna__seed0,29,1fe30d8d3b4a46b3afa19f49e681505f,32768,True,False,False,False
mathd_algebra_282__validation-B__gpt-5.6-luna__seed0,30,0d75e675099e44959e59790ec717abed,32768,True,False,False,False
mathd_algebra_282__validation-B__gpt-5.6-luna__seed0,31,242058ac88c44102b13f0ab272822a36,32768,True,False,False,False
mathd_algebra_282__validation-B__gpt-5.6-luna__seed0,32,1e726149c2904b5d813dbc4af451fd03,32768,True,False,False,False
mathd_algebra_282__validation-B__gpt-5.6-luna__seed0,33,e33273195a2246adae32478dbd350261,32768,True,False,False,False
mathd_algebra_282__validation-B__gpt-5.6-luna__seed0,34,023e66a72ace4a2885e700b9a07eae5f,32768,True,False,False,False
mathd_algebra_282__validation-B__gpt-5.6-luna__seed0,35,32e7a5f406df42f88216979d9c8698e4,32768,True,False,False,False
mathd_algebra_282__validation-B__gpt-5.6-luna__seed0,36,0df99aafb3b84eb6980aa1d03688d82b,32768,True,False,False,False
mathd_algebra_282__validation-B__gpt-5.6-luna__seed0,37,d25ceec751b34e32b8906509fb78cf2c,32768,True,False,False,False
mathd_algebra_327__validation-B__gpt-5.6-luna__seed0,1,f7b15761958748c4bcd99ed2810e551b,32768,False,False,False,False
mathd_algebra_327__validation-B__gpt-5.6-luna__seed0,2,db2fcaa178af4a3a91898571484558fd,32768,False,False,False,False
mathd_algebra_327__validation-B__gpt-5.6-luna__seed0,3,6df7bef9d2ab4a4696f2009b69059f4d,32768,False,False,True,False
mathd_algebra_393__validation-B__gpt-5.6-luna__seed0,1,306a2fa0a6834bd1a377d003f3c1eb32,32768,False,False,True,False
mathd_algebra_393__validation-B__gpt-5.6-luna__seed0,2,c4a936baee954ad89cf3c6ac4209109e,32768,True,False,True,False
mathd_algebra_393__validation-B__gpt-5.6-luna__seed0,3,c6d3fa905baa43e392f9efbe323f4349,32768,True,False,True,False
mathd_algebra_393__validation-B__gpt-5.6-luna__seed0,4,463e572ca1014de697fb378501eb19f3,32768,True,False,True,False
mathd_algebra_393__validation-B__gpt-5.6-luna__seed0,5,b43752073e344e708fbe8b378ddac656,32768,True,False,False,False
mathd_algebra_393__validation-B__gpt-5.6-luna__seed0,6,65b004a21c83447ab1a4abcebc518565,32768,True,False,True,False
mathd_algebra_393__validation-B__gpt-5.6-luna__seed0,7,a671fd292e87400ea5fd583524ffa5db,32768,True,False,False,False
mathd_algebra_393__validation-B__gpt-5.6-luna__seed0,8,f9899ace049b402cbc9f500cc7f6a4b7,32768,True,False,False,False
mathd_algebra_393__validation-B__gpt-5.6-luna__seed0,9,a1e364143e654ff5bcbf7ed3e56a5cee,32768,True,False,True,False
mathd_algebra_393__validation-B__gpt-5.6-luna__seed0,10,dbc0ad17aae74d8e98296a2d21284131,32768,True,False,True,False
mathd_algebra_393__validation-B__gpt-5.6-luna__seed0,11,621fe6765bd54a2f82148ec4f306f3ce,32768,True,False,True,False
mathd_algebra_393__validation-B__gpt-5.6-luna__seed0,12,4cf22d10735148a591f9d5c9f7bcc096,32768,True,False,True,False
mathd_algebra_393__validation-B__gpt-5.6-luna__seed0,13,993ce681c8f6449c8a5cc18bb899d585,32768,True,False,True,False
mathd_algebra_393__validation-B__gpt-5.6-luna__seed0,14,4c39f761a2ec43a8987c944a8785515f,32768,True,False,False,False
mathd_algebra_393__validation-B__gpt-5.6-luna__seed0,15,8f9c0ed07b824d76b8b99e5bc484d36b,32768,True,False,False,False
mathd_algebra_393__validation-B__gpt-5.6-luna__seed0,16,1a1d2063d7bc4217acf13034f3cede2e,32768,True,False,False,False
mathd_algebra_393__validation-B__gpt-5.6-luna__seed0,17,05a42eeb8b99437e8be56bb5fd67c714,32768,True,False,True,False
mathd_algebra_421__validation-B__gpt-5.6-luna__seed0,1,17de50f2e6eb4dadbe9e0b4b496caa17,32768,False,False,True,False
mathd_algebra_421__validation-B__gpt-5.6-luna__seed0,2,0f2a8a122eec4cfc8861194a75c2828b,32768,True,False,False,False
mathd_algebra_421__validation-B__gpt-5.6-luna__seed0,3,ceabd7c88a954d61bd11d5016ed08fda,32768,True,False,True,False
mathd_algebra_433__validation-B__gpt-5.6-luna__seed0,1,b916b4ca45f0444399b099546a13a15b,32768,False,False,True,False
mathd_algebra_433__validation-B__gpt-5.6-luna__seed0,2,95541317e2bc4f72a39b916b52c919f4,32768,True,False,False,False
mathd_algebra_433__validation-B__gpt-5.6-luna__seed0,3,8e6beb2fcc34404591e92ff8d2710ece,32768,True,False,False,False
mathd_algebra_433__validation-B__gpt-5.6-luna__seed0,4,7b8ed951f83643f4a153fcfeea50cd5b,32768,True,False,True,False
mathd_numbertheory_284__validation-B__gpt-5.6-luna__seed0,1,c4e4d34894d04b8389f227223051b671,32768,False,False,True,False
mathd_numbertheory_303__validation-B__gpt-5.6-luna__seed0,1,422e81469acb4463990676b12b0a6af5,32768,False,False,False,False
mathd_numbertheory_303__validation-B__gpt-5.6-luna__seed0,2,4803ca16133f4231b5f23eaaced645d1,32768,False,False,False,False
mathd_numbertheory_303__validation-B__gpt-5.6-luna__seed0,3,d03317f6c07b4758b8f89d0b3c3c0ef4,32768,False,False,False,False
mathd_numbertheory_303__validation-B__gpt-5.6-luna__seed0,4,92906ed25a7641b8841800ba015c486b,32768,False,False,False,False
mathd_numbertheory_303__validation-B__gpt-5.6-luna__seed0,5,eb4e0ebd725c41eba35c89d7f420e7d6,32768,False,False,False,False
mathd_numbertheory_303__validation-B__gpt-5.6-luna__seed0,6,1af26150db744e8bb0d5e68a9b787e7c,32768,False,False,False,False
mathd_numbertheory_303__validation-B__gpt-5.6-luna__seed0,7,847273a524d24fb7b1b2b8c123be27c4,32768,False,False,False,False
mathd_numbertheory_303__validation-B__gpt-5.6-luna__seed0,8,5abd318449c5418fbf12227c20324d4f,32768,False,False,False,False
mathd_numbertheory_303__validation-B__gpt-5.6-luna__seed0,9,68c61e3a6bf54ed28179c18cc13d6994,32768,False,False,False,False
mathd_numbertheory_303__validation-B__gpt-5.6-luna__seed0,10,4ed45453f514418a9716e8b3daf0f125,32768,False,False,False,False
mathd_numbertheory_303__validation-B__gpt-5.6-luna__seed0,11,cf5c653c7b7a46a6817f5770de4f2820,32768,False,False,False,False
mathd_numbertheory_303__validation-B__gpt-5.6-luna__seed0,12,9bc9f9891c054f54bbb55d41dd315867,32768,False,False,True,False
mathd_numbertheory_303__validation-B__gpt-5.6-luna__seed0,13,d06b4f6688624997abe1fd056a0135d6,32768,True,False,False,False
mathd_numbertheory_303__validation-B__gpt-5.6-luna__seed0,14,e5160b20e5c44248adfbe4175299a567,32768,True,False,True,False
mathd_numbertheory_303__validation-B__gpt-5.6-luna__seed0,15,2848dd85cbce48839c60bb940a7a83b2,32768,True,False,True,False
mathd_numbertheory_303__validation-B__gpt-5.6-luna__seed0,16,3247c124381a4c458aaa250c3537d34b,32768,True,False,True,False
mathd_numbertheory_303__validation-B__gpt-5.6-luna__seed0,17,fa2a1abbe76e40768deea3648ec2d608,32768,True,False,False,False
mathd_numbertheory_303__validation-B__gpt-5.6-luna__seed0,18,4a854655a5784caa98da9d9708f18fc7,32768,True,False,False,False
mathd_numbertheory_303__validation-B__gpt-5.6-luna__seed0,19,6a62ec7669c0478a99a0985655108489,32768,True,False,True,False
mathd_numbertheory_303__validation-B__gpt-5.6-luna__seed0,20,804070d9d55e4e64b3d72d71d4f08477,32768,True,False,True,False
mathd_numbertheory_303__validation-B__gpt-5.6-luna__seed0,21,fb79698a7e0446ab9c8b1868cda17e4d,32768,True,False,False,False
mathd_numbertheory_303__validation-B__gpt-5.6-luna__seed0,22,c8b94ad82cc64e9d906fc422f3aca894,32768,True,False,False,False
mathd_numbertheory_303__validation-B__gpt-5.6-luna__seed0,23,2c805c01309944849b892c197e2f0c09,32768,True,False,True,False
mathd_numbertheory_303__validation-B__gpt-5.6-luna__seed0,24,e69b1a1f6ebe41b6824f8e383c9c91a6,32768,True,False,False,False
mathd_numbertheory_303__validation-B__gpt-5.6-luna__seed0,25,d21f32b183f64305ae753603135f921b,32768,True,False,False,False
mathd_numbertheory_303__validation-B__gpt-5.6-luna__seed0,26,cf2472d7563b421d9557cb5af96c03bf,32768,True,False,False,False
mathd_numbertheory_303__validation-B__gpt-5.6-luna__seed0,27,db22c43e6da94c759d99c7170a4faad5,32768,True,False,True,False
mathd_numbertheory_303__validation-B__gpt-5.6-luna__seed0,28,5e1b8df9e6a74c118e001fa41cb3c4c3,32768,True,False,True,False
mathd_numbertheory_303__validation-B__gpt-5.6-luna__seed0,29,c4bb7825fda9401dad83d5adfb3c50c0,32768,True,False,True,False
mathd_numbertheory_33__validation-B__gpt-5.6-luna__seed0,1,61c144af48064562b4aa781f2d4abca7,32768,False,False,False,False
mathd_numbertheory_33__validation-B__gpt-5.6-luna__seed0,2,9b787e111ae24e45bdc3ba00e6772662,32768,False,False,True,False
mathd_numbertheory_37__validation-B__gpt-5.6-luna__seed0,1,9f0c242d6e934679a5ff10d5d47c2c0a,32768,False,False,False,False
mathd_numbertheory_37__validation-B__gpt-5.6-luna__seed0,2,b194fae5a951446a9ec8b58e104f5820,32768,False,False,True,False
mathd_numbertheory_37__validation-B__gpt-5.6-luna__seed0,3,5fe7557b6a8644aca50613646ede5bde,32768,True,False,True,False
mathd_numbertheory_37__validation-B__gpt-5.6-luna__seed0,4,81c7007fc6a74a7a9549829fd9d63541,32768,True,False,False,False
mathd_numbertheory_37__validation-B__gpt-5.6-luna__seed0,5,c825f496e5ec45fb86b937215d571ba4,32768,True,False,True,False
mathd_numbertheory_37__validation-B__gpt-5.6-luna__seed0,6,125d79f44c09412ba3e13e69e63595dc,32768,True,False,True,False
mathd_numbertheory_37__validation-B__gpt-5.6-luna__seed0,7,1152d9bcd1b1479893ddecf8ca42a6a6,32768,True,False,True,False
mathd_numbertheory_37__validation-B__gpt-5.6-luna__seed0,8,16534ef2cc384bd886e65ad0d20b673c,32768,True,False,True,False
mathd_numbertheory_37__validation-B__gpt-5.6-luna__seed0,9,df8502225535470e84811f2aab4253ec,32768,True,False,False,False
mathd_numbertheory_37__validation-B__gpt-5.6-luna__seed0,10,64d0d4431077463898c2904361be7347,32768,True,False,False,False
mathd_numbertheory_37__validation-B__gpt-5.6-luna__seed0,11,19d9567ab42047a38e77ec2445b8bac3,32768,True,False,False,False
mathd_numbertheory_37__validation-B__gpt-5.6-luna__seed0,12,17296ffdea1a4a9b9b6a4a6ec0392b53,32768,True,False,True,False
mathd_numbertheory_37__validation-B__gpt-5.6-luna__seed0,13,b22cf26bdece4f0ca0fe0b33e99c475b,32768,True,False,False,False
mathd_numbertheory_37__validation-B__gpt-5.6-luna__seed0,14,076568fa1b0b4d3b81caaffff5470369,32768,True,False,True,False
mathd_numbertheory_37__validation-B__gpt-5.6-luna__seed0,15,8792cf8a45bf4946812cfdb072a0cd6f,32768,True,False,True,False
mathd_numbertheory_37__validation-B__gpt-5.6-luna__seed0,16,4968b09522f9458ca0e494c3385c5b77,32768,True,False,True,False
mathd_numbertheory_37__validation-B__gpt-5.6-luna__seed0,17,a031d8f71ebd419e89a6dd04a927ad17,32768,True,False,True,False
mathd_numbertheory_37__validation-B__gpt-5.6-luna__seed0,18,f55f46390dd24b06a10764ebc475c1da,32768,True,False,False,False
mathd_numbertheory_37__validation-B__gpt-5.6-luna__seed0,19,08c971bb21d84a54b73fe1bb2467ba33,32768,True,False,True,False
mathd_numbertheory_37__validation-B__gpt-5.6-luna__seed0,20,e8ea42ce4583430e8c8784d3760d069f,32768,True,False,False,False
mathd_numbertheory_37__validation-B__gpt-5.6-luna__seed0,21,b9f993b6def34bfca9d4d4a1d50e5142,32768,True,False,True,False
mathd_numbertheory_37__validation-B__gpt-5.6-luna__seed0,22,f04f375996c6421e97b79068749462db,32768,True,False,True,False
mathd_numbertheory_37__validation-B__gpt-5.6-luna__seed0,23,245d9c04f828438ca60f55178aa35ae5,32768,True,False,False,False
mathd_numbertheory_37__validation-B__gpt-5.6-luna__seed0,24,3b6c206870b043a1be38f17f0f015352,32768,True,False,True,False
mathd_numbertheory_37__validation-B__gpt-5.6-luna__seed0,25,2605441d292a423fb6bd9db083d13fab,32768,True,False,False,False
mathd_numbertheory_405__validation-B__gpt-5.6-luna__seed0,1,5e086519796d455b861acc2a66c0d32d,32768,False,False,False,False
mathd_numbertheory_405__validation-B__gpt-5.6-luna__seed0,2,2ae2554b40df4b96986a39fe5259a9e9,32768,False,False,False,False
mathd_numbertheory_405__validation-B__gpt-5.6-luna__seed0,3,f32629ed39a0467996a59a2de1b4640a,32768,False,False,False,False
mathd_numbertheory_405__validation-B__gpt-5.6-luna__seed0,4,54e1e37f8f5f4a78b2d15c746aa1cfac,32768,False,False,True,False
mathd_numbertheory_405__validation-B__gpt-5.6-luna__seed0,5,52da6606cd5e42ef94f56bfbb2d6d2f6,32768,True,False,True,False
mathd_numbertheory_405__validation-B__gpt-5.6-luna__seed0,6,3daaf7104e0e45779be5b39a78018f95,32768,True,False,True,False
mathd_numbertheory_405__validation-B__gpt-5.6-luna__seed0,7,f4bc6d2c41fa49768ed53000dfeeee2b,32768,True,False,True,False
mathd_numbertheory_405__validation-B__gpt-5.6-luna__seed0,8,30c258ac72ef431da8b0e50354c741e7,32768,True,False,False,False
mathd_numbertheory_405__validation-B__gpt-5.6-luna__seed0,9,bc65df672fe54b08b837e043c8f3692b,32768,True,False,True,False
mathd_numbertheory_405__validation-B__gpt-5.6-luna__seed0,10,171005221bf2426c9095bfeb0a5e5687,32768,True,False,True,False
mathd_numbertheory_405__validation-B__gpt-5.6-luna__seed0,11,e8c5a3dce7ad4b3f9da537638c5cbcea,32768,True,False,True,False
mathd_numbertheory_405__validation-B__gpt-5.6-luna__seed0,12,1f5e905aef134b13ab31adbaacfdefb5,32768,True,False,True,False
mathd_numbertheory_405__validation-B__gpt-5.6-luna__seed0,13,b25c082a75b84286abe4c434c65bf2c9,32768,True,False,True,False
mathd_numbertheory_405__validation-B__gpt-5.6-luna__seed0,14,a857e80ccfe44538ac82ea6a7255029a,32768,True,False,True,False
mathd_numbertheory_405__validation-B__gpt-5.6-luna__seed0,15,5ec71c7bb6ee412889c3df606443fb87,32768,True,False,False,False
mathd_numbertheory_405__validation-B__gpt-5.6-luna__seed0,16,a18eaeeec0e34512aaf3284c70c691e6,32768,True,False,True,False
mathd_numbertheory_43__validation-B__gpt-5.6-luna__seed0,1,f47a79e7e7a44b48bd7258beaaacf3e5,32768,False,False,False,False
mathd_numbertheory_43__validation-B__gpt-5.6-luna__seed0,2,0e12a9d7592a45ec92a2ba6731c55a1e,32768,False,False,False,False
mathd_numbertheory_43__validation-B__gpt-5.6-luna__seed0,3,a2bf5b7785e84a7a80e36327291b11a1,32768,False,False,False,False
mathd_numbertheory_43__validation-B__gpt-5.6-luna__seed0,4,dfa5db250a79470380175fa5548c1378,32768,False,False,True,False
mathd_numbertheory_43__validation-B__gpt-5.6-luna__seed0,5,1141a8c609c5460d8c2f5c3b4ab72ab1,32768,True,False,True,False
mathd_numbertheory_43__validation-B__gpt-5.6-luna__seed0,6,393ef4dc97b8425d8c970c42b2f3ed52,32768,True,False,False,False
mathd_numbertheory_43__validation-B__gpt-5.6-luna__seed0,7,3164eb0c7c4e40919aa44c4962a928a7,32768,True,False,False,False
mathd_numbertheory_43__validation-B__gpt-5.6-luna__seed0,8,d3a17bc38f1a4d728522f5d2d6d3fdc4,32768,True,False,False,False
mathd_numbertheory_43__validation-B__gpt-5.6-luna__seed0,9,7adda0925d5c43d184372d280e452e6d,32768,True,False,False,False
mathd_numbertheory_43__validation-B__gpt-5.6-luna__seed0,10,694ce58cb23949fb8b0654adff4de2af,32768,True,False,False,False
mathd_numbertheory_43__validation-B__gpt-5.6-luna__seed0,11,ff179848f9ab427aa410ca291a0c8b8d,32768,True,False,False,False
mathd_numbertheory_43__validation-B__gpt-5.6-luna__seed0,12,5f245d0b27a2484f84cef027d295a6f6,32768,True,False,False,False
mathd_numbertheory_43__validation-B__gpt-5.6-luna__seed0,13,8ac15bfc47fd4745af19283e99b56222,32768,True,False,False,False
mathd_numbertheory_43__validation-B__gpt-5.6-luna__seed0,14,9d60eeb9ab974ea2b82dd567d7385cc2,32768,True,False,True,False
mathd_numbertheory_43__validation-B__gpt-5.6-luna__seed0,15,3bae54cbfafe4d249aa123faeb351eaf,32768,True,False,False,False
mathd_numbertheory_43__validation-B__gpt-5.6-luna__seed0,16,c02ff1cc04ae40ac9c14a3aa6891b3b4,32768,True,False,False,False
mathd_numbertheory_43__validation-B__gpt-5.6-luna__seed0,17,8b3b60d5aed64124886982c422905f69,32768,True,False,False,False
mathd_numbertheory_43__validation-B__gpt-5.6-luna__seed0,18,f39e0dfac8c14390bfc1b95312933369,32768,True,False,False,False
mathd_numbertheory_43__validation-B__gpt-5.6-luna__seed0,19,110f4d1d26134511875d4c27c8df35cd,32768,True,False,False,False
mathd_numbertheory_43__validation-B__gpt-5.6-luna__seed0,20,16dbbf74933240d7b592d9a9fc177f78,32768,True,False,True,False
mathd_numbertheory_43__validation-B__gpt-5.6-luna__seed0,21,c59295f14d9643be827d1a9a3133183e,32768,True,False,False,False
mathd_numbertheory_43__validation-B__gpt-5.6-luna__seed0,22,da25be67711449c582f458a6d986e83c,32768,True,False,True,False
mathd_numbertheory_43__validation-B__gpt-5.6-luna__seed0,23,af9238094450476eb673919f8ea8d269,32768,True,False,True,False
mathd_numbertheory_43__validation-B__gpt-5.6-luna__seed0,24,b8ab7cb94f564ac9bebad890969eb692,32768,True,False,True,False
mathd_numbertheory_43__validation-B__gpt-5.6-luna__seed0,25,ebb03bcac14a4bee9043e4839c76e303,32768,True,False,True,False
mathd_numbertheory_43__validation-B__gpt-5.6-luna__seed0,26,2df3b6bf87f247e99bb72f81011b6678,32768,True,False,False,False
mathd_numbertheory_43__validation-B__gpt-5.6-luna__seed0,27,eedb68f5a04f4fac81677c479619ccc0,32768,True,False,True,False
mathd_numbertheory_43__validation-B__gpt-5.6-luna__seed0,28,6ab4954a04f04ea2b482a6bdfe908f25,32768,True,False,True,False
mathd_numbertheory_43__validation-B__gpt-5.6-luna__seed0,29,ef744776cfe2439f993ff0a8ade3d303,32768,True,False,True,False
mathd_numbertheory_43__validation-B__gpt-5.6-luna__seed0,30,140cd87c4bd545be968b956d7d8aaf7e,32768,True,False,False,False
mathd_numbertheory_43__validation-B__gpt-5.6-luna__seed0,31,264527a68e394594be047316fcf5a67f,32768,True,False,True,False
mathd_numbertheory_43__validation-B__gpt-5.6-luna__seed0,32,33603513ece74ed0853e5e610931928d,32768,True,False,True,False
mathd_numbertheory_43__validation-B__gpt-5.6-luna__seed0,33,f41ff8ca9be84803beb883d4a97bc597,32768,True,False,True,False
mathd_numbertheory_43__validation-B__gpt-5.6-luna__seed0,34,b652b76e0af34b399bcb7ed473202bbd,32768,True,False,False,False
mathd_numbertheory_461__validation-B__gpt-5.6-luna__seed0,1,76dccde4627a4b5086e0a9616db26285,32768,False,False,True,False
mathd_numbertheory_530__validation-B__gpt-5.6-luna__seed0,1,f423914a4e164f6d96dc391af1b2531a,32768,False,False,False,False
mathd_numbertheory_530__validation-B__gpt-5.6-luna__seed0,2,e8be3a6e0b7e4167ad0744db400143af,32768,False,False,False,False
mathd_numbertheory_530__validation-B__gpt-5.6-luna__seed0,3,e0b6abcc3c3b47a8b9c732907e4c0169,32768,False,False,False,False
mathd_numbertheory_530__validation-B__gpt-5.6-luna__seed0,4,481049d182244e5dabff9c4d33cfac4e,32768,False,False,False,False
mathd_numbertheory_530__validation-B__gpt-5.6-luna__seed0,5,ff254321fc90448c8ece1c0fa46feba0,32768,False,False,False,False
mathd_numbertheory_530__validation-B__gpt-5.6-luna__seed0,6,f2dc329c811645c8a4b6a8ba44fe15e2,32768,False,False,False,False
mathd_numbertheory_530__validation-B__gpt-5.6-luna__seed0,7,8e7863f4253145b49b14aad5089c91d0,32768,False,False,False,False
mathd_numbertheory_530__validation-B__gpt-5.6-luna__seed0,8,6eae567be8444011a8fed69d5d6fccdc,32768,False,False,False,False
mathd_numbertheory_530__validation-B__gpt-5.6-luna__seed0,9,e9fb2976ec66468c853c512f2274d04f,32768,False,False,False,False
mathd_numbertheory_530__validation-B__gpt-5.6-luna__seed0,10,1f4c5263701d4730b9e5bc8cc90f60b7,32768,False,False,False,False
mathd_numbertheory_530__validation-B__gpt-5.6-luna__seed0,11,402fca4dbf814a53b084de65801a054a,32768,False,False,False,False
mathd_numbertheory_530__validation-B__gpt-5.6-luna__seed0,12,51adef9c49ba4ceabdf8df68a50fb46f,32768,False,False,False,False
mathd_numbertheory_530__validation-B__gpt-5.6-luna__seed0,13,24d68b34c84b455e9fc32b737c32999b,32768,False,False,False,False
mathd_numbertheory_530__validation-B__gpt-5.6-luna__seed0,14,a31a7f5edf574db28a63b4e157ed066b,32768,False,False,True,False
mathd_numbertheory_530__validation-B__gpt-5.6-luna__seed0,15,148e6c2f97254145808fd3e536f8043b,32768,True,False,True,False
mathd_numbertheory_530__validation-B__gpt-5.6-luna__seed0,16,d6e64cd8fec14f71a73512601856c41f,32768,True,False,True,False
mathd_numbertheory_530__validation-B__gpt-5.6-luna__seed0,17,041ba1cb7d3041c2817243b3817df084,32768,True,False,False,False
mathd_numbertheory_530__validation-B__gpt-5.6-luna__seed0,18,525af87e531e4bb68afcb0f25541eee3,32768,True,False,False,False
mathd_numbertheory_530__validation-B__gpt-5.6-luna__seed0,19,a7deed2bef2a49e29324f1ea50662ddf,32768,True,False,True,False
mathd_numbertheory_530__validation-B__gpt-5.6-luna__seed0,20,28badcf572f64871ab3aaa2efa543d6b,32768,True,False,False,False
mathd_numbertheory_530__validation-B__gpt-5.6-luna__seed0,21,3e9d490467f440349021029bc4bd3772,32768,True,False,False,False
mathd_numbertheory_530__validation-B__gpt-5.6-luna__seed0,22,2ebe689dca2d442f873bcc15d8b4dd42,32768,True,False,False,False
mathd_numbertheory_530__validation-B__gpt-5.6-luna__seed0,23,63bf20b252e94cf187af4738560d2118,32768,True,False,True,False
mathd_numbertheory_530__validation-B__gpt-5.6-luna__seed0,24,0d7ce7af27f248689811e606a4e73b4c,32768,True,False,False,False
mathd_numbertheory_530__validation-B__gpt-5.6-luna__seed0,25,1858db54e1f04e3694284db847571f9d,32768,True,False,False,False
mathd_numbertheory_530__validation-B__gpt-5.6-luna__seed0,26,a070a06f91344d9583f0f0f4b58e10c4,32768,True,False,True,False
mathd_numbertheory_530__validation-B__gpt-5.6-luna__seed0,27,4610aa50fea1431d89bf3b8824e0fa9b,32768,True,False,True,False
mathd_numbertheory_530__validation-B__gpt-5.6-luna__seed0,28,5432bf612da544d9b113ea894d45a937,32768,True,False,True,False
mathd_numbertheory_530__validation-B__gpt-5.6-luna__seed0,29,0807f0ad8ee94439b0e100eb1e01946e,32768,True,False,False,False
mathd_numbertheory_64__validation-B__gpt-5.6-luna__seed0,1,3ba11fde04b34dc5a8acd72ed07cf91b,32768,False,False,False,False
mathd_numbertheory_64__validation-B__gpt-5.6-luna__seed0,2,a525fc5d7ae14ef28a790d47f229b512,32768,False,False,False,False
mathd_numbertheory_64__validation-B__gpt-5.6-luna__seed0,3,310e87ec2d0841598335dfb19625a5d0,32768,False,False,True,False
mathd_numbertheory_64__validation-B__gpt-5.6-luna__seed0,4,8550ae31ca96451ca77d0db8cb0a17ab,32768,True,False,True,False
mathd_numbertheory_64__validation-B__gpt-5.6-luna__seed0,5,b040227b00b14b1c807c2311c20ae79f,32768,True,False,False,False
mathd_numbertheory_64__validation-B__gpt-5.6-luna__seed0,6,bd0d9e59a7894c8ebdcb60111a8ea678,32768,True,False,False,False
mathd_numbertheory_64__validation-B__gpt-5.6-luna__seed0,7,49bb735ece374933b6bfb1750785c8cb,32768,True,False,True,False
mathd_numbertheory_64__validation-B__gpt-5.6-luna__seed0,8,bcb8c13e05314609ac1f481620e3278c,32768,True,False,False,False
mathd_numbertheory_64__validation-B__gpt-5.6-luna__seed0,9,8964f0e8dae9431aa624fd1f0df0f807,32768,True,False,False,False
mathd_numbertheory_64__validation-B__gpt-5.6-luna__seed0,10,effbe513ff4e4c71ae940c4e705cdaaa,32768,True,False,False,False
mathd_numbertheory_64__validation-B__gpt-5.6-luna__seed0,11,cf50980d071e4c7880aca34cc705f1b4,32768,True,False,False,False
mathd_numbertheory_64__validation-B__gpt-5.6-luna__seed0,12,5653d9b334b049028baa0ee7ddfec7bb,32768,True,False,False,False
mathd_numbertheory_64__validation-B__gpt-5.6-luna__seed0,13,c099ca92c12e447d89738e2face12787,32768,True,False,False,False
mathd_numbertheory_64__validation-B__gpt-5.6-luna__seed0,14,338450d4c08a43eb9dc12a16bd2bbe37,32768,True,False,False,False
mathd_numbertheory_64__validation-B__gpt-5.6-luna__seed0,15,9e0237d743764b4c856ff1caee3f5688,32768,True,False,True,False
mathd_numbertheory_64__validation-B__gpt-5.6-luna__seed0,16,668cc948f3ec4384ab8cb8cf4aa08883,32768,True,False,True,False
mathd_numbertheory_64__validation-B__gpt-5.6-luna__seed0,17,5e9fffc3af1340bba720007201506a1a,32768,True,False,False,False
mathd_numbertheory_64__validation-B__gpt-5.6-luna__seed0,18,d39cb0203cd84591a54c9c663a71b3d4,32768,True,False,False,False
mathd_numbertheory_64__validation-B__gpt-5.6-luna__seed0,19,9f6474ed2c9f444f9f817d326976f10e,32768,True,False,True,False
mathd_numbertheory_64__validation-B__gpt-5.6-luna__seed0,20,7527af2fb5e6413e94239b8fbb6e1b19,32768,True,False,True,False
mathd_numbertheory_64__validation-B__gpt-5.6-luna__seed0,21,4928afcbf377456cbcd9b9a138380b99,32768,True,False,False,False
mathd_numbertheory_64__validation-B__gpt-5.6-luna__seed0,22,14130a9f067449f08e36554d5407ff6e,32768,True,False,True,False
mathd_numbertheory_64__validation-B__gpt-5.6-luna__seed0,23,d48f5abeb19943cdac5e98111d78a5f8,32768,True,False,True,False
