label,theorem,seed,cell,path,solved,failed,requests,hashes,legacy,corrected,input,cached,written,output,no_cache_fixed_trace,write_premium
none_32768,mathd_algebra_282,0,none_32768__mathd_algebra_282__seed0,experiments/output/ace_x3_reproduction_20260918/configs/none_32768__mathd_algebra_282__seed0,False,False,36,"{'cache.yaml': 'cc0e29b91dc800c2769befd9876f4941aeca1d1a108e6ca98b95214c532bef48', 'result.yaml': 'a8303fa04cefc918a0ee514254d2f3608d6670f6081dcf1cc9a65b0c6fc363cf'}",0.03189814,0.03457834,654599,600887,53604,7615,0.14005779999999998,0.0026801999999999998
x3_32768,mathd_algebra_282,0,x3_32768__mathd_algebra_282__seed0,experiments/output/ace_x3_reproduction_20260918/configs/x3_32768__mathd_algebra_282__seed0,False,False,27,"{'cache.yaml': 'b30e8c1db306300aab489892d901ac899ed0fa35f06368684e2633c0b4115b31', 'result.yaml': '2107506857d90bde4918a2b95c305f8cc0f62b7925e84ff9fdf0c8a9b6dba06a'}",0.02906828,0.03135978,665035,619124,45830,6253,0.14051059999999999,0.0022914999999999997
none_8192,mathd_algebra_282,0,none_8192__mathd_algebra_282__seed0,experiments/output/ace_x3_reproduction_20260918/configs/none_8192__mathd_algebra_282__seed0,False,False,58,"{'cache.yaml': '2b92e8c8eec67ee2eaa1dd69fd99e6a012ea49d0e1bbe0de314d22d78af3b9f9', 'result.yaml': '9884fbbeab61aa60ab16b850d28f507ebe5e7c44e550b7a1c9c26c2e4c900c16'}",0.04503652,0.04745407,1362281,1313756,48351,7547,0.2815126,0.00241755
x3_8192,mathd_algebra_282,0,x3_8192__mathd_algebra_282__seed0,experiments/output/ace_x3_reproduction_20260918/configs/x3_8192__mathd_algebra_282__seed0,False,False,62,"{'cache.yaml': '3bb7cdaf28643d9d2bbee4b6e27ed8eaf3592c8eef1bb4ab364164f61dba78d1', 'result.yaml': 'be4b18d2e7cb7655d46418a98c88aaa176b67f1f8e35204cacc501ee85c6a35f'}",0.04363028,0.04574298,1356334,1313894,42254,7387,0.28013119999999997,0.0021127
x3_32768,mathd_numbertheory_33,0,x3_32768__mathd_numbertheory_33__seed0,experiments/output/ace_x3_reproduction_20260918/configs/x3_32768__mathd_numbertheory_33__seed0,True,False,2,"{'cache.yaml': '4538f365fa128f3de6e6d44ec7921451245b74af3e18b7eb10ad2b9ec51963b7', 'result.yaml': '1792736309c7d50669f2bcc2eafcf680f7864e88fc6525b1c2ce47a5fedd9fc8'}",0.00076818,0.0008377300000000001,12096,10699,1391,229,0.002694,6.955e-05
none_8192,mathd_numbertheory_33,0,none_8192__mathd_numbertheory_33__seed0,experiments/output/ace_x3_reproduction_20260918/configs/none_8192__mathd_numbertheory_33__seed0,True,False,9,"{'cache.yaml': '99a7c397fc8c4f4f67be16e991e0d708c995f7ecdf5cd363c04c365abb4b4526', 'result.yaml': '46df8f800a213d403f5c3f417c0d3e278d02d49e8a8bf6ae071b4581b933c465'}",0.0043170199999999995,0.004770819999999999,53464,44361,9076,1341,0.012301999999999999,0.00045379999999999997
x3_8192,mathd_numbertheory_33,0,x3_8192__mathd_numbertheory_33__seed0,experiments/output/ace_x3_reproduction_20260918/configs/x3_8192__mathd_numbertheory_33__seed0,True,False,2,"{'cache.yaml': '8af1c1ccd2b551c9e7b245adffd593a980cea8bb576744bf29d42f68fa42f230', 'result.yaml': 'c11a5d0b1aa0da6498ac0b8a2ad0621730627247b38968ce7d92cec84d9647b4'}",0.00108768,0.00111163,12339,11854,479,628,0.0032214,2.395e-05
none_32768,mathd_numbertheory_33,0,none_32768__mathd_numbertheory_33__seed0,experiments/output/ace_x3_reproduction_20260918/configs/none_32768__mathd_numbertheory_33__seed0,True,False,9,"{'cache.yaml': '916ebdd78116d3e87479668f3817af7d5b03ef76c60ed0f4e92ae491c4d74f27', 'result.yaml': '1da90bf15e79f092aa97adce185b3431664d28f273c692de73c32b13170f8fda'}",0.007694179999999999,0.008450329999999999,69139,53989,15123,2987,0.0174122,0.0007561499999999999
none_8192,amc12a_2002_p6,0,none_8192__amc12a_2002_p6__seed0,experiments/output/ace_x3_reproduction_20260918/configs/none_8192__amc12a_2002_p6__seed0,True,False,1,"{'cache.yaml': '5dd7fc8fec8a836bb4ed0a0d5214087ebebbd257518c29fe325f82d2ed19406c', 'result.yaml': '48cf499d6140f5b4061340e48871c9a41dbfac09e1dc192dbbd945a9ba05d3ac'}",0.00044034,0.0005003399999999999,3810,2607,1200,123,0.0009096,5.9999999999999995e-05
x3_8192,amc12a_2002_p6,0,x3_8192__amc12a_2002_p6__seed0,experiments/output/ace_x3_reproduction_20260918/configs/x3_8192__amc12a_2002_p6__seed0,True,False,1,"{'cache.yaml': 'f0c01aee011445c58a839547bb3130683d1bc68d4e40a51323324b6e1d94c9bf', 'result.yaml': '33d5218c40e4f7a45b0f2a8ee84105adbfa6b919be14fba3403bc58c05708a08'}",0.00029344,0.00029344,6005,6002,0,144,0.0013738,0.0
none_32768,amc12a_2002_p6,0,none_32768__amc12a_2002_p6__seed0,experiments/output/ace_x3_reproduction_20260918/configs/none_32768__amc12a_2002_p6__seed0,True,False,1,"{'cache.yaml': '1509bcb2ff0cccb37b2991a80fd43ce7b1ab391f59bbebc9c71f5f3da6dc3b8e', 'result.yaml': '3a647ad2637b7b260f6a9bce3ec76c14d90d28212385b309cc2d361e3d68d319'}",0.00022194,0.00022194,3810,3807,0,121,0.0009071999999999999,0.0
x3_32768,amc12a_2002_p6,0,x3_32768__amc12a_2002_p6__seed0,experiments/output/ace_x3_reproduction_20260918/configs/x3_32768__amc12a_2002_p6__seed0,True,False,1,"{'cache.yaml': 'd7c52c924f3b6436dc76b7fad4303639c1d9ace2fabb095de2e1e9e23f9f056c', 'result.yaml': '410e8c4709c947d0902e2fa5ea534b5a6eaf22d5a28a5cc55e07f524a3c2d185'}",0.0005868399999999999,0.00064834,6005,4772,1230,204,0.0014458000000000001,6.149999999999999e-05
x3_8192,mathd_algebra_433,0,x3_8192__mathd_algebra_433__seed0,experiments/output/ace_x3_reproduction_20260918/configs/x3_8192__mathd_algebra_433__seed0,True,False,5,"{'cache.yaml': '9dda0ec2244d04015401a9dff844d9d4a2b42c67ce5dc46f939b7a093f054061', 'result.yaml': '198f392b12b14659794a9b22b8de8340e0f369dfc6415b7b73d21249df15076d'}",0.0038245600000000003,0.004425609999999999,34904,22868,12021,800,0.0079408,0.0006010499999999999
none_32768,mathd_algebra_433,0,none_32768__mathd_algebra_433__seed0,experiments/output/ace_x3_reproduction_20260918/configs/none_32768__mathd_algebra_433__seed0,True,False,3,"{'cache.yaml': 'd45fc367aa249568333d86b1989afbdbffa3e3b0eb38316658e045cdab226887', 'result.yaml': '4ca956a9bb0b5d8ee0b53d13b7fa629a3d751dec0136cbf0462ec418cbc692c2'}",0.00146758,0.00165918,16310,12469,3832,375,0.003712,0.0001916
x3_32768,mathd_algebra_433,0,x3_32768__mathd_algebra_433__seed0,experiments/output/ace_x3_reproduction_20260918/configs/x3_32768__mathd_algebra_433__seed0,True,False,4,"{'cache.yaml': '3aadc187112fb683351810fc5e1d04abb6cc946ab33610348aef4bc4734a006d', 'result.yaml': '274c4bd2320567a2189418e7837b3419583bd18e0ba2f023bf65e54f3aa12daf'}",0.00217606,0.00244921,28208,22733,5463,522,0.006267999999999999,0.00027315
none_8192,mathd_algebra_433,0,none_8192__mathd_algebra_433__seed0,experiments/output/ace_x3_reproduction_20260918/configs/none_8192__mathd_algebra_433__seed0,True,False,6,"{'cache.yaml': '44380bcf79f38ef8ff409327e456a95baa5b8e5189f367f1e165447cc0c32911', 'result.yaml': '56bfeb2451cb8e8c2eb6f10813cb2b76ba6bb2e3ff63804218a339186ebc936c'}",0.00484444,0.005509689999999999,36395,23072,13305,1432,0.0089974,0.0006652499999999999
none_32768,mathd_numbertheory_43,0,none_32768__mathd_numbertheory_43__seed0,experiments/output/ace_x3_reproduction_20260918/configs/none_32768__mathd_numbertheory_43__seed0,False,False,27,"{'cache.yaml': '40ff133234f8a3a97ecbba489131b2e474f5398f3c3fd1a008b023063053f81f', 'result.yaml': '82a29fd88a56446f4f40a8d7fd9aab4818ae0b60432926bf5c87eeb3480aec12'}",0.03827966,0.04347951,363961,259883,103997,10222,0.0850586,0.00519985
x3_32768,mathd_numbertheory_43,0,x3_32768__mathd_numbertheory_43__seed0,experiments/output/ace_x3_reproduction_20260918/configs/x3_32768__mathd_numbertheory_43__seed0,False,False,18,"{'cache.yaml': '47c637d7dfc18d00491cdb11df32e4294071cca764d6c2325b7c984a5a2a3a17', 'result.yaml': 'cd9c991dea822fbbb38f77f20fec7f2b327533af9e0ff478e9508439195063cd'}",0.03206902,0.03600212,212567,133851,78662,11374,0.056162199999999995,0.0039331
none_8192,mathd_numbertheory_43,0,none_8192__mathd_numbertheory_43__seed0,experiments/output/ace_x3_reproduction_20260918/configs/none_8192__mathd_numbertheory_43__seed0,False,False,24,"{'cache.yaml': '332ab641b822a35c90f277e918a4499be82c9ddcb97f4591dab36822f5f4d144', 'result.yaml': 'f91c1ee2a02a7f146c43793cb3684078cf279adb6b6ab848df8eb0c5bd625d9e'}",0.03571522,0.03985957,277790,194831,82887,12689,0.0707848,0.00414435
x3_8192,mathd_numbertheory_43,0,x3_8192__mathd_numbertheory_43__seed0,experiments/output/ace_x3_reproduction_20260918/configs/x3_8192__mathd_numbertheory_43__seed0,False,False,25,"{'cache.yaml': 'd84e211f4ef596acce907f86b2068f8bc2d8bcd92ebd592530094d3f631dda64', 'result.yaml': 'e75922d3675d82e63c7f594b6ef1274e5fd4ae38feeb9438bbcb70f04bc7c5e5'}",0.02303936,0.024927059999999997,298087,260258,37754,8557,0.0698858,0.0018877
x3_32768,aime_1991_p9,0,x3_32768__aime_1991_p9__seed0,experiments/output/ace_x3_reproduction_20260918/configs/x3_32768__aime_1991_p9__seed0,False,False,22,"{'cache.yaml': 'ee2f127aa09e97cade568ae95bdbac8c0db95dac22e691f071c284a036902700', 'result.yaml': '6dbc9725f6db30a8557b47186e58b5227c25f1b9598c92df20115e099b38807e'}",0.037984659999999996,0.04218476,270761,186693,84002,14531,0.0715894,0.0042001
none_8192,aime_1991_p9,0,none_8192__aime_1991_p9__seed0,experiments/output/ace_x3_reproduction_20260918/configs/none_8192__aime_1991_p9__seed0,True,False,57,"{'cache.yaml': '0303c1e1e9621f222069ef8a85353ec1ccead6e1e2eb17e2ac746347f4862711', 'result.yaml': '447c96493d68a509819669c6836c5e8649d0340b89de51237ea4a68c4c644593'}",0.06910998,0.07814928,824406,643449,180786,16708,0.18493079999999998,0.0090393
x3_8192,aime_1991_p9,0,x3_8192__aime_1991_p9__seed0,experiments/output/ace_x3_reproduction_20260918/configs/x3_8192__aime_1991_p9__seed0,False,False,28,"{'cache.yaml': '3c2986ef67e1948ed40c909c42bf522ea4dd629f79517269f362b827b33263df', 'result.yaml': 'f97a2e99556cfbc5535d81cc1fbc14e6851c321c7e963809b81ae9908ce5e335'}",0.06316142,0.07338937,432004,227361,204559,14738,0.1040864,0.01022795
none_32768,aime_1991_p9,0,none_32768__aime_1991_p9__seed0,experiments/output/ace_x3_reproduction_20260918/configs/none_32768__aime_1991_p9__seed0,False,False,17,"{'cache.yaml': '048b2d973e7f2a688418f7e68a92519012831bfe4fcd4217476889784cc80a15', 'result.yaml': '083934723090c925aac9c2efb07f9e8d84165308a989ad75620ca3f8185c4089'}",0.039958999999999995,0.0468445,224281,86520,137710,8897,0.0555326,0.006885499999999999
none_8192,amc12_2000_p12,0,none_8192__amc12_2000_p12__seed0,experiments/output/ace_x3_reproduction_20260918/configs/none_8192__amc12_2000_p12__seed0,True,False,12,"{'cache.yaml': 'f99932d9334f92b56a51bb22c4c97b7814e7eb4c859833f7dbd5a7599ab25101', 'result.yaml': '34be52c4f8c33dc2eb1d4a2e5052a5c1f010a1f040bb864b624d3cb9d0b2cb4b'}",0.01391752,0.01530697,69731,41906,27789,6262,0.0214606,0.00138945
x3_8192,amc12_2000_p12,0,x3_8192__amc12_2000_p12__seed0,experiments/output/ace_x3_reproduction_20260918/configs/x3_8192__amc12_2000_p12__seed0,False,False,8,"{'cache.yaml': '0e432ee8ccbde9a53a862e85bc6a3e2b7f47fa8f2d7b7f68732150e67daaeeb4', 'result.yaml': 'b3aa855466ef2301e8dd24d56c8971588248bce44f90e834412240fe33907500'}",0.0147519,0.01577945,66480,45905,20551,8099,0.0230148,0.00102755
none_32768,amc12_2000_p12,0,none_32768__amc12_2000_p12__seed0,experiments/output/ace_x3_reproduction_20260918/configs/none_32768__amc12_2000_p12__seed0,True,False,11,"{'cache.yaml': '43406f5e02fc7ee8b1f844a93b41e9f1751f55afed368e9348c179c7094770f4', 'result.yaml': '206c4b88a77f351046a34ff6bb076f6f292102de7341f29c930a52cff2f5fc0e'}",0.011312659999999999,0.012420909999999999,65431,43233,22165,5007,0.0190946,0.0011082499999999999
x3_32768,amc12_2000_p12,0,x3_32768__amc12_2000_p12__seed0,experiments/output/ace_x3_reproduction_20260918/configs/x3_32768__amc12_2000_p12__seed0,False,False,25,"{'cache.yaml': '4646cd38401812335125698349635a2459246f3a32848723bc072a7c316d1d70', 'result.yaml': 'e5804da49416b967abaf6b1e27df5a6233f1d85575b3fbd78d98d26db4390c11'}",0.0243955,0.0261052,262574,228305,34194,10813,0.06549039999999999,0.0017097
x3_8192,imo_1984_p6,0,x3_8192__imo_1984_p6__seed0,experiments/output/ace_x3_reproduction_20260918/configs/x3_8192__imo_1984_p6__seed0,False,False,19,"{'cache.yaml': '77a927bb91348241011f811d8591f20288e412872da9c8e117b106ca8a4ef29e', 'result.yaml': 'a324f91c8f38403a80272dfd37105965991e13510210e8ffb6cb13a0a201bcc8'}",0.03291054,0.03620324,241128,175217,65854,13520,0.0644496,0.0032927
none_32768,imo_1984_p6,0,none_32768__imo_1984_p6__seed0,experiments/output/ace_x3_reproduction_20260918/configs/none_32768__imo_1984_p6__seed0,False,False,21,"{'cache.yaml': '270b808c75cdc871c8288de71951d6abf85e6d3b82b7ca741bdd81ef5c49a043', 'result.yaml': 'c5f07f81deb199cff3364984119ee641c918881f8aa6c2bcc59b232460d4761f'}",0.039795699999999996,0.046263149999999996,239957,110545,129349,9752,0.0596938,0.00646745
x3_32768,imo_1984_p6,0,x3_32768__imo_1984_p6__seed0,experiments/output/ace_x3_reproduction_20260918/configs/x3_32768__imo_1984_p6__seed0,False,False,9,"{'cache.yaml': '728b2cbbb3cf76842cc739c2c757e63ae0c69b0faffa99c193c329a9011021a6', 'result.yaml': 'ea6f039c4fa118008031235d7b7ada354f46cdf9c24089284b3e5676f72e8f4c'}",0.012639719999999998,0.01390122,98193,72936,25230,5108,0.025768199999999998,0.0012615
none_8192,imo_1984_p6,0,none_8192__imo_1984_p6__seed0,experiments/output/ace_x3_reproduction_20260918/configs/none_8192__imo_1984_p6__seed0,False,False,50,"{'cache.yaml': '0ac5fa7bd6059e04cbc37137acb637ed39afa1d6a44c193196a08dc915f37f16', 'result.yaml': '3d8d30097a7b28d85849bca51306fc3186cb2a45ced58e35d70496d137984a8d'}",0.05260072,0.05705432,1007498,918276,89072,13659,0.21789039999999998,0.004453599999999999
none_32768,mathd_algebra_251,0,none_32768__mathd_algebra_251__seed0,experiments/output/ace_x3_reproduction_20260918/configs/none_32768__mathd_algebra_251__seed0,True,False,9,"{'cache.yaml': '4a973d406bb1c968926d3ad7800fb6fadd4ca34d55c7998799d3e168d92380e1', 'result.yaml': 'f3ed04cc055eee68129376b13e43b92ceb6cb7cec0cca113ff706b46b1a1f477'}",0.00693432,0.00758862,46539,33426,13086,3036,0.012950999999999999,0.0006543
x3_32768,mathd_algebra_251,0,x3_32768__mathd_algebra_251__seed0,experiments/output/ace_x3_reproduction_20260918/configs/x3_32768__mathd_algebra_251__seed0,True,False,1,"{'cache.yaml': 'dd06316bb8c2fc54723123a68152957f95998c093e31aa25db5f49bba278908f', 'result.yaml': '2319d0875212dd1b3084e5163a90b7960301a1ff35aa7a89274a46a3f3f506d1'}",0.00109024,0.00114979,5966,4772,1191,630,0.0019491999999999999,5.955e-05
none_8192,mathd_algebra_251,0,none_8192__mathd_algebra_251__seed0,experiments/output/ace_x3_reproduction_20260918/configs/none_8192__mathd_algebra_251__seed0,True,False,12,"{'cache.yaml': '6f860156bb1ce61b55fb9a140be370e2b0658d6ec68b8016a4af0bf9a7a154d3', 'result.yaml': '47d2da5c8e6529b166b02e3128e3a9e3b794f84123a5fe244ea4f889a87ebd43'}",0.0075559,0.00819055,68414,55685,12693,3247,0.0175792,0.00063465
x3_8192,mathd_algebra_251,0,x3_8192__mathd_algebra_251__seed0,experiments/output/ace_x3_reproduction_20260918/configs/x3_8192__mathd_algebra_251__seed0,True,False,3,"{'cache.yaml': '0e8cf867fb04b3de744267f42ead3cfeeed612a5fe314fe2dad77782a72868a7', 'result.yaml': 'dbb320c547c79cb7163bd0590f0c2288bb3b0edef1ac240e9f625b4ba79a2374'}",0.0025883399999999997,0.0027659399999999997,19068,15507,3552,1305,0.0053796,0.00017759999999999998
x3_32768,mathd_numbertheory_303,0,x3_32768__mathd_numbertheory_303__seed0,experiments/output/ace_x3_reproduction_20260918/configs/x3_32768__mathd_numbertheory_303__seed0,False,False,20,"{'cache.yaml': '540463bb030dee683ce7a6288a120c951741f75ae71b1c5043a379085fcc1605', 'result.yaml': '06590f8b2b7f9dd520ae38729d7e755b6533f1d00e4a90a6cf1c7bc9419e70c0'}",0.04036226,0.04448501,276838,194323,82455,16644,0.0753404,0.00412275
none_8192,mathd_numbertheory_303,0,none_8192__mathd_numbertheory_303__seed0,experiments/output/ace_x3_reproduction_20260918/configs/none_8192__mathd_numbertheory_303__seed0,False,False,20,"{'cache.yaml': '1c1373d40a39fbe6ef635ce83bad1c8e69f5f6c74fb23e023db4d64c375e1166', 'result.yaml': 'af9fe48eae7cef58bc03bdc3ccdd8c8c09ef75c39223678b87eef8e06e4e5714'}",0.05507962,0.06067272,295403,183481,111862,24188,0.0881062,0.0055931
x3_8192,mathd_numbertheory_303,0,x3_8192__mathd_numbertheory_303__seed0,experiments/output/ace_x3_reproduction_20260918/configs/x3_8192__mathd_numbertheory_303__seed0,False,False,38,"{'cache.yaml': '35b6ec39dacbdfb66ce3a1f622fc0f243d33f2465d81166b1a7630d40058f2f0', 'result.yaml': '4c6a1850d024f12b9b15d19b9f4ad069e8f8a0052056345959a79b43c7730b58'}",0.06686774,0.07477834,620053,461727,158212,21640,0.1499786,0.0079106
none_32768,mathd_numbertheory_303,0,none_32768__mathd_numbertheory_303__seed0,experiments/output/ace_x3_reproduction_20260918/configs/none_32768__mathd_numbertheory_303__seed0,False,False,18,"{'cache.yaml': '4a749b96d12bc75598983e3327b62cbcfb019272b47720dc961dabadb6e28d43', 'result.yaml': 'b2403b6203c49c585187a0ad19804cea3019d40e0d6752b831864585bbe7c043'}",0.04113,0.04575654999999999,198795,106210,92531,17074,0.0602478,0.00462655
none_8192,aime_1989_p8,0,none_8192__aime_1989_p8__seed0,experiments/output/ace_x3_reproduction_20260918/configs/none_8192__aime_1989_p8__seed0,True,False,1,"{'cache.yaml': '5a1134562dccb0ce73df9592acce4a75a4f5cdd3247a1c342e7a97946470567e', 'result.yaml': 'cf4e45daf2682964db509b5d0eb64af41ab5f28137d390a46f133445d6fa6b5b'}",0.00049754,0.0005859399999999999,4378,2607,1768,76,0.0009667999999999999,8.84e-05
x3_8192,aime_1989_p8,0,x3_8192__aime_1989_p8__seed0,experiments/output/ace_x3_reproduction_20260918/configs/x3_8192__aime_1989_p8__seed0,True,False,1,"{'cache.yaml': '620f8a82a393cd3d4ade123d6d7941cbda92afdb09cdecfa70a803337946dc77', 'result.yaml': '13fe6cf32d86f45451b91b832f5deccc09d1839885caaab5a69f43a6f5e4afb6'}",0.00057684,0.00066674,6573,4772,1798,101,0.0014357999999999999,8.989999999999999e-05
none_32768,aime_1989_p8,0,none_32768__aime_1989_p8__seed0,experiments/output/ace_x3_reproduction_20260918/configs/none_32768__aime_1989_p8__seed0,True,False,1,"{'cache.yaml': '9986bfe439aaf8c6af6b35b0936c5cb04ab5db21afb00de50b88d3412b7bc2f5', 'result.yaml': '2e0ea384b4fa018a2d253c978aae295e6048ffef1d71090205f9eefbde3f3036'}",0.0001769,0.0001769,4378,4375,0,74,0.0009643999999999999,0.0
x3_32768,aime_1989_p8,0,x3_32768__aime_1989_p8__seed0,experiments/output/ace_x3_reproduction_20260918/configs/x3_32768__aime_1989_p8__seed0,True,False,1,"{'cache.yaml': '4292011d746e03c64c4c9461eadcd5c45d064469dc1b64e773be3e027fad91a2', 'result.yaml': '3e6908c463b45f7b7375d56a44eeccb92e24d5183ae284c142df92d7accad54c'}",0.0003036,0.0003036,6573,6570,0,143,0.0014862,0.0
x3_8192,mathd_numbertheory_530,0,x3_8192__mathd_numbertheory_530__seed0,experiments/output/ace_x3_reproduction_20260918/configs/x3_8192__mathd_numbertheory_530__seed0,False,False,27,"{'cache.yaml': '7942a145b69525f13eafce041b0f64be9ed5a979f2acd711f1522482f6fc2a12', 'result.yaml': '2c693829a6eaba9fc3f07ed56091481524de8c342640e5dd9d403f7a70c9f960'}",0.0677072,0.07835025,572422,359480,212861,14941,0.1324136,0.01064305
none_32768,mathd_numbertheory_530,0,none_32768__mathd_numbertheory_530__seed0,experiments/output/ace_x3_reproduction_20260918/configs/none_32768__mathd_numbertheory_530__seed0,False,False,23,"{'cache.yaml': 'accb521b57b7e4673572621ffec112e7b0d718ab1d4ded46fa22a39f3fee6543', 'result.yaml': 'cd97eddc817ce224c57760fb761cb28164249d2e94631ad51d8f23882f785cad'}",0.040450059999999996,0.046281659999999995,344174,227473,116632,10467,0.0813952,0.0058316
x3_32768,mathd_numbertheory_530,0,x3_32768__mathd_numbertheory_530__seed0,experiments/output/ace_x3_reproduction_20260918/configs/x3_32768__mathd_numbertheory_530__seed0,False,False,19,"{'cache.yaml': '65600be985037204d7e685d07d781542250a2d2faf88f608398cef3ee1952ae1', 'result.yaml': '6ab31d5131221a228fd53b0a5ee0aca612e15a232f2c58f5fa8a82f75f83bf6d'}",0.03706682,0.04245107,317323,209581,107685,9439,0.0747914,0.00538425
none_8192,mathd_numbertheory_530,0,none_8192__mathd_numbertheory_530__seed0,experiments/output/ace_x3_reproduction_20260918/configs/none_8192__mathd_numbertheory_530__seed0,False,False,29,"{'cache.yaml': '9cc67f3487712113dbf13213c1525d8e97521bcac3e379741f7f749c3490fa88', 'result.yaml': 'b9c3ab4c26bc679e794874bfad36db8a39f39f38bdbd5d938515c9eb0d4a3a84'}",0.0682976,0.07832565,554788,354140,200561,17571,0.1320428,0.01002805
none_32768,mathd_numbertheory_64,0,none_32768__mathd_numbertheory_64__seed0,experiments/output/ace_x3_reproduction_20260918/configs/none_32768__mathd_numbertheory_64__seed0,True,False,10,"{'cache.yaml': '973190e14822d5599177c9a16a7a9abfe807dafcc6bbece4453d814a5c177f3c', 'result.yaml': '5c075e164a3e441233bb7d09e5a2fe8fba040b7d2d0cd42d50975dee3be7d726'}",0.00890182,0.00986767,62108,42761,19317,3481,0.0165988,0.0009658499999999999
x3_32768,mathd_numbertheory_64,0,x3_32768__mathd_numbertheory_64__seed0,experiments/output/ace_x3_reproduction_20260918/configs/x3_32768__mathd_numbertheory_64__seed0,True,False,5,"{'cache.yaml': 'c9138f26f47c8054ce86fa619b4e23023e1de6049df908b4eb6c6751bfa59d57', 'result.yaml': '38efa1ad93ac8c11c357c948e17c267a8b8c8b46545eab3cc35fc36418dbc3fb'}",0.00281936,0.00306946,33655,28638,5002,1036,0.007974199999999999,0.0002501
none_8192,mathd_numbertheory_64,0,none_8192__mathd_numbertheory_64__seed0,experiments/output/ace_x3_reproduction_20260918/configs/none_8192__mathd_numbertheory_64__seed0,True,False,15,"{'cache.yaml': '2817b5006cdc6167ea18f3e3901d254ab2f6f6f93a715d2bfef0d8451c76d5c8', 'result.yaml': 'f5238feccf9ea2a9da3329637d0821ab3fcdbf8fee9633539cd79abde252d0b9'}",0.012245599999999999,0.013538249999999998,104158,78260,25853,4584,0.0263324,0.00129265
x3_8192,mathd_numbertheory_64,0,x3_8192__mathd_numbertheory_64__seed0,experiments/output/ace_x3_reproduction_20260918/configs/x3_8192__mathd_numbertheory_64__seed0,True,False,18,"{'cache.yaml': '2c2763686aaa10e1aee7eb73ad3a1c5169f3f8918eea553dbf1d88b757850f3a', 'result.yaml': '3112476376b133f2668a4d11959a44f581423e93fac0c8f84367553aab982ac2'}",0.01897774,0.02039744,200495,172047,28394,8206,0.049946199999999996,0.0014196999999999999
x3_32768,imo_1969_p2,0,x3_32768__imo_1969_p2__seed0,experiments/output/ace_x3_reproduction_20260918/configs/x3_32768__imo_1969_p2__seed0,False,False,22,"{'cache.yaml': '2c88918d2ecfe6e0f68192e4962e6cb96b0e4e5f977518d9ff313c6bb74b8521', 'result.yaml': '8e4e8674d1d7485592cf2aad1282d284dd409337b330a851cf5d35a1846339b8'}",0.0357807,0.03973545,338826,259665,79095,12296,0.0825204,0.00395475
none_8192,imo_1969_p2,0,none_8192__imo_1969_p2__seed0,experiments/output/ace_x3_reproduction_20260918/configs/none_8192__imo_1969_p2__seed0,False,False,43,"{'cache.yaml': '5068f4e0ad3270d4e3d40c256fdce02595bd77f49b4d44aaab92975a47872f3d', 'result.yaml': '731e9146211c30be28c735a26b6581ef511bd8bffdff3318010c179ac965493f'}",0.05651452,0.06284292,1034873,908176,126568,10843,0.2199862,0.0063284
x3_8192,imo_1969_p2,0,x3_8192__imo_1969_p2__seed0,experiments/output/ace_x3_reproduction_20260918/configs/x3_8192__imo_1969_p2__seed0,False,False,25,"{'cache.yaml': '61e39ff53c00cce7d661ae7dd42a6b66a5fec0f3f8377663a3d40d8f1d55c0a7', 'result.yaml': '7634b252c0adef07cbefbf4dfcc4c799be319adfb6ec21efc24c3ac1ef76472d'}",0.06301656,0.07230526,504627,318778,185774,16226,0.12039659999999999,0.009288699999999999
none_32768,imo_1969_p2,0,none_32768__imo_1969_p2__seed0,experiments/output/ace_x3_reproduction_20260918/configs/none_32768__imo_1969_p2__seed0,False,False,21,"{'cache.yaml': '0aab4afa879d8b6eb40d492361deac6f782ff036034e2101589c51168be7e6e2', 'result.yaml': '64959eab4c53dfc889af184bbab7a84c66506e6ffc0823564f52b11cfb6288f7'}",0.0377301,0.042549699999999996,315390,218935,96392,11717,0.0771384,0.0048196
none_8192,amc12b_2020_p5,0,none_8192__amc12b_2020_p5__seed0,experiments/output/ace_x3_reproduction_20260918/configs/none_8192__amc12b_2020_p5__seed0,True,False,2,"{'cache.yaml': '94e9c61eedd4599369f01f66b610fb764b08c3b4666ac73d0cf9f768d349240a', 'result.yaml': '4c8b1aa43e1cb8c6200706527325a3d95e8b3209623ac1f1ee674be9449a5f76'}",0.00113836,0.0012419599999999999,8696,6618,2072,492,0.0023296,0.0001036
x3_8192,amc12b_2020_p5,0,x3_8192__amc12b_2020_p5__seed0,experiments/output/ace_x3_reproduction_20260918/configs/x3_8192__amc12b_2020_p5__seed0,True,False,1,"{'cache.yaml': 'ea9d768612dc315e971e30d31d363b43665e28ae86a2cf951a61b0088f80141b', 'result.yaml': 'df9b9827e3076701f614de69227fa20c3c96ce9126656ef8451d6c6908d0319f'}",0.0006456400000000001,0.00071734,6209,4772,1434,219,0.0015046,7.17e-05
none_32768,amc12b_2020_p5,0,none_32768__amc12b_2020_p5__seed0,experiments/output/ace_x3_reproduction_20260918/configs/none_32768__amc12b_2020_p5__seed0,True,False,2,"{'cache.yaml': '7b1d4b0ec446147538b6f3fb3fa8f6e9be0a811d84d31ad555d2768f2f30e873', 'result.yaml': '8450d3d2ffda5dc054cfde8ba3ae5ee920b226cc0d395ad0da837cbd5095a746'}",0.00035664,0.00036699,8235,8022,207,128,0.0018005999999999999,1.035e-05
x3_32768,amc12b_2020_p5,0,x3_32768__amc12b_2020_p5__seed0,experiments/output/ace_x3_reproduction_20260918/configs/x3_32768__amc12b_2020_p5__seed0,True,False,1,"{'cache.yaml': 'c1777ecffff4eb489a0bbd650bbb038eb514fb4b8b4f35ccdf86a31fad262841', 'result.yaml': '16ca06fc7ec390f9205ff37af8b7fb148ba1118ac8d11ea7bee6ae619da7da66'}",0.00039831999999999997,0.00039831999999999997,6209,6206,0,228,0.0015153999999999999,0.0
x3_8192,aime_1991_p6,0,x3_8192__aime_1991_p6__seed0,experiments/output/ace_x3_reproduction_20260918/configs/x3_8192__aime_1991_p6__seed0,False,False,16,"{'cache.yaml': 'f57d74ba1290cd91b07d20342fbb6b4d099ffae60ec39099b5c0b0a93dde6baf', 'result.yaml': '8057ecf8716be6eb80104a4165c0c63e01b57c0d4e267bcaf3f47d0df21eb643'}",0.06186884,0.07135638999999999,363091,173292,189751,17036,0.09306139999999999,0.009487549999999999
none_32768,aime_1991_p6,0,none_32768__aime_1991_p6__seed0,experiments/output/ace_x3_reproduction_20260918/configs/none_32768__aime_1991_p6__seed0,False,False,17,"{'cache.yaml': 'b813a39379b688eddb314706a4869ee9035a4c00eb697eb44a7144816607f924', 'result.yaml': '00ad025aa89ff5d66e5adf6bc2317caff84032c731930f1a57efc1df86f5adfb'}",0.03949196,0.04337621,181474,103738,77685,18225,0.058164799999999996,0.0038842499999999997
x3_32768,aime_1991_p6,0,x3_32768__aime_1991_p6__seed0,experiments/output/ace_x3_reproduction_20260918/configs/x3_32768__aime_1991_p6__seed0,False,False,14,"{'cache.yaml': '44ef32b7698cbdfcc54cf578b19f5a44ce22b12e089ebe566b2ba1f590f5d19c', 'result.yaml': '8b1e22746168b5d39c5ec5035a09f844f459de0138a61ebd9564011b094a1bc5'}",0.04014578,0.04575153,233656,121499,112115,12737,0.0620156,0.00560575
none_8192,aime_1991_p6,0,none_8192__aime_1991_p6__seed0,experiments/output/ace_x3_reproduction_20260918/configs/none_8192__aime_1991_p6__seed0,False,False,17,"{'cache.yaml': '17020a205edaa31b4bb5a1438332062b930a3feaa11639ac61eab355b7a4b5bc', 'result.yaml': '81c4005c2ab658d78fd04c0165047291da710988177816bcda5e393e98b38cb7'}",0.05727134,0.06421554,337252,198317,138884,21265,0.09296839999999999,0.0069442
none_32768,amc12_2001_p21,0,none_32768__amc12_2001_p21__seed0,experiments/output/ace_x3_reproduction_20260918/configs/none_32768__amc12_2001_p21__seed0,False,False,15,"{'cache.yaml': '82e3dc5e7d982440a84955b08672b947986cfbf1806473df7effb9c39fdc7eeb', 'result.yaml': 'f4ceb35d46dde4b0f1db1383e357f2ca1a873acf3062d5812de2399ea4f1a843'}",0.02375314,0.02633909,114101,62337,51719,10128,0.0349738,0.00258595
x3_32768,amc12_2001_p21,0,x3_32768__amc12_2001_p21__seed0,experiments/output/ace_x3_reproduction_20260918/configs/x3_32768__amc12_2001_p21__seed0,True,False,4,"{'cache.yaml': '7f29965cabe590f5068c3adaf5bf405cb7e72d42ce97e2cdb7a9c963c55311f2', 'result.yaml': '3ed18d03edf543df2213484f7d692a72d6655289d29d76d5758c3ecd8a919a4e'}",0.0064994399999999996,0.00698849,31395,21602,9781,3424,0.0103878,0.00048905
none_8192,amc12_2001_p21,0,none_8192__amc12_2001_p21__seed0,experiments/output/ace_x3_reproduction_20260918/configs/none_8192__amc12_2001_p21__seed0,False,False,26,"{'cache.yaml': '02f888efae2b1371862543a289b399dfe6bcffd8bafab422121170184a54b169', 'result.yaml': '67eac5dc8426c094fe547819c14d5e42ae8bf8ea7e5147ce8a4ce01a5fc29937'}",0.07092129999999999,0.07965069999999999,371051,196385,174588,26717,0.10627059999999999,0.0087294
x3_8192,amc12_2001_p21,0,x3_8192__amc12_2001_p21__seed0,experiments/output/ace_x3_reproduction_20260918/configs/x3_8192__amc12_2001_p21__seed0,False,False,39,"{'cache.yaml': 'c08f304c40716938106d3c67e1054366aca8dc615c3434d7c8f7f79fbb30efcf', 'result.yaml': 'afc56f60febe4020e14f50028beea18056789878a8800bda346a62afc4008023'}",0.06389257999999999,0.07203558,612136,449159,162860,18595,0.1447412,0.008143
x3_32768,mathd_numbertheory_284,0,x3_32768__mathd_numbertheory_284__seed0,experiments/output/ace_x3_reproduction_20260918/configs/x3_32768__mathd_numbertheory_284__seed0,True,False,1,"{'cache.yaml': '324b0f4e7d09211868080e2bc46f5d836af3d6a94303c4cd7b8adf4f6aaf293d', 'result.yaml': 'aca4c045cda2613a704167c478f013030dd1bccb95d5661048801cda3d6277fc'}",0.00052304,0.00058329,5980,4772,1205,155,0.001382,6.0249999999999994e-05
none_8192,mathd_numbertheory_284,0,none_8192__mathd_numbertheory_284__seed0,experiments/output/ace_x3_reproduction_20260918/configs/none_8192__mathd_numbertheory_284__seed0,True,False,1,"{'cache.yaml': '6638e2d804560379a3e9fae693c38468a227fadf4cc4d4c56b8f0d39a9e92a2f', 'result.yaml': '04faa1dc6ee1077ba4f893805c39c9ae2a7ce17ae603bd65bb35f1588543b4e9'}",0.00037054,0.00042929000000000003,3785,2607,1175,69,0.0008397999999999999,5.875e-05
x3_8192,mathd_numbertheory_284,0,x3_8192__mathd_numbertheory_284__seed0,experiments/output/ace_x3_reproduction_20260918/configs/x3_8192__mathd_numbertheory_284__seed0,True,False,1,"{'cache.yaml': '1e19536b53de4081c2c91572ab61e96baeed170302a04ac11e8eff040439cf13', 'result.yaml': '05a9dc6cb2750f2f542cd804577c07390dfb57c789bec647b55d275cb95d935f'}",0.00024854,0.00024854,5980,5977,0,107,0.0013244,0.0
none_32768,mathd_numbertheory_284,0,none_32768__mathd_numbertheory_284__seed0,experiments/output/ace_x3_reproduction_20260918/configs/none_32768__mathd_numbertheory_284__seed0,True,False,1,"{'cache.yaml': '0bc7256e1aa7ef218dc8141f86e5b751d8a93aac677324b812732c0912c3b444', 'result.yaml': '2807a3969ec08cf317c9e4109047bb07477d23325024cade39d817600943caaf'}",0.00019623999999999998,0.00019623999999999998,3785,3782,0,100,0.000877,0.0
none_8192,mathd_numbertheory_461,0,none_8192__mathd_numbertheory_461__seed0,experiments/output/ace_x3_reproduction_20260918/configs/none_8192__mathd_numbertheory_461__seed0,True,False,1,"{'cache.yaml': '36d9bb27a031ab4ec7915fdfdcfd82138493d3bb1cd06cfc31ac429e0ac05d3c', 'result.yaml': '5b081ac5363cd7e4b52b77f4cafdd0eb727ad8eb1887eefe98de242ccd3793a7'}",0.00040993999999999997,0.00046954,3802,2607,1192,99,0.0008791999999999999,5.96e-05
x3_8192,mathd_numbertheory_461,0,x3_8192__mathd_numbertheory_461__seed0,experiments/output/ace_x3_reproduction_20260918/configs/x3_8192__mathd_numbertheory_461__seed0,True,False,1,"{'cache.yaml': 'f809bd3f891a154622875f820862ec9c39c37af61314ccb02194dcf822213a3b', 'result.yaml': 'efdbc650e8530d018bfb30928d036b21293a7563a6c14391e489e3096bc5cfd6'}",0.00068604,0.0007471400000000001,5997,4772,1222,288,0.001545,6.11e-05
none_32768,mathd_numbertheory_461,0,none_32768__mathd_numbertheory_461__seed0,experiments/output/ace_x3_reproduction_20260918/configs/none_32768__mathd_numbertheory_461__seed0,True,False,1,"{'cache.yaml': 'ff18e4ad0f9e0c66d2770bbe85479c448bb374dabd23eb27f1f1b234da805228', 'result.yaml': '0844d1f83a634c729d6dcac9d73e32271bb89c725c6c374d99143ef5263ffd91'}",0.00025058000000000003,0.00025058000000000003,3802,3799,0,145,0.0009343999999999999,0.0
x3_32768,mathd_numbertheory_461,0,x3_32768__mathd_numbertheory_461__seed0,experiments/output/ace_x3_reproduction_20260918/configs/x3_32768__mathd_numbertheory_461__seed0,True,False,1,"{'cache.yaml': '73b7f7f5527ab9fcfafd0f6f562acc616d19fb2ca29198b0bfe1d4d99748add5', 'result.yaml': 'f14cd163c687cadc9c123ae6c98ef5570ac239a1c52c4b5a71cbe2b6704ae0b7'}",0.00034847999999999997,0.00034847999999999997,5997,5994,0,190,0.0014274,0.0
x3_8192,mathd_numbertheory_37,0,x3_8192__mathd_numbertheory_37__seed0,experiments/output/ace_x3_reproduction_20260918/configs/x3_8192__mathd_numbertheory_37__seed0,False,False,27,"{'cache.yaml': '8ce5b1596ce66520981f9432b247a8ec96d650997f188ad823087944bad4ccca', 'result.yaml': 'e2ae52322c1bf14d1c5138e2aeac082542e81a56f27aa1a15262498c037fb6e4'}",0.02681242,0.029400919999999997,404882,353031,51770,7818,0.090358,0.0025884999999999997
none_32768,mathd_numbertheory_37,0,none_32768__mathd_numbertheory_37__seed0,experiments/output/ace_x3_reproduction_20260918/configs/none_32768__mathd_numbertheory_37__seed0,False,False,17,"{'cache.yaml': '01f10fd080394c7803da308a3782fec09005f0a89a3be513a6fcd2b0bf5ab2cf', 'result.yaml': '68908ead9c7cd55ff3161979d0a8475103cca20837517eca6c75c58d1fe2b348'}",0.02304344,0.026317339999999998,159331,93802,65478,6718,0.0399278,0.0032738999999999997
x3_32768,mathd_numbertheory_37,0,x3_32768__mathd_numbertheory_37__seed0,experiments/output/ace_x3_reproduction_20260918/configs/x3_32768__mathd_numbertheory_37__seed0,False,False,20,"{'cache.yaml': '506d68ae6964b64041c59fc6c3b74722ee97d2e7fe61f40d9274ccc1714196a5', 'result.yaml': '1a54fbb87b61199368a7c57377d20f1c704f752f72da1f35469a1c9d4c7d48d0'}",0.01654884,0.01812824,207210,175562,31588,5590,0.04815,0.0015794
none_8192,mathd_numbertheory_37,0,none_8192__mathd_numbertheory_37__seed0,experiments/output/ace_x3_reproduction_20260918/configs/none_8192__mathd_numbertheory_37__seed0,False,False,19,"{'cache.yaml': 'a30aa66a3e0a4a9c567bedc1fd08bb6755e1695b66f46b715d33cca44f3eab83', 'result.yaml': '3aa86b5adf28bcd7f797db9d70e9ba895aeb69cae7516ce02edcfa605ee75513'}",0.01977292,0.022867819999999997,153431,91476,61898,4627,0.036238599999999996,0.0030949
none_32768,aime_1984_p7,0,none_32768__aime_1984_p7__seed0,experiments/output/ace_x3_reproduction_20260918/configs/none_32768__aime_1984_p7__seed0,False,False,6,"{'cache.yaml': '4b892401891d9aa1e635734fe758090bcfc01348db897cc9ddd30bef0748a56e', 'result.yaml': '83e345414f5cfc340bd33a35fc68e526c4026a9e4ceaffb15833f5de519abbdd'}",0.05093064,0.05215869,40221,15642,24561,38085,0.053746199999999994,0.0012280499999999998
x3_32768,aime_1984_p7,0,x3_32768__aime_1984_p7__seed0,experiments/output/ace_x3_reproduction_20260918/configs/x3_32768__aime_1984_p7__seed0,False,False,11,"{'cache.yaml': 'c2d6d2c3d778c3dc52d3ee89f70355b0e86bd01a0f4b0b5712b42132ee580098', 'result.yaml': 'b3df1c3440517340ae835cba82863487f047fad5f4d01600060b41fd4d726370'}",0.038209999999999994,0.042071449999999996,137422,60160,77229,17962,0.0490388,0.0038614499999999998
none_8192,aime_1984_p7,0,none_8192__aime_1984_p7__seed0,experiments/output/ace_x3_reproduction_20260918/configs/none_8192__aime_1984_p7__seed0,True,False,21,"{'cache.yaml': '6df49ae455291472ba6fd20b26cc54a5c93032c7585f03bc91eec79d7632fe5b', 'result.yaml': '9335b9d5189dee00b27a5aae795dcb9cf5a7bf26a9057b186d2125dcfd880a6e'}",0.05524369999999999,0.061509549999999996,286225,160845,125317,22459,0.0841958,0.00626585
x3_8192,aime_1984_p7,0,x3_8192__aime_1984_p7__seed0,experiments/output/ace_x3_reproduction_20260918/configs/x3_8192__aime_1984_p7__seed0,False,False,19,"{'cache.yaml': '667619e091ff7dc4a26020d10acdce6c8ee8275ee8cb82c44ffb7864b36652d8', 'result.yaml': '36474cc97936a54fce825ead367d01fc88b19e3f128b38a4a0e00a5fe0c529b7'}",0.06030642,0.06597937,306717,193201,113459,28116,0.09508259999999999,0.0056729499999999995
x3_32768,mathd_algebra_421,0,x3_32768__mathd_algebra_421__seed0,experiments/output/ace_x3_reproduction_20260918/configs/x3_32768__mathd_algebra_421__seed0,True,False,4,"{'cache.yaml': 'ee98f0fa6bc28b4c79b3f9c756f36e23c38e959a180c5dc679b695a39a7079ed', 'result.yaml': '7ac618b861d8a5b7029a9a144039f00b60972e5789f8d571e8e90c7823d20ac3'}",0.00376286,0.0043085599999999995,34309,23383,10914,925,0.0079718,0.0005457
none_8192,mathd_algebra_421,0,none_8192__mathd_algebra_421__seed0,experiments/output/ace_x3_reproduction_20260918/configs/none_8192__mathd_algebra_421__seed0,True,False,5,"{'cache.yaml': 'c5527f61fe14402c89474b05098c85e52fe98ff82ea93de8219be98873694626', 'result.yaml': '27e915721f262be3f0f9ab58775d5e8779134f17762f58c27e4d3a2766ec5c3c'}",0.00305942,0.0034894199999999996,25756,17141,8600,828,0.0061448,0.00043
x3_8192,mathd_algebra_421,0,x3_8192__mathd_algebra_421__seed0,experiments/output/ace_x3_reproduction_20260918/configs/x3_8192__mathd_algebra_421__seed0,True,False,1,"{'cache.yaml': '9bb44e6c9fa3ebeaf17e2cb9275cce196dc7d860db6a15ba2568c2bdf1c6f796', 'result.yaml': '767945120e10b0c44039912e824a7aac4a6eb24a8aec09682ff45e1b123580eb'}",0.00072826,0.00072826,6266,6263,0,502,0.0018555999999999998,0.0
none_32768,mathd_algebra_421,0,none_32768__mathd_algebra_421__seed0,experiments/output/ace_x3_reproduction_20260918/configs/none_32768__mathd_algebra_421__seed0,True,False,3,"{'cache.yaml': 'cf7a46666e5865e27f949e34379baeddf4ecac302cdbace770cd32baf7ea05e4', 'result.yaml': '1a0a1c5cb6ea80a0205dffb316915bca0f332c40a07a06b4af1f6dda5fd45f6d'}",0.00207026,0.00221896,13726,10743,2974,1049,0.004004,0.00014869999999999998
none_8192,amc12b_2003_p6,0,none_8192__amc12b_2003_p6__seed0,experiments/output/ace_x3_reproduction_20260918/configs/none_8192__amc12b_2003_p6__seed0,True,False,10,"{'cache.yaml': '5c37f79ab151c9624b7e9ff5cd9864fb60474bed28b9c9cf59c9d86130f4cc2d', 'result.yaml': 'd097655961830af8cb6b964946d0c7d95e543a2c4c752bd70f901c0f31170d09'}",0.01796612,0.02001952,73684,32586,41068,7579,0.023831599999999998,0.0020534
x3_8192,amc12b_2003_p6,0,x3_8192__amc12b_2003_p6__seed0,experiments/output/ace_x3_reproduction_20260918/configs/x3_8192__amc12b_2003_p6__seed0,True,False,13,"{'cache.yaml': 'f179cab55a5ae5186258c6e0308aafe9e6850ccb53a28adf26b2e837d8357871', 'result.yaml': '984f2622d87d7287d55104729d424046f568df14b6cf5eedf6c95d76f121a6c3'}",0.01964962,0.02194962,135290,89251,46000,7214,0.0357148,0.0023
none_32768,amc12b_2003_p6,0,none_32768__amc12b_2003_p6__seed0,experiments/output/ace_x3_reproduction_20260918/configs/none_32768__amc12b_2003_p6__seed0,True,False,22,"{'cache.yaml': '310bd9b82cfb222d47997474513bec647a890d6cd0ab8e36da84beeb171ac682', 'result.yaml': '77582bf198a2430f358c5d9e32696ce0c013a4d535a5e842a9f8e8ca6154dce3'}",0.03504928,0.03962738,259892,168264,91562,11132,0.0653368,0.0045781
x3_32768,amc12b_2003_p6,0,x3_32768__amc12b_2003_p6__seed0,experiments/output/ace_x3_reproduction_20260918/configs/x3_32768__amc12b_2003_p6__seed0,True,False,9,"{'cache.yaml': 'bdb4fb2123ab7b23c1b6ef619dc87b624cbe58554b32f7e683229cec9233ce8f', 'result.yaml': '8021df28c8d685d612e796294c0b4060b076f36fe5524d88054cecb609ce6316'}",0.0174459,0.0195912,95178,52245,42906,6512,0.02685,0.0021452999999999997
x3_8192,mathd_algebra_234,0,x3_8192__mathd_algebra_234__seed0,experiments/output/ace_x3_reproduction_20260918/configs/x3_8192__mathd_algebra_234__seed0,True,False,1,"{'cache.yaml': '70ec69c3b8623f52c69e5f9a79bec1f55fe177c72843e6cd7fda942336c12449', 'result.yaml': '18fba1a671c7b34b5507cb8ce4f67f05ec8a2f62d41b4a3b7aa1be4a8a1422f4'}",0.00080844,0.0008677400000000001,5961,4772,1186,396,0.0016674,5.93e-05
none_32768,mathd_algebra_234,0,none_32768__mathd_algebra_234__seed0,experiments/output/ace_x3_reproduction_20260918/configs/none_32768__mathd_algebra_234__seed0,True,False,1,"{'cache.yaml': 'df32871d79f8dd282aadbb192572f79f8f57dfcf248d58d544629861293235a6', 'result.yaml': 'dc43eab7b7659acf92a90792daea19aef4fd5dc83d558a6c716296d0da2a0e16'}",0.00042314,0.00048094,3766,2607,1156,116,0.0008924,5.7799999999999995e-05
x3_32768,mathd_algebra_234,0,x3_32768__mathd_algebra_234__seed0,experiments/output/ace_x3_reproduction_20260918/configs/x3_32768__mathd_algebra_234__seed0,True,False,1,"{'cache.yaml': 'fc0acba2f50eb0104203f09c639ee02a05c0ee144c738f71ebe7960d6efd0748', 'result.yaml': '8445434e7ca845e468b00088882fc72459a1d8a44d0655fb75159e7002128a76'}",0.00044016,0.00044016,5961,5958,0,267,0.0015126,0.0
none_8192,mathd_algebra_234,0,none_8192__mathd_algebra_234__seed0,experiments/output/ace_x3_reproduction_20260918/configs/none_8192__mathd_algebra_234__seed0,True,False,1,"{'cache.yaml': '594434a5196ca81aa52f36b2fc79ec02fb1b88ce9d295efdcae8cf299a7e5eb5', 'result.yaml': 'f55ed968dc4f90c8b611f248218cf36beb0d21c2edfd0dadc455388c2895bb9f'}",0.00032546,0.00032546,3766,3763,0,208,0.0010027999999999999,0.0
none_32768,imo_1981_p6,0,none_32768__imo_1981_p6__seed0,experiments/output/ace_x3_reproduction_20260918/configs/none_32768__imo_1981_p6__seed0,True,False,9,"{'cache.yaml': 'f1e5d3bf8c2d87e5bef50f399469e90352267b0e8e9cb0c51e308660e687246e', 'result.yaml': 'ea9e905b2bff9e9c0aba87aa6fc0a2f1c16d2f2eb4f72332726d2a5098fa156d'}",0.01250222,0.01423532,72310,37621,34662,4010,0.019274,0.0017331
x3_32768,imo_1981_p6,0,x3_32768__imo_1981_p6__seed0,experiments/output/ace_x3_reproduction_20260918/configs/x3_32768__imo_1981_p6__seed0,True,False,7,"{'cache.yaml': '5c0c47e2029df9aa6f8ae70c221109b8e82a6de1522c2666ac414fc285d96421', 'result.yaml': 'c9c4754be1e1460835121af6878b8ed1a0749a6c4cc1bbf7a4f222d13b1a12db'}",0.00769946,0.00842071,58759,44313,14425,3270,0.0156758,0.00072125
none_8192,imo_1981_p6,0,none_8192__imo_1981_p6__seed0,experiments/output/ace_x3_reproduction_20260918/configs/none_8192__imo_1981_p6__seed0,True,False,7,"{'cache.yaml': 'b0170b59015114c2e02e68250eaa207a2eae50bcad4d0cb1d030dce7f379c7ed', 'result.yaml': 'e247153720fda7ba38966549f8de32a99f653b059ad897e9cc6a6e26f48e595d'}",0.00469904,0.0049404900000000005,36382,31532,4829,2582,0.0103748,0.00024145
x3_8192,imo_1981_p6,0,x3_8192__imo_1981_p6__seed0,experiments/output/ace_x3_reproduction_20260918/configs/x3_8192__imo_1981_p6__seed0,True,False,3,"{'cache.yaml': 'eea23d1f2f4ed09b239378c90e011c3923dee0fe0f4d76b106436725126d0690', 'result.yaml': 'f62a9d4911ba421130957d3d8b1e4955b332fb41ba0b64684610a16adbba6c51'}",0.00318912,0.0034357199999999997,22227,17286,4932,1546,0.0063006,0.0002466
x3_32768,imo_1964_p2,0,x3_32768__imo_1964_p2__seed0,experiments/output/ace_x3_reproduction_20260918/configs/x3_32768__imo_1964_p2__seed0,True,False,12,"{'cache.yaml': '61a17eb60a91734dbb103ec78a57ff14c445b16005d403d498d86bfeec1d0137', 'result.yaml': 'b578f323bc0823de03727804fc1e579bf0ce82bc29f185588d12aaafb16a440c'}",0.02914164,0.03245559,130347,64032,66279,12165,0.0406674,0.00331395
none_8192,imo_1964_p2,0,none_8192__imo_1964_p2__seed0,experiments/output/ace_x3_reproduction_20260918/configs/none_8192__imo_1964_p2__seed0,False,False,24,"{'cache.yaml': '40d92b677ca0aca5c3d3108ba2252a19aa4c9dbe573c8eac8428570449ef2d76', 'result.yaml': 'e3edd82e28a713f974e7143ba3bbac1c229d0397fffd36bc5334a7d73dc10814'}",0.0695604,0.07961665,410247,209050,201125,20950,0.10718939999999999,0.01005625
x3_8192,imo_1964_p2,0,x3_8192__imo_1964_p2__seed0,experiments/output/ace_x3_reproduction_20260918/configs/x3_8192__imo_1964_p2__seed0,True,False,7,"{'cache.yaml': '2ad081e7e1220b9bef31a5db13614e8bb0d5b1f42601618930ce407257670a77', 'result.yaml': '906efd7b00899f82b9631aedb488eae29204218925f00ad8072c74c8d859ee1b'}",0.010156239999999999,0.010761739999999999,66713,54582,12110,5532,0.019981,0.0006054999999999999
none_32768,imo_1964_p2,0,none_32768__imo_1964_p2__seed0,experiments/output/ace_x3_reproduction_20260918/configs/none_32768__imo_1964_p2__seed0,True,False,11,"{'cache.yaml': '7994788763b22841077a53a37e5b4d37bc93a797d2822e614d620bca33aea1a7', 'result.yaml': '7d63070e6a8e2196855a5a8405b5eb425a02572b75319a9504d8977a50719473'}",0.02043202,0.022650419999999998,94292,49891,44368,8795,0.0294124,0.0022183999999999997
none_8192,mathd_numbertheory_405,0,none_8192__mathd_numbertheory_405__seed0,experiments/output/ace_x3_reproduction_20260918/configs/none_8192__mathd_numbertheory_405__seed0,False,False,22,"{'cache.yaml': '567923f2ebe961b31b2411cc85360d35a4b8f4a0c9586d4df05d47a8977d7fa9', 'result.yaml': '652457f299a87d59adbbbd591b05e91268a3db749307aba6d120d15856bace89'}",0.06543324,0.07532878999999999,341289,143312,197911,19143,0.0912294,0.00989555
x3_8192,mathd_numbertheory_405,0,x3_8192__mathd_numbertheory_405__seed0,experiments/output/ace_x3_reproduction_20260918/configs/x3_8192__mathd_numbertheory_405__seed0,False,False,13,"{'cache.yaml': '6506b479ccb8ab2cd6b71f522ad21a02d2eb3424319457a5997833cabf896453', 'result.yaml': 'c073bebaec48157bc41cda5de0a23c2549dfe83f549a0d03585c718dbc497c50'}",0.06114611999999999,0.06932537,233790,70166,163585,22515,0.073776,0.008179249999999999
none_32768,mathd_numbertheory_405,0,none_32768__mathd_numbertheory_405__seed0,experiments/output/ace_x3_reproduction_20260918/configs/none_32768__mathd_numbertheory_405__seed0,False,False,12,"{'cache.yaml': 'd57d6ab0739e190ac4706c5191ceceec724718eb744039e2d2645f73923b1af1', 'result.yaml': 'e6ede951cac85f67a6193c33f262db220467ec13517c4da94df1061f3f9b5328'}",0.041541339999999996,0.04600559,147038,57717,89285,18769,0.0519304,0.0044642499999999995
x3_32768,mathd_numbertheory_405,0,x3_32768__mathd_numbertheory_405__seed0,experiments/output/ace_x3_reproduction_20260918/configs/x3_32768__mathd_numbertheory_405__seed0,False,False,10,"{'cache.yaml': 'b1208c6c134049ed9508384938ff64e5f4aa55c7a702105c0d1b9a921be17791', 'result.yaml': '18a9df86e1971d3f41f723908958beab719c25beb1b5115f8b0cb5ad339275b6'}",0.033487159999999995,0.03751076,169900,89398,80472,12999,0.0495788,0.0040236
x3_8192,mathd_algebra_327,0,x3_8192__mathd_algebra_327__seed0,experiments/output/ace_x3_reproduction_20260918/configs/x3_8192__mathd_algebra_327__seed0,True,False,3,"{'cache.yaml': 'bb2e45039fa313630080a66cfb50d28348e6b7ea8a091e28e4728624c834e056', 'result.yaml': '271c086303b3ca83d8fbed866973d7b5fcdc6004ecf66d0c95f4abc22b1f994b'}",0.0020401,0.0023457,22976,16855,6112,399,0.0050739999999999995,0.0003056
none_32768,mathd_algebra_327,0,none_32768__mathd_algebra_327__seed0,experiments/output/ace_x3_reproduction_20260918/configs/none_32768__mathd_algebra_327__seed0,True,False,2,"{'cache.yaml': '695619d9a79414d8207cba6e8470050f0d515e2160feb00a5ec56df8eee3350a', 'result.yaml': '87499616311f8e685a3476aee8c1097cef0389112e2a187ca46e26a70fadaacb'}",0.00131966,0.0015223099999999998,10432,6373,4053,317,0.0024668,0.00020265
x3_32768,mathd_algebra_327,0,x3_32768__mathd_algebra_327__seed0,experiments/output/ace_x3_reproduction_20260918/configs/x3_32768__mathd_algebra_327__seed0,True,False,3,"{'cache.yaml': 'a109572974d149bebc1a550b4dc4e661390b0b90e94cca07f9cd727cef2a69ef', 'result.yaml': 'e8780b21f378aaf9abf7f5a3f6159b32b6460d5182cf0e43fac97d5b1f5de7f4'}",0.0015475399999999998,0.00171409,21397,18057,3331,432,0.0047978,0.00016654999999999998
none_8192,mathd_algebra_327,0,none_8192__mathd_algebra_327__seed0,experiments/output/ace_x3_reproduction_20260918/configs/none_8192__mathd_algebra_327__seed0,True,False,3,"{'cache.yaml': '0cefbe07e3f78072c958fa21130a8c3dddc395283520dba99f0527033ae26663', 'result.yaml': 'b737ec79c256b1201c28bd071c0dca4bd752ecb60a504d650bc07bd32c121195'}",0.00108374,0.00118234,13378,11397,1972,383,0.0031352,9.86e-05
none_32768,amc12a_2013_p8,0,none_32768__amc12a_2013_p8__seed0,experiments/output/ace_x3_reproduction_20260918/configs/none_32768__amc12a_2013_p8__seed0,True,False,10,"{'cache.yaml': '57a08cfa96e76bda7cbf1a784338c20c15f6bc1122a174b64820ab3a54d8b4ed', 'result.yaml': '51eb4cd4d9509bdf5da73ccc66184eb5dc2f63c5f27662528db1afc7a2c29eb8'}",0.01033178,0.011346929999999998,64612,44279,20303,4483,0.018302,0.0010151499999999998
x3_32768,amc12a_2013_p8,0,x3_32768__amc12a_2013_p8__seed0,experiments/output/ace_x3_reproduction_20260918/configs/x3_32768__amc12a_2013_p8__seed0,True,False,10,"{'cache.yaml': '05949973cd6f7763079c1a3bf4aed24b6bc678db22d4020fa5b4c2be5372e690', 'result.yaml': '5b83397cc78a3ebb5b143299f2050df8a27aa5008e7b24d77b686ae0c8981580'}",0.01597214,0.01779269,88198,51757,36411,6374,0.0252884,0.00182055
none_8192,amc12a_2013_p8,0,none_8192__amc12a_2013_p8__seed0,experiments/output/ace_x3_reproduction_20260918/configs/none_8192__amc12a_2013_p8__seed0,True,False,5,"{'cache.yaml': 'da7e9697cc5b30ae9d35c78813a3b617491701a3434c80f8a45599a71e2ba63b', 'result.yaml': 'dc33f0022e60de167356ab905d9524ef62d52134bf0002eacd849b3a7e18cf30'}",0.00437226,0.00454361,22035,18593,3427,2760,0.007718999999999999,0.00017135
x3_8192,amc12a_2013_p8,0,x3_8192__amc12a_2013_p8__seed0,experiments/output/ace_x3_reproduction_20260918/configs/x3_8192__amc12a_2013_p8__seed0,True,False,8,"{'cache.yaml': '97fd0fa0f085ad23027c8cbb6fb6827a84586eaaf11a568693e2b84be09f9df8', 'result.yaml': 'ed4cf29641aa78483b2fe4867cd0002f7794d5f48139a5f4db5d06500adfb0b5'}",0.00904796,0.00970376,72118,58978,13116,4367,0.019663999999999997,0.0006558
x3_32768,mathd_algebra_190,0,x3_32768__mathd_algebra_190__seed0,experiments/output/ace_x3_reproduction_20260918/configs/x3_32768__mathd_algebra_190__seed0,True,False,1,"{'cache.yaml': '8a60d8b35c4a32a03155a088d9eb9e0f41c7bbdee5e1fa233135b62ee5d63e6c', 'result.yaml': '8039e9f141b30af6ca98e256137edb2cfa1b094450aab1a3422b50b663fcaa43'}",0.00047784,0.00053639,5946,4772,1171,123,0.0013367999999999998,5.855e-05
none_8192,mathd_algebra_190,0,none_8192__mathd_algebra_190__seed0,experiments/output/ace_x3_reproduction_20260918/configs/none_8192__mathd_algebra_190__seed0,True,False,1,"{'cache.yaml': 'dcfa01496fef08956663c10e653a5517963a764e854a7913751feab23f4bd53d', 'result.yaml': 'e5afb67aae828d1c0c1f30d7312e0744c43256516d3ef9d568725be4e96f5ad2'}",0.00048974,0.0005467899999999999,3751,2607,1141,174,0.0009589999999999999,5.705e-05
x3_8192,mathd_algebra_190,0,x3_8192__mathd_algebra_190__seed0,experiments/output/ace_x3_reproduction_20260918/configs/x3_8192__mathd_algebra_190__seed0,True,False,1,"{'cache.yaml': '8c4f1a5eb11415bbfd85f0409735431329ac5a9e245a092e3c779615ff6574aa', 'result.yaml': 'a6d22f9582605b43c56a3928308dfb5d3bf27e447652b7f99df19e8f11617608'}",0.00024066,0.00024066,5946,5943,0,101,0.0013103999999999998,0.0
none_32768,mathd_algebra_190,0,none_32768__mathd_algebra_190__seed0,experiments/output/ace_x3_reproduction_20260918/configs/none_32768__mathd_algebra_190__seed0,True,False,2,"{'cache.yaml': '4a16ee9f4fc541df739d0e5f34b52c6fd1e48abe59e44f5b9fccb7a8a7b1a1a1', 'result.yaml': 'b85345f711e99a32b01a8445967d6c9277a42558de3ca2fa6bcef6385cedc5e7'}",0.00034051999999999997,0.00034917,7675,7496,173,129,0.0016898,8.65e-06
none_8192,mathd_algebra_393,0,none_8192__mathd_algebra_393__seed0,experiments/output/ace_x3_reproduction_20260918/configs/none_8192__mathd_algebra_393__seed0,True,False,4,"{'cache.yaml': '08454e5b80e89b352733e4c3c022daa0187d1696da99289065fc11aa62675077', 'result.yaml': 'ffba32aa2c5e4cb23dfde3080201fbb426784aa837948b17fca91bd39d77db73'}",0.00499782,0.00547577,21912,12341,9559,2364,0.0072192,0.00047795
x3_8192,mathd_algebra_393,0,x3_8192__mathd_algebra_393__seed0,experiments/output/ace_x3_reproduction_20260918/configs/x3_8192__mathd_algebra_393__seed0,True,False,5,"{'cache.yaml': 'a8f6d079982416ef13428740cff855d76150bb04c75fce072b763474c646147b', 'result.yaml': '9f37e001fdaf87035a96e56d008b97db8ed9802d0e4beb2f56bd9dbf4fc490a5'}",0.00412786,0.0045878099999999995,37907,28693,9199,1426,0.0092926,0.00045995
none_32768,mathd_algebra_393,0,none_32768__mathd_algebra_393__seed0,experiments/output/ace_x3_reproduction_20260918/configs/none_32768__mathd_algebra_393__seed0,True,False,5,"{'cache.yaml': 'faad0448fdb08030ebb4a5f64a62417f0020cae5fd2081a8eaa90f64cd4d958d', 'result.yaml': 'f44b3c475a31031bff0ae1716f423bd58ac669e49b6b79ab0076e29e391459a7'}",0.00624046,0.00659066,27992,20973,7004,3681,0.0100156,0.0003502
x3_32768,mathd_algebra_393,0,x3_32768__mathd_algebra_393__seed0,experiments/output/ace_x3_reproduction_20260918/configs/x3_32768__mathd_algebra_393__seed0,True,False,3,"{'cache.yaml': 'b6341e2543aa51361c3d074ba9d72b3dbb8c3aba22ccf5eefaaf691cc93a4a5d', 'result.yaml': '7f331e6810339074259054bd0fcf66d8326d4138683590ab9c2fc16c7f3b11a9'}",0.0026657399999999998,0.0028826399999999997,20064,15717,4338,1235,0.005494799999999999,0.0002169
x3_8192,amc12a_2020_p21,0,x3_8192__amc12a_2020_p21__seed0,experiments/output/ace_x3_reproduction_20260918/configs/x3_8192__amc12a_2020_p21__seed0,False,False,27,"{'cache.yaml': '45f77b5b296e14e3229dc7877fac43d5d2da11b66b92ef7cf26ce8912eb1207f', 'result.yaml': 'd06a50e099e0ad65fa45082c836bde59bc18c171a5ae57faa47c9669280807b8'}",0.059923519999999994,0.06739036999999999,458014,308596,149337,19890,0.1154708,0.00746685
none_32768,amc12a_2020_p21,0,none_32768__amc12a_2020_p21__seed0,experiments/output/ace_x3_reproduction_20260918/configs/none_32768__amc12a_2020_p21__seed0,False,False,21,"{'cache.yaml': '17203c4ea87df9b15e8c943996bdabf1d4021a5e4ce035f3486b1c2c3077302b', 'result.yaml': '6cc02707fd768e13fe12cea96c537e5bd6ee01486911f2a24e5ed020dcfdad02'}",0.034533799999999996,0.03833535,220504,144410,76031,13689,0.060527599999999994,0.00380155
x3_32768,amc12a_2020_p21,0,x3_32768__amc12a_2020_p21__seed0,experiments/output/ace_x3_reproduction_20260918/configs/x3_32768__amc12a_2020_p21__seed0,False,False,25,"{'cache.yaml': '8a2d72089a730813e95449f9b8d8148b20579a477764e4048d68bb197197aae5', 'result.yaml': '3cae607815bec8187bc988de3314367bf6875a37e9702cb5fdbc6aa4105eefb8'}",0.038890259999999996,0.04228586,317970,249983,67912,16911,0.0838872,0.0033956
none_8192,amc12a_2020_p21,0,none_8192__amc12a_2020_p21__seed0,experiments/output/ace_x3_reproduction_20260918/configs/none_8192__amc12a_2020_p21__seed0,False,False,25,"{'cache.yaml': 'f77858806fcbb51e3960cd264456eb2a0fd65da405cb60f2c3dfde27c1cb861d', 'result.yaml': 'b0c884f8061d9c90d6cb2d8a5a66cb1f30b274c44d73c5c0663d15daa49b3638'}",0.06102652,0.06897386999999999,414128,255106,158947,20100,0.1069456,0.007947349999999999
none_32768,amc12a_2019_p21,0,none_32768__amc12a_2019_p21__seed0,experiments/output/ace_x3_reproduction_20260918/configs/none_32768__amc12a_2019_p21__seed0,False,False,14,"{'cache.yaml': '1e3f77bf6fddc5656844b85e2b2f29175809c171f89406917f1319c6f227b4e0', 'result.yaml': '11ea0df071f1b53d3a3d9e22a0f7808db32132238859b5cc60925e0bdef0cbf7'}",0.02427542,0.02849037,300682,216341,84299,2567,0.06321679999999999,0.004214949999999999
x3_32768,amc12a_2019_p21,0,x3_32768__amc12a_2019_p21__seed0,experiments/output/ace_x3_reproduction_20260918/configs/x3_32768__amc12a_2019_p21__seed0,False,False,33,"{'cache.yaml': '172d55a8b272286ecdcb62aff7d3db985d3fbce1f88fdc32962ed570e269a992', 'result.yaml': 'dd45782244e0a49078b04bb3ba71d9f95ec12589d6c881c090d5a71a01076772'}",0.03490496,0.03869176,607813,531978,75736,7582,0.130661,0.0037868
none_8192,amc12a_2019_p21,0,none_8192__amc12a_2019_p21__seed0,experiments/output/ace_x3_reproduction_20260918/configs/none_8192__amc12a_2019_p21__seed0,False,False,29,"{'cache.yaml': 'b69b7c009e35a7f5ba83298a7d53d5c305cfa35747aa5dbff57593ff90ca2822', 'result.yaml': 'a46d0fcc0244ccc7481ef7bd41189e5859c801f59aef58c68f06481158695979'}",0.05012792,0.05859892,492013,322506,169420,8147,0.108179,0.008471
x3_8192,amc12a_2019_p21,0,x3_8192__amc12a_2019_p21__seed0,experiments/output/ace_x3_reproduction_20260918/configs/x3_8192__amc12a_2019_p21__seed0,False,False,50,"{'cache.yaml': '8cd07c01b892f78c396612194be452709f4b7052ed27c492273ae86ec26d89d7', 'result.yaml': 'a3e2b98b5b7248f5c33e4c46aa06cba6c676966786f26920d9808a6694f8046d'}",0.05024568,0.05523973,1107225,1007194,99881,8413,0.23154059999999999,0.00499405
x3_32768,amc12b_2002_p3,0,x3_32768__amc12b_2002_p3__seed0,experiments/output/ace_x3_reproduction_20260918/configs/x3_32768__amc12b_2002_p3__seed0,True,False,11,"{'cache.yaml': '15a3e37583039aa4214800305db6ea531bee2e177a4b074103bf069d39aafb42', 'result.yaml': '9a774989949c9a7f3b2baa31a06f39a7da5ab00c1d976ee8dff7ca9d324184ef'}",0.02101968,0.02449388,138471,68954,69484,4781,0.0334314,0.0034741999999999998
none_8192,amc12b_2002_p3,0,none_8192__amc12b_2002_p3__seed0,experiments/output/ace_x3_reproduction_20260918/configs/none_8192__amc12b_2002_p3__seed0,True,False,7,"{'cache.yaml': 'ecce3494867d1a0e92a5493130c29a2e3b9b7f5e4cca9cd244fba0effa443ab0', 'result.yaml': '27b3a928d550a48e149d8a5c0c08ddf1129f234a537827165cf4ecf43194cfea'}",0.006283,0.0070687,48155,32420,15714,2073,0.0121186,0.0007857
x3_8192,amc12b_2002_p3,0,x3_8192__amc12b_2002_p3__seed0,experiments/output/ace_x3_reproduction_20260918/configs/x3_8192__amc12b_2002_p3__seed0,True,False,16,"{'cache.yaml': 'c2bf62192c4be923aa389e5a144a1876e7bdc768718e6455cd6a3e67a038833b', 'result.yaml': '81e90d59f6a4c61ba013eef0cef48405eb81919c5ad234c56ad8c9416c8b8e50'}",0.01627432,0.01795092,159956,126376,33532,5859,0.039022,0.0016765999999999999
none_32768,amc12b_2002_p3,0,none_32768__amc12b_2002_p3__seed0,experiments/output/ace_x3_reproduction_20260918/configs/none_32768__amc12b_2002_p3__seed0,True,False,3,"{'cache.yaml': 'aa6c549fba3be9b2f2e6aba6c5191064c93d18c1040c20ea141f707e790a597b', 'result.yaml': '44d9fc970864588f1f1cb95abeab0ee64cd187e7b366f186f6d9a8a896a2f02d'}",0.00146432,0.00153262,13441,12066,1366,790,0.0036362,6.829999999999999e-05
none_8192,mathd_algebra_214,0,none_8192__mathd_algebra_214__seed0,experiments/output/ace_x3_reproduction_20260918/configs/none_8192__mathd_algebra_214__seed0,True,False,1,"{'cache.yaml': '37c8b2a55d197d30f851f0825a75d2ff259974680ff27d859c70364ac515d65a', 'result.yaml': 'd28f480b8eb2265b15f3e522dc75e4fe506c18e028a44e7fe1f986830a81d2cd'}",0.00057374,0.00063709,3877,2607,1267,223,0.001043,6.335e-05
x3_8192,mathd_algebra_214,0,x3_8192__mathd_algebra_214__seed0,experiments/output/ace_x3_reproduction_20260918/configs/x3_8192__mathd_algebra_214__seed0,True,False,1,"{'cache.yaml': '294c938db0bf9b07e9ff0519cacd1cdaa60177f88b63b764d794eb3cd30f1c39', 'result.yaml': 'e5691cc0c5aba5759b764dde32f7fa8929553d806eb6e2590224ba5b4a4e57e8'}",0.0006590400000000001,0.0007238899999999999,6072,4772,1297,253,0.001518,6.484999999999999e-05
none_32768,mathd_algebra_214,0,none_32768__mathd_algebra_214__seed0,experiments/output/ace_x3_reproduction_20260918/configs/none_32768__mathd_algebra_214__seed0,True,False,1,"{'cache.yaml': '7b170b41d2ff839136fac7fd0052a776195cb028fb225176239ac5f9f844ff8f', 'result.yaml': '007e58c819946fac0a8a6c4f2dc7c52838b248a6d20e84a87c6fc9b986c10e75'}",0.00025687999999999997,0.00025687999999999997,3877,3874,0,149,0.0009542,0.0
x3_32768,mathd_algebra_214,0,x3_32768__mathd_algebra_214__seed0,experiments/output/ace_x3_reproduction_20260918/configs/x3_32768__mathd_algebra_214__seed0,True,False,1,"{'cache.yaml': '804605a9f2364f7a43d89fec4cdc0bf29e41d534eee450f7a09dbbd452de76ff', 'result.yaml': 'c0106993a36c17c79b940cde8122912cb91fe74bdb5c2970a899ce61a231629a'}",0.00039917999999999996,0.00039917999999999996,6072,6069,0,231,0.0014916,0.0
x3_8192,amc12a_2016_p3,0,x3_8192__amc12a_2016_p3__seed0,experiments/output/ace_x3_reproduction_20260918/configs/x3_8192__amc12a_2016_p3__seed0,False,False,21,"{'cache.yaml': '381590a97739e1a43152679a1e9c8df7dd8969612ae34a23783644e49e18c21e', 'result.yaml': '5982fd78fc8ecdfbeceed39dca449ac28cd1c876f6ebd75e20d33157758a729c'}",0.0615748,0.07034575,415742,240260,175419,18061,0.1048216,0.00877095
none_32768,amc12a_2016_p3,0,none_32768__amc12a_2016_p3__seed0,experiments/output/ace_x3_reproduction_20260918/configs/none_32768__amc12a_2016_p3__seed0,True,False,5,"{'cache.yaml': '2e1bc3e903cb9207951c0eb849257ac853f040a38fc676a50af9ae7dfa2ba649', 'result.yaml': 'bd60ddf9f713cd7c04998e169200d28ca82128ee867919dd57b1d5d8ecefbcc4'}",0.00523966,0.00588016,29378,16553,12810,1953,0.0082192,0.0006405
x3_32768,amc12a_2016_p3,0,x3_32768__amc12a_2016_p3__seed0,experiments/output/ace_x3_reproduction_20260918/configs/x3_32768__amc12a_2016_p3__seed0,True,False,8,"{'cache.yaml': '3776d257fb93e80a63b4239b51a300ce6874f22d72453fba76173c55f906bcd7', 'result.yaml': 'c2a5b8c1f709421e23222358871109a18c2346a594c5f86904f158f36c57134d'}",0.01117792,0.012345769999999999,71027,47646,23357,4624,0.0197542,0.00116785
none_8192,amc12a_2016_p3,0,none_8192__amc12a_2016_p3__seed0,experiments/output/ace_x3_reproduction_20260918/configs/none_8192__amc12a_2016_p3__seed0,True,False,13,"{'cache.yaml': 'ca4625d1a64677b2248bcd2fe606a5ed6837855758b2fe5a1f4178b3bcf48a8b', 'result.yaml': '966f5688cbb22d32c60f3db58a52bd21cb7f5c4e520011467ca3b7df99c7382b'}",0.03003278,0.03482268,136186,40349,95798,8382,0.0372956,0.0047899
none_32768,algebra_others_exirrpowirrrat,0,none_32768__algebra_others_exirrpowirrrat__seed0,experiments/output/ace_x3_reproduction_20260918/configs/none_32768__algebra_others_exirrpowirrrat__seed0,False,False,28,"{'cache.yaml': '5e58c7bde4212de9ebe184e41c19cbf1ca27a6db54419d05674f373254e77aa2', 'result.yaml': 'c54f50928a4711a6dd9206d81b884bcd50fec495045af8a7011135f266ca6182'}",0.03933522,0.044025619999999994,330873,236981,93808,13181,0.0819918,0.0046904
x3_32768,algebra_others_exirrpowirrrat,0,x3_32768__algebra_others_exirrpowirrrat__seed0,experiments/output/ace_x3_reproduction_20260918/configs/x3_32768__algebra_others_exirrpowirrrat__seed0,False,False,26,"{'cache.yaml': '959e052f0c3d4c514f8146a657cbf6351abeb56981987932b8a802f006c2a29a', 'result.yaml': '0d1d89967ddc319ef1022ba11ecc362e5c72c368774a6c43688caec2ab801c8e'}",0.03802646,0.04221191,443140,359353,83709,11735,0.10271,0.00418545
none_8192,algebra_others_exirrpowirrrat,0,none_8192__algebra_others_exirrpowirrrat__seed0,experiments/output/ace_x3_reproduction_20260918/configs/none_8192__algebra_others_exirrpowirrrat__seed0,False,False,41,"{'cache.yaml': 'f1dd293ca856d3c961a3bd832e6e16a99cc3c5bbc0f0a2a3d240b060e44b48f7', 'result.yaml': '8261c02e7f3c2dceadcd338c38241029d3d419802ece1b22156926e954b26184'}",0.06310148,0.07159243,750676,580734,169819,14582,0.1676336,0.008490949999999999
x3_8192,algebra_others_exirrpowirrrat,0,x3_8192__algebra_others_exirrpowirrrat__seed0,experiments/output/ace_x3_reproduction_20260918/configs/x3_8192__algebra_others_exirrpowirrrat__seed0,False,False,50,"{'cache.yaml': '7cf2592046db18bfb9812673f1e4c4afc9908f41d215714408d39bf839d5375c', 'result.yaml': '349022657dbd7ee9db7519b8ef45ab880c9fbedd0c58380c360d608078457420'}",0.0632794,0.07000195,909881,775280,134451,17378,0.2028298,0.00672255
x3_32768,induction_prod1p1onk3le3m1onn,0,x3_32768__induction_prod1p1onk3le3m1onn__seed0,experiments/output/ace_x3_reproduction_20260918/configs/x3_32768__induction_prod1p1onk3le3m1onn__seed0,False,False,19,"{'cache.yaml': '37705cbaf1bfdc71d2401c37f183fafd5d3d6633b84c386385114963f26ba299', 'result.yaml': '2b1c2c0457fc1422befc2378f16a5ea333208f1c37afa7a84c9b48459e820388'}",0.04106428,0.04698238,274763,156344,118362,11878,0.0692062,0.0059181
none_8192,induction_prod1p1onk3le3m1onn,0,none_8192__induction_prod1p1onk3le3m1onn__seed0,experiments/output/ace_x3_reproduction_20260918/configs/none_8192__induction_prod1p1onk3le3m1onn__seed0,False,False,25,"{'cache.yaml': 'caf97ab0faea0b3ae6591cb302a257ca2e42506f6312906959538f6c90d4f561', 'result.yaml': '9dc9935f1c76a81015fd2c905aaf2248b863f4bd8b7bcb58f7998d010f4f4041'}",0.06496394,0.07562344,409672,196407,213190,15319,0.1003172,0.010659499999999999
x3_8192,induction_prod1p1onk3le3m1onn,0,x3_8192__induction_prod1p1onk3le3m1onn__seed0,experiments/output/ace_x3_reproduction_20260918/configs/x3_8192__induction_prod1p1onk3le3m1onn__seed0,False,False,38,"{'cache.yaml': 'e8f29a2f2174d770d4b583cdd85824b42557f6b791f698606ffcbc98013f76d0', 'result.yaml': '0e37a6373a7bda46b255cf5a55b7800909f3b4c8e71872eadce78e3042bb39c2'}",0.06178026,0.06843410999999999,682554,549363,133077,20129,0.1606656,0.00665385
none_32768,induction_prod1p1onk3le3m1onn,0,none_32768__induction_prod1p1onk3le3m1onn__seed0,experiments/output/ace_x3_reproduction_20260918/configs/none_32768__induction_prod1p1onk3le3m1onn__seed0,False,False,22,"{'cache.yaml': '5eb57e93a41adfc1ad040b9002ec95b475e03d09a7c7dc9ab4392bf9545b053d', 'result.yaml': '3d24984a168f43501861a4e11fb224d263377753b85424114791bc53babe8497'}",0.040793199999999995,0.0468554,326390,205080,121244,10358,0.0777076,0.0060622
none_8192,amc12a_2008_p4,0,none_8192__amc12a_2008_p4__seed0,experiments/output/ace_x3_reproduction_20260918/configs/none_8192__amc12a_2008_p4__seed0,True,False,14,"{'cache.yaml': 'f1a1890a1882b8dc19dc86ba62154be048a754bf00b8ba82edc81e77ebcfc190', 'result.yaml': 'caf77519f4e92dd88e3c5baf818471ad379e1d1b178ceaa29cdb2975f2b5bcff'}",0.02157002,0.025022319999999997,119329,50241,69046,5623,0.0306134,0.0034522999999999997
x3_8192,amc12a_2008_p4,0,x3_8192__amc12a_2008_p4__seed0,experiments/output/ace_x3_reproduction_20260918/configs/x3_8192__amc12a_2008_p4__seed0,False,False,32,"{'cache.yaml': 'faa1fb8f751fb186894b5f5b7519843a0bc6818d143be022bdf928ffe23a3398', 'result.yaml': 'b98c0c5d555f80424dabf804af08487462bdb9b755e14b6b1d2050282316c612'}",0.06388189999999999,0.07311115,452326,267645,184585,17994,0.11205799999999999,0.00922925
none_32768,amc12a_2008_p4,0,none_32768__amc12a_2008_p4__seed0,experiments/output/ace_x3_reproduction_20260918/configs/none_32768__amc12a_2008_p4__seed0,False,False,44,"{'cache.yaml': '30e62c2e300b3c2557f5c4a5b9431ab07754b7fcae1938232a88eebb6ba1d9df', 'result.yaml': 'f16024d13898e9976c3ff8b0106d209b5c196fa8ac443b9cb4d18f550082d98b'}",0.03007836,0.03217821,534717,492588,41997,9834,0.1187442,0.00209985
x3_32768,amc12a_2008_p4,0,x3_32768__amc12a_2008_p4__seed0,experiments/output/ace_x3_reproduction_20260918/configs/x3_32768__amc12a_2008_p4__seed0,True,False,14,"{'cache.yaml': '900652d6c7d960018977b5bd2c22ab33f5abb2066e75a7143889c78f25b031b1', 'result.yaml': '782d364dcabce2ea5d3de34bff1708bb69c850dd63473b3b077341d01985017c'}",0.026127619999999997,0.02996337,155128,78371,76715,7674,0.0402344,0.0038357499999999998
x3_8192,imo_1960_p2,0,x3_8192__imo_1960_p2__seed0,experiments/output/ace_x3_reproduction_20260918/configs/x3_8192__imo_1960_p2__seed0,True,False,6,"{'cache.yaml': '4cf0627fdf682d4fcff833845021078e7d19f2fbe80b480d4126948cfab73931', 'result.yaml': 'e87d31072847d0d795c2fc5bb848ee61b7a73605b96345bbc8a05747e6cd2466'}",0.006838599999999999,0.007443099999999999,50318,38210,12090,3044,0.013716399999999998,0.0006045
none_32768,imo_1960_p2,0,none_32768__imo_1960_p2__seed0,experiments/output/ace_x3_reproduction_20260918/configs/none_32768__imo_1960_p2__seed0,True,False,8,"{'cache.yaml': 'dcbf942b442bd77d539cbc376a65eb36183b16ba83e1ad7eda22cc485177284d', 'result.yaml': '5e7dfd96d7928c59fa8360fcac5b15aa1aeaaf237ea5bef2646cc4c87aa56080'}",0.00640532,0.00717427,44119,28716,15379,2292,0.0115742,0.00076895
x3_32768,imo_1960_p2,0,x3_32768__imo_1960_p2__seed0,experiments/output/ace_x3_reproduction_20260918/configs/x3_32768__imo_1960_p2__seed0,True,False,30,"{'cache.yaml': '3c7171c6b3296e0ad4ad47c11ee62e2ba8883453e7449ddc56e3c4567c1d0f5e', 'result.yaml': 'f2f63dabaee08e3ce72ff72aba8ffe294058f02c69dea98615dd6fb83a241a9a'}",0.02630876,0.028734759999999998,329908,281298,48520,9134,0.0769424,0.0024259999999999998
none_8192,imo_1960_p2,0,none_8192__imo_1960_p2__seed0,experiments/output/ace_x3_reproduction_20260918/configs/none_8192__imo_1960_p2__seed0,True,False,12,"{'cache.yaml': 'e01ab480c1795449ea9bc0903e577d0e6323f72318fbcb6195a22b874c3f9e30', 'result.yaml': '0835848a8c1dfd19e1fd4660c2b800c9948eb1b60e13d834383278858885ade5'}",0.0178773,0.0199442,108099,66725,41338,6890,0.0298878,0.0020669
x3_8192,mathd_algebra_282,1,x3_8192__mathd_algebra_282__seed1,experiments/output/ace_x3_reproduction_20260918/configs/x3_8192__mathd_algebra_282__seed1,False,False,50,"{'cache.yaml': '54122443927518f3c809e8f92fa4e50a29aa6456c0380f31ff00ba760517dedd', 'result.yaml': '1fbdca8d98e35b8e37407df5897eeb5a53db3c244707288af4a79e279e294f9d'}",0.04865332,0.05224697,1212719,1140696,71873,9529,0.2539786,0.00359365
none_8192,mathd_algebra_282,1,none_8192__mathd_algebra_282__seed1,experiments/output/ace_x3_reproduction_20260918/configs/none_8192__mathd_algebra_282__seed1,False,False,59,"{'cache.yaml': '5ede86b64e30dea2dc55d367428fb401a326200f2be3c66f2fcba84cb1351c90', 'result.yaml': '862e341c22bcbfc897ccd1f733beb065f5ac1fb2a9172f810405fcc20591ba0e'}",0.05839878,0.06382833,1321947,1213179,108591,10318,0.276771,0.00542955
x3_32768,mathd_algebra_282,1,x3_32768__mathd_algebra_282__seed1,experiments/output/ace_x3_reproduction_20260918/configs/x3_32768__mathd_algebra_282__seed1,False,False,32,"{'cache.yaml': 'b1810865785bfe4c504994973e6c2a013187bd15f5cfc89973f37b9db37797f4', 'result.yaml': 'eaf44c709ab3790dde72425df7028436eeb5fcb8d52f737f69ae6987fccbc6b7'}",0.03390716,0.03696121,609145,547968,61081,8927,0.1325414,0.00305405
none_32768,mathd_algebra_282,1,none_32768__mathd_algebra_282__seed1,experiments/output/ace_x3_reproduction_20260918/configs/none_32768__mathd_algebra_282__seed1,False,False,40,"{'cache.yaml': 'ed6da2298191f0569d6cb0dcd64156e5985b2bf225d3be810ede6010f76dca9e', 'result.yaml': 'ecf9c0e29746efe2ed6b9f071fb9c0bb1ad96fae4aaa5c22d941aeaab4ff3894'}",0.0288005,0.0305771,731917,696265,35532,6454,0.1541282,0.0017766
none_32768,mathd_numbertheory_33,1,none_32768__mathd_numbertheory_33__seed1,experiments/output/ace_x3_reproduction_20260918/configs/none_32768__mathd_numbertheory_33__seed1,True,False,10,"{'cache.yaml': '8ab624f8afbfe2667313b9a41ae18b13b020c84365398cd2895f68d4a0155109', 'result.yaml': '8f764e3f45d7177a205031a51a3c8e2b95bce78868a9d993f569d853006bb86b'}",0.0058083,0.0062537,61413,52475,8908,2476,0.0152538,0.0004454
x3_8192,mathd_numbertheory_33,1,x3_8192__mathd_numbertheory_33__seed1,experiments/output/ace_x3_reproduction_20260918/configs/x3_8192__mathd_numbertheory_33__seed1,True,False,2,"{'cache.yaml': '570442550fbe725891bede0f88438585f5ba2718b53f36bfe3d9e7e93c3180e3', 'result.yaml': 'a8b3bbb5ad4d873da0dbdae56400e3479fe144aa7b30b30a51fc5fd757538437'}",0.00059848,0.00061143,12119,11854,259,257,0.0027321999999999997,1.295e-05
none_8192,mathd_numbertheory_33,1,none_8192__mathd_numbertheory_33__seed1,experiments/output/ace_x3_reproduction_20260918/configs/none_8192__mathd_numbertheory_33__seed1,True,False,5,"{'cache.yaml': '8e6a6a62111be96cbdf330f9f66b35c4386abe7bc0823d59f4541c100b269ac1', 'result.yaml': '080c16e16f370891f1914ad38a93e0896f569aed82953868332ca7d0d7d41732'}",0.00263724,0.00292299,25272,19542,5715,917,0.0061548,0.00028575
x3_32768,mathd_numbertheory_33,1,x3_32768__mathd_numbertheory_33__seed1,experiments/output/ace_x3_reproduction_20260918/configs/x3_32768__mathd_numbertheory_33__seed1,True,False,2,"{'cache.yaml': '4f59c6f67fd2b3a9bddb1a9cfc586b232156c51f6643fc79c0a79f4479ea4701', 'result.yaml': '1df6e63ae903077792a6ecdbbdb2d5df2fb193c90b18da8012a8db2fcde34504'}",0.00075008,0.0007664299999999999,12187,11854,327,372,0.0028837999999999997,1.6349999999999998e-05
x3_32768,amc12a_2002_p6,1,x3_32768__amc12a_2002_p6__seed1,experiments/output/ace_x3_reproduction_20260918/configs/x3_32768__amc12a_2002_p6__seed1,True,False,1,"{'cache.yaml': '13522a9c5604cc5b2b7045f9bc85d85f4f5ec3a2bd2407c363edab360a34f578', 'result.yaml': '14b3f2a9f58724de857f00b2c7ceb13f92c968fdbc454c4d091ece503990f485'}",0.00034503999999999996,0.00034503999999999996,6005,6002,0,187,0.0014254,0.0
none_32768,amc12a_2002_p6,1,none_32768__amc12a_2002_p6__seed1,experiments/output/ace_x3_reproduction_20260918/configs/none_32768__amc12a_2002_p6__seed1,True,False,1,"{'cache.yaml': 'e04bfcb565706435f37f1db943a82d69abd46d36b9339e4bceac305c538ace8a', 'result.yaml': 'aaa07d1da19aa98e71735cb91ce8b9d25871a01d04ca4cc711e63ac71ee41120'}",0.00027114,0.00027114,3810,3807,0,162,0.0009563999999999999,0.0
x3_8192,amc12a_2002_p6,1,x3_8192__amc12a_2002_p6__seed1,experiments/output/ace_x3_reproduction_20260918/configs/x3_8192__amc12a_2002_p6__seed1,True,False,1,"{'cache.yaml': '75a4f10567a1f02b95e2502e6770ad5c58b6d508937654b9fe0400afc6c6930c', 'result.yaml': 'b836902c490bdaf283d5fc2048fe77f30eea5297a1c3d674867b59f76e704cc7'}",0.00035104,0.00035104,6005,6002,0,192,0.0014314,0.0
none_8192,amc12a_2002_p6,1,none_8192__amc12a_2002_p6__seed1,experiments/output/ace_x3_reproduction_20260918/configs/none_8192__amc12a_2002_p6__seed1,True,False,1,"{'cache.yaml': '3ba4f733d49a4a20464077a1deaf095302919f3cfbb4dc37c3b1bfbd33bf0b25', 'result.yaml': '07c4175d724664285955dc0792c81ed89f7a0b7275734bc56c8d895ae8a7999d'}",0.00022313999999999998,0.00022313999999999998,3810,3807,0,122,0.0009084,0.0
none_8192,mathd_algebra_433,1,none_8192__mathd_algebra_433__seed1,experiments/output/ace_x3_reproduction_20260918/configs/none_8192__mathd_algebra_433__seed1,True,False,5,"{'cache.yaml': 'e752200f8fb856dd0038e7f2b08ff7416f2f708b041b4394d2fe0c45af3d3f5a', 'result.yaml': '1f20487664f426ca2cdd666ded5f3e9bac2a6b23dd0e271943bec5f2daa995e0'}",0.0030646999999999996,0.0034696999999999996,24760,16645,8100,924,0.0060608,0.000405
x3_32768,mathd_algebra_433,1,x3_32768__mathd_algebra_433__seed1,experiments/output/ace_x3_reproduction_20260918/configs/x3_32768__mathd_algebra_433__seed1,True,False,4,"{'cache.yaml': 'fa733a1febf7f223adf3d72bb1802428c82248661bf0fa091e4f8a5f60abe8c3', 'result.yaml': '5fdf3a544c56ef8c300bf915d7d85f4d099b88542214258b885c8f8cb1777028'}",0.0021961000000000003,0.0024408,27611,22705,4894,634,0.0062829999999999995,0.0002447
none_32768,mathd_algebra_433,1,none_32768__mathd_algebra_433__seed1,experiments/output/ace_x3_reproduction_20260918/configs/none_32768__mathd_algebra_433__seed1,True,False,4,"{'cache.yaml': 'fbefaf518fb2bf18de43be5250a8c5162bd631d2bcf0779d695ef3807c3af782', 'result.yaml': 'd068e48e603011337883f35125526f3b6506c150383daded251886c3850246de'}",0.0019966,0.0022518,19166,14050,5104,577,0.004525599999999999,0.00025519999999999997
x3_8192,mathd_algebra_433,1,x3_8192__mathd_algebra_433__seed1,experiments/output/ace_x3_reproduction_20260918/configs/x3_8192__mathd_algebra_433__seed1,True,False,5,"{'cache.yaml': 'b6584881a3d3d392199ac176e41f48c0cdbf44f461dc9921677d08cadc4276f9', 'result.yaml': '65a37e71194d1254e264e233a5822c6c1c83d34b0266091a222c29968573b425'}",0.0031952,0.0035815999999999995,35233,27490,7728,914,0.0081434,0.00038639999999999996
x3_8192,mathd_numbertheory_43,1,x3_8192__mathd_numbertheory_43__seed1,experiments/output/ace_x3_reproduction_20260918/configs/x3_8192__mathd_numbertheory_43__seed1,False,False,26,"{'cache.yaml': '255ca31ee13602a24643efbddca793fb4c96edcd5d665fb8bc105e02a03873d9', 'result.yaml': '280f943e302027bcbe671c4e3468570444480dd87081b4d69c74f04dc44742d8'}",0.0165357,0.0176073,331575,310065,21432,5027,0.07234739999999999,0.0010716
none_8192,mathd_numbertheory_43,1,none_8192__mathd_numbertheory_43__seed1,experiments/output/ace_x3_reproduction_20260918/configs/none_8192__mathd_numbertheory_43__seed1,False,False,26,"{'cache.yaml': '0d717cb20b3b9b14e2e2d7adc25ba1dab9adce4fccbee80f8cc33bd1ec8ac806', 'result.yaml': '36dd2493360205c7f16a9cdc8d93068ee4cd96fc2fa18295371da0ce95ea1112'}",0.0326192,0.0358685,309124,244060,64986,12271,0.07654999999999999,0.0032492999999999997
x3_32768,mathd_numbertheory_43,1,x3_32768__mathd_numbertheory_43__seed1,experiments/output/ace_x3_reproduction_20260918/configs/x3_32768__mathd_numbertheory_43__seed1,False,False,31,"{'cache.yaml': 'cb69a466cea1b97f7da798000c85cbdb4f4e3af49589b40aa5d2201c793da832', 'result.yaml': '39b6e46992dc55be35f83fd2901c1b3f9d28dd6411043b36eddda439594d82dc'}",0.02489414,0.02652754,457798,425037,32668,8201,0.1014008,0.0016334
none_32768,mathd_numbertheory_43,1,none_32768__mathd_numbertheory_43__seed1,experiments/output/ace_x3_reproduction_20260918/configs/none_32768__mathd_numbertheory_43__seed1,False,False,26,"{'cache.yaml': '81560af8a1d5cab441dd32998fe5dd9d3ba85ec955097da7e9a4ba5cdd954cab', 'result.yaml': '1afdaaa102213ca5971c08e2cf5e5dc893a631bc798a9d1b47cb992f14440c45'}",0.0302885,0.03392355,292114,219335,72701,9455,0.06976879999999999,0.00363505
none_32768,aime_1991_p9,1,none_32768__aime_1991_p9__seed1,experiments/output/ace_x3_reproduction_20260918/configs/none_32768__aime_1991_p9__seed1,False,False,20,"{'cache.yaml': '4d7bd04d2c5bc81d787ef94e1f2ef97690f2d5b804daefcb465008acd64f5920', 'result.yaml': 'ad42aad0c3b4e6842b4469764d6d8c594e65dc4651cbd55b37e81e6724d67e2e'}",0.03972954,0.04566769,213090,94267,118763,11733,0.0566976,0.00593815
x3_8192,aime_1991_p9,1,x3_8192__aime_1991_p9__seed1,experiments/output/ace_x3_reproduction_20260918/configs/x3_8192__aime_1991_p9__seed1,True,False,20,"{'cache.yaml': 'acf14c6231b785f1d16ca2dd56dd5d3c88c1bf6598d4975e280c4a7c96b5065c', 'result.yaml': '4d0c1b9661697c30bf18da57a96376e5134198b6e46f9c5f07d6ef3c9287176e'}",0.04065908,0.04577973,265237,162764,102413,14091,0.0699566,0.00512065
none_8192,aime_1991_p9,1,none_8192__aime_1991_p9__seed1,experiments/output/ace_x3_reproduction_20260918/configs/none_8192__aime_1991_p9__seed1,False,False,35,"{'cache.yaml': 'f6bee4625f8ea3283f7103265e7f35df47b5b1c434dbe164e55785686cbb03bc', 'result.yaml': '3aacb645ccdd3b2d41a3a9ba1f55b2c2bf3034475730311fa3abe3063cadf943'}",0.06731886,0.07754071,528285,323743,204437,16613,0.1255926,0.01022185
x3_32768,aime_1991_p9,1,x3_32768__aime_1991_p9__seed1,experiments/output/ace_x3_reproduction_20260918/configs/x3_32768__aime_1991_p9__seed1,True,False,20,"{'cache.yaml': '62ddbc64b127d3e8b036ed978eaf6b21acc22e91ee7cf9a19e5c97cffcc40e2d', 'result.yaml': 'eeb40cad77ee283facce91b16129ded9009abff24e0afca4f8bc9704aa651cbc'}",0.03008686,0.03385431,232142,156733,75349,9892,0.0582988,0.00376745
x3_32768,amc12_2000_p12,1,x3_32768__amc12_2000_p12__seed1,experiments/output/ace_x3_reproduction_20260918/configs/x3_32768__amc12_2000_p12__seed1,False,False,13,"{'cache.yaml': '9660f6994c4594b5735350da9fac69c0ee05d8826f44476072198ef78452cb5d', 'result.yaml': 'f391d997b916c0776cc6333beaa8d1e2506af0065bddc2fa3358303156b74f29'}",0.02894594,0.031079939999999997,112306,69587,42680,15842,0.0414716,0.002134
none_32768,amc12_2000_p12,1,none_32768__amc12_2000_p12__seed1,experiments/output/ace_x3_reproduction_20260918/configs/none_32768__amc12_2000_p12__seed1,True,False,12,"{'cache.yaml': '9f1fb37b8985101ffec5d1a33bdcf7cc13549cfbc3e063be8cb267863394fa3b', 'result.yaml': '8e414dc33925888d691ca9dce457170da858d7d29be686a44f29cb156835d61c'}",0.02096924,0.022612289999999997,83209,50312,32861,11153,0.030025399999999997,0.0016430499999999998
x3_8192,amc12_2000_p12,1,x3_8192__amc12_2000_p12__seed1,experiments/output/ace_x3_reproduction_20260918/configs/x3_8192__amc12_2000_p12__seed1,True,False,15,"{'cache.yaml': '1d7c95b7575ee900e7d454fbdc5599cafa47212fee69adae2e434dc453d9d384', 'result.yaml': '857d4a6e736c0479b56a24dd558ccf86c6d0d35bafe3132f7214def64c3bb768'}",0.03832754,0.04201729,162457,88617,73795,18156,0.054278599999999996,0.00368975
none_8192,amc12_2000_p12,1,none_8192__amc12_2000_p12__seed1,experiments/output/ace_x3_reproduction_20260918/configs/none_8192__amc12_2000_p12__seed1,True,False,9,"{'cache.yaml': 'fdf4b907afae5957be46c06729296e76cf44d2c6607a22b9b13c2ecb41d6c2fd', 'result.yaml': '3918e68aa92b8b140db1d473336c01ba3eb8acf078f55e4920e2d4c5669960f2'}",0.01200048,0.01268793,47820,34044,13749,7137,0.0181284,0.00068745
none_8192,imo_1984_p6,1,none_8192__imo_1984_p6__seed1,experiments/output/ace_x3_reproduction_20260918/configs/none_8192__imo_1984_p6__seed1,False,False,21,"{'cache.yaml': '478b236b947658f4e9235e1cffe4924692dc65c97c2d14bd9bc2a7e2e97d6c03', 'result.yaml': '10769e2c175611da8a129cd22fb778da773be2178eba8289a1dfe32e539e76b1'}",0.04463486,0.05121641,263497,131803,131631,13050,0.0683594,0.006581549999999999
x3_32768,imo_1984_p6,1,x3_32768__imo_1984_p6__seed1,experiments/output/ace_x3_reproduction_20260918/configs/x3_32768__imo_1984_p6__seed1,False,False,15,"{'cache.yaml': '26f95dcb7345e1bc2123d0a4c333d75752bcf036a0039358a00b5e9a18290070', 'result.yaml': '4392f03da00f3b09f835dcaf125dfb4bc279a103e833f99c61f8770da0eabb2f'}",0.01430798,0.01559838,165262,139409,25808,5291,0.039401599999999995,0.0012904
none_32768,imo_1984_p6,1,none_32768__imo_1984_p6__seed1,experiments/output/ace_x3_reproduction_20260918/configs/none_32768__imo_1984_p6__seed1,False,False,11,"{'cache.yaml': 'b7f06853bfa1597f8a41de35e9f45f367c6167029f8665ee1e386db895d1ffc2', 'result.yaml': 'c2565c8d07e4049578f5b8102e13470e37beacac0d5c09861e78ba2a3e71fdaf'}",0.01305828,0.014120879999999999,99309,78024,21252,6034,0.027102599999999998,0.0010626
x3_8192,imo_1984_p6,1,x3_8192__imo_1984_p6__seed1,experiments/output/ace_x3_reproduction_20260918/configs/x3_8192__imo_1984_p6__seed1,False,False,54,"{'cache.yaml': 'c94d3f54065dab78456710e4c8ad54aa0de6dcccc9e9d37cda85df16fd622293', 'result.yaml': '86d74b2353c9b15b46f828e7af20c16e876215d5c211cdf6e581f984e53439d3'}",0.0492797,0.0523158,1175869,1114985,60722,12336,0.24997699999999998,0.0030361
x3_8192,mathd_algebra_251,1,x3_8192__mathd_algebra_251__seed1,experiments/output/ace_x3_reproduction_20260918/configs/x3_8192__mathd_algebra_251__seed1,True,False,1,"{'cache.yaml': '6d9beb6f9bc01ec4119932d3b93ca37adbd3be375734c57dba30f53d48148f4d', 'result.yaml': 'b536a769c005af6ce5fbed94c9d92a555b3432f27d910b2f1737094073e70eb9'}",0.0006046599999999999,0.0006046599999999999,5966,5963,0,404,0.0016779999999999998,0.0
none_8192,mathd_algebra_251,1,none_8192__mathd_algebra_251__seed1,experiments/output/ace_x3_reproduction_20260918/configs/none_8192__mathd_algebra_251__seed1,True,False,4,"{'cache.yaml': '4b6533797f7debab6a53d6d75246a9c584289902b0a1e18a57d4ccf1ceef1ba7', 'result.yaml': '984885ec56cc9e392d1fb485b6a4b72afe3440b89075dcac8ff4004ab8a41b17'}",0.00422098,0.00459098,19001,11589,7400,2089,0.006306999999999999,0.00037
x3_32768,mathd_algebra_251,1,x3_32768__mathd_algebra_251__seed1,experiments/output/ace_x3_reproduction_20260918/configs/x3_32768__mathd_algebra_251__seed1,True,False,1,"{'cache.yaml': 'aa864e5ee962f6cee42fcfe119298b34c1a03909c7e5b86355e48476aca1d684', 'result.yaml': 'df2bc6efbff45f4dca15d2c508efca82800855af34dc2c46b845da7e8650d9b6'}",0.00054106,0.00054106,5966,5963,0,351,0.0016144,0.0
none_32768,mathd_algebra_251,1,none_32768__mathd_algebra_251__seed1,experiments/output/ace_x3_reproduction_20260918/configs/none_32768__mathd_algebra_251__seed1,True,False,7,"{'cache.yaml': 'd611efc874e533e9c544b8e8dc35a9dfbc7f9608e6f0c6f82f94f6afd92d45d3', 'result.yaml': '6bb68b34797d98a1bfd05214485d5799a8957c5aafd7b4abe27df5bac17f6ca5'}",0.00376242,0.00395112,34446,30651,3774,1992,0.0092796,0.00018869999999999998
none_32768,mathd_numbertheory_303,1,none_32768__mathd_numbertheory_303__seed1,experiments/output/ace_x3_reproduction_20260918/configs/none_32768__mathd_numbertheory_303__seed1,False,False,32,"{'cache.yaml': '3edd51372202dab67846b86d5809107d959ba05b9fe06b31fb5703ea698c516e', 'result.yaml': 'cbe4113537786fd89331634b60094fa41a52470b468547fa86de8df468313595'}",0.03846228,0.04142883,378471,319044,59331,16830,0.0958902,0.0029665499999999997
x3_8192,mathd_numbertheory_303,1,x3_8192__mathd_numbertheory_303__seed1,experiments/output/ace_x3_reproduction_20260918/configs/x3_8192__mathd_numbertheory_303__seed1,False,False,26,"{'cache.yaml': '12837bc49981f7b2de17a7cea3c9db4adf362550750bf2ee22c0b810845bd964', 'result.yaml': '4ef464061cbe88dd0558b2ddc2df197af0d050237944fb682026cb143b091f25'}",0.06434137999999999,0.07265057999999999,431911,265649,166184,21480,0.1121582,0.0083092
none_8192,mathd_numbertheory_303,1,none_8192__mathd_numbertheory_303__seed1,experiments/output/ace_x3_reproduction_20260918/configs/none_8192__mathd_numbertheory_303__seed1,False,False,46,"{'cache.yaml': '8f474bc7d43916d39d5641670f18c8a32fb0a172d2431a8bfd7d14abbfb066e2', 'result.yaml': '03a9cc7b30bdd507ba6b172913a23ee48cfead22f9caf4635b3581d001f2a766'}",0.061540939999999995,0.06815109,574078,441737,132203,21865,0.1410536,0.0066101499999999995
x3_32768,mathd_numbertheory_303,1,x3_32768__mathd_numbertheory_303__seed1,experiments/output/ace_x3_reproduction_20260918/configs/x3_32768__mathd_numbertheory_303__seed1,False,False,21,"{'cache.yaml': '9be13127095adcd7053acffb484c6ac8d35ed338c4c629262df164bf5f4b395e', 'result.yaml': '9a1ddf1a0ab3d11a83188aa977b94d61daab624b33f4d2910492e3b67c609af1'}",0.03447282,0.03727337,366195,310121,56011,14213,0.0902946,0.0028005499999999997
x3_32768,aime_1989_p8,1,x3_32768__aime_1989_p8__seed1,experiments/output/ace_x3_reproduction_20260918/configs/x3_32768__aime_1989_p8__seed1,True,False,1,"{'cache.yaml': '2b48244aeddd8f36cabc027163a00ef5e679f95c344d697b1ba31a3186064243', 'result.yaml': '30b6eeee3c49602a52c032bb639c24f8a8b04144f4eb28d526e96df8d6cfd48c'}",0.00023279999999999997,0.00023279999999999997,6573,6570,0,84,0.0014154,0.0
none_32768,aime_1989_p8,1,none_32768__aime_1989_p8__seed1,experiments/output/ace_x3_reproduction_20260918/configs/none_32768__aime_1989_p8__seed1,True,False,1,"{'cache.yaml': '3f06607447a042f101b1487d193e1bd021d2d744a82736124b4358cc8e0603fa', 'result.yaml': '1bfe3576772961243d37cc8926090843e38948298265e956b045d3661201b959'}",0.0001769,0.0001769,4378,4375,0,74,0.0009643999999999999,0.0
x3_8192,aime_1989_p8,1,x3_8192__aime_1989_p8__seed1,experiments/output/ace_x3_reproduction_20260918/configs/x3_8192__aime_1989_p8__seed1,True,False,1,"{'cache.yaml': '26df58451fec0e0c8d670858c5bff8e0e2fc8883102a7ba69761303a83f2200b', 'result.yaml': '9f06f4c734dcf3327029a2ead8ee95a74e0262b551316a4c81727a4b1b101a29'}",0.0002556,0.0002556,6573,6570,0,103,0.0014382,0.0
none_8192,aime_1989_p8,1,none_8192__aime_1989_p8__seed1,experiments/output/ace_x3_reproduction_20260918/configs/none_8192__aime_1989_p8__seed1,True,False,1,"{'cache.yaml': 'd1b8027f54045c07a1430bba75a6eb1d845d6bbd0089a3b5852a064240d07b3d', 'result.yaml': '775eb583aa23a3ec6da18a1b7f0455c8fb79da71a72276eb66ae9db1dac70940'}",0.0001541,0.0001541,4378,4375,0,55,0.0009415999999999999,0.0
none_8192,mathd_numbertheory_530,1,none_8192__mathd_numbertheory_530__seed1,experiments/output/ace_x3_reproduction_20260918/configs/none_8192__mathd_numbertheory_530__seed1,False,False,39,"{'cache.yaml': 'aa4a7b669f240f8a5583447cdc1a883bf10558dfb17a3533551239a9fab66b77', 'result.yaml': '4cb055f7c933ad9707110bb3e003121bd5b9743eb882c66ec90099c65fcc4116'}",0.06661794,0.07655004,666186,467427,198642,14598,0.1507548,0.0099321
x3_32768,mathd_numbertheory_530,1,x3_32768__mathd_numbertheory_530__seed1,experiments/output/ace_x3_reproduction_20260918/configs/x3_32768__mathd_numbertheory_530__seed1,False,False,24,"{'cache.yaml': '042231ba80e10d78c202f597e99e2d01fa96d920db1535a7fbd6ce454804e6f3', 'result.yaml': 'ee7e1c6098396578fe953ea6a34631567a95abb6a768c179d39a2269c091628a'}",0.04008134,0.04567799,396202,284197,111933,9997,0.09123679999999999,0.00559665
none_32768,mathd_numbertheory_530,1,none_32768__mathd_numbertheory_530__seed1,experiments/output/ace_x3_reproduction_20260918/configs/none_32768__mathd_numbertheory_530__seed1,False,False,30,"{'cache.yaml': '05c8627c89935d7663aa6f0628978ab956a49d31172e78820be3a7248d1f6d57', 'result.yaml': '56f7f1ddbc89df4b9ec65fb45c1d79c0ee45630998ed5165c6a079626fef6758'}",0.03996056,0.04497181,433093,332778,100225,11035,0.0998606,0.00501125
x3_8192,mathd_numbertheory_530,1,x3_8192__mathd_numbertheory_530__seed1,experiments/output/ace_x3_reproduction_20260918/configs/x3_8192__mathd_numbertheory_530__seed1,False,False,24,"{'cache.yaml': '7fc71b9aa5ed03617cb921e132d89ead99544f71039da68a0d1ab3e997c3803c', 'result.yaml': '823d7a1f21d616c2a5969743f0b997b1c81246eacfec1d96baba0fe2317e62b2'}",0.06586844,0.07654814,437608,223942,213594,15547,0.106178,0.010679699999999999
x3_8192,mathd_numbertheory_64,1,x3_8192__mathd_numbertheory_64__seed1,experiments/output/ace_x3_reproduction_20260918/configs/x3_8192__mathd_numbertheory_64__seed1,False,False,23,"{'cache.yaml': '21229cfd434a240a4a3fdd7c51c582704e0e5b258e9589ce685d94848bf3587a', 'result.yaml': '7157fb8319aac6102602fe4638a192b6025777189a1331e72c259755c56ffee6'}",0.01549516,0.01666321,227588,204158,23361,5605,0.0522436,0.00116805
none_8192,mathd_numbertheory_64,1,none_8192__mathd_numbertheory_64__seed1,experiments/output/ace_x3_reproduction_20260918/configs/none_8192__mathd_numbertheory_64__seed1,True,False,6,"{'cache.yaml': '855d2f8e7e41a50b023b2c1d497d29ec44d52af09e1fd05500fec8c1ffee101c', 'result.yaml': '4eaa0a7f631a76b3d27a36768ee0c1a297fd9b521a3d642b1cd57bb8a991aaea'}",0.0055216,0.0060805500000000005,39827,28630,11179,2258,0.010674999999999999,0.00055895
x3_32768,mathd_numbertheory_64,1,x3_32768__mathd_numbertheory_64__seed1,experiments/output/ace_x3_reproduction_20260918/configs/x3_32768__mathd_numbertheory_64__seed1,True,False,8,"{'cache.yaml': '29e53bfbc110c885562cf3d2bf33feb7eba9ac0c8a6b1e7b67e6426e1fa4407d', 'result.yaml': '809428e68a2c0d1cabaa11b0aff66d9bc773e9e6a155ba1cca2fdcd4a9fcb183'}",0.0051908200000000005,0.00565702,63869,54521,9324,1859,0.0150046,0.0004662
none_32768,mathd_numbertheory_64,1,none_32768__mathd_numbertheory_64__seed1,experiments/output/ace_x3_reproduction_20260918/configs/none_32768__mathd_numbertheory_64__seed1,True,False,10,"{'cache.yaml': 'a104d6d1310d298f7ee32f5cfbbb5a21f00e2ce92a8dbd26708f724a522d6bbc', 'result.yaml': '6909fc4dccce4041842b0b1af30bda5f92b9f34c782086d83bf83c651a101279'}",0.01113234,0.01158974,56955,47777,9148,6951,0.0197322,0.0004574
none_32768,imo_1969_p2,1,none_32768__imo_1969_p2__seed1,experiments/output/ace_x3_reproduction_20260918/configs/none_32768__imo_1969_p2__seed1,False,False,23,"{'cache.yaml': '9326a7a182627510532a6e43b4f6a5e5f98e4b0491ed31373ff3dcad1c4eefb4', 'result.yaml': 'dbf41c3f171de48a3d22d22e09d987719995b4767860cdd18c2766bd5008b1e6'}",0.042668319999999996,0.04808837,273926,165456,108401,14721,0.0724504,0.00542005
x3_8192,imo_1969_p2,1,x3_8192__imo_1969_p2__seed1,experiments/output/ace_x3_reproduction_20260918/configs/x3_8192__imo_1969_p2__seed1,False,False,22,"{'cache.yaml': 'ce26e7eee70c76e098b8b43595516341ce43d230efbef5115bcc195e2a97d87c', 'result.yaml': '3b59304beff75ddc4c6bb916d743fe55d7cb0319f7230e6b8416d0c7940826e2'}",0.06413494,0.07517244000000001,486863,266047,220750,12209,0.1120234,0.0110375
none_8192,imo_1969_p2,1,none_8192__imo_1969_p2__seed1,experiments/output/ace_x3_reproduction_20260918/configs/none_8192__imo_1969_p2__seed1,False,False,50,"{'cache.yaml': 'a960f3159f78efab788ba7b4b647956f9e3cfa993019a069a3e5d4ad8e37b55f', 'result.yaml': 'f70e283cbbe66a8f1ea964d30b1b522533ff3baa991a192e14046c21469bf226'}",0.05337856,0.05794336,1093514,1002068,91296,12540,0.23375079999999998,0.0045648
x3_32768,imo_1969_p2,1,x3_32768__imo_1969_p2__seed1,experiments/output/ace_x3_reproduction_20260918/configs/x3_32768__imo_1969_p2__seed1,False,False,35,"{'cache.yaml': '0516a0e9484f391764731ded6b15f4a439344bf50442bccd89c3bd99259711e7', 'result.yaml': 'dd9aa1904e60b4ed70a35528a4d6d4773f18dd6749e066b1efdd79b33fff5fa9'}",0.02854826,0.03052081,716569,677013,39451,5914,0.1504106,0.00197255
x3_32768,amc12b_2020_p5,1,x3_32768__amc12b_2020_p5__seed1,experiments/output/ace_x3_reproduction_20260918/configs/x3_32768__amc12b_2020_p5__seed1,True,False,1,"{'cache.yaml': 'b0c5e370d6d125b540a96a9d564ca43417d7946a6a93e226fc80fb379645d502', 'result.yaml': '002d1b55c1f9d02a100149439be51b52eef16e05225ab9870a86d0bf2ee73222'}",0.0009647199999999999,0.0009647199999999999,6209,6206,0,700,0.0020818,0.0
none_32768,amc12b_2020_p5,1,none_32768__amc12b_2020_p5__seed1,experiments/output/ace_x3_reproduction_20260918/configs/none_32768__amc12b_2020_p5__seed1,True,False,1,"{'cache.yaml': '2d2073600da1aa5a73a884a1a03c5d9f7eaf06c88abc3cb94e9178dc5f92623f', 'result.yaml': 'bde6cd7b50fc0d2d7ace6ed51418a742b023f5075db2668bf8b013bc1f7faf23'}",0.00041082,0.00041082,4014,4011,0,275,0.0011328,0.0
x3_8192,amc12b_2020_p5,1,x3_8192__amc12b_2020_p5__seed1,experiments/output/ace_x3_reproduction_20260918/configs/x3_8192__amc12b_2020_p5__seed1,True,False,1,"{'cache.yaml': 'ec411f200ff3a67f7b94927fbe7f14ffb10cdb5878cdaa2d5bb042e1d6dfdf0b', 'result.yaml': '5f25fe6333d14553adfc78bba197a28ffd4da033be334db239f31e1ce9f7c1c0'}",0.00027952,0.00027952,6209,6206,0,129,0.0013966,0.0
none_8192,amc12b_2020_p5,1,none_8192__amc12b_2020_p5__seed1,experiments/output/ace_x3_reproduction_20260918/configs/none_8192__amc12b_2020_p5__seed1,True,False,1,"{'cache.yaml': '04242f7e94a18d40a24d7127f062926d648366dde3b61edfeebbb20971ee244a', 'result.yaml': '3787ff8220d08a75b1fb99c1d1118a074c0d10c6221602a756c28c98813c2054'}",0.00016241999999999998,0.00016241999999999998,4014,4011,0,68,0.0008844,0.0
none_8192,aime_1991_p6,1,none_8192__aime_1991_p6__seed1,experiments/output/ace_x3_reproduction_20260918/configs/none_8192__aime_1991_p6__seed1,False,False,18,"{'cache.yaml': '9bf095356d09f6f13b637a2bf41c350059321e8fa22ccbbf3e432e680c870d1a', 'result.yaml': 'b7331c13b8d9978fcb4deefa5d95b51ea833d5c39d04b870616e034e13437059'}",0.0603861,0.0668159,275415,146765,128596,26434,0.0868038,0.006429799999999999
x3_32768,aime_1991_p6,1,x3_32768__aime_1991_p6__seed1,experiments/output/ace_x3_reproduction_20260918/configs/x3_32768__aime_1991_p6__seed1,False,False,18,"{'cache.yaml': 'e9bbcdbd7347e159ea59ed0aaf42e9abee5ee341842fa7a586f2f6c780ba9c2e', 'result.yaml': '1780be79cb27f207c1d1cfd9646a975df0cc74c90ecd84448c9a7462e9a5e680'}",0.0330474,0.0369226,356088,278530,77504,9971,0.0831828,0.0038751999999999997
none_32768,aime_1991_p6,1,none_32768__aime_1991_p6__seed1,experiments/output/ace_x3_reproduction_20260918/configs/none_32768__aime_1991_p6__seed1,False,False,15,"{'cache.yaml': '83f060329827c1046b227beeb0934ecb4ddfbc43b4bb2a1d35409b7c05a48b78', 'result.yaml': '4c5c04fed72402c28b24f0f98d9c6442f51752cf292252d6b7dcc5fc704bfa93'}",0.0422173,0.0463009,190292,108575,81672,19752,0.0617608,0.0040836
x3_8192,aime_1991_p6,1,x3_8192__aime_1991_p6__seed1,experiments/output/ace_x3_reproduction_20260918/configs/x3_8192__aime_1991_p6__seed1,False,False,14,"{'cache.yaml': 'd250a668fb99635d7bd64a50f16e87c008ffda86c65763f3b0435f975e914455', 'result.yaml': 'd4a139613151dce5d19d28899f10477010876c38d137025d0c2d0157bd7a7f2a'}",0.05741912,0.06725662,371188,174396,196750,12144,0.0888104,0.009837499999999999
x3_8192,amc12_2001_p21,1,x3_8192__amc12_2001_p21__seed1,experiments/output/ace_x3_reproduction_20260918/configs/x3_8192__amc12_2001_p21__seed1,False,False,18,"{'cache.yaml': 'fd68a45fb8e9dc2c860edc480f1149391089c58f5443f1a58362978e8d199b67', 'result.yaml': '47b4739bbf97bc9f3b1bd5728acc99228a187c4cd11521a66ec5cb1a36ffb408'}",0.03237296,0.035547909999999995,168751,105198,63499,14632,0.051308599999999996,0.0031749499999999997
none_8192,amc12_2001_p21,1,none_8192__amc12_2001_p21__seed1,experiments/output/ace_x3_reproduction_20260918/configs/none_8192__amc12_2001_p21__seed1,False,False,21,"{'cache.yaml': '9f952e37c695ac829ada1be28d558f5fc0760ae487493bdde77579abfb3d39e3', 'result.yaml': '014567820b2f866afac077a85553aa66ef43ace14646b4f7a38f65d8aa8fbbfd'}",0.0210815,0.0228734,176866,140965,35838,9235,0.0464552,0.0017919
x3_32768,amc12_2001_p21,1,x3_32768__amc12_2001_p21__seed1,experiments/output/ace_x3_reproduction_20260918/configs/x3_32768__amc12_2001_p21__seed1,True,False,10,"{'cache.yaml': '4dd363e72736c3d7f79d24678bc1f652fcad267e1079b3ac5832984014a7b428', 'result.yaml': 'd3d601e064b029f3af9ae15674353fe44cbe2e9bd5153e937443a741708349a1'}",0.01590388,0.01746373,84731,53504,31197,7157,0.025534599999999998,0.00155985
none_32768,amc12_2001_p21,1,none_32768__amc12_2001_p21__seed1,experiments/output/ace_x3_reproduction_20260918/configs/none_32768__amc12_2001_p21__seed1,False,False,15,"{'cache.yaml': 'e99b8f2f22171cdee840313fcbc617416f899f60915e9b04fba7826eae3ead24', 'result.yaml': 'b1b32a6f7bb5b6ffb44c27d13e1a81b42154308883fbd3a6b0206a5a468dbe60'}",0.04011034,0.045442039999999996,187586,80907,106634,14297,0.054673599999999996,0.0053317
none_32768,mathd_numbertheory_284,1,none_32768__mathd_numbertheory_284__seed1,experiments/output/ace_x3_reproduction_20260918/configs/none_32768__mathd_numbertheory_284__seed1,True,False,1,"{'cache.yaml': 'dbc6411ecc137c4d2f9a0c2a1d678db73188221005efbfdf2df3e17a11ddd3d1', 'result.yaml': '262784f235736be63db68f0e0c194fa653a4444b66479e3ac4c6b04fd1d9f67b'}",0.00015424,0.00015424,3785,3782,0,65,0.000835,0.0
x3_8192,mathd_numbertheory_284,1,x3_8192__mathd_numbertheory_284__seed1,experiments/output/ace_x3_reproduction_20260918/configs/x3_8192__mathd_numbertheory_284__seed1,True,False,1,"{'cache.yaml': '05823f69a9bf2725d894425c5bb2ed41dbe837887fcb6bc9a275579d97bee98d', 'result.yaml': 'cebdb2f1026bcce1d52352b2b279afd0484d13efff6c223693e3949f381bcf12'}",0.00031094,0.00031094,5980,5977,0,159,0.0013868,0.0
none_8192,mathd_numbertheory_284,1,none_8192__mathd_numbertheory_284__seed1,experiments/output/ace_x3_reproduction_20260918/configs/none_8192__mathd_numbertheory_284__seed1,True,False,1,"{'cache.yaml': '2b6862f3dcee815ea5bdaf0e179330e756d195c7105ac557018cc089b52615a1', 'result.yaml': '1a21d78b824d71fdd2bbde4cd1bef9189ea7fcd4f6979fe24d5ec422f180b03a'}",0.00017824,0.00017824,3785,3782,0,85,0.000859,0.0
x3_32768,mathd_numbertheory_284,1,x3_32768__mathd_numbertheory_284__seed1,experiments/output/ace_x3_reproduction_20260918/configs/x3_32768__mathd_numbertheory_284__seed1,True,False,1,"{'cache.yaml': '9c303c593533e7192bf7b88c3ebabf8b019514af1981c77eee5bc6dee6f7e757', 'result.yaml': 'e39662e2ecdca3de4d7c1bc3b8b33f840e12a6269202ccae69c6ae44a439fdb5'}",0.00031813999999999996,0.00031813999999999996,5980,5977,0,165,0.001394,0.0
x3_32768,mathd_numbertheory_461,1,x3_32768__mathd_numbertheory_461__seed1,experiments/output/ace_x3_reproduction_20260918/configs/x3_32768__mathd_numbertheory_461__seed1,True,False,3,"{'cache.yaml': 'd228e6226bf96d684d9f413a8f5f84f7bca2b016c10ae14da985dd74c449b49d', 'result.yaml': '727bf3f7f47cecc2426792b49546b4db8e605d13a5b776a38ed438cef8bd604b'}",0.0021617599999999995,0.00234476,19207,15538,3660,931,0.0049586,0.000183
none_32768,mathd_numbertheory_461,1,none_32768__mathd_numbertheory_461__seed1,experiments/output/ace_x3_reproduction_20260918/configs/none_32768__mathd_numbertheory_461__seed1,True,False,1,"{'cache.yaml': 'b86e3496c925af6723f21adf6959732d7238bfb8a56b6ddf353cfde1274226f4', 'result.yaml': '3f593f756461c27e4c31a8baeb1403c5f31db8fbee797b1621a5670893d49991'}",0.00025657999999999996,0.00025657999999999996,3802,3799,0,150,0.0009403999999999999,0.0
x3_8192,mathd_numbertheory_461,1,x3_8192__mathd_numbertheory_461__seed1,experiments/output/ace_x3_reproduction_20260918/configs/x3_8192__mathd_numbertheory_461__seed1,True,False,1,"{'cache.yaml': '837d2a0a260d4c28320891aa38d0b07bde14bc80d7a8cfc0164168fe8f344231', 'result.yaml': '05fa49975dba44db9e45294b6d580affc0b29e250e7d6c90193bbf355f952097'}",0.00029927999999999997,0.00029927999999999997,5997,5994,0,149,0.0013782,0.0
none_8192,mathd_numbertheory_461,1,none_8192__mathd_numbertheory_461__seed1,experiments/output/ace_x3_reproduction_20260918/configs/none_8192__mathd_numbertheory_461__seed1,True,False,1,"{'cache.yaml': '644ece2676ac19fbb001f9f423b0f4140cc255f19bbd83cb13becd7ecdc2269a', 'result.yaml': '0cf08d5069f659e37dc4ec453a2975b44bd7a07e1c77ba94f0f2f4063e74abe4'}",0.00022417999999999998,0.00022417999999999998,3802,3799,0,123,0.000908,0.0
none_8192,mathd_numbertheory_37,1,none_8192__mathd_numbertheory_37__seed1,experiments/output/ace_x3_reproduction_20260918/configs/none_8192__mathd_numbertheory_37__seed1,False,False,25,"{'cache.yaml': 'e5ab799880b9667fca402197a05fc4a42c326b4f5744163a7cc2ba6170618e66', 'result.yaml': 'a09084a730665d9fc2dd66004bce111b09c23386ac571124af0e5516e127e137'}",0.024946839999999998,0.02807144,273839,211272,62492,6840,0.0629758,0.0031246
x3_32768,mathd_numbertheory_37,1,x3_32768__mathd_numbertheory_37__seed1,experiments/output/ace_x3_reproduction_20260918/configs/x3_32768__mathd_numbertheory_37__seed1,False,False,25,"{'cache.yaml': '739d27109b4d6ce601a6d79a225e53d901784694545cdde31ff1e91f2b5a465c', 'result.yaml': '49729b519ade84dcbfa690b3b09c5442f8ef479180513b9533758932bf96c417'}",0.03965128,0.04473567999999999,299957,198194,101688,12779,0.0753262,0.005084399999999999
none_32768,mathd_numbertheory_37,1,none_32768__mathd_numbertheory_37__seed1,experiments/output/ace_x3_reproduction_20260918/configs/none_32768__mathd_numbertheory_37__seed1,False,False,20,"{'cache.yaml': '63388b045c6f2292826c7887c8e78ed8f0c1afe87d0f926c864d4038af1271a2', 'result.yaml': '28214fe6b3f3737700c4bea1705e626b0128cfb08ec94fcb123c9317b27777f2'}",0.01953622,0.021779069999999998,175718,130801,44857,6614,0.0430804,0.00224285
x3_8192,mathd_numbertheory_37,1,x3_8192__mathd_numbertheory_37__seed1,experiments/output/ace_x3_reproduction_20260918/configs/x3_8192__mathd_numbertheory_37__seed1,False,False,16,"{'cache.yaml': '417b864b58ad7b5bf7aa7fef0e9541e1e1f6216a9137c072dbca14bbc5037585', 'result.yaml': '3d0bc5bf43d68f5bba80992502d49e5c73c8d69a7d19a38c702163356d3e1bc4'}",0.0247285,0.028059349999999997,181700,115035,66617,7579,0.0454348,0.0033308499999999998
x3_8192,aime_1984_p7,1,x3_8192__aime_1984_p7__seed1,experiments/output/ace_x3_reproduction_20260918/configs/x3_8192__aime_1984_p7__seed1,True,False,12,"{'cache.yaml': 'e53cef2b316dfb9e850ccb0d4a2bc15a8f4b7b97724729f38b224542c5b6344d', 'result.yaml': '9edf8494a8f16f3dba62a7c8239e68594d654d13261e8f1d67d7b47c827d776a'}",0.03232954,0.036165939999999994,138941,62177,76728,13111,0.043521399999999995,0.0038364
none_8192,aime_1984_p7,1,none_8192__aime_1984_p7__seed1,experiments/output/ace_x3_reproduction_20260918/configs/none_8192__aime_1984_p7__seed1,True,False,11,"{'cache.yaml': '6ab55ea9dab8e0b97abd67989c79a6c44005f35a3502a9e55c63231b2a702fa1', 'result.yaml': '494f2e57d377473c3b99e1f7f12257efe3c4680a7ccc94870fc959a8ec8aed5f'}",0.0346218,0.0387756,118629,35520,83076,14408,0.0410154,0.0041538
x3_32768,aime_1984_p7,1,x3_32768__aime_1984_p7__seed1,experiments/output/ace_x3_reproduction_20260918/configs/x3_32768__aime_1984_p7__seed1,False,False,13,"{'cache.yaml': '00036c11577fc3dbf2b258b8c858772c45a36f29f0868140fb48f20f856d47b8', 'result.yaml': 'e1f0c2b7915ae79075c2cf1a7f45f3be5345fb324bb048569f04f08fc2c26d26'}",0.03921956,0.043085059999999994,156697,79348,77310,18469,0.05350219999999999,0.0038655
none_32768,aime_1984_p7,1,none_32768__aime_1984_p7__seed1,experiments/output/ace_x3_reproduction_20260918/configs/none_32768__aime_1984_p7__seed1,True,False,14,"{'cache.yaml': '995abe73ffa46af53282239595084ddd0b9742524b543eb81e01f707ac1ea0e0', 'result.yaml': '8c475b9b44f1e093b72b407b255446ce1f3dde5d0e15b9353d52c71f728815e2'}",0.03777952,0.041858969999999995,141737,60106,81589,16876,0.0485986,0.00407945
none_32768,mathd_algebra_421,1,none_32768__mathd_algebra_421__seed1,experiments/output/ace_x3_reproduction_20260918/configs/none_32768__mathd_algebra_421__seed1,True,False,3,"{'cache.yaml': 'fec2d939dd5ba1e70c70847eba948070aa2902c8bad893c0be6e12ca5b192871', 'result.yaml': '550745a81e08f173f324a693de0f86427ea60d368498c6029d459e06cf7fd251'}",0.0013284,0.0013570000000000001,13131,12550,572,801,0.0035873999999999997,2.86e-05
x3_8192,mathd_algebra_421,1,x3_8192__mathd_algebra_421__seed1,experiments/output/ace_x3_reproduction_20260918/configs/x3_8192__mathd_algebra_421__seed1,True,False,4,"{'cache.yaml': '14e3e42e9acdd72fca9f33be84d32736e5500a1bfbb6f0c63b96585c7b000870', 'result.yaml': '8e4796f94a6c7402a6a63fb0553a81fe65afa3ec4c04031997c96431cd495f3a'}",0.0021097,0.00225685,26810,23855,2943,868,0.0064036,0.00014715
none_8192,mathd_algebra_421,1,none_8192__mathd_algebra_421__seed1,experiments/output/ace_x3_reproduction_20260918/configs/none_8192__mathd_algebra_421__seed1,True,False,5,"{'cache.yaml': 'c01ad0c51d40393613e5bac2ff33c50523abf6c5082598a1cdc7077eeb5792f0', 'result.yaml': '72445ba26bae3b40d64b8f59998ad541399cfb5bd225276a1b0dee9c92d04d58'}",0.0031485199999999997,0.00351012,25723,18476,7232,1108,0.006474199999999999,0.0003616
x3_32768,mathd_algebra_421,1,x3_32768__mathd_algebra_421__seed1,experiments/output/ace_x3_reproduction_20260918/configs/x3_32768__mathd_algebra_421__seed1,True,False,4,"{'cache.yaml': '6dfe89dfdf99e08513df121c0a49600993b16753dd97f63dc0cdb8752361ada5', 'result.yaml': 'f622b800d7743a3d636e4193f04d74bd533f169979487ee13af386c70309f258'}",0.0014326599999999999,0.00146686,26549,25853,684,647,0.0060862,3.42e-05
x3_32768,amc12b_2003_p6,1,x3_32768__amc12b_2003_p6__seed1,experiments/output/ace_x3_reproduction_20260918/configs/x3_32768__amc12b_2003_p6__seed1,True,False,14,"{'cache.yaml': '9d3ec5c2fae2858c3ca4ee16b203abf7cc83f721a8d1e19e214e26b5633382db', 'result.yaml': '6b40ab73c31c59d1dbb4ab57d0ebcb5c62d03a41464a652a5bb4aaea030f0152'}",0.029606439999999998,0.033328989999999996,151865,77372,74451,10967,0.0435334,0.00372255
none_32768,amc12b_2003_p6,1,none_32768__amc12b_2003_p6__seed1,experiments/output/ace_x3_reproduction_20260918/configs/none_32768__amc12b_2003_p6__seed1,False,False,25,"{'cache.yaml': 'f9ce5f4807bcd9d696105730e5903b32d08d96a9ce089c80e627a5d93d8bf7f7', 'result.yaml': '7d94dd6345d7045191dc49cbc552668e7c896b554c875801ee059527dae21c1e'}",0.0399988,0.0459839,279827,160050,119702,10702,0.0688078,0.005985099999999999
x3_8192,amc12b_2003_p6,1,x3_8192__amc12b_2003_p6__seed1,experiments/output/ace_x3_reproduction_20260918/configs/x3_8192__amc12b_2003_p6__seed1,True,False,9,"{'cache.yaml': 'bb5fa52d7433fef5adb3b246cf3cb5fd5a4354ea0acc89f0f3e953249ccb35da', 'result.yaml': '63d1d39527cb1db700f840edfef783e7829af5af7d47aec6d002a06c82721411'}",0.01843438,0.02090988,104606,55069,49510,6188,0.0283468,0.0024755
none_8192,amc12b_2003_p6,1,none_8192__amc12b_2003_p6__seed1,experiments/output/ace_x3_reproduction_20260918/configs/none_8192__amc12b_2003_p6__seed1,True,False,10,"{'cache.yaml': '5899d6d611c1ff5b05aa415e32ccaccccde8bdd9d0b509f9930c21cb76d1f6c4', 'result.yaml': 'da2429057ac52c766e1cb42b139159a5e22750f8eab5e39ac9b59b1576ab0bab'}",0.016177959999999998,0.01828011,83621,41548,42043,5777,0.0236566,0.0021021499999999997
none_8192,mathd_algebra_234,1,none_8192__mathd_algebra_234__seed1,experiments/output/ace_x3_reproduction_20260918/configs/none_8192__mathd_algebra_234__seed1,True,False,1,"{'cache.yaml': 'a0c975f7318db0259c9a3cea85b6ec1dbe193eba81c0153cd9137be8f7f5acf6', 'result.yaml': 'c146e08a109e02e64db5a8de3f8a60800163011b54b523f784721c014f3dfb5f'}",0.00035546,0.00035546,3766,3763,0,233,0.0010328,0.0
x3_32768,mathd_algebra_234,1,x3_32768__mathd_algebra_234__seed1,experiments/output/ace_x3_reproduction_20260918/configs/x3_32768__mathd_algebra_234__seed1,True,False,1,"{'cache.yaml': '7ecb6c9d0117c9940843f5a8ee2f17a41829a9c27ee2c823e5128329699d4298', 'result.yaml': 'be9542772831486a93da2874842ac4d96bacae1a1d75af450e37a944770bfee9'}",0.00031176,0.00031176,5961,5958,0,160,0.0013842,0.0
none_32768,mathd_algebra_234,1,none_32768__mathd_algebra_234__seed1,experiments/output/ace_x3_reproduction_20260918/configs/none_32768__mathd_algebra_234__seed1,True,False,1,"{'cache.yaml': 'c76d67efaf1d8e51babd2bf7b0b74f3d96177b0d4f3bd7b51c23f91d31966bb2', 'result.yaml': '98d6ab85401ff67071d0c11483d030bfa849194b01932c1748d5d9860b761f73'}",0.00034106,0.00034106,3766,3763,0,221,0.0010184,0.0
x3_8192,mathd_algebra_234,1,x3_8192__mathd_algebra_234__seed1,experiments/output/ace_x3_reproduction_20260918/configs/x3_8192__mathd_algebra_234__seed1,True,False,1,"{'cache.yaml': 'b7af2c58f3f05ae191fe23e28e706d9f02a2c9f0ca1507fac3fba9719c5ffd27', 'result.yaml': 'fac5eaa4c3675f85ec54a33fd1bf6ef8a1705e52f02162d1684145537a174025'}",0.00036936,0.00036936,5961,5958,0,208,0.0014418,0.0
x3_8192,imo_1981_p6,1,x3_8192__imo_1981_p6__seed1,experiments/output/ace_x3_reproduction_20260918/configs/x3_8192__imo_1981_p6__seed1,True,False,3,"{'cache.yaml': '1f5aeafe349039bddc18ce07c78d3a8aa345f72d83e8da6bcfd99d6ec4bf2e91', 'result.yaml': '12d0535698b70fc75dbb80520253ade47ed7be039d1f95689f21f361bf23b4d5'}",0.0033063199999999997,0.0036464199999999996,24097,17286,6802,1332,0.0064177999999999995,0.00034009999999999997
none_8192,imo_1981_p6,1,none_8192__imo_1981_p6__seed1,experiments/output/ace_x3_reproduction_20260918/configs/none_8192__imo_1981_p6__seed1,True,False,7,"{'cache.yaml': '23e58ec5cd5a25a1484e0d75eee5a3d594ecea230569c650eb4816be607fde30', 'result.yaml': '2549c33756d354703c92ba4c9e497d36d67ad13cff423b9a6cd5eeacd920c00a'}",0.00750218,0.00816328,44662,31419,13222,3521,0.013157599999999998,0.0006611
x3_32768,imo_1981_p6,1,x3_32768__imo_1981_p6__seed1,experiments/output/ace_x3_reproduction_20260918/configs/x3_32768__imo_1981_p6__seed1,True,False,9,"{'cache.yaml': '79ad9f5f6a385c2d862f51eb3f76c7feeeb12446619dec7c083721b73b8f9783', 'result.yaml': 'f22c1ed41a6d51a207076ed36110d1a43f64f0e7f583996b3ce2a49a8f8cc0b7'}",0.009663499999999998,0.0103486,86854,73125,13702,4546,0.022826,0.0006851
none_32768,imo_1981_p6,1,none_32768__imo_1981_p6__seed1,experiments/output/ace_x3_reproduction_20260918/configs/none_32768__imo_1981_p6__seed1,True,False,9,"{'cache.yaml': '6b4a241100a224bd762c3069ea28db75a56efbc1e7a3bcaf9e08fac6c8f22ee2', 'result.yaml': '22be1322e652465b9a18138743330d114183c6adac797474a75cd54c86bf7fa5'}",0.0091822,0.0100047,70097,53620,16450,4012,0.018833799999999998,0.0008225
none_32768,imo_1964_p2,1,none_32768__imo_1964_p2__seed1,experiments/output/ace_x3_reproduction_20260918/configs/none_32768__imo_1964_p2__seed1,True,False,10,"{'cache.yaml': 'ada5dab8517b18e23aed0816ef5d1f1f72f6d44a4c0b3a3f5852463ef9e62b3d', 'result.yaml': '52a139269ff78f13c627fa11dd9b69a7bda9d3dfc49feb66f106c100863a4b91'}",0.0161211,0.0176692,69807,38815,30962,7622,0.023107799999999998,0.0015481
x3_8192,imo_1964_p2,1,x3_8192__imo_1964_p2__seed1,experiments/output/ace_x3_reproduction_20260918/configs/x3_8192__imo_1964_p2__seed1,False,False,22,"{'cache.yaml': '9bf3a7f7a9f20233e9aec6c85191bfcb05657fd4acabd8c5e56227c8fee20d37', 'result.yaml': '6f99e0d36480d7abd8e126d4625cca657e7cdf257b465a951fa02896d353587e'}",0.06835382,0.07883697,455230,245501,209663,17915,0.11254399999999999,0.01048315
none_8192,imo_1964_p2,1,none_8192__imo_1964_p2__seed1,experiments/output/ace_x3_reproduction_20260918/configs/none_8192__imo_1964_p2__seed1,True,False,10,"{'cache.yaml': 'bb548bf081f166a6f6f54635ef724f1f0a2bae3d324689e352eb45c5087125e0', 'result.yaml': '9e19823af83c07b55e73f96a1e2de7775f3b80eade0b4abade6b29b2700e8ebf'}",0.01914096,0.02133251,84639,40778,43831,7961,0.026480999999999998,0.00219155
x3_32768,imo_1964_p2,1,x3_32768__imo_1964_p2__seed1,experiments/output/ace_x3_reproduction_20260918/configs/x3_32768__imo_1964_p2__seed1,True,False,13,"{'cache.yaml': '0b087bc4791f641d23dd0c07fa7ca3cadcfb46e6e87a0b9466c12db934b63de5', 'result.yaml': '1d949f8d729f3b26c64044336b7281ff9ddb623eba3f81a2c480f27767642f8d'}",0.02613086,0.02913361,155617,95523,60055,10168,0.043324999999999995,0.0030027499999999998
x3_32768,mathd_numbertheory_405,1,x3_32768__mathd_numbertheory_405__seed1,experiments/output/ace_x3_reproduction_20260918/configs/x3_32768__mathd_numbertheory_405__seed1,False,False,10,"{'cache.yaml': '6c38a24008c88ac213d5af686fd14d3133144b68dcb7cec0ef77acb42b61247c', 'result.yaml': '18269332f9465029dcbbe07b405278edeccc40bd663c9e13254b0f1ffbc9a8b3'}",0.03873868,0.04395898,158330,53894,104406,13978,0.0484396,0.0052203
none_32768,mathd_numbertheory_405,1,none_32768__mathd_numbertheory_405__seed1,experiments/output/ace_x3_reproduction_20260918/configs/none_32768__mathd_numbertheory_405__seed1,False,False,15,"{'cache.yaml': '50e2c4d44c5a3c5ac3af932bb59b305af81e593685eda1dd49811ced2a837a37', 'result.yaml': 'aa1e1364cad4535bfb06b0bd99685012ce9955b1da13bd2e0690319788a058b1'}",0.04230804,0.04656274,160671,75532,85094,19808,0.0559038,0.0042547
x3_8192,mathd_numbertheory_405,1,x3_8192__mathd_numbertheory_405__seed1,experiments/output/ace_x3_reproduction_20260918/configs/x3_8192__mathd_numbertheory_405__seed1,False,False,13,"{'cache.yaml': '0491113f1819dcf6aa6f03279034cdcaa167d1c1f35e5dd7a63e272010d60b40', 'result.yaml': 'e28c46b6e9cbba3c8c5e6fe134f70af3d1d5222ead66a150514c2ddff2d7a1e0'}",0.06289895999999999,0.07158716,295521,121718,173764,21420,0.0848082,0.0086882
none_8192,mathd_numbertheory_405,1,none_8192__mathd_numbertheory_405__seed1,experiments/output/ace_x3_reproduction_20260918/configs/none_8192__mathd_numbertheory_405__seed1,True,False,14,"{'cache.yaml': '18d6aebc647e24fe46a4e3e068191076bde2a5d4b0484cb8a2977c7e535646ec', 'result.yaml': '84beee5a04c86d7337dac79ac88408d2bcb556d562dad446c1afa34b2fb9c81e'}",0.04951456,0.056784509999999996,191459,46018,145399,16255,0.057797799999999996,0.00726995
none_8192,mathd_algebra_327,1,none_8192__mathd_algebra_327__seed1,experiments/output/ace_x3_reproduction_20260918/configs/none_8192__mathd_algebra_327__seed1,True,False,2,"{'cache.yaml': 'dd573f634514b07d0c637b3842d1cacf4485ac87aeab06836213e8033b717602', 'result.yaml': '6cb069342573bfdfd055b27b1ff495e50f1d796a154d207368e1dbc12bbfa131'}",0.00120724,0.00135319,10457,7532,2919,393,0.002563,0.00014595
x3_32768,mathd_algebra_327,1,x3_32768__mathd_algebra_327__seed1,experiments/output/ace_x3_reproduction_20260918/configs/x3_32768__mathd_algebra_327__seed1,True,False,3,"{'cache.yaml': '7a4e48906666f849f6c45990c876f04280719b94814d4426d2294babe250017c', 'result.yaml': 'cc0b7c6c510e9c07ed5cb4831fb4a90739c193d230c9394a7dcf633be3bacfce'}",0.0015288399999999998,0.00169934,21551,18132,3410,402,0.004792599999999999,0.0001705
none_32768,mathd_algebra_327,1,none_32768__mathd_algebra_327__seed1,experiments/output/ace_x3_reproduction_20260918/configs/none_32768__mathd_algebra_327__seed1,True,False,5,"{'cache.yaml': '60b36a8f39be0da7958c86e6820b4be8d0409796a34844a943955d481685cc15', 'result.yaml': '285ae6091e7ab1a6fe1dc4c0042413058fe41df791800dfc6a7a8082a12dee63'}",0.0019663,0.0021839499999999996,22403,18035,4353,610,0.0052125999999999995,0.00021764999999999998
x3_8192,mathd_algebra_327,1,x3_8192__mathd_algebra_327__seed1,experiments/output/ace_x3_reproduction_20260918/configs/x3_8192__mathd_algebra_327__seed1,True,False,3,"{'cache.yaml': 'ffc9d2a564bda818a6942733db654437921c9dfba2157ad37772b07383b7953c', 'result.yaml': '87cdd0214f35c55c7661fab527d27bcc6b0fe0bf703501fd853021059898b5e3'}",0.00170338,0.00187898,21620,18099,3512,531,0.0049612,0.00017559999999999999
x3_8192,amc12a_2013_p8,1,x3_8192__amc12a_2013_p8__seed1,experiments/output/ace_x3_reproduction_20260918/configs/x3_8192__amc12a_2013_p8__seed1,True,False,2,"{'cache.yaml': 'be7c84ff482281d2ef759a7c6d1339e75637d8d69f5ddd24315f63787ec2ee52', 'result.yaml': '3bf0eb34f801cec1ef312669136465d077283aeff90f4822a337d2064480d68e'}",0.00276978,0.00286383,12726,10839,1881,1813,0.0047208,9.405e-05
none_8192,amc12a_2013_p8,1,none_8192__amc12a_2013_p8__seed1,experiments/output/ace_x3_reproduction_20260918/configs/none_8192__amc12a_2013_p8__seed1,True,False,6,"{'cache.yaml': 'b05b8f26c9b5caf8d8079e76fe21c64216efba63cbae08178306e37f69d47189', 'result.yaml': 'bfb1fda1d83b0b8ea6b6c675e2f82c5984016af50ba8bbcbc45aa81a9f2b547f'}",0.00697552,0.007605519999999999,35294,22676,12600,3332,0.0110572,0.0006299999999999999
x3_32768,amc12a_2013_p8,1,x3_32768__amc12a_2013_p8__seed1,experiments/output/ace_x3_reproduction_20260918/configs/x3_32768__amc12a_2013_p8__seed1,True,False,5,"{'cache.yaml': 'daa426fc0530cb27e17f329ea896d52fa0c74d88d29be8c0c206950c13cf4aa9', 'result.yaml': 'e8b0cd271a7c167e72e2b6093312ce792133d727d8296ad21a4f73d78c8933de'}",0.00632382,0.00666812,38322,31421,6886,3596,0.0119796,0.0003443
none_32768,amc12a_2013_p8,1,none_32768__amc12a_2013_p8__seed1,experiments/output/ace_x3_reproduction_20260918/configs/none_32768__amc12a_2013_p8__seed1,True,False,4,"{'cache.yaml': 'bdf86bdeb8b928cc63d784c4cc4cabfaa0e07f2e110a8a201086936067cf22f3', 'result.yaml': 'cbcebe213fb54def919053a6806a44f1dec58d65156996d1ebdaed19eae5ee79'}",0.00255684,0.00267039,19755,17472,2271,1459,0.0057018,0.00011355
none_32768,mathd_algebra_190,1,none_32768__mathd_algebra_190__seed1,experiments/output/ace_x3_reproduction_20260918/configs/none_32768__mathd_algebra_190__seed1,True,False,2,"{'cache.yaml': 'd8337ea688590fe9d02ce1e81621f1208e399e3d84679aa2b50f77f2f9d341d2', 'result.yaml': '6f5a3b1840aa2a29fb6126bc956ae581b4afd5ad2c3fd6a4d1ac5d0e3ea46d99'}",0.00035632,0.00036501999999999997,7676,7496,174,142,0.0017055999999999998,8.7e-06
x3_8192,mathd_algebra_190,1,x3_8192__mathd_algebra_190__seed1,experiments/output/ace_x3_reproduction_20260918/configs/x3_8192__mathd_algebra_190__seed1,True,False,1,"{'cache.yaml': '7ac21688ef7c433b8f22d46bbc3b77713bec3f824dc2eed9f3684a1cb73cfaf2', 'result.yaml': '3fe2126169c0c00b54a0f3553b200280dacf92671f2b05ba6ffdf3968653120d'}",0.00031866,0.00031866,5946,5943,0,166,0.0013884,0.0
none_8192,mathd_algebra_190,1,none_8192__mathd_algebra_190__seed1,experiments/output/ace_x3_reproduction_20260918/configs/none_8192__mathd_algebra_190__seed1,True,False,1,"{'cache.yaml': '538b69647b3761c2287278d0ba28f953a6c384bbee7c51eca0bf97aa6490ab3f', 'result.yaml': '5274298be72e3db1dd9bebc5b4abb2b6de617fc825a656b41081cdedca8f721f'}",0.00012716,0.00012716,3751,3748,0,43,0.0008017999999999999,0.0
x3_32768,mathd_algebra_190,1,x3_32768__mathd_algebra_190__seed1,experiments/output/ace_x3_reproduction_20260918/configs/x3_32768__mathd_algebra_190__seed1,True,False,1,"{'cache.yaml': '82f3a0bd5d7ec0023d33b5262192222a6820ab760c0fa068755d8de6e88d8f05', 'result.yaml': '443074b47fd7dd8aba124b581ed39c4fe209a10e45b6fe39a461b417f5fe7dfa'}",0.00021905999999999998,0.00021905999999999998,5946,5943,0,83,0.0012887999999999999,0.0
x3_32768,mathd_algebra_393,1,x3_32768__mathd_algebra_393__seed1,experiments/output/ace_x3_reproduction_20260918/configs/x3_32768__mathd_algebra_393__seed1,True,False,4,"{'cache.yaml': '525d34855f6377af0261d44cf263bd5ac099e0ef32e44453a772c260c3ab1fae', 'result.yaml': '71ce4ca8f0d07a56f2384fd0b9705766ffbd994ddd9ab93941fa3095e4fb65c5'}",0.00447384,0.00477549,28527,22482,6033,2346,0.0085206,0.00030165
none_32768,mathd_algebra_393,1,none_32768__mathd_algebra_393__seed1,experiments/output/ace_x3_reproduction_20260918/configs/none_32768__mathd_algebra_393__seed1,True,False,6,"{'cache.yaml': '7fd5d5f638050d997aff11f3ae953b8e7b5b84f634c26539895611a6f5029349', 'result.yaml': '07118c057c1dbf3d6b2958891c21d88ba90bc9f1b9890188e6c02e3858cc60cb'}",0.0058937799999999995,0.0064085800000000005,31643,21329,10296,2837,0.009733,0.0005148
x3_8192,mathd_algebra_393,1,x3_8192__mathd_algebra_393__seed1,experiments/output/ace_x3_reproduction_20260918/configs/x3_8192__mathd_algebra_393__seed1,True,False,6,"{'cache.yaml': 'c6b6894aebff80b2bf58b380e5e25e8518f79a8838eba736687819441af64cc9', 'result.yaml': '2fa7e53af911f5a0703d8d50f075a550a5bdbf57c20858854b9c2ac22e098bff'}",0.007329619999999999,0.007861169999999999,47680,37031,10631,3716,0.0139952,0.00053155
none_8192,mathd_algebra_393,1,none_8192__mathd_algebra_393__seed1,experiments/output/ace_x3_reproduction_20260918/configs/none_8192__mathd_algebra_393__seed1,True,False,9,"{'cache.yaml': '6a613d9e000f3914f06e2b0453d1f1cdfdc27af8d9ee3a225d24c0761ca7c7e8', 'result.yaml': '737651aa15846da23bd5a75ca17a83e14c5b86c74c13326a66a797530055aa98'}",0.0064873,0.006859249999999999,55751,48285,7439,3357,0.015178599999999999,0.00037194999999999996
none_8192,amc12a_2020_p21,1,none_8192__amc12a_2020_p21__seed1,experiments/output/ace_x3_reproduction_20260918/configs/none_8192__amc12a_2020_p21__seed1,False,False,41,"{'cache.yaml': '2a66d07f652c92dac31d768d8ec787bb26e4834486218c93cefe24a98c670fb8', 'result.yaml': 'f9f5a0a9feb60e84bdbdabd621fdb78b3ea11eef614b322a9b40ea8d26f9c1d6'}",0.05649452,0.06171562,684301,579756,104422,19992,0.16085059999999998,0.005221099999999999
x3_32768,amc12a_2020_p21,1,x3_32768__amc12a_2020_p21__seed1,experiments/output/ace_x3_reproduction_20260918/configs/x3_32768__amc12a_2020_p21__seed1,False,False,7,"{'cache.yaml': '8b79f6447e13e02fb16061b450da91e6b149e54d117b80773cca814705c54488', 'result.yaml': '6e2a771fc9c3ea246e831106b35a7dacdafd910ff4b42b424269c9ae3e5b4978'}",0.05008782,0.05073622,59610,46621,12968,38798,0.05847959999999999,0.0006483999999999999
none_32768,amc12a_2020_p21,1,none_32768__amc12a_2020_p21__seed1,experiments/output/ace_x3_reproduction_20260918/configs/none_32768__amc12a_2020_p21__seed1,False,False,30,"{'cache.yaml': '70e09335b6dc25410f749e7f3aa93a4ad492cccd51021b30d26dd70df5329097', 'result.yaml': 'db883a4dd4ea87d4db9aebe59ff760f95a0c5be280b00494752baa4ba44bdfb7'}",0.03578572,0.03949737,407039,332716,74233,11889,0.0956746,0.00371165
x3_8192,amc12a_2020_p21,1,x3_8192__amc12a_2020_p21__seed1,experiments/output/ace_x3_reproduction_20260918/configs/x3_8192__amc12a_2020_p21__seed1,False,False,28,"{'cache.yaml': 'ef9190cf0e898fbb8f14e0995ef283fb863a3693b6141c5cf85d3dcb772c2299', 'result.yaml': 'c54e7b93d4a7b316f07b2aabc672795cfbd0770d896f69a08ba0e423fa5fef67'}",0.061621499999999996,0.06964245,446628,286125,160419,19832,0.113124,0.008020949999999999
x3_8192,amc12a_2019_p21,1,x3_8192__amc12a_2019_p21__seed1,experiments/output/ace_x3_reproduction_20260918/configs/x3_8192__amc12a_2019_p21__seed1,False,False,30,"{'cache.yaml': 'ae02d66274932c0e663a7dca8f7e77f227ed7a41f30fea042153edd776625685', 'result.yaml': '8e6f4c654cd61035e2d071cfc98dd606c475f624eaa1bc81d3c478631a653f69'}",0.061197699999999994,0.07200635,676478,460215,216173,7284,0.14403639999999998,0.01080865
none_8192,amc12a_2019_p21,1,none_8192__amc12a_2019_p21__seed1,experiments/output/ace_x3_reproduction_20260918/configs/none_8192__amc12a_2019_p21__seed1,False,False,34,"{'cache.yaml': '14ab4a179c69e8568ade197884dd6e71bf440ab5a37f50988c5c061d50789e83', 'result.yaml': '6d37f5c08c1fa484dfe6b4d8d9b3a8f79f03bd2563169e0b8ab65c7b7309a385'}",0.06740638,0.07876828,597479,370139,227238,12113,0.1340314,0.0113619
x3_32768,amc12a_2019_p21,1,x3_32768__amc12a_2019_p21__seed1,experiments/output/ace_x3_reproduction_20260918/configs/x3_32768__amc12a_2019_p21__seed1,False,False,26,"{'cache.yaml': 'ef27c9813e7630240ad47bb00921c2f5dd978fe24aaff11c90ed0261c2421c0d', 'result.yaml': '685cf311230e52b85fee72829dcb1d6ad3b4140df361bc050aae750851b377da'}",0.0354707,0.040508,467779,366955,100746,6639,0.10152259999999999,0.0050373
none_32768,amc12a_2019_p21,1,none_32768__amc12a_2019_p21__seed1,experiments/output/ace_x3_reproduction_20260918/configs/none_32768__amc12a_2019_p21__seed1,False,False,19,"{'cache.yaml': 'b18ff56b7495bebc9e88b221c82f24f1ff948c401bc4344fd9a2b93b47d48375', 'result.yaml': '52a3a128138a1390219889d4f007f8c9130433202595268af8ebd76873bd778a'}",0.036113,0.04282395,356566,222290,134219,4010,0.0761252,0.006710949999999999
none_32768,amc12b_2002_p3,1,none_32768__amc12b_2002_p3__seed1,experiments/output/ace_x3_reproduction_20260918/configs/none_32768__amc12b_2002_p3__seed1,True,False,4,"{'cache.yaml': '94f9054ec1a86d8fab7345a642d62e83af9b75a04b8067aada6e082b060824cc', 'result.yaml': '50b0c98fbcc1854e72fa90c41059043db4a63db25fc0b21bba543ad3ce6e4349'}",0.0038653,0.0042498,22967,15265,7690,1683,0.006613,0.00038449999999999997
x3_8192,amc12b_2002_p3,1,x3_8192__amc12b_2002_p3__seed1,experiments/output/ace_x3_reproduction_20260918/configs/x3_8192__amc12b_2002_p3__seed1,True,False,3,"{'cache.yaml': 'e7203dabb7fb7a042156c999edd551bd4cce7e918039eacee9eb583690f2465c', 'result.yaml': 'a0d220bf6eb87ffe869a2a1c280fc37aedd007418d712e4ef60fc5400fc59747'}",0.0037007999999999997,0.00407065,24366,16960,7397,1567,0.0067536,0.00036985
none_8192,amc12b_2002_p3,1,none_8192__amc12b_2002_p3__seed1,experiments/output/ace_x3_reproduction_20260918/configs/none_8192__amc12b_2002_p3__seed1,True,False,4,"{'cache.yaml': '6ea428494c9b5141910fa6d7a71716e3f7d86dfee17be700009edb40cd9a95a7', 'result.yaml': '7732c9f187e8569c35c23a81869c178defaf0e99645491f024606e9d385ec358'}",0.0046285599999999994,0.005194159999999999,25772,14448,11312,1729,0.007229199999999999,0.0005656
x3_32768,amc12b_2002_p3,1,x3_32768__amc12b_2002_p3__seed1,experiments/output/ace_x3_reproduction_20260918/configs/x3_32768__amc12b_2002_p3__seed1,True,False,9,"{'cache.yaml': '1eaaeb055df30c86cffeb31431e7cf687a810c45d53d80b117f721e27cae40aa', 'result.yaml': '6f38dd10f0ce1860082a1db8059b3799588067ac03cb414189bb28168cc94543'}",0.00927698,0.01021003,80077,61389,18661,3593,0.020326999999999998,0.0009330499999999999
x3_32768,mathd_algebra_214,1,x3_32768__mathd_algebra_214__seed1,experiments/output/ace_x3_reproduction_20260918/configs/x3_32768__mathd_algebra_214__seed1,True,False,1,"{'cache.yaml': 'c041ecac762177fd3c57f04ca3addbcb16cbd14cb5f830b9c1acfdb7e3af1d6e', 'result.yaml': '4d5b16b3df339858f87dd2deba65611e2ff072f12fa21bab1db1ae4f417cb616'}",0.00043037999999999996,0.00043037999999999996,6072,6069,0,257,0.0015228,0.0
none_32768,mathd_algebra_214,1,none_32768__mathd_algebra_214__seed1,experiments/output/ace_x3_reproduction_20260918/configs/none_32768__mathd_algebra_214__seed1,True,False,1,"{'cache.yaml': '70041e6a1ec640f5f5aae339322b5b5f4487a38d08500f72beefbbabba707e8b', 'result.yaml': '9ce21cf249d766b12dd36a2ce0f53d1d5a884d5597f5e3588e9332350ec6f952'}",0.00040088,0.00040088,3877,3874,0,269,0.0010982,0.0
x3_8192,mathd_algebra_214,1,x3_8192__mathd_algebra_214__seed1,experiments/output/ace_x3_reproduction_20260918/configs/x3_8192__mathd_algebra_214__seed1,True,False,1,"{'cache.yaml': '1979f6b31f844e4a97e15e4b82b2ae360b765a797b3d15f2072f5b2786ce36c4', 'result.yaml': '97791c654495da128a6db8ccb4c0aff83344d9535e92d30bf09af01420134fd9'}",0.00045557999999999997,0.00045557999999999997,6072,6069,0,278,0.001548,0.0
none_8192,mathd_algebra_214,1,none_8192__mathd_algebra_214__seed1,experiments/output/ace_x3_reproduction_20260918/configs/none_8192__mathd_algebra_214__seed1,True,False,1,"{'cache.yaml': 'b4e987efe5d853517af78a6bb2b63b87b2fb7ff112e0ddce75ba2227a1e83d45', 'result.yaml': '55a9debdf3e23a3a76057915e33ee68839d0200b18f11b59b0b192f3a8034bb3'}",0.00029168,0.00029168,3877,3874,0,178,0.0009889999999999999,0.0
none_8192,amc12a_2016_p3,1,none_8192__amc12a_2016_p3__seed1,experiments/output/ace_x3_reproduction_20260918/configs/none_8192__amc12a_2016_p3__seed1,True,False,11,"{'cache.yaml': '04e82b050fbec96ba1f68b1a7b92dd5940d06bed9a2472287156e34ec82f30f4', 'result.yaml': '6b05398f987a2e33cd24685513b8a14887176f96cba209215a35cc39ff8e7071'}",0.02040862,0.02357592,126800,63421,63346,5387,0.031824399999999996,0.0031673
x3_32768,amc12a_2016_p3,1,x3_32768__amc12a_2016_p3__seed1,experiments/output/ace_x3_reproduction_20260918/configs/x3_32768__amc12a_2016_p3__seed1,True,False,15,"{'cache.yaml': '969dae6b457bd2225382051dfe6bc3da34d9140a2fa047ae96e2fa221c986e01', 'result.yaml': '1bffbfc0102d59217282f1df9f5692b46cfb265d380a23beebcf7f3fab220795'}",0.02719496,0.03126151,207304,125928,81331,7001,0.049862,0.0040665499999999995
none_32768,amc12a_2016_p3,1,none_32768__amc12a_2016_p3__seed1,experiments/output/ace_x3_reproduction_20260918/configs/none_32768__amc12a_2016_p3__seed1,True,False,7,"{'cache.yaml': '310167a5eeb345cf6bd8717eeeab7fea8974d5701b2029a1dacdc352db92cde6', 'result.yaml': '5816e8570c70a59f341a3e75eb1135b05b904ca83fd60108e623ab5386aa02d4'}",0.00661626,0.007330209999999999,47613,33313,14279,2575,0.0126126,0.00071395
x3_8192,amc12a_2016_p3,1,x3_8192__amc12a_2016_p3__seed1,experiments/output/ace_x3_reproduction_20260918/configs/x3_8192__amc12a_2016_p3__seed1,True,False,6,"{'cache.yaml': '3163ee2b4705228436bebfd9389baa36dce63ebfc4f91e5394168229094a6eee', 'result.yaml': '35aa2e992ef44af0e7153e90c64a0afe1cb4f4661c9c8594a92b8c69d0d78679'}",0.0054871,0.0060440500000000005,54242,43085,11139,1995,0.0132424,0.00055695
x3_8192,algebra_others_exirrpowirrrat,1,x3_8192__algebra_others_exirrpowirrrat__seed1,experiments/output/ace_x3_reproduction_20260918/configs/x3_8192__algebra_others_exirrpowirrrat__seed1,False,False,40,"{'cache.yaml': '9416ac4eca2e3df902bb52338982a09d6eeb7e814b29bf02752f21c84618da90', 'result.yaml': '57f41814100942b79d5fba4521938d3e2c9f30fcabd560b2af64fb096d750d49'}",0.06156878,0.06902538,812251,662999,149132,15382,0.1809086,0.0074566
none_8192,algebra_others_exirrpowirrrat,1,none_8192__algebra_others_exirrpowirrrat__seed1,experiments/output/ace_x3_reproduction_20260918/configs/none_8192__algebra_others_exirrpowirrrat__seed1,False,False,39,"{'cache.yaml': '4a0cb559f78594e9d01ca67a3e2d880c99a77f4ecd5c1c284f30cc31e7173252', 'result.yaml': 'c9a3d5247785825516c15bb5d1e133990fe370cfb5cec1b044275eb98392f4e4'}",0.06573254,0.07456249,775723,599007,176599,15341,0.1735538,0.00882995
x3_32768,algebra_others_exirrpowirrrat,1,x3_32768__algebra_others_exirrpowirrrat__seed1,experiments/output/ace_x3_reproduction_20260918/configs/x3_32768__algebra_others_exirrpowirrrat__seed1,False,False,32,"{'cache.yaml': 'f04958d87f87d92f0bc5b25f610794c4ee508ad93ea4ea7a89ac9d284d185c81', 'result.yaml': '8e6096690d32d99a237e5c4e541bda1e842651add405bf8c17dd59a04db8ea13'}",0.04074252,0.04527232,517878,427186,90596,11717,0.11763599999999999,0.0045298
none_32768,algebra_others_exirrpowirrrat,1,none_32768__algebra_others_exirrpowirrrat__seed1,experiments/output/ace_x3_reproduction_20260918/configs/none_32768__algebra_others_exirrpowirrrat__seed1,False,False,29,"{'cache.yaml': 'bef316badd79dd904a3612e4f3ca1f6f71c5b78279dfe7052274bee5df64e0cb', 'result.yaml': 'a01007b470d3c86b6bd0cf86944be339c25b490db2c1c22751b4bfa4ba491ca4'}",0.038657399999999995,0.043293849999999995,489726,396910,92729,10130,0.1101012,0.004636449999999999
none_32768,induction_prod1p1onk3le3m1onn,1,none_32768__induction_prod1p1onk3le3m1onn__seed1,experiments/output/ace_x3_reproduction_20260918/configs/none_32768__induction_prod1p1onk3le3m1onn__seed1,False,False,28,"{'cache.yaml': 'e22d67ddfa6ad35aae6da82c3082a498cf440767134dbb4575793241253b46a7', 'result.yaml': '9b11780319d9f0f4ffaf01f80e28ea671feeec5a5da6afdbc6e6cd9220585fb9'}",0.03829252,0.04336267,340883,239396,101403,11006,0.08138379999999999,0.00507015
x3_8192,induction_prod1p1onk3le3m1onn,1,x3_8192__induction_prod1p1onk3le3m1onn__seed1,experiments/output/ace_x3_reproduction_20260918/configs/x3_8192__induction_prod1p1onk3le3m1onn__seed1,False,False,33,"{'cache.yaml': '82aca76313b9652b38a2a8ad6edc8adc59b79a003fc2b2e42126162f1598e84e', 'result.yaml': 'b567f9b68d544191ee45faf4e65e26cc564b6f30a750cabdd46cbea95ae94257'}",0.06442242,0.07448087,556209,354941,201169,14225,0.1283118,0.01005845
none_8192,induction_prod1p1onk3le3m1onn,1,none_8192__induction_prod1p1onk3le3m1onn__seed1,experiments/output/ace_x3_reproduction_20260918/configs/none_8192__induction_prod1p1onk3le3m1onn__seed1,False,False,25,"{'cache.yaml': '50696313be7cb46c4a6c88b534edfcda9f51de3d48f4546c4518187fb139a50f', 'result.yaml': '44ddcac8ca815bb139824ef52f7b7212927359ecaaea9762f1af5e4e4256daf1'}",0.0678254,0.0791899,403285,175920,227290,15695,0.099491,0.0113645
x3_32768,induction_prod1p1onk3le3m1onn,1,x3_32768__induction_prod1p1onk3le3m1onn__seed1,experiments/output/ace_x3_reproduction_20260918/configs/x3_32768__induction_prod1p1onk3le3m1onn__seed1,True,False,19,"{'cache.yaml': '87275080e32eded89442f69b911a89d4cc7b7b498a01e6dfe966912e6956b73a', 'result.yaml': '436234a030e41860b282cd5a2b403a43b02aae0d897d98e590b2e37b52558af7'}",0.0413728,0.0470431,298193,184730,113406,12488,0.0746242,0.0056703
x3_32768,amc12a_2008_p4,1,x3_32768__amc12a_2008_p4__seed1,experiments/output/ace_x3_reproduction_20260918/configs/x3_32768__amc12a_2008_p4__seed1,True,False,13,"{'cache.yaml': '03350933d65c61947825a418f4220521008951599cfae5ea7252cc15b3e86cd0', 'result.yaml': '02794776da59694fd82a5a7bcd3d2447a411ee5ac28da180e0024ca275d154be'}",0.02356246,0.02731136,165650,90633,74978,5622,0.0398764,0.0037489
none_32768,amc12a_2008_p4,1,none_32768__amc12a_2008_p4__seed1,experiments/output/ace_x3_reproduction_20260918/configs/none_32768__amc12a_2008_p4__seed1,False,False,23,"{'cache.yaml': '38a63934d82a855191958e297458d7371c25d72175b27efa6f75c4da42273dad', 'result.yaml': 'cecf075ba3b5425b4b30e020db7079cde49669922427dae020873a7ecf768b6d'}",0.041101439999999996,0.046529539999999994,231453,122822,108562,14099,0.0632094,0.0054281
x3_8192,amc12a_2008_p4,1,x3_8192__amc12a_2008_p4__seed1,experiments/output/ace_x3_reproduction_20260918/configs/x3_8192__amc12a_2008_p4__seed1,True,False,14,"{'cache.yaml': '12a90b2ab4c760cda4b2389639265c6798a1d8f4e11a6d381c146d3daa7f2e1c', 'result.yaml': '0e6ff9371da68eb29cef8360f1003e37c48a8911d311d5d2f529144027c56a9e'}",0.014763479999999999,0.01631223,119661,88644,30975,5656,0.030719399999999997,0.00154875
none_8192,amc12a_2008_p4,1,none_8192__amc12a_2008_p4__seed1,experiments/output/ace_x3_reproduction_20260918/configs/none_8192__amc12a_2008_p4__seed1,True,False,11,"{'cache.yaml': '2a9865cb073bdd5c23d5e0b31380c85c953a165f089f1f26bad65edde1521666', 'result.yaml': '040de8386a9a05de6afc6d6dea7fa4c0189cbaca196c4f8f37dec7bd5a48a112'}",0.01792606,0.020920559999999998,114116,54193,59890,4048,0.0276808,0.0029944999999999998
none_8192,imo_1960_p2,1,none_8192__imo_1960_p2__seed1,experiments/output/ace_x3_reproduction_20260918/configs/none_8192__imo_1960_p2__seed1,True,False,9,"{'cache.yaml': '9766f5083128b05446009528bc27754d5eabc68efaf3f3efe9eafd765305f8ad', 'result.yaml': '572fc00e5f9da6c787bb2eda1cbff7797e86136d6d651f47202853ae436f43b9'}",0.010168219999999999,0.011451669999999999,60247,34551,25669,3615,0.0163874,0.00128345
x3_32768,imo_1960_p2,1,x3_32768__imo_1960_p2__seed1,experiments/output/ace_x3_reproduction_20260918/configs/x3_32768__imo_1960_p2__seed1,True,False,3,"{'cache.yaml': '0b670a3c1bbfdcb5b326685a1dee764e098e10c705b541ecdafe512bc40eefb2', 'result.yaml': '38f4199a65a8885d4d795f6e2b2b442b628f206214cd7493dfd5efccbcf23331'}",0.0029414199999999997,0.00309147,22541,19531,3001,1624,0.006456999999999999,0.00015005
none_32768,imo_1960_p2,1,none_32768__imo_1960_p2__seed1,experiments/output/ace_x3_reproduction_20260918/configs/none_32768__imo_1960_p2__seed1,True,False,6,"{'cache.yaml': '403133ad0e769f48dfd8ed0e4674f0b719f500fe63efa648693280c1541dfb04', 'result.yaml': '523d877844d5a1f5abb5b770e0b3e98eb1225d10bced4c3eaeaef6ec97c3f348'}",0.0033716600000000003,0.00362371,40192,35133,5041,1381,0.0096956,0.00025205
x3_8192,imo_1960_p2,1,x3_8192__imo_1960_p2__seed1,experiments/output/ace_x3_reproduction_20260918/configs/x3_8192__imo_1960_p2__seed1,True,False,6,"{'cache.yaml': '9172605fe5e692d1b47174243dafb06c586482461f701b0a56499248ccd54017', 'result.yaml': '293eb5eea2a33864bef9c142eca3a2838c278103b2d1e1f39231bc29b8cfffd2'}",0.007478899999999999,0.0082338,50341,35225,15098,3126,0.013819399999999999,0.0007549
