ledger,cell,receipt,date,stage,charged,uncached,input,cached,output
experiments/campaigns/ace_attribution_20260912/ledger.sqlite3,imo_1960_p2__luna-none-medium__gpt-5.6-luna__seed0,c06e98f4f5ed40099fb582e6345dca14,2026-09-12,luna,0.0006733399999999999,0.0011426,3979,2607,289
experiments/campaigns/ace_attribution_20260912/ledger.sqlite3,imo_1960_p2__luna-none-medium__gpt-5.6-luna__seed0,4e1b2351b834464f8d37ead8f6e0a080,2026-09-12,luna,0.00126252,0.0019782,5985,3976,651
experiments/campaigns/ace_attribution_20260912/ledger.sqlite3,imo_1960_p2__luna-none-medium__gpt-5.6-luna__seed0,8f5111c98bea4beda7ac243ae0b5aa5a,2026-09-12,luna,0.00102754,0.0014968,6488,2607,166
experiments/campaigns/ace_attribution_20260912/ledger.sqlite3,imo_1960_p2__luna-none-medium__gpt-5.6-luna__seed0,c16b766aafd749ef9efe14c7eeccc09c,2026-09-12,luna,0.0006181,0.0017854,6923,6485,334
experiments/campaigns/ace_attribution_20260912/ledger.sqlite3,imo_1960_p2__luna-none-medium__gpt-5.6-luna__seed0,f71670bd40654530a7d410146b093a1a,2026-09-12,luna,0.0006514,0.0018969999999999998,7889,6920,266
experiments/campaigns/ace_attribution_20260912/ledger.sqlite3,imo_1960_p2__luna-none-medium__gpt-5.6-luna__seed0,f909cb40374c437daed5353ff09a85c4,2026-09-12,luna,0.0015135399999999999,0.0019828,8090,2607,304
experiments/campaigns/ace_attribution_20260912/ledger.sqlite3,imo_1960_p2__luna-none-medium__gpt-5.6-luna__seed0,2cb2f9e33e514beea286c1e7c01753eb,2026-09-12,luna,0.00037234,0.001828,8516,8087,104
experiments/campaigns/ace_attribution_20260912/ledger.sqlite3,imo_1960_p2__luna-none-medium__gpt-5.6-luna__seed0,2fe1f214363c4d47a4dab1068cc5da6c,2026-09-12,luna,0.00095926,0.0024916,12014,8513,74
experiments/campaigns/ace_attribution_20260912/ledger.sqlite3,imo_1960_p2__luna-none-medium__gpt-5.6-luna__seed0,675e0562150c49d0ab6c9b25803fd5b0,2026-09-12,luna,0.00059622,0.0027581999999999997,12135,12011,276
experiments/campaigns/ace_attribution_20260912/ledger.sqlite3,imo_1960_p2__luna-none-medium__gpt-5.6-luna__seed0,9ffcfa7f43724fba89d51675ffca89b4,2026-09-12,luna,0.00268634,0.0031556,14686,2607,182
experiments/campaigns/ace_attribution_20260912/ledger.sqlite3,imo_1960_p2__luna-none-medium__gpt-5.6-luna__seed0,056021d796de490bb5b661b12a07f17e,2026-09-12,luna,0.00047786,0.0031208,14914,14683,115
experiments/campaigns/ace_attribution_20260912/ledger.sqlite3,imo_1960_p2__luna-none-medium__gpt-5.6-luna__seed0,8665951c4b1341df829cbf789c52a2e5,2026-09-12,luna,0.00053482,0.0032188,15074,14911,170
experiments/campaigns/ace_attribution_20260912/ledger.sqlite3,imo_1960_p2__luna-none-medium__gpt-5.6-luna__seed0,f8f0bbe0475d412aa66fe865ed8eac5e,2026-09-12,luna,0.00067102,0.0033838,15761,15071,193
experiments/campaigns/ace_attribution_20260912/ledger.sqlite3,imo_1960_p2__luna-none-medium__gpt-5.6-luna__seed0,7c7149106bab4196bb019d1028ed425d,2026-09-12,luna,0.00067156,0.003508,17000,15758,90
experiments/campaigns/ace_attribution_20260912/ledger.sqlite3,imo_1960_p2__luna-none-medium__gpt-5.6-luna__seed0,1294c9c1e43c41ce978e8d06847eca23,2026-09-12,luna,0.00054314,0.0036025999999999996,17137,16997,146
experiments/campaigns/ace_attribution_20260912/ledger.sqlite3,imo_1960_p2__luna-none-medium__gpt-5.6-luna__seed0,a9eea6ca80af4381bb6cdb8bcce12cc8,2026-09-12,luna,0.0012722799999999998,0.0043564,17828,17134,659
experiments/campaigns/ace_attribution_20260912/ledger.sqlite3,imo_1960_p2__luna-none-medium__gpt-5.6-luna__seed0,8e68c85b413b476d9dead4d83a4d3565,2026-09-12,luna,0.00359714,0.0040663999999999995,16156,2607,696
experiments/campaigns/ace_attribution_20260912/ledger.sqlite3,imo_1960_p2__luna-none-medium__gpt-5.6-luna__seed0,a4931ddbf3af4f5aa408c00e60a01fab,2026-09-12,luna,0.00361694,0.0040862,17143,2607,548
experiments/campaigns/ace_attribution_20260912/ledger.sqlite3,imo_1960_p2__luna-none-medium__gpt-5.6-luna__seed0,73fb456866fd419cbefa978b0676ace2,2026-09-12,luna,0.0011278,0.004213,18167,17140,483
experiments/campaigns/ace_attribution_20260912/ledger.sqlite3,imo_1960_p2__luna-none-medium__gpt-5.6-luna__seed0,6c8f459a9b1e4f84a5b411f53e20415e,2026-09-12,luna,0.00418994,0.0046592,19414,2607,647
experiments/campaigns/ace_attribution_20260912/ledger.sqlite3,imo_1960_p2__luna-none-medium__gpt-5.6-luna__seed0,6ddca5f3bc614d6cab7933ab2f32f4fa,2026-09-12,luna,0.00446354,0.004932799999999999,20302,2607,727
experiments/campaigns/ace_attribution_20260912/ledger.sqlite3,imo_1960_p2__luna-none-medium__gpt-5.6-luna__seed0,263c4c654cff4c4ab322bb0ba388a70b,2026-09-12,luna,0.0011607800000000001,0.0048146000000000005,21505,20299,428
experiments/campaigns/ace_attribution_20260912/ledger.sqlite3,imo_1960_p2__luna-none-medium__gpt-5.6-luna__seed0,da5561d576f44763aef54868db449314,2026-09-12,luna,0.00151944,0.0053898,22431,21502,753
experiments/campaigns/ace_attribution_20260912/ledger.sqlite3,imo_1960_p2__luna-none-medium__gpt-5.6-luna__seed0,af75f65c470f49b1bbc4f4082cf11ff6,2026-09-12,luna,0.00497854,0.0054478,22913,2607,721
experiments/campaigns/ace_attribution_20260912/ledger.sqlite3,aime_1991_p6__luna-none-medium__gpt-5.6-luna__seed0,2055ceeb77434841af98db12646afb9d,2026-09-12,luna,0.00043213999999999997,0.0009013999999999999,4207,2607,50
experiments/campaigns/ace_attribution_20260912/ledger.sqlite3,aime_1991_p6__luna-none-medium__gpt-5.6-luna__seed0,dd85bb50573546c3ba843ed39e9fcae4,2026-09-12,luna,0.00047167999999999993,0.0012284,5446,4204,116
experiments/campaigns/ace_attribution_20260912/ledger.sqlite3,aime_1991_p6__luna-none-medium__gpt-5.6-luna__seed0,0ef1368aa0e3407f8f864be75259232c,2026-09-12,luna,0.00048926,0.0014689999999999998,6241,5443,184
experiments/campaigns/ace_attribution_20260912/ledger.sqlite3,aime_1991_p6__luna-none-medium__gpt-5.6-luna__seed0,a58472092747489db21efd5995af3718,2026-09-12,luna,0.00057716,0.0016999999999999997,6880,6238,270
experiments/campaigns/ace_attribution_20260912/ledger.sqlite3,aime_1991_p6__luna-none-medium__gpt-5.6-luna__seed0,8f8b9441db874b7f9d1d905c4b300e45,2026-09-12,luna,0.0014625399999999998,0.0019317999999999998,8645,2607,169
experiments/campaigns/ace_attribution_20260912/ledger.sqlite3,aime_1991_p6__luna-none-medium__gpt-5.6-luna__seed0,eebc6eaeeb9c4573b90c4520b1f2f777,2026-09-12,luna,0.0018524400000000001,0.0034079999999999996,15288,8642,292
experiments/campaigns/ace_attribution_20260912/ledger.sqlite3,aime_1991_p6__luna-none-medium__gpt-5.6-luna__seed0,99b6d373e6f948a889ad99df6208fdb7,2026-09-12,luna,0.0036197,0.006371,22495,15285,1560
experiments/campaigns/ace_attribution_20260912/ledger.sqlite3,aime_1991_p6__luna-none-medium__gpt-5.6-luna__seed0,f075db620ffa474d955ae760fb1d8a33,2026-09-12,luna,0.00387784,0.0079264,30866,22492,1461
experiments/campaigns/ace_attribution_20260912/ledger.sqlite3,aime_1991_p6__luna-none-medium__gpt-5.6-luna__seed0,f65a7f016dab4a16b6c8ce0a080c07f8,2026-09-12,luna,0.00820434,0.0086736,31566,2607,1967
experiments/campaigns/ace_attribution_20260912/ledger.sqlite3,aime_1991_p6__luna-none-medium__gpt-5.6-luna__seed0,da0d42e911d74e94b4517eefad3a8dc5,2026-09-12,luna,0.00694074,0.00741,35922,2607,188
experiments/campaigns/ace_attribution_20260912/ledger.sqlite3,aime_1991_p6__luna-none-medium__gpt-5.6-luna__seed0,bdead2b45e644e8db4b7545ec1a89f9e,2026-09-12,luna,0.0036421799999999996,0.0101076,42978,35919,1260
experiments/campaigns/ace_attribution_20260912/ledger.sqlite3,amc12a_2008_p4__luna-none-medium__gpt-5.6-luna__seed0,e8bd0379d78e491ea441dc20f6841317,2026-09-12,luna,0.0008431399999999999,0.0013124,4030,2607,422
experiments/campaigns/ace_attribution_20260912/ledger.sqlite3,amc12a_2008_p4__luna-none-medium__gpt-5.6-luna__seed0,e5629d4658d3466fb3180e1a7aa34766,2026-09-12,luna,0.00046073999999999996,0.0011856,4764,4027,194
experiments/campaigns/ace_attribution_20260912/ledger.sqlite3,amc12a_2008_p4__luna-none-medium__gpt-5.6-luna__seed0,8f528c1046fd418b9cca93577a43dd4b,2026-09-12,luna,0.00070662,0.0015635999999999998,5280,4761,423
experiments/campaigns/ace_attribution_20260912/ledger.sqlite3,amc12a_2008_p4__luna-none-medium__gpt-5.6-luna__seed0,c42022c2d3df4fe6a9af1320279fa346,2026-09-12,luna,0.00049834,0.0014481999999999997,5975,5277,211
experiments/campaigns/ace_attribution_20260912/ledger.sqlite3,amc12a_2008_p4__luna-none-medium__gpt-5.6-luna__seed0,b99688758c3b43f7a2186076c2207e2f,2026-09-12,luna,0.00048543999999999996,0.0015604,6650,5972,192
experiments/campaigns/ace_attribution_20260912/ledger.sqlite3,amc12a_2008_p4__luna-none-medium__gpt-5.6-luna__seed0,f6388e1db99a488da30ac94c52c556f6,2026-09-12,luna,0.00053334,0.0017297999999999999,7101,6647,258
experiments/campaigns/ace_attribution_20260912/ledger.sqlite3,amc12a_2008_p4__luna-none-medium__gpt-5.6-luna__seed0,7cbf9e61dfde4c56815241a0ed0b7d1e,2026-09-12,luna,0.0011967599999999998,0.0024744,7632,7098,790
experiments/campaigns/ace_attribution_20260912/ledger.sqlite3,amc12a_2008_p4__luna-none-medium__gpt-5.6-luna__seed0,c6b62e2c4ddb4bf092869ab07890f47b,2026-09-12,luna,0.0016667399999999999,0.002136,7134,2607,591
experiments/campaigns/ace_attribution_20260912/ledger.sqlite3,amc12a_2008_p4__luna-none-medium__gpt-5.6-luna__seed0,50d85657a23b45499a2e7a2b2071b46d,2026-09-12,luna,0.00170554,0.0021748,7934,2607,490
experiments/campaigns/ace_attribution_20260912/ledger.sqlite3,amc12a_2008_p4__luna-none-medium__gpt-5.6-luna__seed0,088255a732dd481b9aea1e81941e68bc,2026-09-12,luna,0.00289334,0.0033626,8839,2607,1329
experiments/campaigns/ace_attribution_20260912/ledger.sqlite3,amc12a_2008_p4__luna-none-medium__gpt-5.6-luna__seed0,66eb6a54790842a9ae9b1d2c32f6f2f3,2026-09-12,luna,0.00241054,0.0028798,9803,2607,766
experiments/campaigns/ace_attribution_20260912/ledger.sqlite3,amc12a_2008_p4__luna-none-medium__gpt-5.6-luna__seed0,9b4765be005d41f581d2c03eea60e70d,2026-09-12,luna,0.0018499999999999999,0.003614,10780,9800,1215
experiments/campaigns/ace_attribution_20260912/ledger.sqlite3,amc12a_2008_p4__luna-none-medium__gpt-5.6-luna__seed0,e13cc7664f514d948b8749b467b71b15,2026-09-12,luna,0.00232974,0.002799,10665,2607,555
experiments/campaigns/ace_attribution_20260912/ledger.sqlite3,amc12a_2008_p4__luna-none-medium__gpt-5.6-luna__seed0,f1eaec7d9bd441d2ad2194b4063370a2,2026-09-12,luna,0.00248034,0.0029496,11220,2607,588
experiments/campaigns/ace_attribution_20260912/ledger.sqlite3,induction_prod1p1onk3le3m1onn__luna-none-medium__gpt-5.6-luna__seed0,9449d4084d9848d6903a7e83799f6dac,2026-09-12,luna,0.00042474,0.0008939999999999999,4122,2607,58
experiments/campaigns/ace_attribution_20260912/ledger.sqlite3,induction_prod1p1onk3le3m1onn__luna-none-medium__gpt-5.6-luna__seed0,7e033c5e0b5d4e7aaaeac3a3425a9496,2026-09-12,luna,0.00200218,0.0027435999999999997,5132,4119,1431
experiments/campaigns/ace_attribution_20260912/ledger.sqlite3,induction_prod1p1onk3le3m1onn__luna-none-medium__gpt-5.6-luna__seed0,5ab47542b6584ef58c390b707b55ab47,2026-09-12,luna,0.00188434,0.0023536,8048,2607,620
experiments/campaigns/ace_attribution_20260912/ledger.sqlite3,induction_prod1p1onk3le3m1onn__luna-none-medium__gpt-5.6-luna__seed0,64e1cea2dc8647eeafde2658fb89516c,2026-09-12,luna,0.0019427399999999999,0.002412,8808,2607,542
experiments/campaigns/ace_attribution_20260912/ledger.sqlite3,induction_prod1p1onk3le3m1onn__luna-none-medium__gpt-5.6-luna__seed0,f015c8e70ac14ef49af296c6f025aeff,2026-09-12,luna,0.0011148999999999998,0.0026998,9569,8805,655
experiments/campaigns/ace_attribution_20260912/ledger.sqlite3,induction_prod1p1onk3le3m1onn__luna-none-medium__gpt-5.6-luna__seed0,f244e6cb08dd4e1e911920dac06a2475,2026-09-12,luna,0.00200814,0.0024774,8703,2607,614
experiments/campaigns/ace_attribution_20260912/ledger.sqlite3,induction_prod1p1onk3le3m1onn__luna-none-medium__gpt-5.6-luna__seed0,5c4d2fb5f1d249038b044706059332e2,2026-09-12,luna,0.00259854,0.0030678,12069,2607,545
experiments/campaigns/ace_attribution_20260912/ledger.sqlite3,induction_prod1p1onk3le3m1onn__luna-none-medium__gpt-5.6-luna__seed0,3c716105ab0244a086562a2e0a3be178,2026-09-12,luna,0.00208874,0.0025579999999999995,11368,2607,237
experiments/campaigns/ace_attribution_20260912/ledger.sqlite3,induction_prod1p1onk3le3m1onn__luna-none-medium__gpt-5.6-luna__seed0,7c4120cecd464309942a973f56a3559e,2026-09-12,luna,0.0011851000000000001,0.0032308,12092,11365,677
experiments/campaigns/ace_attribution_20260912/ledger.sqlite3,induction_prod1p1onk3le3m1onn__luna-none-medium__gpt-5.6-luna__seed0,359e1099662a4c2784896e349f43d3c1,2026-09-12,luna,0.00414894,0.004618199999999999,13215,2607,1646
experiments/campaigns/ace_attribution_20260912/ledger.sqlite3,induction_prod1p1onk3le3m1onn__luna-none-medium__gpt-5.6-luna__seed0,b6beca29aa6740c0b318dae182af13e1,2026-09-12,luna,0.00358354,0.0040528,15050,2607,869
experiments/campaigns/ace_attribution_20260912/ledger.sqlite3,algebra_others_exirrpowirrrat__luna-none-medium__gpt-5.6-luna__seed0,d138816ff5304a75b98b1cd6090038aa,2026-09-12,luna,0.00048634,0.0009556,3896,2607,147
experiments/campaigns/ace_attribution_20260912/ledger.sqlite3,algebra_others_exirrpowirrrat__luna-none-medium__gpt-5.6-luna__seed0,bb4254067ae54e0aa8f12a842ec8c361,2026-09-12,luna,0.00041865999999999995,0.0011194,4547,3893,175
experiments/campaigns/ace_attribution_20260912/ledger.sqlite3,algebra_others_exirrpowirrrat__luna-none-medium__gpt-5.6-luna__seed0,427fcc21323f43bfa05c496b2261abf9,2026-09-12,luna,0.00045128,0.0012691999999999998,5116,4544,205
experiments/campaigns/ace_attribution_20260912/ledger.sqlite3,algebra_others_exirrpowirrrat__luna-none-medium__gpt-5.6-luna__seed0,e320b82b25924bdb9eb7043400f79af0,2026-09-12,luna,0.0006410599999999999,0.0015614,5707,5113,350
experiments/campaigns/ace_attribution_20260912/ledger.sqlite3,algebra_others_exirrpowirrrat__luna-none-medium__gpt-5.6-luna__seed0,187707998d7e4b68be175c970deee341,2026-09-12,luna,0.00052748,0.0015542,6613,5704,193
experiments/campaigns/ace_attribution_20260912/ledger.sqlite3,algebra_others_exirrpowirrrat__luna-none-medium__gpt-5.6-luna__seed0,9493f2f8546c46389a111d514fea4956,2026-09-12,luna,0.000534,0.0017238,7119,6610,250
experiments/campaigns/ace_attribution_20260912/ledger.sqlite3,algebra_others_exirrpowirrrat__luna-none-medium__gpt-5.6-luna__seed0,8e8836272265427383a89954a4de60e2,2026-09-12,luna,0.00060372,0.0018845999999999997,7755,7116,278
experiments/campaigns/ace_attribution_20260912/ledger.sqlite3,algebra_others_exirrpowirrrat__luna-none-medium__gpt-5.6-luna__seed0,ead9c3a7309f4146b525e4469733d59f,2026-09-12,luna,0.00065184,0.0020472,8904,7752,222
experiments/campaigns/ace_attribution_20260912/ledger.sqlite3,algebra_others_exirrpowirrrat__luna-none-medium__gpt-5.6-luna__seed0,b3ea375de40d40638626f5ab60e41ff2,2026-09-12,luna,0.0012410199999999998,0.0028431999999999997,12188,8901,338
experiments/campaigns/ace_attribution_20260912/ledger.sqlite3,algebra_others_exirrpowirrrat__luna-none-medium__gpt-5.6-luna__seed0,d6ab48489cb040339c3d82737abdf1d1,2026-09-12,luna,0.0014551,0.0036483999999999996,13496,12185,791
experiments/campaigns/ace_attribution_20260912/ledger.sqlite3,algebra_others_exirrpowirrrat__luna-none-medium__gpt-5.6-luna__seed0,ade0fa1144f64246a472a448055c3b97,2026-09-12,luna,0.00178546,0.0042141999999999995,14363,13493,1118
experiments/campaigns/ace_attribution_20260912/ledger.sqlite3,algebra_others_exirrpowirrrat__luna-none-medium__gpt-5.6-luna__seed0,714d9868173c4009a67b5fd2b4e69774,2026-09-12,luna,0.00282994,0.0032992,13124,2607,562
experiments/campaigns/ace_attribution_20260912/ledger.sqlite3,algebra_others_exirrpowirrrat__luna-none-medium__gpt-5.6-luna__seed0,6b0e56c43e8f49a7b60e12f26662415f,2026-09-12,luna,0.00054662,0.0029084,14272,13121,45
experiments/campaigns/ace_attribution_20260912/ledger.sqlite3,algebra_others_exirrpowirrrat__luna-none-medium__gpt-5.6-luna__seed0,b867d6e2498d4cd2b0e13d8fb7e59aa5,2026-09-12,luna,0.00060138,0.0031697999999999995,14469,14269,230
experiments/campaigns/ace_attribution_20260912/ledger.sqlite3,algebra_others_exirrpowirrrat__luna-none-medium__gpt-5.6-luna__seed0,cab07e5aab4d45119265b07b9c65cfef,2026-09-12,luna,0.00069092,0.0032948,15328,14466,191
experiments/campaigns/ace_attribution_20260912/ledger.sqlite3,algebra_others_exirrpowirrrat__luna-none-medium__gpt-5.6-luna__seed0,0595619e34524a3ab8dd664b691f4ec1,2026-09-12,luna,0.0005883,0.0033468,15642,15325,182
experiments/campaigns/ace_attribution_20260912/ledger.sqlite3,algebra_others_exirrpowirrrat__luna-none-medium__gpt-5.6-luna__seed0,ea035d11acbc48ada8942f2a573ec186,2026-09-12,luna,0.00117198,0.003987,15921,15639,669
experiments/campaigns/ace_attribution_20260912/ledger.sqlite3,algebra_others_exirrpowirrrat__luna-none-medium__gpt-5.6-luna__seed0,5711fbed82dc4dd48d98205c1e40d1ec,2026-09-12,luna,0.00286856,0.0057338,23695,15918,829
experiments/campaigns/ace_attribution_20260912/ledger.sqlite3,algebra_others_exirrpowirrrat__luna-none-medium__gpt-5.6-luna__seed0,9c88bff6487b42098c47d19273f81dba,2026-09-12,luna,0.00480274,0.005271999999999999,22934,2607,571
experiments/campaigns/ace_attribution_20260912/ledger.sqlite3,algebra_others_exirrpowirrrat__luna-none-medium__gpt-5.6-luna__seed0,de4f8bf6ae444f89bc4e776f583fffb1,2026-09-12,luna,0.0014024200000000001,0.00553,24194,22931,576
experiments/campaigns/ace_attribution_20260912/ledger.sqlite3,algebra_others_exirrpowirrrat__luna-none-medium__gpt-5.6-luna__seed0,75ab8e8d37244b03acc58486f3e0a567,2026-09-12,luna,0.00182202,0.006176399999999999,25494,24191,898
experiments/campaigns/ace_attribution_20260912/ledger.sqlite3,algebra_others_exirrpowirrrat__luna-none-medium__gpt-5.6-luna__seed0,4231a2afcd7f48dab270e0419ed5bbcb,2026-09-12,luna,0.00490814,0.0053774,25471,2607,236
experiments/campaigns/ace_attribution_20260912/ledger.sqlite3,algebra_others_exirrpowirrrat__luna-none-medium__gpt-5.6-luna__seed0,56566a966e444697b10680482945a76e,2026-09-12,luna,0.00177116,0.0063554,26611,25468,861
experiments/campaigns/ace_attribution_20260912/ledger.sqlite3,algebra_others_exirrpowirrrat__luna-none-medium__gpt-5.6-luna__seed0,30b8c3939abe41069557571b3a26cced,2026-09-12,luna,0.00524394,0.0057132,27348,2607,203
experiments/campaigns/ace_attribution_20260912/ledger.sqlite3,mathd_algebra_190__luna-none-medium__gpt-5.6-luna__seed0,f52e42dd768f404da39cfc6b9d80516b,2026-09-12,luna,0.00037813999999999995,0.0008473999999999999,3751,2607,81
experiments/campaigns/ace_attribution_20260912/ledger.sqlite3,mathd_algebra_190__luna-none-medium__gpt-5.6-luna__seed0,9a5e57dc8b93472ebb2bf727c74ce28b,2026-09-12,luna,0.00018616,0.0008607999999999999,4004,3748,50
experiments/campaigns/ace_attribution_20260912/ledger.sqlite3,mathd_numbertheory_284__luna-none-medium__gpt-5.6-luna__seed0,b2d6d10866ab489da9be6456e7f620cf,2026-09-12,luna,0.00038374,0.000853,3785,2607,80
experiments/campaigns/ace_attribution_20260912/ledger.sqlite3,imo_1964_p2__luna-none-medium__gpt-5.6-luna__seed0,5f882a93d68141e795358eddf5988b8c,2026-09-12,luna,0.0022337399999999997,0.0027029999999999997,4005,2607,1585
experiments/campaigns/ace_attribution_20260912/ledger.sqlite3,imo_1964_p2__luna-none-medium__gpt-5.6-luna__seed0,897b8c0f3de14948bcd33438f8698c1d,2026-09-12,luna,0.0017957399999999999,0.0022649999999999997,4647,2607,1113
experiments/campaigns/ace_attribution_20260912/ledger.sqlite3,imo_1964_p2__luna-none-medium__gpt-5.6-luna__seed0,9ce3f3226fda45e881f9a64a04aab994,2026-09-12,luna,0.00237854,0.0028478,7285,2607,1159
experiments/campaigns/ace_attribution_20260912/ledger.sqlite3,imo_1964_p2__luna-none-medium__gpt-5.6-luna__seed0,bda4c83e8f6647b9a1dda987f2f62a8d,2026-09-12,luna,0.00189914,0.0023683999999999997,8284,2607,593
experiments/campaigns/ace_attribution_20260912/ledger.sqlite3,imo_1964_p2__luna-none-medium__gpt-5.6-luna__seed0,85e613e3668947ea87dada7937defffe,2026-09-12,luna,0.0009765399999999999,0.0014458,6959,2607,45
experiments/campaigns/ace_attribution_20260912/ledger.sqlite3,imo_1964_p2__luna-none-medium__gpt-5.6-luna__seed0,1be18cc40332479db26c542d4581b843,2026-09-12,luna,0.00151692,0.0027689999999999998,7221,6956,1104
experiments/campaigns/ace_attribution_20260912/ledger.sqlite3,imo_1964_p2__luna-none-medium__gpt-5.6-luna__seed0,1444f7344df84ff281b5ad3e67bd39b4,2026-09-12,luna,0.00160914,0.0020783999999999998,8694,2607,283
experiments/campaigns/ace_attribution_20260912/ledger.sqlite3,imo_1964_p2__luna-none-medium__gpt-5.6-luna__seed0,6052d8a0784e45208b3cc833cc490014,2026-09-12,luna,0.00081882,0.0023832,9444,8691,412
experiments/campaigns/ace_attribution_20260912/ledger.sqlite3,imo_1964_p2__luna-none-medium__gpt-5.6-luna__seed0,2e9b506cee4742679cc3564d69c00897,2026-09-12,luna,0.00291934,0.0033885999999999994,10487,2607,1076
experiments/campaigns/ace_attribution_20260912/ledger.sqlite3,aime_1984_p7__luna-none-medium__gpt-5.6-luna__seed0,439c1ddbf0d647febe641be5f99fc284,2026-09-12,luna,0.0055955399999999995,0.0060647999999999995,4110,2607,4369
experiments/campaigns/ace_attribution_20260912/ledger.sqlite3,aime_1984_p7__luna-none-medium__gpt-5.6-luna__seed0,8b974b3121d744b8afec697a994815e8,2026-09-12,luna,0.0033307399999999996,0.0037999999999999996,5860,2607,2190
experiments/campaigns/ace_attribution_20260912/ledger.sqlite3,aime_1984_p7__luna-none-medium__gpt-5.6-luna__seed0,ab9bd020551e46f78a173c9f37612c86,2026-09-12,luna,0.0023919399999999995,0.0028611999999999995,7460,2607,1141
experiments/campaigns/ace_attribution_20260912/ledger.sqlite3,aime_1984_p7__luna-none-medium__gpt-5.6-luna__seed0,31a80c34d5544d82964af58f3fb31833,2026-09-12,luna,0.00266434,0.0031336,9080,2607,1098
experiments/campaigns/ace_attribution_20260912/ledger.sqlite3,aime_1984_p7__luna-none-medium__gpt-5.6-luna__seed0,7636956560e246309a48fe22398f3e02,2026-09-12,luna,0.0029143399999999996,0.0033835999999999996,10726,2607,1032
experiments/campaigns/ace_attribution_20260912/ledger.sqlite3,aime_1984_p7__luna-none-medium__gpt-5.6-luna__seed0,d5735a0a3f7b490e85b502932e617cac,2026-09-12,luna,0.0032881399999999997,0.0037573999999999997,12697,2607,1015
experiments/campaigns/ace_attribution_20260912/ledger.sqlite3,aime_1984_p7__luna-none-medium__gpt-5.6-luna__seed0,e9f9ac3545ba4e6198fb71cefc51781a,2026-09-12,luna,0.00369834,0.0041676000000000005,14586,2607,1042
experiments/campaigns/ace_attribution_20260912/ledger.sqlite3,aime_1984_p7__luna-none-medium__gpt-5.6-luna__seed0,20e0decb1e6041569e62cbc14137cddb,2026-09-12,luna,0.00416714,0.0046364,17098,2607,1014
experiments/campaigns/ace_attribution_20260912/ledger.sqlite3,aime_1984_p7__luna-none-medium__gpt-5.6-luna__seed0,d1cb081bbce6473a930a1cf7213744e4,2026-09-12,luna,0.005124139999999999,0.0055934,19717,2607,1375
experiments/campaigns/ace_attribution_20260912/ledger.sqlite3,amc12a_2013_p8__luna-none-medium__gpt-5.6-luna__seed0,3748f07df91840c6ad76e9c50d421b1c,2026-09-12,luna,0.00038374,0.000853,3875,2607,65
experiments/campaigns/ace_attribution_20260912/ledger.sqlite3,amc12a_2013_p8__luna-none-medium__gpt-5.6-luna__seed0,ab89a10d3c37440d9a1c9ed2c2bc2e84,2026-09-12,luna,0.00064384,0.0013408,4046,3872,443
experiments/campaigns/ace_attribution_20260912/ledger.sqlite3,amc12a_2013_p8__luna-none-medium__gpt-5.6-luna__seed0,f9498d13bb5d43369946dd5468ba9664,2026-09-12,luna,0.0010571399999999998,0.0015263999999999998,4548,2607,514
experiments/campaigns/ace_attribution_20260912/ledger.sqlite3,amc12a_2013_p8__luna-none-medium__gpt-5.6-luna__seed0,38848ac48f0c43fab428413b13b4f1c8,2026-09-12,luna,0.00078854,0.0012577999999999999,4933,2607,226
experiments/campaigns/ace_attribution_20260912/ledger.sqlite3,amc12a_2013_p8__luna-none-medium__gpt-5.6-luna__seed0,3eb8c7b2a18a458189f53404e3e14eee,2026-09-12,luna,0.0004116,0.0012989999999999998,5355,4930,190
experiments/campaigns/ace_attribution_20260912/ledger.sqlite3,amc12a_2013_p8__luna-none-medium__gpt-5.6-luna__seed0,d8b4336ad1ad4d5a8d5ee380ab3b21eb,2026-09-12,luna,0.0009568399999999999,0.0019202,5665,5352,656
experiments/campaigns/ace_attribution_20260912/ledger.sqlite3,amc12a_2013_p8__luna-none-medium__gpt-5.6-luna__seed0,060185958bcd464ba3d71197e14944fb,2026-09-12,luna,0.00110254,0.0015718,5861,2607,333
experiments/campaigns/ace_attribution_20260912/ledger.sqlite3,amc12a_2013_p8__luna-none-medium__gpt-5.6-luna__seed0,bdd2530aacb4447b9c913b80bda24760,2026-09-12,luna,0.00068116,0.0017356,6662,5858,336
experiments/campaigns/ace_attribution_20260912/ledger.sqlite3,mathd_algebra_214__luna-none-medium__gpt-5.6-luna__seed0,65795047223f41a69a2453449cf9ceb0,2026-09-12,luna,0.00066734,0.0011366,3877,2607,301
experiments/campaigns/ace_attribution_20260912/ledger.sqlite3,mathd_algebra_214__luna-none-medium__gpt-5.6-luna__seed0,b4b01d43d3054c0b97a3ca8151aeae0a,2026-09-12,luna,0.00055694,0.0010262,4303,2607,138
experiments/campaigns/ace_attribution_20260912/ledger.sqlite3,mathd_algebra_214__luna-none-medium__gpt-5.6-luna__seed0,f5ed24a42adb42c19c7b9dd65b8c0ada,2026-09-12,luna,0.0008295399999999999,0.0012988,4514,2607,330
experiments/campaigns/ace_attribution_20260912/ledger.sqlite3,mathd_numbertheory_303__luna-none-medium__gpt-5.6-luna__seed0,711df6668fac43fa954411e08158d904,2026-09-12,luna,0.00036214,0.0008313999999999999,3899,2607,43
experiments/campaigns/ace_attribution_20260912/ledger.sqlite3,mathd_numbertheory_303__luna-none-medium__gpt-5.6-luna__seed0,ad1d5be4f8a54bb382f2ec30a7e24d6c,2026-09-12,luna,0.0005811200000000001,0.0012824,4894,3896,253
experiments/campaigns/ace_attribution_20260912/ledger.sqlite3,mathd_numbertheory_303__luna-none-medium__gpt-5.6-luna__seed0,0f6c199826364d9e897ca86e84e2a667,2026-09-12,luna,0.0005372199999999999,0.0014176,5474,4891,269
experiments/campaigns/ace_attribution_20260912/ledger.sqlite3,mathd_numbertheory_303__luna-none-medium__gpt-5.6-luna__seed0,a23356ec5a0e4217ad2a58af43e2e8d3,2026-09-12,luna,0.00061142,0.0015961999999999999,6331,5471,275
experiments/campaigns/ace_attribution_20260912/ledger.sqlite3,mathd_numbertheory_303__luna-none-medium__gpt-5.6-luna__seed0,dddc73535e474761bf7d6927fcc85291,2026-09-12,luna,0.00071176,0.0018507999999999999,7208,6328,341
experiments/campaigns/ace_attribution_20260912/ledger.sqlite3,mathd_numbertheory_303__luna-none-medium__gpt-5.6-luna__seed0,5cb064e2299743aca09fbc0b95b574d3,2026-09-12,luna,0.0004725,0.0017694,8259,7205,98
experiments/campaigns/ace_attribution_20260912/ledger.sqlite3,mathd_numbertheory_303__luna-none-medium__gpt-5.6-luna__seed0,210d1eb33724401c90cc9142ef871ffc,2026-09-12,luna,0.00026592,0.0017519999999999999,8466,8256,49
experiments/campaigns/ace_attribution_20260912/ledger.sqlite3,mathd_numbertheory_303__luna-none-medium__gpt-5.6-luna__seed0,826f57955c344c0f8690630f75f7d1d3,2026-09-12,luna,0.00025726,0.0017805999999999998,8567,8463,56
experiments/campaigns/ace_attribution_20260912/ledger.sqlite3,mathd_numbertheory_303__luna-none-medium__gpt-5.6-luna__seed0,be89b7d68c7f49abacce67cbea2843e0,2026-09-12,luna,0.0014480799999999998,0.0029896,8732,8564,1036
experiments/campaigns/ace_attribution_20260912/ledger.sqlite3,mathd_numbertheory_303__luna-none-medium__gpt-5.6-luna__seed0,9cc104fa408c4a0a9140ea8508a77cd5,2026-09-12,luna,0.00086098,0.0024322,9887,8729,379
experiments/campaigns/ace_attribution_20260912/ledger.sqlite3,mathd_numbertheory_303__luna-none-medium__gpt-5.6-luna__seed0,943bd084d8934b7295ac3ded7527fb55,2026-09-12,luna,0.00168454,0.0021538,8339,2607,405
experiments/campaigns/ace_attribution_20260912/ledger.sqlite3,mathd_numbertheory_303__luna-none-medium__gpt-5.6-luna__seed0,d92eaff608da4e3c95b7a077b6d99313,2026-09-12,luna,0.00093072,0.0024312,8970,8336,531
experiments/campaigns/ace_attribution_20260912/ledger.sqlite3,mathd_numbertheory_303__luna-none-medium__gpt-5.6-luna__seed0,fbdcde9820f446048cd53301b3236b64,2026-09-12,luna,0.0008697399999999999,0.0024837999999999995,9707,8967,452
experiments/campaigns/ace_attribution_20260912/ledger.sqlite3,mathd_numbertheory_303__luna-none-medium__gpt-5.6-luna__seed0,10741dc8b82e4d399abb02cf4084227f,2026-09-12,luna,0.0026143399999999997,0.0030835999999999997,9994,2607,904
experiments/campaigns/ace_attribution_20260912/ledger.sqlite3,mathd_numbertheory_303__luna-none-medium__gpt-5.6-luna__seed0,e9dd823de0cc411c8c22332bdc880bae,2026-09-12,luna,0.0032408199999999997,0.0050392,11048,9991,2358
experiments/campaigns/ace_attribution_20260912/ledger.sqlite3,mathd_numbertheory_303__luna-none-medium__gpt-5.6-luna__seed0,50f8246740cf4c8c9bcc1270d53c1dd0,2026-09-12,luna,0.00365914,0.0041284,11258,2607,1564
experiments/campaigns/ace_attribution_20260912/ledger.sqlite3,mathd_numbertheory_303__luna-none-medium__gpt-5.6-luna__seed0,51f435a12236416bab20d427cc50665b,2026-09-12,luna,0.0021157,0.0041416,13106,11255,1267
experiments/campaigns/ace_attribution_20260912/ledger.sqlite3,mathd_numbertheory_303__luna-none-medium__gpt-5.6-luna__seed0,010de9d0e61d47c38efb048929af3f72,2026-09-12,luna,0.00295394,0.0034232,13678,2607,573
experiments/campaigns/ace_attribution_20260912/ledger.sqlite3,mathd_numbertheory_303__luna-none-medium__gpt-5.6-luna__seed0,5300c27cbe384829947a8061684f2b7d,2026-09-12,luna,0.0021203,0.0045818,14557,13675,1392
experiments/campaigns/ace_attribution_20260912/ledger.sqlite3,mathd_numbertheory_303__luna-none-medium__gpt-5.6-luna__seed0,fd9582bb64414033bec3db40c9ee5389,2026-09-12,luna,0.00460374,0.005072999999999999,17781,2607,1264
experiments/campaigns/ace_attribution_20260912/ledger.sqlite3,mathd_numbertheory_303__luna-none-medium__gpt-5.6-luna__seed0,ef0ac0731c2242d1b60feed30d2807f3,2026-09-12,luna,0.00415134,0.0046206,17265,2607,973
experiments/campaigns/ace_attribution_20260912/ledger.sqlite3,mathd_numbertheory_303__luna-none-medium__gpt-5.6-luna__seed0,7e8988f3009e4d348f8b6b6643af7861,2026-09-12,luna,0.0010874399999999998,0.0041946,19437,17262,256
experiments/campaigns/ace_attribution_20260912/ledger.sqlite3,mathd_numbertheory_303__luna-none-medium__gpt-5.6-luna__seed0,58320e9e2072424e99c1af0b80f8a9cf,2026-09-12,luna,0.0004910800000000001,0.0039892,19748,19434,33
experiments/campaigns/ace_attribution_20260912/ledger.sqlite3,imo_1969_p2__luna-none-medium__gpt-5.6-luna__seed0,86a1f8737b8b46a98d5c297d99cea3b8,2026-09-12,luna,0.00094334,0.0014126,3967,2607,516
experiments/campaigns/ace_attribution_20260912/ledger.sqlite3,imo_1969_p2__luna-none-medium__gpt-5.6-luna__seed0,76468cf8538542dd87db0b5e91848d99,2026-09-12,luna,0.00106988,0.0017834,6487,3964,405
experiments/campaigns/ace_attribution_20260912/ledger.sqlite3,imo_1969_p2__luna-none-medium__gpt-5.6-luna__seed0,0e5e0d1e98f2412fb019229ba2ebbed9,2026-09-12,luna,0.00092408,0.0020912,8026,6484,405
experiments/campaigns/ace_attribution_20260912/ledger.sqlite3,imo_1969_p2__luna-none-medium__gpt-5.6-luna__seed0,069f37fc04fc4804a06bb009f31d86b8,2026-09-12,luna,0.00170854,0.0021777999999999997,7685,2607,534
experiments/campaigns/ace_attribution_20260912/ledger.sqlite3,imo_1969_p2__luna-none-medium__gpt-5.6-luna__seed0,fd0ef20dca8e4cd5b4e88e9999b60d27,2026-09-12,luna,0.00110704,0.0024898,9239,7682,535
experiments/campaigns/ace_attribution_20260912/ledger.sqlite3,imo_1969_p2__luna-none-medium__gpt-5.6-luna__seed0,b6bc73f4e5e541d690de33708d43b6a5,2026-09-12,luna,0.00050772,0.0021701999999999997,10221,9236,105
experiments/campaigns/ace_attribution_20260912/ledger.sqlite3,imo_1969_p2__luna-none-medium__gpt-5.6-luna__seed0,44ebbb0f4363437f981cb099dc914c97,2026-09-12,luna,0.0010341600000000001,0.0028734,11199,10218,528
experiments/campaigns/ace_attribution_20260912/ledger.sqlite3,imo_1969_p2__luna-none-medium__gpt-5.6-luna__seed0,8f1ecb3cf87648fda331a03213e3f59a,2026-09-12,luna,0.00109052,0.0031057999999999997,12235,11196,549
experiments/campaigns/ace_attribution_20260912/ledger.sqlite3,imo_1969_p2__luna-none-medium__gpt-5.6-luna__seed0,dc22325ec92045c0a062bdd56835afcd,2026-09-12,luna,0.00309154,0.0035608,11144,2607,1110
experiments/campaigns/ace_attribution_20260912/ledger.sqlite3,imo_1969_p2__luna-none-medium__gpt-5.6-luna__seed0,143c370733c441018396ff7bae7f1253,2026-09-12,luna,0.0006534199999999999,0.0026588,12388,11141,151
experiments/campaigns/ace_attribution_20260912/ledger.sqlite3,imo_1969_p2__luna-none-medium__gpt-5.6-luna__seed0,d4f963522a10455abe18aca00b8a671c,2026-09-12,luna,0.00223974,0.002709,11865,2607,280
experiments/campaigns/ace_attribution_20260912/ledger.sqlite3,imo_1969_p2__luna-none-medium__gpt-5.6-luna__seed0,dbb3cbb3a1004e71ba7f42d1bfe33ccd,2026-09-12,luna,0.00147864,0.0036138,16101,11862,328
experiments/campaigns/ace_attribution_20260912/ledger.sqlite3,imo_1969_p2__luna-none-medium__gpt-5.6-luna__seed0,b49d30f075cf433d8ebeecda6a7a43ec,2026-09-12,luna,0.0011133599999999999,0.004011,16935,16098,520
experiments/campaigns/ace_attribution_20260912/ledger.sqlite3,imo_1969_p2__luna-none-medium__gpt-5.6-luna__seed0,a966394ef9414a80bb5d35b4c351d8f1,2026-09-12,luna,0.0017108999999999998,0.0039402,17847,12385,309
experiments/campaigns/ace_attribution_20260912/ledger.sqlite3,imo_1969_p2__luna-none-medium__gpt-5.6-luna__seed0,623fcb4ba72d4ab885b700d409e614f8,2026-09-12,luna,0.0043833399999999995,0.0048526,17261,2607,1167
experiments/campaigns/ace_attribution_20260912/ledger.sqlite3,imo_1969_p2__luna-none-medium__gpt-5.6-luna__seed0,5ebf774648f14ec58efc23ef8d248384,2026-09-12,luna,0.00126696,0.0043733999999999995,19329,17258,423
experiments/campaigns/ace_attribution_20260912/ledger.sqlite3,imo_1969_p2__luna-none-medium__gpt-5.6-luna__seed0,303acd9736a84afea5cbd366d3c3b253,2026-09-12,luna,0.00099388,0.0042058,19793,17844,206
experiments/campaigns/ace_attribution_20260912/ledger.sqlite3,imo_1969_p2__luna-none-medium__gpt-5.6-luna__seed0,a0052709cff042dab2d57e8c7e471826,2026-09-12,luna,0.00472254,0.0051918,19185,2607,1129
experiments/campaigns/ace_attribution_20260912/ledger.sqlite3,imo_1969_p2__luna-none-medium__gpt-5.6-luna__seed0,c45aade89acd4ff8ac2c8345a76fdaad,2026-09-12,luna,0.00451894,0.0049882,19829,2607,852
experiments/campaigns/ace_attribution_20260912/ledger.sqlite3,imo_1969_p2__luna-none-medium__gpt-5.6-luna__seed0,22600961b8f846da9ee556e242d4ff7c,2026-09-12,luna,0.00215844,0.005206199999999999,21399,16932,772
experiments/campaigns/ace_attribution_20260912/ledger.sqlite3,imo_1969_p2__luna-none-medium__gpt-5.6-luna__seed0,47624d9976b44f1bb972c67ab4e91f42,2026-09-12,luna,0.0047563399999999995,0.0052256,21838,2607,715
experiments/campaigns/ace_attribution_20260912/ledger.sqlite3,aime_1989_p8__luna-none-medium__gpt-5.6-luna__seed0,bfd040a2985d44c4b4c306a8c04fa884,2026-09-12,luna,0.00048434,0.0009536,4378,2607,65
experiments/campaigns/ace_attribution_20260912/ledger.sqlite3,amc12a_2016_p3__luna-none-medium__gpt-5.6-luna__seed0,ad76da6dc6984c29b726113a5955c26a,2026-09-12,luna,0.00055954,0.0010287999999999999,4256,2607,148
experiments/campaigns/ace_attribution_20260912/ledger.sqlite3,amc12a_2016_p3__luna-none-medium__gpt-5.6-luna__seed0,94333acc918e4499a37c9b5af4f9683f,2026-09-12,luna,0.00045505999999999997,0.0012206,5593,4253,85
experiments/campaigns/ace_attribution_20260912/ledger.sqlite3,amc12a_2016_p3__luna-none-medium__gpt-5.6-luna__seed0,5e145ad154e0453cac248f6c5ba2de63,2026-09-12,luna,0.0024074,0.0034136,13354,5590,619
experiments/campaigns/ace_attribution_20260912/ledger.sqlite3,amc12a_2016_p3__luna-none-medium__gpt-5.6-luna__seed0,30d10a07999a471b8143e054a20d1d2c,2026-09-12,luna,0.00339814,0.0038674,15869,2607,578
experiments/campaigns/ace_attribution_20260912/ledger.sqlite3,mathd_algebra_234__luna-none-medium__gpt-5.6-luna__seed0,a93a2ba610b5489caa330d91482285a4,2026-09-12,luna,0.00049274,0.000962,3766,2607,174
experiments/campaigns/ace_attribution_20260912/ledger.sqlite3,mathd_numbertheory_33__luna-none-medium__gpt-5.6-luna__seed0,e3d454d275d84a6c84b2e83e4658c960,2026-09-12,luna,0.00034013999999999995,0.0008093999999999999,3735,2607,52
experiments/campaigns/ace_attribution_20260912/ledger.sqlite3,mathd_numbertheory_33__luna-none-medium__gpt-5.6-luna__seed0,7e7baa2e43cc4fc582d0bdff57b105da,2026-09-12,luna,0.00026283999999999997,0.0009346000000000001,3881,3732,132
experiments/campaigns/ace_attribution_20260912/ledger.sqlite3,mathd_numbertheory_33__luna-none-medium__gpt-5.6-luna__seed0,44cc9856492640b8b09c949c0b76ec1f,2026-09-12,luna,0.00067696,0.001375,5285,3878,265
experiments/campaigns/ace_attribution_20260912/ledger.sqlite3,mathd_numbertheory_33__luna-none-medium__gpt-5.6-luna__seed0,be9e3d27ce98485f8380d41f382b3be9,2026-09-12,luna,0.00053264,0.0014834,5899,5282,253
experiments/campaigns/ace_attribution_20260912/ledger.sqlite3,mathd_numbertheory_33__luna-none-medium__gpt-5.6-luna__seed0,1109f8c933cf428993e01b707f75911a,2026-09-12,luna,0.0008001199999999999,0.0018614,6265,5896,507
experiments/campaigns/ace_attribution_20260912/ledger.sqlite3,imo_1981_p6__luna-none-medium__gpt-5.6-luna__seed0,a33ec4a42d3048f98ace174c213c449c,2026-09-12,luna,0.00166374,0.002133,4065,2607,1100
experiments/campaigns/ace_attribution_20260912/ledger.sqlite3,imo_1981_p6__luna-none-medium__gpt-5.6-luna__seed0,cbb3fb527cb04fd9ba23792a368c3e8f,2026-09-12,luna,0.00059804,0.0013292,5572,4062,179
experiments/campaigns/ace_attribution_20260912/ledger.sqlite3,imo_1981_p6__luna-none-medium__gpt-5.6-luna__seed0,9c4ee4e2d0b743e3aeaa2001b60bc962,2026-09-12,luna,0.00162958,0.002632,6638,5569,1087
experiments/campaigns/ace_attribution_20260912/ledger.sqlite3,imo_1981_p6__luna-none-medium__gpt-5.6-luna__seed0,9dd2983dc2b44622a2f844b3b4b707c0,2026-09-12,luna,0.00200774,0.002477,6475,2607,985
experiments/campaigns/ace_attribution_20260912/ledger.sqlite3,imo_1981_p6__luna-none-medium__gpt-5.6-luna__seed0,a22af87a6bcf4049a99f3992473e4489,2026-09-12,luna,0.00158874,0.002058,10002,2607,48
experiments/campaigns/ace_attribution_20260912/ledger.sqlite3,imo_1981_p6__luna-none-medium__gpt-5.6-luna__seed0,4f331b37c289401c8d21b1c1e2e2e7fa,2026-09-12,luna,0.00042157999999999996,0.0022214,10291,9999,136
experiments/campaigns/ace_attribution_20260912/ledger.sqlite3,imo_1981_p6__luna-none-medium__gpt-5.6-luna__seed0,9c4de00b1da34eac94bd03be04d6bfcc,2026-09-12,luna,0.00129216,0.0031439999999999997,11088,10288,772
experiments/campaigns/ace_attribution_20260912/ledger.sqlite3,imo_1981_p6__luna-none-medium__gpt-5.6-luna__seed0,4bcae3e4443d4bfdbd8ec1162e836f22,2026-09-12,luna,0.0025077399999999996,0.0029769999999999996,10067,2607,803
experiments/campaigns/ace_attribution_20260912/ledger.sqlite3,aime_1991_p9__luna-none-medium__gpt-5.6-luna__seed0,e2e945aa343c4954b1209e582db4923e,2026-09-12,luna,0.00046073999999999996,0.0009299999999999999,4206,2607,74
experiments/campaigns/ace_attribution_20260912/ledger.sqlite3,aime_1991_p9__luna-none-medium__gpt-5.6-luna__seed0,a6bb9f0c15904683969e5e316463633f,2026-09-12,luna,0.00026346,0.00102,4326,4203,129
experiments/campaigns/ace_attribution_20260912/ledger.sqlite3,aime_1991_p9__luna-none-medium__gpt-5.6-luna__seed0,4ab3086cadad48608e540cf3ac031d38,2026-09-12,luna,0.0004904600000000001,0.0012686,4981,4323,227
experiments/campaigns/ace_attribution_20260912/ledger.sqlite3,aime_1991_p9__luna-none-medium__gpt-5.6-luna__seed0,2a9ed184a714499f919e3cf32ea59ad7,2026-09-12,luna,0.00045636,0.0013524,5880,4978,147
experiments/campaigns/ace_attribution_20260912/ledger.sqlite3,aime_1991_p9__luna-none-medium__gpt-5.6-luna__seed0,1595cb3906c14fc794929c2cdb5a1cae,2026-09-12,luna,0.0004915399999999999,0.0015494,6751,5877,166
experiments/campaigns/ace_attribution_20260912/ledger.sqlite3,aime_1991_p9__luna-none-medium__gpt-5.6-luna__seed0,e08f03d29c7740919defe735ff14246d,2026-09-12,luna,0.00031616,0.0015308000000000001,7366,6748,48
experiments/campaigns/ace_attribution_20260912/ledger.sqlite3,aime_1991_p9__luna-none-medium__gpt-5.6-luna__seed0,9bc6aca4d35c44f99ccd7d1038cbe7d6,2026-09-12,luna,0.00126286,0.0025881999999999997,8225,7363,786
experiments/campaigns/ace_attribution_20260912/ledger.sqlite3,aime_1991_p9__luna-none-medium__gpt-5.6-luna__seed0,c195b5b8da60427f8675af566debd764,2026-09-12,luna,0.00242794,0.0028972,8438,2607,1008
experiments/campaigns/ace_attribution_20260912/ledger.sqlite3,aime_1991_p9__luna-none-medium__gpt-5.6-luna__seed0,a146684c6c7f47ff9d06ce27860e40df,2026-09-12,luna,0.00165534,0.0021246,8805,2607,303
experiments/campaigns/ace_attribution_20260912/ledger.sqlite3,aime_1991_p9__luna-none-medium__gpt-5.6-luna__seed0,727b68e988be4553bc0f35c33e35ed40,2026-09-12,luna,0.0014755399999999998,0.0019447999999999998,9154,2607,95
experiments/campaigns/ace_attribution_20260912/ledger.sqlite3,aime_1991_p9__luna-none-medium__gpt-5.6-luna__seed0,053b6e774995443bb78241f5ab053bcd,2026-09-12,luna,0.0009028199999999999,0.0025499999999999997,9438,9151,552
experiments/campaigns/ace_attribution_20260912/ledger.sqlite3,aime_1991_p9__luna-none-medium__gpt-5.6-luna__seed0,73c11185627a4ed1ba40b777cba6d411,2026-09-12,luna,0.0012223,0.0029205999999999998,10163,9435,740
experiments/campaigns/ace_attribution_20260912/ledger.sqlite3,aime_1991_p9__luna-none-medium__gpt-5.6-luna__seed0,058fa214cb1b4bf6a1378e00d7e23d37,2026-09-12,luna,0.0012617,0.00278,10990,8435,485
experiments/campaigns/ace_attribution_20260912/ledger.sqlite3,aime_1991_p9__luna-none-medium__gpt-5.6-luna__seed0,2fe6adddcfee4d84a8a75380a403705b,2026-09-12,luna,0.00199554,0.0024648,10620,2607,284
experiments/campaigns/ace_attribution_20260912/ledger.sqlite3,aime_1991_p9__luna-none-medium__gpt-5.6-luna__seed0,274f69b3449c4ccdbd94764e516cc513,2026-09-12,luna,0.00041573999999999995,0.0023268,10950,10617,114
experiments/campaigns/ace_attribution_20260912/ledger.sqlite3,aime_1991_p9__luna-none-medium__gpt-5.6-luna__seed0,4d53bc8abe8542c8acf9302306533c6c,2026-09-12,luna,0.00165114,0.0036216,11550,10947,1093
experiments/campaigns/ace_attribution_20260912/ledger.sqlite3,aime_1991_p9__luna-none-medium__gpt-5.6-luna__seed0,3e72d609c57e40f4a5abeec2360fbde0,2026-09-12,luna,0.0009167399999999999,0.0029952,12942,11547,339
experiments/campaigns/ace_attribution_20260912/ledger.sqlite3,aime_1991_p9__luna-none-medium__gpt-5.6-luna__seed0,1f212d71472643b48afba4bfb137e75e,2026-09-12,luna,0.00144878,0.0037778,13591,12939,883
experiments/campaigns/ace_attribution_20260912/ledger.sqlite3,aime_1991_p9__luna-none-medium__gpt-5.6-luna__seed0,3f69ef1c5cdf48afa33cc6d6be4ec912,2026-09-12,luna,0.00258714,0.0030564,12834,2607,408
experiments/campaigns/ace_attribution_20260912/ledger.sqlite3,aime_1991_p9__luna-none-medium__gpt-5.6-luna__seed0,30a1869d3d0e466491692c9907337707,2026-09-12,luna,0.00130042,0.0036099999999999995,13688,12831,727
experiments/campaigns/ace_attribution_20260912/ledger.sqlite3,aime_1991_p9__luna-none-medium__gpt-5.6-luna__seed0,1d8c297675ce4e04a6d018c7174bb81e,2026-09-12,luna,0.00142294,0.0034006,14969,10987,339
experiments/campaigns/ace_attribution_20260912/ledger.sqlite3,aime_1991_p9__luna-none-medium__gpt-5.6-luna__seed0,7b08443cad4748daaaf9120473166ec7,2026-09-12,luna,0.0032679399999999996,0.0037371999999999996,14702,2607,664
experiments/campaigns/ace_attribution_20260912/ledger.sqlite3,aime_1991_p9__luna-none-medium__gpt-5.6-luna__seed0,9c6a47d09c104056a1135cb1c78004ef,2026-09-12,luna,0.00334274,0.003812,15400,2607,610
experiments/campaigns/ace_attribution_20260912/ledger.sqlite3,aime_1991_p9__luna-none-medium__gpt-5.6-luna__seed0,85e6c4869f4e4f4eac91f29895353fe3,2026-09-12,luna,0.00366534,0.0041346,16263,2607,735
experiments/campaigns/ace_attribution_20260912/ledger.sqlite3,aime_1991_p9__luna-none-medium__gpt-5.6-luna__seed0,b7ad811b337f4a1f8983960f3da29bac,2026-09-12,luna,0.00355654,0.0040257999999999995,17231,2607,483
experiments/campaigns/ace_attribution_20260912/ledger.sqlite3,aime_1991_p9__luna-none-medium__gpt-5.6-luna__seed0,8a50e15c08fa45d6bdf1bd9f83c75d37,2026-09-12,luna,0.00385654,0.0043257999999999994,17999,2607,605
experiments/campaigns/ace_attribution_20260912/ledger.sqlite3,amc12a_2019_p21__luna-none-medium__gpt-5.6-luna__seed0,f63fbf07f311400daf4d2d24017d7edf,2026-09-12,luna,0.00047514,0.0009444,4404,2607,53
experiments/campaigns/ace_attribution_20260912/ledger.sqlite3,amc12a_2019_p21__luna-none-medium__gpt-5.6-luna__seed0,e581f2dd1eaf474e94989cb0742a50bd,2026-09-12,luna,0.00053162,0.0013238,5947,4401,112
experiments/campaigns/ace_attribution_20260912/ledger.sqlite3,amc12a_2019_p21__luna-none-medium__gpt-5.6-luna__seed0,553a8bb0c9554bb7830be88443b56c31,2026-09-12,luna,0.00042288,0.0014927999999999999,6840,5944,104
experiments/campaigns/ace_attribution_20260912/ledger.sqlite3,amc12a_2019_p21__luna-none-medium__gpt-5.6-luna__seed0,50d8eaaf9d4f48e286f97fc814e65253,2026-09-12,luna,0.00169374,0.002163,9699,2607,186
experiments/campaigns/ace_attribution_20260912/ledger.sqlite3,amc12a_2019_p21__luna-none-medium__gpt-5.6-luna__seed0,53a858b227f547099de03ebae6e645a0,2026-09-12,luna,0.00074672,0.002492,11026,9696,239
experiments/campaigns/ace_attribution_20260912/ledger.sqlite3,amc12a_2019_p21__luna-none-medium__gpt-5.6-luna__seed0,e456408956064f199f48739f3f64bda9,2026-09-12,luna,0.00116146,0.0031455999999999997,13412,11023,386
experiments/campaigns/ace_attribution_20260912/ledger.sqlite3,amc12a_2019_p21__luna-none-medium__gpt-5.6-luna__seed0,c829d7e47b70464981b0e10b85d2edb1,2026-09-12,luna,0.00090078,0.0033144,15576,13409,166
experiments/campaigns/ace_attribution_20260912/ledger.sqlite3,amc12a_2019_p21__luna-none-medium__gpt-5.6-luna__seed0,45983258d3c345b6a5dcef1f8bb7d9bc,2026-09-12,luna,0.0008878600000000001,0.003691,17381,15573,179
experiments/campaigns/ace_attribution_20260912/ledger.sqlite3,amc12a_2019_p21__luna-none-medium__gpt-5.6-luna__seed0,84188e4a254e4e0c9ee5e32e185ac192,2026-09-12,luna,0.00275154,0.0032208,15156,2607,158
experiments/campaigns/ace_attribution_20260912/ledger.sqlite3,amc12a_2019_p21__luna-none-medium__gpt-5.6-luna__seed0,53f18068400d40fc9aaa5aef9fc19034,2026-09-12,luna,0.00079546,0.003523,15749,15153,311
experiments/campaigns/ace_attribution_20260912/ledger.sqlite3,amc12a_2019_p21__luna-none-medium__gpt-5.6-luna__seed0,9143f030875d4edcab2f4689da04b16d,2026-09-12,luna,0.00097752,0.0038117999999999997,16407,15746,442
experiments/campaigns/ace_attribution_20260912/ledger.sqlite3,amc12a_2019_p21__luna-none-medium__gpt-5.6-luna__seed0,7ea240038fed4d0785c0bbbbd5014bc0,2026-09-12,luna,0.00308614,0.0035554,16511,2607,211
experiments/campaigns/ace_attribution_20260912/ledger.sqlite3,amc12a_2019_p21__luna-none-medium__gpt-5.6-luna__seed0,8c884f0753be4eb2a709e194fa6d1d4d,2026-09-12,luna,0.00060896,0.0035803999999999996,16972,16508,155
experiments/campaigns/ace_attribution_20260912/ledger.sqlite3,amc12a_2019_p21__luna-none-medium__gpt-5.6-luna__seed0,601e27b2ec0c478abe1bcc312af36da9,2026-09-12,luna,0.0031205399999999998,0.0035897999999999998,17217,2607,122
experiments/campaigns/ace_attribution_20260912/ledger.sqlite3,amc12a_2019_p21__luna-none-medium__gpt-5.6-luna__seed0,31e74bed299e4062ba3f2c422898cae3,2026-09-12,luna,0.00082908,0.0039276,17484,17214,359
experiments/campaigns/ace_attribution_20260912/ledger.sqlite3,amc12a_2019_p21__luna-none-medium__gpt-5.6-luna__seed0,8fa2480485434fb38904c78f483a1a5f,2026-09-12,luna,0.00378234,0.0042515999999999995,17832,2607,571
experiments/campaigns/ace_attribution_20260912/ledger.sqlite3,amc12a_2019_p21__luna-none-medium__gpt-5.6-luna__seed0,2e6ac8d84aa846d7b16595aa0563b221,2026-09-12,luna,0.00333354,0.0038028,18204,2607,135
experiments/campaigns/ace_attribution_20260912/ledger.sqlite3,amc12a_2019_p21__luna-none-medium__gpt-5.6-luna__seed0,2e8b520346024886867dafc2781972e2,2026-09-12,luna,0.0005598199999999999,0.003836,18448,18201,122
experiments/campaigns/ace_attribution_20260912/ledger.sqlite3,amc12a_2019_p21__luna-none-medium__gpt-5.6-luna__seed0,94aca60ecbd84402a906de3474b9d383,2026-09-12,luna,0.0007337,0.0040538,18643,18445,271
experiments/campaigns/ace_attribution_20260912/ledger.sqlite3,amc12a_2019_p21__luna-none-medium__gpt-5.6-luna__seed0,047fe22859b04c6eb0405866148da73a,2026-09-12,luna,0.0006684,0.0040236,19164,18640,159
experiments/campaigns/ace_attribution_20260912/ledger.sqlite3,amc12a_2019_p21__luna-none-medium__gpt-5.6-luna__seed0,9a7f69303c32497089309a09f3802ba3,2026-09-12,luna,0.00091942,0.0043684,19712,19161,355
experiments/campaigns/ace_attribution_20260912/ledger.sqlite3,amc12a_2019_p21__luna-none-medium__gpt-5.6-luna__seed0,77a065164c3045dfb0553361209b54a6,2026-09-12,luna,0.00126738,0.0043218,19827,16969,297
experiments/campaigns/ace_attribution_20260912/ledger.sqlite3,amc12a_2019_p21__luna-none-medium__gpt-5.6-luna__seed0,57c134806aa74f219e4ede44ef285f52,2026-09-12,luna,0.00060708,0.0041754,20163,19824,119
experiments/campaigns/ace_attribution_20260912/ledger.sqlite3,amc12a_2019_p21__luna-none-medium__gpt-5.6-luna__seed0,15f74fafcf7841a794cbea3d82b2657c,2026-09-12,luna,0.00406894,0.0045382,20705,2607,331
experiments/campaigns/ace_attribution_20260912/ledger.sqlite3,amc12a_2019_p21__luna-none-medium__gpt-5.6-luna__seed0,e785cd6203a547e58681e68c70fe23af,2026-09-12,luna,0.00391474,0.004384,21050,2607,145
experiments/campaigns/ace_attribution_20260912/ledger.sqlite3,amc12a_2019_p21__luna-none-medium__gpt-5.6-luna__seed0,4a6946a5b6dc49719d7c5b6ae926cb56,2026-09-12,luna,0.00066174,0.0044502000000000005,21429,21047,137
experiments/campaigns/ace_attribution_20260912/ledger.sqlite3,mathd_algebra_251__luna-none-medium__gpt-5.6-luna__seed0,2393270928694aa7805103fc66b4320a,2026-09-12,luna,0.00042894000000000005,0.0008982,3771,2607,120
experiments/campaigns/ace_attribution_20260912/ledger.sqlite3,mathd_algebra_251__luna-none-medium__gpt-5.6-luna__seed0,0c50eee464334a28ad772bd9b97f917f,2026-09-12,luna,0.0007237400000000001,0.001193,4081,2607,314
experiments/campaigns/ace_attribution_20260912/ledger.sqlite3,mathd_algebra_251__luna-none-medium__gpt-5.6-luna__seed0,6fae85800f5c49ef95c8bfe8dec66404,2026-09-12,luna,0.00047596,0.00121,4604,4078,241
experiments/campaigns/ace_attribution_20260912/ledger.sqlite3,mathd_algebra_251__luna-none-medium__gpt-5.6-luna__seed0,a0bb11aceaef4251b515cae6334c0ef3,2026-09-12,luna,0.0008212199999999999,0.0016493999999999999,4959,4601,548
experiments/campaigns/ace_attribution_20260912/ledger.sqlite3,mathd_algebra_251__luna-none-medium__gpt-5.6-luna__seed0,5365bb150c1a4e948671543056097916,2026-09-12,luna,0.00058134,0.0010506,4743,2607,85
experiments/campaigns/ace_attribution_20260912/ledger.sqlite3,mathd_algebra_251__luna-none-medium__gpt-5.6-luna__seed0,054bf71cfa7c412891d0e6476d343e67,2026-09-12,luna,0.0003146,0.0011677999999999999,4993,4740,141
experiments/campaigns/ace_attribution_20260912/ledger.sqlite3,mathd_algebra_251__luna-none-medium__gpt-5.6-luna__seed0,d5dc92b464884a039134e42988d4c370,2026-09-12,luna,0.0006286,0.0015268,5852,4990,297
experiments/campaigns/ace_attribution_20260912/ledger.sqlite3,mathd_algebra_251__luna-none-medium__gpt-5.6-luna__seed0,8bb058f7059046bd8c6ac4a6c2c9c760,2026-09-12,luna,0.00022538000000000001,0.0012781999999999997,6235,5849,26
experiments/campaigns/ace_attribution_20260912/ledger.sqlite3,mathd_algebra_251__luna-none-medium__gpt-5.6-luna__seed0,bc467e4ef9b243b6b3e654f550001be1,2026-09-12,luna,0.00029584,0.0014175999999999998,6308,6232,130
experiments/campaigns/ace_attribution_20260912/ledger.sqlite3,mathd_algebra_251__luna-none-medium__gpt-5.6-luna__seed0,be405b6caf134b37a0119b830b53a6e1,2026-09-12,luna,0.0006493,0.0017842,6863,6305,343
experiments/campaigns/ace_attribution_20260912/ledger.sqlite3,mathd_algebra_251__luna-none-medium__gpt-5.6-luna__seed0,ca2cf7615b3048c5af9c3d4d7331f440,2026-09-12,luna,0.00168214,0.0021514,7007,2607,625
experiments/campaigns/ace_attribution_20260912/ledger.sqlite3,mathd_numbertheory_37__luna-none-medium__gpt-5.6-luna__seed0,61fa0d80425148ec851392065c7d5680,2026-09-12,luna,0.00038433999999999994,0.0008535999999999999,3962,2607,51
experiments/campaigns/ace_attribution_20260912/ledger.sqlite3,mathd_numbertheory_37__luna-none-medium__gpt-5.6-luna__seed0,4a4684a09f2a4e65a717d399beb58ec4,2026-09-12,luna,0.00021257999999999997,0.0009251999999999999,4182,3959,74
experiments/campaigns/ace_attribution_20260912/ledger.sqlite3,mathd_numbertheory_37__luna-none-medium__gpt-5.6-luna__seed0,bd93bf077f654e61a1c15dd85a6ddcc2,2026-09-12,luna,0.00063954,0.0011088,4518,2607,171
experiments/campaigns/ace_attribution_20260912/ledger.sqlite3,mathd_numbertheory_37__luna-none-medium__gpt-5.6-luna__seed0,1a2d824565cc4f61a3dd3e689dcf0a59,2026-09-12,luna,0.00029217999999999996,0.0010444,4760,4179,77
experiments/campaigns/ace_attribution_20260912/ledger.sqlite3,mathd_numbertheory_37__luna-none-medium__gpt-5.6-luna__seed0,644206eee99f4223a8d9ba32343e2647,2026-09-12,luna,0.00025834,0.0011145999999999999,5135,4757,73
experiments/campaigns/ace_attribution_20260912/ledger.sqlite3,mathd_numbertheory_37__luna-none-medium__gpt-5.6-luna__seed0,d2447c8e865b43da93fa39eba13ad0ea,2026-09-12,luna,0.0006988399999999999,0.0016225999999999999,6691,5132,237
experiments/campaigns/ace_attribution_20260912/ledger.sqlite3,mathd_numbertheory_37__luna-none-medium__gpt-5.6-luna__seed0,9d564733311b4ff0a3c190aa6bb922e9,2026-09-12,luna,0.0004913599999999999,0.0016951999999999998,7948,6688,88
experiments/campaigns/ace_attribution_20260912/ledger.sqlite3,mathd_numbertheory_37__luna-none-medium__gpt-5.6-luna__seed0,edfe5423858d46398b8deb4de099c72b,2026-09-12,luna,0.0007637,0.0021938,8617,7945,392
experiments/campaigns/ace_attribution_20260912/ledger.sqlite3,mathd_numbertheory_37__luna-none-medium__gpt-5.6-luna__seed0,0d72c17871e0478ea1a5cc886e614984,2026-09-12,luna,0.00142854,0.0018978,8763,2607,121
experiments/campaigns/ace_attribution_20260912/ledger.sqlite3,mathd_numbertheory_37__luna-none-medium__gpt-5.6-luna__seed0,e3dcbb9cbe9c4420ba709eb8e7ff284b,2026-09-12,luna,0.00157314,0.0020423999999999998,8952,2607,210
experiments/campaigns/ace_attribution_20260912/ledger.sqlite3,mathd_numbertheory_37__luna-none-medium__gpt-5.6-luna__seed0,871cf070860045ac8258f169f7607690,2026-09-12,luna,0.00208118,0.003692,11554,8949,1151
experiments/campaigns/ace_attribution_20260912/ledger.sqlite3,mathd_numbertheory_37__luna-none-medium__gpt-5.6-luna__seed0,1f8ba8cfa20a4ae78fad3466c5be41c6,2026-09-12,luna,0.00226794,0.0027372,12000,2607,281
experiments/campaigns/ace_attribution_20260912/ledger.sqlite3,mathd_numbertheory_37__luna-none-medium__gpt-5.6-luna__seed0,9097e2d3a5ac480bb0b53518e9d4f965,2026-09-12,luna,0.00276854,0.0032378,12523,2607,611
experiments/campaigns/ace_attribution_20260912/ledger.sqlite3,mathd_numbertheory_37__luna-none-medium__gpt-5.6-luna__seed0,678df227f7c145c88dbc2ccaa4e627bb,2026-09-12,luna,0.00226174,0.002731,12899,2607,126
experiments/campaigns/ace_attribution_20260912/ledger.sqlite3,mathd_numbertheory_37__luna-none-medium__gpt-5.6-luna__seed0,f5fc96e16e25444585cff6b80b87f293,2026-09-12,luna,0.00063252,0.0029538,13317,12896,242
experiments/campaigns/ace_attribution_20260912/ledger.sqlite3,mathd_numbertheory_37__luna-none-medium__gpt-5.6-luna__seed0,29dda9e7abb34d03a45ca290a00ae1ee,2026-09-12,luna,0.00078528,0.0031818,13851,13314,343
experiments/campaigns/ace_attribution_20260912/ledger.sqlite3,mathd_numbertheory_37__luna-none-medium__gpt-5.6-luna__seed0,d22bcbf200294e12acfc197743bdf62b,2026-09-12,luna,0.00266454,0.0031338,14205,2607,244
experiments/campaigns/ace_attribution_20260912/ledger.sqlite3,mathd_numbertheory_37__luna-none-medium__gpt-5.6-luna__seed0,8a61545fcf794f68a6b426cd4032a71f,2026-09-12,luna,0.00291354,0.0033828,14784,2607,355
experiments/campaigns/ace_attribution_20260912/ledger.sqlite3,mathd_numbertheory_37__luna-none-medium__gpt-5.6-luna__seed0,1403d5eb4c314349b08398e22aac7e63,2026-09-12,luna,0.00077082,0.0034314,15531,14781,271
experiments/campaigns/ace_attribution_20260912/ledger.sqlite3,mathd_numbertheory_37__luna-none-medium__gpt-5.6-luna__seed0,91cb3471548f495abe80504780b0f134,2026-09-12,luna,0.00061976,0.0034148,15970,15528,184
experiments/campaigns/ace_attribution_20260912/ledger.sqlite3,mathd_numbertheory_37__luna-none-medium__gpt-5.6-luna__seed0,039ed0f6acf04b0e92d3d4f13b86e5fc,2026-09-12,luna,0.0009783399999999999,0.0038523999999999997,17480,15967,297
experiments/campaigns/ace_attribution_20260912/ledger.sqlite3,mathd_numbertheory_37__luna-none-medium__gpt-5.6-luna__seed0,7a7bb465dbf2454eb7e3b72f0c38c4e6,2026-09-12,luna,0.00357634,0.0040456,17330,2607,483
experiments/campaigns/ace_attribution_20260912/ledger.sqlite3,mathd_numbertheory_37__luna-none-medium__gpt-5.6-luna__seed0,49cc39b7a36f4e07ac2319bca9bb491c,2026-09-12,luna,0.0034645399999999995,0.0039337999999999994,17929,2607,290
experiments/campaigns/ace_attribution_20260912/ledger.sqlite3,imo_1984_p6__luna-none-medium__gpt-5.6-luna__seed0,c5f793ee21e94bc88d3fa6987b661d2b,2026-09-12,luna,0.00069854,0.0011677999999999999,4579,2607,210
experiments/campaigns/ace_attribution_20260912/ledger.sqlite3,imo_1984_p6__luna-none-medium__gpt-5.6-luna__seed0,aacba39fc2d040659ae6692a6ea8de3e,2026-09-12,luna,0.0008621199999999999,0.0016857999999999999,5387,4576,507
experiments/campaigns/ace_attribution_20260912/ledger.sqlite3,imo_1984_p6__luna-none-medium__gpt-5.6-luna__seed0,28fbc043fde14ca68bf054826fca43c2,2026-09-12,luna,0.0013776799999999998,0.0023468,10048,5384,281
experiments/campaigns/ace_attribution_20260912/ledger.sqlite3,imo_1984_p6__luna-none-medium__gpt-5.6-luna__seed0,6a56b0b2b8764150b5b625d8060ba2a1,2026-09-12,luna,0.0004697,0.0022778,10993,10045,66
experiments/campaigns/ace_attribution_20260912/ledger.sqlite3,imo_1984_p6__luna-none-medium__gpt-5.6-luna__seed0,5c1a3e1ca0a04b7bbb8cfbc59898d0ed,2026-09-12,luna,0.00191274,0.002382,10728,2607,197
experiments/campaigns/ace_attribution_20260912/ledger.sqlite3,imo_1984_p6__luna-none-medium__gpt-5.6-luna__seed0,633f377e7c0049ea932ade96045b402d,2026-09-12,luna,0.0008469,0.0027773999999999997,11721,10725,361
experiments/campaigns/ace_attribution_20260912/ledger.sqlite3,imo_1984_p6__luna-none-medium__gpt-5.6-luna__seed0,d8f9330cd4a243b490551626c217ff1c,2026-09-12,luna,0.00100316,0.0031124,12112,11718,575
experiments/campaigns/ace_attribution_20260912/ledger.sqlite3,imo_1984_p6__luna-none-medium__gpt-5.6-luna__seed0,d9bf5b0bf7a841cb80dbae20f5887ba1,2026-09-12,luna,0.00089458,0.0030742,12881,12109,415
experiments/campaigns/ace_attribution_20260912/ledger.sqlite3,imo_1984_p6__luna-none-medium__gpt-5.6-luna__seed0,118304e051214035b2fc8fefd29870a7,2026-09-12,luna,0.00049356,0.0028116,13326,12878,122
experiments/campaigns/ace_attribution_20260912/ledger.sqlite3,imo_1984_p6__luna-none-medium__gpt-5.6-luna__seed0,09c7f5262b0d431d91a203adc8aca0d8,2026-09-12,luna,0.00058606,0.0029842000000000002,13679,13323,207
experiments/campaigns/ace_attribution_20260912/ledger.sqlite3,imo_1984_p6__luna-none-medium__gpt-5.6-luna__seed0,764cb2945b1041459cd0e84d13a8e2c4,2026-09-12,luna,0.00064552,0.0031072,13916,13676,270
experiments/campaigns/ace_attribution_20260912/ledger.sqlite3,imo_1984_p6__luna-none-medium__gpt-5.6-luna__seed0,3abd75df6be84acba176458010b25c83,2026-09-12,luna,0.00069286,0.0031972,14216,13913,295
experiments/campaigns/ace_attribution_20260912/ledger.sqlite3,imo_1984_p6__luna-none-medium__gpt-5.6-luna__seed0,72694cd238de477a8ecb8b4cf99da94f,2026-09-12,luna,0.00263974,0.003109,13229,2607,386
experiments/campaigns/ace_attribution_20260912/ledger.sqlite3,imo_1984_p6__luna-none-medium__gpt-5.6-luna__seed0,a27196b9977b4b728ff891969e98c654,2026-09-12,luna,0.00109012,0.0034707999999999996,13880,13226,579
experiments/campaigns/ace_attribution_20260912/ledger.sqlite3,imo_1984_p6__luna-none-medium__gpt-5.6-luna__seed0,8b2c2cf9e9044722b72332d5c6e4f1f5,2026-09-12,luna,0.00337634,0.0038456,14164,2607,844
experiments/campaigns/ace_attribution_20260912/ledger.sqlite3,imo_1984_p6__luna-none-medium__gpt-5.6-luna__seed0,c312564418eb46d8be3525de0dfaf16a,2026-09-12,luna,0.00308354,0.0035528,14758,2607,501
experiments/campaigns/ace_attribution_20260912/ledger.sqlite3,imo_1984_p6__luna-none-medium__gpt-5.6-luna__seed0,b5d1f1b0edb24fddb86b860b700b3a37,2026-09-12,luna,0.0031553399999999995,0.0036245999999999995,15357,2607,461
experiments/campaigns/ace_attribution_20260912/ledger.sqlite3,imo_1984_p6__luna-none-medium__gpt-5.6-luna__seed0,1b780bebe4b1490cafc6f1abf648d68b,2026-09-12,luna,0.00065588,0.0034195999999999996,15862,15354,206
experiments/campaigns/ace_attribution_20260912/ledger.sqlite3,imo_1984_p6__luna-none-medium__gpt-5.6-luna__seed0,73f4631a1afc4022b71e2abc860307d2,2026-09-12,luna,0.00068238,0.0035369999999999998,16119,15859,261
experiments/campaigns/ace_attribution_20260912/ledger.sqlite3,imo_1984_p6__luna-none-medium__gpt-5.6-luna__seed0,182025212ed74bbea338437fe65d366c,2026-09-12,luna,0.00297214,0.0034414,16301,2607,151
experiments/campaigns/ace_attribution_20260912/ledger.sqlite3,imo_1984_p6__luna-none-medium__gpt-5.6-luna__seed0,56d46605be5642b5b85bfc55aa92251f,2026-09-12,luna,0.00397654,0.0044458,17033,2607,866
experiments/campaigns/ace_attribution_20260912/ledger.sqlite3,imo_1984_p6__luna-none-medium__gpt-5.6-luna__seed0,8118efc91a9f4d4eb9f4487b490b1cff,2026-09-12,luna,0.0016736,0.004739,19387,17030,718
experiments/campaigns/ace_attribution_20260912/ledger.sqlite3,imo_1984_p6__luna-none-medium__gpt-5.6-luna__seed0,b01f7742389743c4b1edb81803d91841,2026-09-12,luna,0.00436674,0.004836,19440,2607,790
experiments/campaigns/ace_attribution_20260912/ledger.sqlite3,imo_1984_p6__luna-none-medium__gpt-5.6-luna__seed0,c8b4bd648a6e49969f8ff2bfe4ab527b,2026-09-12,luna,0.00084434,0.004343,20491,19437,204
experiments/campaigns/ace_attribution_20260912/ledger.sqlite3,amc12a_2020_p21__luna-none-medium__gpt-5.6-luna__seed0,1d7e9dfca3fe4525b6037732a48d802a,2026-09-12,luna,0.00168654,0.0021558,4311,2607,1078
experiments/campaigns/ace_attribution_20260912/ledger.sqlite3,amc12a_2020_p21__luna-none-medium__gpt-5.6-luna__seed0,0b8621b2de8c429a81aeb3bca751d820,2026-09-12,luna,0.00061396,0.0013894,5693,4308,209
experiments/campaigns/ace_attribution_20260912/ledger.sqlite3,amc12a_2020_p21__luna-none-medium__gpt-5.6-luna__seed0,82d0a61f60a842ffa152c30d3aa5fb68,2026-09-12,luna,0.0005494,0.0015736,7088,5690,130
experiments/campaigns/ace_attribution_20260912/ledger.sqlite3,amc12a_2020_p21__luna-none-medium__gpt-5.6-luna__seed0,0a5ba4f2c0e64c8a92e4901320cb0e01,2026-09-12,luna,0.0004531,0.0017284,7448,7085,199
experiments/campaigns/ace_attribution_20260912/ledger.sqlite3,amc12a_2020_p21__luna-none-medium__gpt-5.6-luna__seed0,d7f416baa43d4b01aac811bc42f38c5a,2026-09-12,luna,0.00044589999999999994,0.0017859999999999998,7958,7445,162
experiments/campaigns/ace_attribution_20260912/ledger.sqlite3,amc12a_2020_p21__luna-none-medium__gpt-5.6-luna__seed0,3a0d3d8d48264034b740d39bea723b5c,2026-09-12,luna,0.0005639,0.0019958,8563,7955,236
experiments/campaigns/ace_attribution_20260912/ledger.sqlite3,amc12a_2020_p21__luna-none-medium__gpt-5.6-luna__seed0,baa98644e77f4fac93df966f45055b56,2026-09-12,luna,0.0006858,0.0022266,9105,8560,338
experiments/campaigns/ace_attribution_20260912/ledger.sqlite3,amc12a_2020_p21__luna-none-medium__gpt-5.6-luna__seed0,761da0bb0c06405886a5e279757842dc,2026-09-12,luna,0.00224504,0.0038833999999999995,10147,9102,1545
experiments/campaigns/ace_attribution_20260912/ledger.sqlite3,amc12a_2020_p21__luna-none-medium__gpt-5.6-luna__seed0,8b62d931b06a4b01adca45c737f87d01,2026-09-12,luna,0.00224554,0.0027148,9056,2607,753
experiments/campaigns/ace_attribution_20260912/ledger.sqlite3,amc12a_2020_p21__luna-none-medium__gpt-5.6-luna__seed0,ac077ea073664320ade5c276efeb8616,2026-09-12,luna,0.0008858599999999999,0.0025154,10027,9053,425
experiments/campaigns/ace_attribution_20260912/ledger.sqlite3,amc12a_2020_p21__luna-none-medium__gpt-5.6-luna__seed0,b0e51e554e02482db476097f5a0a28d7,2026-09-12,luna,0.00055488,0.0023592,10674,10024,187
experiments/campaigns/ace_attribution_20260912/ledger.sqlite3,amc12a_2020_p21__luna-none-medium__gpt-5.6-luna__seed0,78a6d0b3a93d4e398c08312811df21e4,2026-09-12,luna,0.00062722,0.002548,10910,10671,305
experiments/campaigns/ace_attribution_20260912/ledger.sqlite3,amc12a_2020_p21__luna-none-medium__gpt-5.6-luna__seed0,4913f588d20f45d7a12803eeef280591,2026-09-12,luna,0.00078874,0.002752,11258,10907,417
experiments/campaigns/ace_attribution_20260912/ledger.sqlite3,amc12a_2020_p21__luna-none-medium__gpt-5.6-luna__seed0,a661d3ed511243068f2c701e2ca18475,2026-09-12,luna,0.0011431,0.003169,12143,11255,617
experiments/campaigns/ace_attribution_20260912/ledger.sqlite3,amc12a_2020_p21__luna-none-medium__gpt-5.6-luna__seed0,3aead90ec3624256b0344bd626b5c905,2026-09-12,luna,0.00311234,0.0035816,11530,2607,1063
experiments/campaigns/ace_attribution_20260912/ledger.sqlite3,amc12a_2020_p21__luna-none-medium__gpt-5.6-luna__seed0,d195cbbc38b44866a91e47e8840cb429,2026-09-12,luna,0.0029701399999999996,0.0034393999999999996,14683,2607,419
experiments/campaigns/ace_attribution_20260912/ledger.sqlite3,amc12a_2020_p21__luna-none-medium__gpt-5.6-luna__seed0,1e5e0882a48d4e0ba20837280eeeb531,2026-09-12,luna,0.00417854,0.0046478,14905,2607,1389
experiments/campaigns/ace_attribution_20260912/ledger.sqlite3,amc12a_2020_p21__luna-none-medium__gpt-5.6-luna__seed0,6150d8e13ca94abab885b325ffeaae94,2026-09-12,luna,0.00365514,0.0041244,14298,2607,1054
experiments/campaigns/ace_attribution_20260912/ledger.sqlite3,amc12a_2020_p21__luna-none-medium__gpt-5.6-luna__seed0,775afab5cbfa42b599f3a62021989042,2026-09-12,luna,0.0030963399999999995,0.0035655999999999995,15452,2607,396
experiments/campaigns/ace_attribution_20260912/ledger.sqlite3,amc12a_2020_p21__luna-none-medium__gpt-5.6-luna__seed0,6ab90e01ae534271b2ce2b186738098c,2026-09-12,luna,0.00239638,0.0051772,16112,15449,1629
experiments/campaigns/ace_attribution_20260912/ledger.sqlite3,amc12a_2020_p21__luna-none-medium__gpt-5.6-luna__seed0,01a19f9c2910456194f5e84eb4369737,2026-09-12,luna,0.0038309399999999997,0.0043002,17145,2607,726
experiments/campaigns/ace_attribution_20260912/ledger.sqlite3,amc12a_2020_p21__luna-none-medium__gpt-5.6-luna__seed0,2d40527c36f94670a5b6466f69c1eb66,2026-09-12,luna,0.004337339999999999,0.004806599999999999,18591,2607,907
experiments/campaigns/ace_attribution_20260912/ledger.sqlite3,mathd_algebra_282__luna-none-medium__gpt-5.6-luna__seed0,74e09ae1a0d944ea8c088a254b983555,2026-09-12,luna,0.00048914,0.0009584,4186,2607,101
experiments/campaigns/ace_attribution_20260912/ledger.sqlite3,mathd_algebra_282__luna-none-medium__gpt-5.6-luna__seed0,0b957e5521144571b15b9e3826cb0730,2026-09-12,luna,0.00051386,0.0012668,5476,4183,143
experiments/campaigns/ace_attribution_20260912/ledger.sqlite3,mathd_algebra_282__luna-none-medium__gpt-5.6-luna__seed0,fdeb7c682d054a02b374cd4b330507f8,2026-09-12,luna,0.0006054599999999999,0.0015906,6669,5473,214
experiments/campaigns/ace_attribution_20260912/ledger.sqlite3,mathd_algebra_282__luna-none-medium__gpt-5.6-luna__seed0,7758a52f25874ef1b5641110640c4cb1,2026-09-12,luna,0.0006781199999999999,0.001878,8034,6666,226
experiments/campaigns/ace_attribution_20260912/ledger.sqlite3,mathd_algebra_282__luna-none-medium__gpt-5.6-luna__seed0,efc9ceb2f4fa4bc18795b783d68cc4ac,2026-09-12,luna,0.00070362,0.0021492,10314,8031,72
experiments/campaigns/ace_attribution_20260912/ledger.sqlite3,mathd_algebra_282__luna-none-medium__gpt-5.6-luna__seed0,381ffe8db7ec45ccb0d2220a84b833dd,2026-09-12,luna,0.00051402,0.00237,10536,10311,219
experiments/campaigns/ace_attribution_20260912/ledger.sqlite3,mathd_algebra_282__luna-none-medium__gpt-5.6-luna__seed0,46af4fbb50ca4310a5de2bccf8fd834a,2026-09-12,luna,0.00093066,0.0028266000000000003,11325,10533,468
experiments/campaigns/ace_attribution_20260912/ledger.sqlite3,mathd_algebra_282__luna-none-medium__gpt-5.6-luna__seed0,4851e94bbee7454f8ad3e57dba43c8f1,2026-09-12,luna,0.0023402399999999995,0.0043782,15723,11322,1028
experiments/campaigns/ace_attribution_20260912/ledger.sqlite3,mathd_algebra_282__luna-none-medium__gpt-5.6-luna__seed0,62eaf7d289414ab1846c54527df3970a,2026-09-12,luna,0.0028839399999999998,0.0033531999999999998,15212,2607,259
experiments/campaigns/ace_attribution_20260912/ledger.sqlite3,mathd_algebra_282__luna-none-medium__gpt-5.6-luna__seed0,403cb0c70b364a798ba83906642987df,2026-09-12,luna,0.00092118,0.0036588,16458,15209,306
experiments/campaigns/ace_attribution_20260912/ledger.sqlite3,mathd_algebra_282__luna-none-medium__gpt-5.6-luna__seed0,1f4f837af4d6402e99430e68472b1ae2,2026-09-12,luna,0.0016278999999999998,0.0045898,21215,16455,289
experiments/campaigns/ace_attribution_20260912/ledger.sqlite3,mathd_algebra_282__luna-none-medium__gpt-5.6-luna__seed0,5e4056f7fc174a4283ee5b1f4b366318,2026-09-12,luna,0.00470154,0.0051708,21234,2607,770
experiments/campaigns/ace_attribution_20260912/ledger.sqlite3,mathd_algebra_282__luna-none-medium__gpt-5.6-luna__seed0,a2d95bfd67794edfb9eb4f8448baa108,2026-09-12,luna,0.0019890199999999998,0.005810599999999999,22747,21231,1051
experiments/campaigns/ace_attribution_20260912/ledger.sqlite3,mathd_algebra_282__luna-none-medium__gpt-5.6-luna__seed0,40e9e620768a4d0c9857fc04c8a27201,2026-09-12,luna,0.0010232800000000001,0.0051172,24068,22744,253
experiments/campaigns/ace_attribution_20260912/ledger.sqlite3,mathd_algebra_282__luna-none-medium__gpt-5.6-luna__seed0,853f9a8e4dc0475cafd9e1c8aa56521a,2026-09-12,luna,0.0006045,0.0049362,24591,24065,15
experiments/campaigns/ace_attribution_20260912/ledger.sqlite3,mathd_algebra_282__luna-none-medium__gpt-5.6-luna__seed0,748cd2ef13d143d093e324dd0be910d7,2026-09-12,luna,0.00072576,0.0051516,24876,24588,147
experiments/campaigns/ace_attribution_20260912/ledger.sqlite3,mathd_algebra_282__luna-none-medium__gpt-5.6-luna__seed0,fc6633823ebf42edb96e3750ffcc678b,2026-09-12,luna,0.00059946,0.0050766,25293,24873,15
experiments/campaigns/ace_attribution_20260912/ledger.sqlite3,mathd_algebra_282__luna-none-medium__gpt-5.6-luna__seed0,b9316c8bf57c436bae10b0f8919f3a98,2026-09-12,luna,0.0005982,0.005150399999999999,25578,25290,29
experiments/campaigns/ace_attribution_20260912/ledger.sqlite3,mathd_algebra_282__luna-none-medium__gpt-5.6-luna__seed0,f7cd5611cca44176a2f3e9a141842ae5,2026-09-12,luna,0.0005899,0.0051934,25877,25575,15
experiments/campaigns/ace_attribution_20260912/ledger.sqlite3,mathd_algebra_282__luna-none-medium__gpt-5.6-luna__seed0,198e5e91b1d84d9486cb9f715a019faa,2026-09-12,luna,0.00059308,0.0052504,26162,25874,15
experiments/campaigns/ace_attribution_20260912/ledger.sqlite3,mathd_algebra_282__luna-none-medium__gpt-5.6-luna__seed0,ac0d0fde139e4f2c8f097b10db2b6ab1,2026-09-12,luna,0.0006491800000000001,0.005357799999999999,26447,26159,57
experiments/campaigns/ace_attribution_20260912/ledger.sqlite3,mathd_algebra_282__luna-none-medium__gpt-5.6-luna__seed0,cbb4b9b97014406fb778b5086b9b5c8b,2026-09-12,luna,0.0006562800000000001,0.0054161999999999995,26631,26444,75
experiments/campaigns/ace_attribution_20260912/ledger.sqlite3,mathd_algebra_282__luna-none-medium__gpt-5.6-luna__seed0,fd94a8f53c4943ba9baf85e56d13fe9d,2026-09-12,luna,0.0017816399999999997,0.0055998,25263,21212,456
experiments/campaigns/ace_attribution_20260912/ledger.sqlite3,mathd_algebra_282__luna-none-medium__gpt-5.6-luna__seed0,c7812f399ba24079ad951e75ace7e170,2026-09-12,luna,0.0006643600000000001,0.0054574,27125,26628,27
experiments/campaigns/ace_attribution_20260912/ledger.sqlite3,mathd_algebra_282__luna-none-medium__gpt-5.6-luna__seed0,b05d6e8684a34ff9aad028686e64bc22,2026-09-12,luna,0.0006204400000000001,0.005502399999999999,27422,27122,15
experiments/campaigns/ace_attribution_20260912/ledger.sqlite3,mathd_algebra_282__luna-none-medium__gpt-5.6-luna__seed0,e56ea26b36d04059b19505531e747f7a,2026-09-12,luna,0.00064078,0.0055762,27707,27419,29
experiments/campaigns/ace_attribution_20260912/ledger.sqlite3,mathd_algebra_282__luna-none-medium__gpt-5.6-luna__seed0,00df37e36aa14d89ad5c973bf46d60ed,2026-09-12,luna,0.0006324799999999999,0.0056191999999999995,28006,27704,15
experiments/campaigns/ace_attribution_20260912/ledger.sqlite3,mathd_algebra_282__luna-none-medium__gpt-5.6-luna__seed0,f9d6d3026de34e8d9a6937b567fc4e25,2026-09-12,luna,0.0006464600000000001,0.005686999999999999,28291,28003,24
experiments/campaigns/ace_attribution_20260912/ledger.sqlite3,mathd_algebra_282__luna-none-medium__gpt-5.6-luna__seed0,c6c37c53bf4541ffa5562e40b3bb2254,2026-09-12,luna,0.00064316,0.005735,28585,28288,15
experiments/campaigns/ace_attribution_20260912/ledger.sqlite3,mathd_algebra_282__luna-none-medium__gpt-5.6-luna__seed0,813617a30efb4f1eac39357c6513d67d,2026-09-12,luna,0.00068204,0.0058268,28870,28582,44
experiments/campaigns/ace_attribution_20260912/ledger.sqlite3,mathd_numbertheory_405__luna-none-medium__gpt-5.6-luna__seed0,a6d1d1d482bd48dea6f7a08e918acf48,2026-09-12,luna,0.0009273399999999999,0.0013966,4271,2607,452
experiments/campaigns/ace_attribution_20260912/ledger.sqlite3,mathd_numbertheory_405__luna-none-medium__gpt-5.6-luna__seed0,e5c0f18af93e402790e9b1555c498ea0,2026-09-12,luna,0.00158056,0.0023488,5702,4268,1007
experiments/campaigns/ace_attribution_20260912/ledger.sqlite3,mathd_numbertheory_405__luna-none-medium__gpt-5.6-luna__seed0,c628a3341c424141bd229bfa7d9a2026,2026-09-12,luna,0.00223938,0.0032652000000000002,7134,5699,1532
experiments/campaigns/ace_attribution_20260912/ledger.sqlite3,mathd_numbertheory_405__luna-none-medium__gpt-5.6-luna__seed0,4f32ce0ab70e4b5e8d921dcfb02371a9,2026-09-12,luna,0.0016389400000000002,0.0021081999999999997,7397,2607,524
experiments/campaigns/ace_attribution_20260912/ledger.sqlite3,mathd_numbertheory_405__luna-none-medium__gpt-5.6-luna__seed0,f9d97b68679b4ceab5fdd604a4314c75,2026-09-12,luna,0.00084268,0.0021736,8624,7394,374
experiments/campaigns/ace_attribution_20260912/ledger.sqlite3,mathd_numbertheory_405__luna-none-medium__gpt-5.6-luna__seed0,01b386f196ef4e5594e8151205c1cc12,2026-09-12,luna,0.00036762000000000003,0.0019194,9045,8621,92
experiments/campaigns/ace_attribution_20260912/ledger.sqlite3,mathd_numbertheory_405__luna-none-medium__gpt-5.6-luna__seed0,3890163f9ec34f4683e90946efce22b8,2026-09-12,luna,0.00185244,0.0034799999999999996,9402,9042,1333
experiments/campaigns/ace_attribution_20260912/ledger.sqlite3,mathd_numbertheory_405__luna-none-medium__gpt-5.6-luna__seed0,69fdfdba06be47ad92a52a5d39c95920,2026-09-12,luna,0.0008049800000000001,0.0024968,11026,9399,243
experiments/campaigns/ace_attribution_20260912/ledger.sqlite3,mathd_numbertheory_405__luna-none-medium__gpt-5.6-luna__seed0,124e334dca1b4d44a7010cf4b5b45b68,2026-09-12,luna,0.0037935399999999998,0.0042628,10472,2607,1807
experiments/campaigns/ace_attribution_20260912/ledger.sqlite3,mathd_numbertheory_405__luna-none-medium__gpt-5.6-luna__seed0,8e1e2a383fd642cd9acb08691d99646d,2026-09-12,luna,0.00461714,0.0050864,14650,2607,1797
experiments/campaigns/ace_attribution_20260912/ledger.sqlite3,mathd_numbertheory_405__luna-none-medium__gpt-5.6-luna__seed0,1139a42a42e44ea2aea5e1bdf5849f89,2026-09-12,luna,0.00555694,0.006026199999999999,16451,2607,2280
experiments/campaigns/ace_attribution_20260912/ledger.sqlite3,mathd_numbertheory_405__luna-none-medium__gpt-5.6-luna__seed0,b991fa4b6b704a58880ed836c7d6b470,2026-09-12,luna,0.006223939999999999,0.0066932,21826,2607,1940
experiments/campaigns/ace_attribution_20260912/ledger.sqlite3,mathd_numbertheory_405__luna-none-medium__gpt-5.6-luna__seed0,8668f873606e4b0ea18adce10f5dc7ef,2026-09-12,luna,0.00641034,0.0068796,23280,2607,1853
experiments/campaigns/ace_attribution_20260912/ledger.sqlite3,amc12b_2002_p3__luna-none-medium__gpt-5.6-luna__seed0,8966ae155c6b4b9e9f9d39f0275f7ab0,2026-09-12,luna,0.00036634,0.0008356,3902,2607,46
experiments/campaigns/ace_attribution_20260912/ledger.sqlite3,amc12b_2002_p3__luna-none-medium__gpt-5.6-luna__seed0,eff1d9dd846043b5b98b5e7462febada,2026-09-12,luna,0.00042758,0.0011294,5137,3899,85
experiments/campaigns/ace_attribution_20260912/ledger.sqlite3,amc12b_2002_p3__luna-none-medium__gpt-5.6-luna__seed0,36ad1467074e4d90adbcd1cc0c08cf2a,2026-09-12,luna,0.00158188,0.002506,6008,5134,1087
experiments/campaigns/ace_attribution_20260912/ledger.sqlite3,amc12b_2002_p3__luna-none-medium__gpt-5.6-luna__seed0,7f5d9e0b5a8940b9bd7ec9502cc3f1ec,2026-09-12,luna,0.0015867,0.0026676,7458,6005,980
experiments/campaigns/ace_attribution_20260912/ledger.sqlite3,amc12b_2002_p3__luna-none-medium__gpt-5.6-luna__seed0,e34a283d0ab046d0ba915685cfee112f,2026-09-12,luna,0.00196474,0.002434,9182,2607,498
experiments/campaigns/ace_attribution_20260912/ledger.sqlite3,amc12b_2002_p3__luna-none-medium__gpt-5.6-luna__seed0,0ea160fc7f61493fb0309906ecc4f35c,2026-09-12,luna,0.00047958,0.0021317999999999997,9933,9179,121
experiments/campaigns/ace_attribution_20260912/ledger.sqlite3,amc12b_2002_p3__luna-none-medium__gpt-5.6-luna__seed0,4694c99f9ba748e88061790ce69272b6,2026-09-12,luna,0.0008856000000000001,0.002673,10665,9930,450
experiments/campaigns/ace_attribution_20260912/ledger.sqlite3,amc12b_2002_p3__luna-none-medium__gpt-5.6-luna__seed0,cc5be82fb3a141bd9df0f33484ccdbc8,2026-09-12,luna,0.00091904,0.0028382,11365,10662,471
experiments/campaigns/ace_attribution_20260912/ledger.sqlite3,amc12b_2002_p3__luna-none-medium__gpt-5.6-luna__seed0,518b9e636d794f2890f2b171d286c185,2026-09-12,luna,0.00116644,0.0032116,12950,11362,518
experiments/campaigns/ace_attribution_20260912/ledger.sqlite3,amc12b_2002_p3__luna-none-medium__gpt-5.6-luna__seed0,edda10a9c0584c2493b84e964b65a533,2026-09-12,luna,0.0007527399999999999,0.0030832,14948,12947,78
experiments/campaigns/ace_attribution_20260912/ledger.sqlite3,amc12b_2002_p3__luna-none-medium__gpt-5.6-luna__seed0,d76f367ab12342298242c6177d8be326,2026-09-12,luna,0.00039069999999999996,0.0030808,15074,14945,55
experiments/campaigns/ace_attribution_20260912/ledger.sqlite3,amc12b_2002_p3__luna-none-medium__gpt-5.6-luna__seed0,48aec114036f4e968a179abdb1f3526f,2026-09-12,luna,0.0010520199999999999,0.0037648,15236,15071,598
experiments/campaigns/ace_attribution_20260912/ledger.sqlite3,amc12b_2002_p3__luna-none-medium__gpt-5.6-luna__seed0,1b3d14fc04cb42c58efca62bc3473ae8,2026-09-12,luna,0.00230686,0.005048799999999999,16130,15233,1519
experiments/campaigns/ace_attribution_20260912/ledger.sqlite3,amc12b_2002_p3__luna-none-medium__gpt-5.6-luna__seed0,3cbf433acba643c1af95042288bdd9ac,2026-09-12,luna,0.0030351399999999995,0.0035043999999999995,13298,2607,704
experiments/campaigns/ace_attribution_20260912/ledger.sqlite3,amc12b_2002_p3__luna-none-medium__gpt-5.6-luna__seed0,e6525c6dbf934972bdd162c4f10fac1d,2026-09-12,luna,0.00501014,0.0054794,14725,2607,2112
experiments/campaigns/ace_attribution_20260912/ledger.sqlite3,amc12b_2002_p3__luna-none-medium__gpt-5.6-luna__seed0,e5eb8aadf8254141a447bf6e6d7881a6,2026-09-12,luna,0.00469934,0.0051686,16495,2607,1558
experiments/campaigns/ace_attribution_20260912/ledger.sqlite3,amc12b_2002_p3__luna-none-medium__gpt-5.6-luna__seed0,b4fea550d91c427fb16d008683ccfd0e,2026-09-12,luna,0.00238444,0.005353,18677,16492,1348
experiments/campaigns/ace_attribution_20260912/ledger.sqlite3,amc12b_2002_p3__luna-none-medium__gpt-5.6-luna__seed0,51a8adceacd3475b8af4f415decce26c,2026-09-12,luna,0.0018220399999999998,0.004471999999999999,20944,14722,236
experiments/campaigns/ace_attribution_20260912/ledger.sqlite3,amc12b_2002_p3__luna-none-medium__gpt-5.6-luna__seed0,235bc55a5f91492b96f60480529d4554,2026-09-12,luna,0.00207582,0.0058452,21504,20941,1287
experiments/campaigns/ace_attribution_20260912/ledger.sqlite3,amc12b_2002_p3__luna-none-medium__gpt-5.6-luna__seed0,1c47a38f3673494aa3f12c10e9820d40,2026-09-12,luna,0.00428674,0.004756,21824,2607,326
experiments/campaigns/ace_attribution_20260912/ledger.sqlite3,mathd_algebra_327__luna-none-medium__gpt-5.6-luna__seed0,8cde649fdae44e6b94a9e0a6da2527b2,2026-09-12,luna,0.00049454,0.0009638,3769,2607,175
experiments/campaigns/ace_attribution_20260912/ledger.sqlite3,mathd_algebra_327__luna-none-medium__gpt-5.6-luna__seed0,35fdf258cf4849ff886bf97ff2026468,2026-09-12,luna,0.00048091999999999997,0.0011588,5158,3766,106
experiments/campaigns/ace_attribution_20260912/ledger.sqlite3,mathd_algebra_327__luna-none-medium__gpt-5.6-luna__seed0,66875675c2e648788cd009613aabcec3,2026-09-12,luna,0.0014951,0.002423,10333,5155,297
experiments/campaigns/ace_attribution_20260912/ledger.sqlite3,mathd_numbertheory_43__luna-none-medium__gpt-5.6-luna__seed0,836089ff39604adb8a7c1dbc10b2a626,2026-09-12,luna,0.00068194,0.0011512,3986,2607,295
experiments/campaigns/ace_attribution_20260912/ledger.sqlite3,mathd_numbertheory_43__luna-none-medium__gpt-5.6-luna__seed0,abb3d10e43f843e285af558e93ce6ba0,2026-09-12,luna,0.0008822599999999999,0.0015991999999999998,5470,3983,421
experiments/campaigns/ace_attribution_20260912/ledger.sqlite3,mathd_numbertheory_43__luna-none-medium__gpt-5.6-luna__seed0,87a38bbd79f249ea8fac7173fa5bef8f,2026-09-12,luna,0.00046513999999999995,0.0014491999999999999,6106,5467,190
experiments/campaigns/ace_attribution_20260912/ledger.sqlite3,mathd_numbertheory_43__luna-none-medium__gpt-5.6-luna__seed0,d81e87d6d3b04ca2bab5c3f119c1d16e,2026-09-12,luna,0.00038226,0.0014807999999999998,6390,6103,169
experiments/campaigns/ace_attribution_20260912/ledger.sqlite3,mathd_numbertheory_43__luna-none-medium__gpt-5.6-luna__seed0,b59d38f5a8fd49b0be6ece7f4525e5b1,2026-09-12,luna,0.0013397399999999999,0.0018089999999999998,8115,2607,155
experiments/campaigns/ace_attribution_20260912/ledger.sqlite3,mathd_numbertheory_43__luna-none-medium__gpt-5.6-luna__seed0,12b1380dd1c64108a3da98b2a9177b75,2026-09-12,luna,0.0008148399999999999,0.002275,8483,8112,482
experiments/campaigns/ace_attribution_20260912/ledger.sqlite3,mathd_numbertheory_43__luna-none-medium__gpt-5.6-luna__seed0,5a7e5b46156f427bba3ce8cd6dbe8a0b,2026-09-12,luna,0.000763,0.0022894,9161,8480,381
experiments/campaigns/ace_attribution_20260912/ledger.sqlite3,mathd_numbertheory_43__luna-none-medium__gpt-5.6-luna__seed0,cdfb3dd3175640169fa73e42c6fe288c,2026-09-12,luna,0.00043596,0.0020844,9594,9158,138
experiments/campaigns/ace_attribution_20260912/ledger.sqlite3,mathd_numbertheory_43__luna-none-medium__gpt-5.6-luna__seed0,bd8ba955f174474c854f5c9a498ec107,2026-09-12,luna,0.00042502,0.0021514,10157,9591,100
experiments/campaigns/ace_attribution_20260912/ledger.sqlite3,mathd_numbertheory_43__luna-none-medium__gpt-5.6-luna__seed0,1ddb2e033ed44831934aec7e7b297095,2026-09-12,luna,0.00195954,0.0024288,9696,2607,408
experiments/campaigns/ace_attribution_20260912/ledger.sqlite3,mathd_numbertheory_43__luna-none-medium__gpt-5.6-luna__seed0,ceaaa6c195d547d0b22327235c7115a8,2026-09-12,luna,0.00122766,0.0029724,10356,9693,751
experiments/campaigns/ace_attribution_20260912/ledger.sqlite3,mathd_numbertheory_43__luna-none-medium__gpt-5.6-luna__seed0,66053e6488774738a791578a492043cd,2026-09-12,luna,0.00152834,0.0019976,8092,2607,316
experiments/campaigns/ace_attribution_20260912/ledger.sqlite3,mathd_numbertheory_43__luna-none-medium__gpt-5.6-luna__seed0,59d0d24cb24142e489226c2c75c1bb9d,2026-09-12,luna,0.00045918,0.0019152,8550,8089,171
experiments/campaigns/ace_attribution_20260912/ledger.sqlite3,mathd_numbertheory_43__luna-none-medium__gpt-5.6-luna__seed0,1eceb0c156674db7b1a282b419ed68df,2026-09-12,luna,0.00152434,0.0030628,9242,8547,1012
experiments/campaigns/ace_attribution_20260912/ledger.sqlite3,mathd_numbertheory_43__luna-none-medium__gpt-5.6-luna__seed0,4ef107946d74456b94c86f372fbc6119,2026-09-12,luna,0.00183474,0.002304,9228,2607,382
experiments/campaigns/ace_attribution_20260912/ledger.sqlite3,mathd_numbertheory_43__luna-none-medium__gpt-5.6-luna__seed0,f28e841680e9438da51761c7b1407992,2026-09-12,luna,0.0013811000000000001,0.0030416,9724,9225,914
experiments/campaigns/ace_attribution_20260912/ledger.sqlite3,mathd_numbertheory_43__luna-none-medium__gpt-5.6-luna__seed0,15324e929a964bbba682b8c5a5a437df,2026-09-12,luna,0.00066862,0.0024184000000000002,10850,9721,207
experiments/campaigns/ace_attribution_20260912/ledger.sqlite3,mathd_numbertheory_43__luna-none-medium__gpt-5.6-luna__seed0,994eb806126e4127a89e75be30a3c020,2026-09-12,luna,0.0006687399999999999,0.0026211999999999997,11396,10847,285
experiments/campaigns/ace_attribution_20260912/ledger.sqlite3,mathd_numbertheory_43__luna-none-medium__gpt-5.6-luna__seed0,2cf746f50b8e4cf1aad516414cc3a2bb,2026-09-12,luna,0.00044186000000000003,0.0024925999999999998,11893,11393,95
experiments/campaigns/ace_attribution_20260912/ledger.sqlite3,mathd_numbertheory_43__luna-none-medium__gpt-5.6-luna__seed0,a9dc036e088a4357b3c84e403d36f7ed,2026-09-12,luna,0.0005674,0.0027076,12200,11890,223
experiments/campaigns/ace_attribution_20260912/ledger.sqlite3,amc12b_2003_p6__luna-none-medium__gpt-5.6-luna__seed0,3b8c205f5fa348b68dfaee026f7ad178,2026-09-12,luna,0.00041494,0.0008841999999999999,4007,2607,69
experiments/campaigns/ace_attribution_20260912/ledger.sqlite3,amc12b_2003_p6__luna-none-medium__gpt-5.6-luna__seed0,3fc93e6acd4f48f28075725cc4054e8b,2026-09-12,luna,0.0006484799999999999,0.0013691999999999999,4224,4004,437
experiments/campaigns/ace_attribution_20260912/ledger.sqlite3,amc12b_2003_p6__luna-none-medium__gpt-5.6-luna__seed0,f594bdc0942b4cb6816ec33771429c6a,2026-09-12,luna,0.00042002,0.0011798,5011,4221,148
experiments/campaigns/ace_attribution_20260912/ledger.sqlite3,amc12b_2003_p6__luna-none-medium__gpt-5.6-luna__seed0,e57bc15ba58a475bb2fefb92a6e60117,2026-09-12,luna,0.00102736,0.0019288,5798,5008,641
experiments/campaigns/ace_attribution_20260912/ledger.sqlite3,amc12b_2003_p6__luna-none-medium__gpt-5.6-luna__seed0,d61602d09351461e8aee115beae7a375,2026-09-12,luna,0.0022283399999999997,0.0026975999999999997,8496,2607,832
experiments/campaigns/ace_attribution_20260912/ledger.sqlite3,amc12b_2003_p6__luna-none-medium__gpt-5.6-luna__seed0,95fbe332bbfa4371b89b4d3c6f880999,2026-09-12,luna,0.00052466,0.0020534,9571,8493,116
experiments/campaigns/ace_attribution_20260912/ledger.sqlite3,amc12b_2003_p6__luna-none-medium__gpt-5.6-luna__seed0,013e47df7bb6494f84d9629ad358aa5f,2026-09-12,luna,0.0009575599999999999,0.0026798,9733,9568,611
experiments/campaigns/ace_attribution_20260912/ledger.sqlite3,amc12b_2003_p6__luna-none-medium__gpt-5.6-luna__seed0,5d52edfa9e6c4cf8926cbd2e1705b002,2026-09-12,luna,0.0015931399999999998,0.0020624,10048,2607,44
experiments/campaigns/ace_attribution_20260912/ledger.sqlite3,amc12b_2003_p6__luna-none-medium__gpt-5.6-luna__seed0,f59068279a2b4f0fb2054a9b5b603951,2026-09-12,luna,0.0003687,0.0021768,10524,10045,60
experiments/campaigns/ace_attribution_20260912/ledger.sqlite3,amc12b_2003_p6__luna-none-medium__gpt-5.6-luna__seed0,b4630edaa5494198b3e2ddc73be83aff,2026-09-12,luna,0.00027262,0.0021664,10628,10521,34
experiments/campaigns/ace_attribution_20260912/ledger.sqlite3,amc12b_2003_p6__luna-none-medium__gpt-5.6-luna__seed0,b0edf677581a49948094bef279645fb8,2026-09-12,luna,0.0003669,0.0022794,11055,10625,57
experiments/campaigns/ace_attribution_20260912/ledger.sqlite3,amc12b_2003_p6__luna-none-medium__gpt-5.6-luna__seed0,8bffad0365e044ab825fc7dc57452333,2026-09-12,luna,0.00090764,0.0028970000000000003,11539,11052,491
experiments/campaigns/ace_attribution_20260912/ledger.sqlite3,amc12b_2003_p6__luna-none-medium__gpt-5.6-luna__seed0,cd27536075ab44f7bd5ae981e491f132,2026-09-12,luna,0.00223354,0.0027027999999999996,10292,2607,537
experiments/campaigns/ace_attribution_20260912/ledger.sqlite3,amc12b_2003_p6__luna-none-medium__gpt-5.6-luna__seed0,8f33c6f4eceb4a0886a3518343fb4d65,2026-09-12,luna,0.00201734,0.0024866,11425,2607,168
experiments/campaigns/ace_attribution_20260912/ledger.sqlite3,amc12b_2003_p6__luna-none-medium__gpt-5.6-luna__seed0,0c63c2a14a7049e2a412776f669a490b,2026-09-12,luna,0.00059444,0.0026504000000000002,12148,11422,184
experiments/campaigns/ace_attribution_20260912/ledger.sqlite3,amc12b_2003_p6__luna-none-medium__gpt-5.6-luna__seed0,1071c49ee3d647268d6091eb704c02aa,2026-09-12,luna,0.0004537,0.0026398,12557,12145,107
experiments/campaigns/ace_attribution_20260912/ledger.sqlite3,amc12b_2003_p6__luna-none-medium__gpt-5.6-luna__seed0,f541955f28244c299c5c18b710bcd918,2026-09-12,luna,0.00148388,0.0037435999999999997,13402,12554,886
experiments/campaigns/ace_attribution_20260912/ledger.sqlite3,amc12b_2003_p6__luna-none-medium__gpt-5.6-luna__seed0,e3f0a2224d7a4703b2f0ae841cbb73f4,2026-09-12,luna,0.00365414,0.0041234,14575,2607,1007
experiments/campaigns/ace_attribution_20260912/ledger.sqlite3,amc12b_2003_p6__luna-none-medium__gpt-5.6-luna__seed0,3728c86e682345daa714a17d5fbb2a8c,2026-09-12,luna,0.00392614,0.0043954,15821,2607,1026
experiments/campaigns/ace_attribution_20260912/ledger.sqlite3,mathd_algebra_393__luna-none-medium__gpt-5.6-luna__seed0,0370fdd6043b4ae79de6071fdb6d402c,2026-09-12,luna,0.00148494,0.0019541999999999997,3981,2607,965
experiments/campaigns/ace_attribution_20260912/ledger.sqlite3,mathd_algebra_393__luna-none-medium__gpt-5.6-luna__seed0,c425e0fabbfb47989dcc8d8fa6c915fc,2026-09-12,luna,0.00106374,0.001533,4569,2607,516
experiments/campaigns/ace_attribution_20260912/ledger.sqlite3,mathd_algebra_393__luna-none-medium__gpt-5.6-luna__seed0,96ab49eadbc24809a1d01c83c3ee425b,2026-09-12,luna,0.00100334,0.0014726,5191,2607,362
experiments/campaigns/ace_attribution_20260912/ledger.sqlite3,mathd_algebra_393__luna-none-medium__gpt-5.6-luna__seed0,b3289e768d7048659bf82540982d8886,2026-09-12,luna,0.00076976,0.0017036,5938,5188,430
experiments/campaigns/ace_attribution_20260912/ledger.sqlite3,mathd_algebra_393__luna-none-medium__gpt-5.6-luna__seed0,e882cb9cdd4448c29618b486fe6ae177,2026-09-12,luna,0.0010406999999999999,0.0021089999999999998,6843,5935,617
experiments/campaigns/ace_attribution_20260912/ledger.sqlite3,mathd_algebra_393__luna-none-medium__gpt-5.6-luna__seed0,74809ef8749e4184aef17f35aa5e5bb5,2026-09-12,luna,0.0007402,0.0019714,7811,6840,341
experiments/campaigns/ace_attribution_20260912/ledger.sqlite3,mathd_algebra_393__luna-none-medium__gpt-5.6-luna__seed0,e3dba1e5c2dc47358574776d4098018b,2026-09-12,luna,0.0011049599999999999,0.0025104,8628,7808,654
experiments/campaigns/ace_attribution_20260912/ledger.sqlite3,mathd_numbertheory_461__luna-none-medium__gpt-5.6-luna__seed0,b8908b89c36b4da58cd28aff9264dc19,2026-09-12,luna,0.0004723399999999999,0.0009415999999999999,3802,2607,151
experiments/campaigns/ace_attribution_20260912/ledger.sqlite3,amc12b_2020_p5__luna-none-medium__gpt-5.6-luna__seed0,18e2acf9d0d440b984938040ce73511c,2026-09-12,luna,0.00053394,0.0010032,4014,2607,167
experiments/campaigns/ace_attribution_20260912/ledger.sqlite3,mathd_algebra_421__luna-none-medium__gpt-5.6-luna__seed0,6886eb9f7baa4ed68794e6c83ad61393,2026-09-12,luna,0.0005921399999999999,0.0010613999999999999,4071,2607,206
experiments/campaigns/ace_attribution_20260912/ledger.sqlite3,mathd_algebra_421__luna-none-medium__gpt-5.6-luna__seed0,78ddfe27fdc1459b944d42320bfa1b3c,2026-09-12,luna,0.00018876,0.0009209999999999999,4323,4068,47
experiments/campaigns/ace_attribution_20260912/ledger.sqlite3,mathd_algebra_421__luna-none-medium__gpt-5.6-luna__seed0,f0b6ebcf48c54342adb93a661b968538,2026-09-12,luna,0.0005857999999999999,0.0013633999999999999,4549,4320,378
experiments/campaigns/ace_attribution_20260912/ledger.sqlite3,mathd_algebra_421__luna-none-medium__gpt-5.6-luna__seed0,10aebc11be454ae7b43316249a6362ea,2026-09-12,luna,0.00082494,0.0012942000000000001,5025,2607,241
experiments/campaigns/ace_attribution_20260912/ledger.sqlite3,mathd_numbertheory_530__luna-none-medium__gpt-5.6-luna__seed0,aa0c02419e53428d808cbdde92bcc1e1,2026-09-12,luna,0.0005717399999999999,0.001041,4107,2607,183
experiments/campaigns/ace_attribution_20260912/ledger.sqlite3,mathd_numbertheory_530__luna-none-medium__gpt-5.6-luna__seed0,74fb6824a4514427a8742dcb6f70ad1a,2026-09-12,luna,0.0006882799999999999,0.0014269999999999999,5479,4104,276
experiments/campaigns/ace_attribution_20260912/ledger.sqlite3,mathd_numbertheory_530__luna-none-medium__gpt-5.6-luna__seed0,fd2bec6a40c140ea9ac0444caf0b1adb,2026-09-12,luna,0.0005709199999999999,0.0015566,6931,5476,142
experiments/campaigns/ace_attribution_20260912/ledger.sqlite3,mathd_numbertheory_530__luna-none-medium__gpt-5.6-luna__seed0,a6bf7db42f0146b18c529ba08e0dc7f3,2026-09-12,luna,0.00097256,0.0022196,8464,6928,439
experiments/campaigns/ace_attribution_20260912/ledger.sqlite3,mathd_numbertheory_530__luna-none-medium__gpt-5.6-luna__seed0,add2da4d316b429588af69c93ada7c9f,2026-09-12,luna,0.00040262,0.0019256,9310,8461,53
experiments/campaigns/ace_attribution_20260912/ledger.sqlite3,mathd_numbertheory_530__luna-none-medium__gpt-5.6-luna__seed0,4d8267e76a8a4a128cc7ae5aaf080704,2026-09-12,luna,0.00062414,0.0022994,9541,9307,326
experiments/campaigns/ace_attribution_20260912/ledger.sqlite3,mathd_numbertheory_530__luna-none-medium__gpt-5.6-luna__seed0,411c586b8ce84e1299967ea1a9486b9b,2026-09-12,luna,0.00059376,0.0023106,10479,9538,179
experiments/campaigns/ace_attribution_20260912/ledger.sqlite3,mathd_numbertheory_530__luna-none-medium__gpt-5.6-luna__seed0,ace1fe261b0f48a4bd0b36d0ae83e0f5,2026-09-12,luna,0.00060272,0.0024883999999999996,11398,10476,174
experiments/campaigns/ace_attribution_20260912/ledger.sqlite3,mathd_numbertheory_530__luna-none-medium__gpt-5.6-luna__seed0,3d348f1601b946f9aaeb45f001896fa0,2026-09-12,luna,0.0008709,0.002922,11838,11395,462
experiments/campaigns/ace_attribution_20260912/ledger.sqlite3,mathd_numbertheory_530__luna-none-medium__gpt-5.6-luna__seed0,4cf964f0e3614295adac92c4c2f5a1e6,2026-09-12,luna,0.0004943,0.0026246,12433,11835,115
experiments/campaigns/ace_attribution_20260912/ledger.sqlite3,mathd_numbertheory_530__luna-none-medium__gpt-5.6-luna__seed0,8fb9f2c6b72e4a3cb174f92c6f9ff04a,2026-09-12,luna,0.000311,0.0025483999999999997,12598,12430,24
experiments/campaigns/ace_attribution_20260912/ledger.sqlite3,mathd_numbertheory_530__luna-none-medium__gpt-5.6-luna__seed0,3c4df90ae56a4c85b5e9af58db74cca7,2026-09-12,luna,0.0014345,0.0037016,12802,12595,951
experiments/campaigns/ace_attribution_20260912/ledger.sqlite3,mathd_numbertheory_530__luna-none-medium__gpt-5.6-luna__seed0,6ef88c2b6b954e3b8c85758cffdb3e80,2026-09-12,luna,0.0025979399999999995,0.0030672,12240,2607,516
experiments/campaigns/ace_attribution_20260912/ledger.sqlite3,mathd_numbertheory_530__luna-none-medium__gpt-5.6-luna__seed0,6f31e6393539436fb1182402a9371449,2026-09-12,luna,0.00151694,0.0037196,13336,12237,877
experiments/campaigns/ace_attribution_20260912/ledger.sqlite3,mathd_numbertheory_530__luna-none-medium__gpt-5.6-luna__seed0,b6cce58d979c4b69a5b1b90c458dcefb,2026-09-12,luna,0.0036387399999999997,0.004108,13772,2607,1128
experiments/campaigns/ace_attribution_20260912/ledger.sqlite3,mathd_numbertheory_530__luna-none-medium__gpt-5.6-luna__seed0,1270315674ed4039b66528870dfb1534,2026-09-12,luna,0.00163058,0.004109,15181,13769,894
experiments/campaigns/ace_attribution_20260912/ledger.sqlite3,mathd_numbertheory_530__luna-none-medium__gpt-5.6-luna__seed0,b8a09e74a74345a0a233c31ab69a9918,2026-09-12,luna,0.004501939999999999,0.004971199999999999,17884,2607,1162
experiments/campaigns/ace_attribution_20260912/ledger.sqlite3,mathd_numbertheory_530__luna-none-medium__gpt-5.6-luna__seed0,2192beb850ab4d718d7497314e81a36d,2026-09-12,luna,0.00407834,0.0045476,16942,2607,966
experiments/campaigns/ace_attribution_20260912/ledger.sqlite3,mathd_numbertheory_530__luna-none-medium__gpt-5.6-luna__seed0,604fe31ac99d44ab9eb69563442f0c7a,2026-09-12,luna,0.00427874,0.0047480000000000005,18208,2607,922
experiments/campaigns/ace_attribution_20260912/ledger.sqlite3,mathd_numbertheory_530__luna-none-medium__gpt-5.6-luna__seed0,199f742a6f334d6eb2c758dbadad0d60,2026-09-12,luna,0.0035273399999999995,0.0039965999999999995,19353,2607,105
experiments/campaigns/ace_attribution_20260912/ledger.sqlite3,mathd_numbertheory_530__luna-none-medium__gpt-5.6-luna__seed0,901d8fd64049428388c4899f50540738,2026-09-12,luna,0.0005658,0.0040488,19644,19350,100
experiments/campaigns/ace_attribution_20260912/ledger.sqlite3,mathd_numbertheory_530__luna-none-medium__gpt-5.6-luna__seed0,af12075c1f074ee3ab248096a3a434cb,2026-09-12,luna,0.0005558200000000001,0.0040912,20204,19641,42
experiments/campaigns/ace_attribution_20260912/ledger.sqlite3,mathd_numbertheory_530__luna-none-medium__gpt-5.6-luna__seed0,5d776345e59e419aa957ce01db51c4a2,2026-09-12,luna,0.00165362,0.0052898,20293,20201,1026
experiments/campaigns/ace_attribution_20260912/ledger.sqlite3,mathd_numbertheory_530__luna-none-medium__gpt-5.6-luna__seed0,8e0fdf3dec5b4c99b82ad1fdb085003d,2026-09-12,luna,0.004283739999999999,0.004752999999999999,23507,2607,43
experiments/campaigns/ace_attribution_20260912/ledger.sqlite3,amc12_2000_p12__luna-none-medium__gpt-5.6-luna__seed0,9c96059f95fb42e7bd0ffa8fa761d0e8,2026-09-12,luna,0.0005523399999999999,0.0010216,3974,2607,189
experiments/campaigns/ace_attribution_20260912/ledger.sqlite3,amc12_2000_p12__luna-none-medium__gpt-5.6-luna__seed0,bfc1b42d67f546d8bc8e91cc035ec063,2026-09-12,luna,0.00018422,0.000899,4273,3971,37
experiments/campaigns/ace_attribution_20260912/ledger.sqlite3,amc12_2000_p12__luna-none-medium__gpt-5.6-luna__seed0,dcf773b8ece54fdfba746d130466fe67,2026-09-12,luna,0.00090294,0.0013722,4317,2607,424
experiments/campaigns/ace_attribution_20260912/ledger.sqlite3,amc12_2000_p12__luna-none-medium__gpt-5.6-luna__seed0,a6f198cb287745668083b958933f1f6d,2026-09-12,luna,0.0017995399999999999,0.0022687999999999996,6760,2607,764
experiments/campaigns/ace_attribution_20260912/ledger.sqlite3,amc12_2000_p12__luna-none-medium__gpt-5.6-luna__seed0,e00d4947732c478fac40ab7bebc5481b,2026-09-12,luna,0.00057874,0.001795,7823,6757,192
experiments/campaigns/ace_attribution_20260912/ledger.sqlite3,amc12_2000_p12__luna-none-medium__gpt-5.6-luna__seed0,3097af28643b41e89f3b1ea8f817c027,2026-09-12,luna,0.0014905399999999998,0.0019598,5665,2607,689
experiments/campaigns/ace_attribution_20260912/ledger.sqlite3,mathd_algebra_433__luna-none-medium__gpt-5.6-luna__seed0,6907ad46453f4458850469f93abbbc85,2026-09-12,luna,0.00039514,0.0008644,3716,2607,101
experiments/campaigns/ace_attribution_20260912/ledger.sqlite3,mathd_algebra_433__luna-none-medium__gpt-5.6-luna__seed0,ac72579dcf9b4211be1030959d1c9bc1,2026-09-12,luna,0.00021446,0.0008828,3862,3713,92
experiments/campaigns/ace_attribution_20260912/ledger.sqlite3,mathd_algebra_433__luna-none-medium__gpt-5.6-luna__seed0,c9cbe07f0f8e4dbdbf6c9935f82dd743,2026-09-12,luna,0.00039438,0.001089,4377,3859,178
experiments/campaigns/ace_attribution_20260912/ledger.sqlite3,mathd_algebra_433__luna-none-medium__gpt-5.6-luna__seed0,f31e6d5f76924c639513c5373f9db6ac,2026-09-12,luna,0.00111734,0.0015866,6847,2607,181
experiments/campaigns/ace_attribution_20260912/ledger.sqlite3,mathd_algebra_433__luna-none-medium__gpt-5.6-luna__seed0,2525af05a4b94ba9976a382e1caab539,2026-09-12,luna,0.00081194,0.0012812000000000001,5044,2607,227
experiments/campaigns/ace_attribution_20260912/ledger.sqlite3,mathd_algebra_433__luna-none-medium__gpt-5.6-luna__seed0,616b0787f18f4471b9ac2798c113ebf0,2026-09-12,luna,0.00072274,0.001192,5396,2607,94
experiments/campaigns/ace_attribution_20260912/ledger.sqlite3,mathd_numbertheory_64__luna-none-medium__gpt-5.6-luna__seed0,eeaf99f2df664f049b3b669de07c75f4,2026-09-12,luna,0.00042134,0.0008906,3805,2607,108
experiments/campaigns/ace_attribution_20260912/ledger.sqlite3,mathd_numbertheory_64__luna-none-medium__gpt-5.6-luna__seed0,37a1f02cbc1b4b0d80ca4754cfb5749f,2026-09-12,luna,0.00025763999999999995,0.0009419999999999999,3960,3802,125
experiments/campaigns/ace_attribution_20260912/ledger.sqlite3,mathd_numbertheory_64__luna-none-medium__gpt-5.6-luna__seed0,bd64e8d593924b3c83fffb42995e525c,2026-09-12,luna,0.00032374,0.001036,4340,3957,140
experiments/campaigns/ace_attribution_20260912/ledger.sqlite3,mathd_numbertheory_64__luna-none-medium__gpt-5.6-luna__seed0,29bc9bf2fe02472b8716ac929d00976c,2026-09-12,luna,0.00084454,0.0016251999999999998,4634,4337,582
experiments/campaigns/ace_attribution_20260912/ledger.sqlite3,mathd_numbertheory_64__luna-none-medium__gpt-5.6-luna__seed0,b14c585676a347b0a286d2c51afad671,2026-09-12,luna,0.00036022,0.0011937999999999999,5255,4631,119
experiments/campaigns/ace_attribution_20260912/ledger.sqlite3,mathd_numbertheory_64__luna-none-medium__gpt-5.6-luna__seed0,594f7bd700ca4acfb4e1bcd4578c1e15,2026-09-12,luna,0.0009348399999999999,0.0018801999999999998,6533,5252,478
experiments/campaigns/ace_attribution_20260912/ledger.sqlite3,mathd_numbertheory_64__luna-none-medium__gpt-5.6-luna__seed0,0a05c0a4b09541e1a516779ec78a90a1,2026-09-12,luna,0.0024936,0.003669,7167,6530,1863
experiments/campaigns/ace_attribution_20260912/ledger.sqlite3,mathd_numbertheory_64__luna-none-medium__gpt-5.6-luna__seed0,cfd1e5c76ffa488cb51e5fdbb479030f,2026-09-12,luna,0.00259714,0.0030663999999999995,7064,2607,1378
experiments/campaigns/ace_attribution_20260912/ledger.sqlite3,mathd_numbertheory_64__luna-none-medium__gpt-5.6-luna__seed0,3932d7fab8914bd18ee2880f688966b5,2026-09-12,luna,0.00092282,0.0021938,8665,7061,384
experiments/campaigns/ace_attribution_20260912/ledger.sqlite3,amc12_2001_p21__luna-none-medium__gpt-5.6-luna__seed0,76a9015853004e9da21978851fd54e5a,2026-09-12,luna,0.00058994,0.0010592,4312,2607,164
experiments/campaigns/ace_attribution_20260912/ledger.sqlite3,amc12_2001_p21__luna-none-medium__gpt-5.6-luna__seed0,de8a7a546964451196f486259c857647,2026-09-12,luna,0.0015683399999999999,0.0020376,4572,2607,936
experiments/campaigns/ace_attribution_20260912/ledger.sqlite3,amc12_2001_p21__luna-none-medium__gpt-5.6-luna__seed0,0969e4b90e6b4839b6f59cdd31fe41d1,2026-09-12,luna,0.00133094,0.0018002,7069,2607,322
experiments/campaigns/ace_attribution_20260912/ledger.sqlite3,amc12_2001_p21__luna-none-medium__gpt-5.6-luna__seed0,816db40eb1294d36960b7d29fc9da30f,2026-09-12,luna,0.00116554,0.0016347999999999998,5288,2607,481
experiments/campaigns/ace_attribution_20260912/ledger.sqlite3,amc12_2001_p21__luna-none-medium__gpt-5.6-luna__seed0,fd2cb8b6d1f34db2a6afba8224484217,2026-09-12,luna,0.0018427399999999998,0.002312,7756,2607,634
experiments/campaigns/ace_attribution_20260912/ledger.sqlite3,amc12_2001_p21__luna-none-medium__gpt-5.6-luna__seed0,3b7b5be2f5f94065946149433b0b4ef5,2026-09-12,luna,0.00147414,0.0019433999999999999,6375,2607,557
experiments/campaigns/ace_attribution_20260912/ledger.sqlite3,amc12_2001_p21__luna-none-medium__gpt-5.6-luna__seed0,292f9c9dae284c20bc490c7877e86c70,2026-09-12,luna,0.0006404399999999999,0.0017874,6975,6372,327
experiments/campaigns/ace_attribution_20260912/ledger.sqlite3,amc12_2001_p21__luna-none-medium__gpt-5.6-luna__seed0,9abbb902c10f480d99d545cde1453935,2026-09-12,luna,0.00061204,0.0018669999999999997,8195,6972,190
experiments/campaigns/ace_attribution_20260912/ledger.sqlite3,amc12_2001_p21__luna-none-medium__gpt-5.6-luna__seed0,ef51f5fb462e471ebd962d231d0f32a7,2026-09-12,luna,0.0021768399999999998,0.0036514,9143,8192,1519
experiments/campaigns/ace_attribution_20260912/ledger.sqlite3,amc12_2001_p21__luna-none-medium__gpt-5.6-luna__seed0,ce170d2a1dd14b269790963e9cd10bb0,2026-09-12,luna,0.00093,0.0025752,11190,9140,281
experiments/campaigns/ace_attribution_20260912/ledger.sqlite3,amc12_2001_p21__luna-none-medium__gpt-5.6-luna__seed0,0bc7dc9fb6414fa2b80e1135c93e3d61,2026-09-12,luna,0.0030355399999999998,0.0035047999999999998,9634,2607,1315
experiments/campaigns/ace_attribution_20260912/ledger.sqlite3,amc12_2001_p21__luna-none-medium__gpt-5.6-luna__seed0,883da350aa8748979f00cedf5732755e,2026-09-12,luna,0.00210614,0.0025754,10009,2607,478
experiments/campaigns/ace_attribution_20260912/ledger.sqlite3,amc12_2001_p21__luna-none-medium__gpt-5.6-luna__seed0,6e0bcdae9b984021b3eacd9b4953a0e6,2026-09-12,luna,0.00302834,0.0034976,10420,2607,1178
experiments/campaigns/ace_attribution_20260912/ledger.sqlite3,amc12_2001_p21__luna-none-medium__gpt-5.6-luna__seed0,d24e193062334383a3abf3212eaa8c04,2026-09-12,luna,0.0015433399999999998,0.0034184,11902,10417,865
experiments/campaigns/ace_attribution_20260912/ledger.sqlite3,amc12_2001_p21__luna-none-medium__gpt-5.6-luna__seed0,0d332e6291bf43379cce351aff7eae58,2026-09-12,luna,0.00108558,0.0032273999999999996,13071,11899,511
experiments/campaigns/ace_attribution_20260912/ledger.sqlite3,amc12_2001_p21__luna-none-medium__gpt-5.6-luna__seed0,511c69dd2fa84a658f7eac6432bfd88c,2026-09-12,luna,0.0009215600000000001,0.0032738,14527,13068,307
experiments/campaigns/ace_attribution_20260912/ledger.sqlite3,amc12_2001_p21__luna-none-medium__gpt-5.6-luna__seed0,10e651a9b40f4b66b2bb9b8f0aed130e,2026-09-12,luna,0.00345774,0.003927,12951,2607,1114
experiments/campaigns/ace_attribution_20260912/ledger.sqlite3,amc12_2001_p21__luna-none-medium__gpt-5.6-luna__seed0,810ecc3eeb1947d4884f98e85a79db45,2026-09-12,luna,0.00252114,0.0029904,13494,2607,243
experiments/campaigns/ace_attribution_20260912/ledger.sqlite3,amc12_2001_p21__luna-none-medium__gpt-5.6-luna__seed0,69454464ff2f4dce823a440b535521d4,2026-09-12,luna,0.00343934,0.0039086,13891,2607,942
experiments/campaigns/ace_attribution_20260912/ledger.sqlite3,amc12_2001_p21__luna-none-medium__gpt-5.6-luna__seed0,58c9309b44d84202b3fffb3a47d03b36,2026-09-12,luna,0.00364014,0.0041094,14301,2607,1041
experiments/campaigns/ace_attribution_20260912/ledger.sqlite3,amc12_2001_p21__luna-none-medium__gpt-5.6-luna__seed0,f59517693dcd4085bf863ce78fed9a3f,2026-09-12,luna,0.00393834,0.004407599999999999,14826,2607,1202
experiments/campaigns/ace_attribution_20260912/ledger.sqlite3,amc12_2001_p21__luna-none-medium__gpt-5.6-luna__seed0,eed422501ab847b0a417d82e7a1784da,2026-09-12,luna,0.00356734,0.0040365999999999996,15467,2607,786
experiments/campaigns/ace_attribution_20260912/ledger.sqlite3,amc12a_2002_p6__luna-none-medium__gpt-5.6-luna__seed0,53d6200a268044d495f6817524f2a996,2026-09-12,luna,0.00043074,0.0009,3810,2607,115
experiments/campaigns/ace_polish_20260909/ledger.sqlite3,imo_1960_p2__reference-r64__gpt-5.6-luna__seed0,90f5bcc6e7b446b8b8571663128d3702,2026-09-09,validation,0.0005860199999999999,0.0016967999999999998,6174,6171,385
experiments/campaigns/ace_polish_20260909/ledger.sqlite3,imo_1960_p2__reference-r64__gpt-5.6-luna__seed0,14d260a7d6cf4b4fabc9c6dfa3205c4b,2026-09-09,validation,0.00036482,0.0014756,6598,6171,130
experiments/campaigns/ace_polish_20260909/ledger.sqlite3,imo_1960_p2__reference-r64__gpt-5.6-luna__seed0,c9bb755e85bc4f5f867f04e6e064b5a5,2026-09-09,validation,0.0008473,0.0020344,7274,6595,483
experiments/campaigns/ace_polish_20260909/ledger.sqlite3,imo_1960_p2__reference-r64__gpt-5.6-luna__seed0,3b92a11c35244800b541305977f262fd,2026-09-09,validation,0.00091144,0.0017703999999999999,8264,4772,98
experiments/campaigns/ace_polish_20260909/ledger.sqlite3,imo_1960_p2__reference-r64__gpt-5.6-luna__seed0,cebdf1f52a5941a287a526033a082f50,2026-09-09,validation,0.0016214200000000002,0.0031084,8978,8261,1094
experiments/campaigns/ace_polish_20260909/ledger.sqlite3,imo_1960_p2__reference-r64__gpt-5.6-luna__seed0,6fbeb994268c44e3b2223f9f78098dc0,2026-09-09,validation,0.00199344,0.0028523999999999997,10464,4772,633
experiments/campaigns/ace_polish_20260909/ledger.sqlite3,aime_1991_p6__reference-r64__gpt-5.6-luna__seed0,69428845c14c44dbadec1d2fbe62e388,2026-09-09,validation,0.00046698,0.0016187999999999999,6402,6399,282
experiments/campaigns/ace_polish_20260909/ledger.sqlite3,aime_1991_p6__reference-r64__gpt-5.6-luna__seed0,6edd5f2ec74347c1a3e2a4f31e86edb6,2026-09-09,validation,0.00048238,0.0016342,7367,6399,134
experiments/campaigns/ace_polish_20260909/ledger.sqlite3,aime_1991_p6__reference-r64__gpt-5.6-luna__seed0,20bb67ac6781490296bda41e75408b19,2026-09-09,validation,0.00052288,0.0018483999999999998,8498,7364,124
experiments/campaigns/ace_polish_20260909/ledger.sqlite3,aime_1991_p6__reference-r64__gpt-5.6-luna__seed0,726129d1236c4959944732fa78e75e15,2026-09-09,validation,0.0005155,0.0020446,8939,8495,214
experiments/campaigns/ace_polish_20260909/ledger.sqlite3,aime_1991_p6__reference-r64__gpt-5.6-luna__seed0,8e452a6e73d142a7822103dc36f0f2f3,2026-09-09,validation,0.0008387199999999999,0.0024471999999999996,9596,8936,440
experiments/campaigns/ace_polish_20260909/ledger.sqlite3,aime_1991_p6__reference-r64__gpt-5.6-luna__seed0,e445cbb22c1a43ada365d533face1b57,2026-09-09,validation,0.00100766,0.0027344,10792,9593,480
experiments/campaigns/ace_polish_20260909/ledger.sqlite3,aime_1991_p6__reference-r64__gpt-5.6-luna__seed0,bc4982d6be9f463087ee13daee9c9237,2026-09-09,validation,0.00094898,0.002891,12877,10789,263
experiments/campaigns/ace_polish_20260909/ledger.sqlite3,aime_1991_p6__reference-r64__gpt-5.6-luna__seed0,d97edcc58f7a4c219d0b69fba2910435,2026-09-09,validation,0.00101168,0.003329,13759,12874,481
experiments/campaigns/ace_polish_20260909/ledger.sqlite3,aime_1991_p6__reference-r64__gpt-5.6-luna__seed0,49b39201c568480597aa5e5ce80d9292,2026-09-09,validation,0.0009313199999999999,0.0034073999999999997,14595,13756,407
experiments/campaigns/ace_polish_20260909/ledger.sqlite3,aime_1991_p6__reference-r64__gpt-5.6-luna__seed0,4b2a8d6e6786477bb25689e949416e7f,2026-09-09,validation,0.00505564,0.0059146,13805,4772,2628
experiments/campaigns/ace_polish_20260909/ledger.sqlite3,aime_1991_p6__reference-r64__gpt-5.6-luna__seed0,5cf288e7a7734a2daff2714265cf9694,2026-09-09,validation,0.0035458399999999998,0.0044047999999999995,17758,4772,711
experiments/campaigns/ace_polish_20260909/ledger.sqlite3,aime_1991_p6__reference-r64__gpt-5.6-luna__seed0,126ef889a9ec4f02a41879cb097c0c7e,2026-09-09,validation,0.0040441,0.00724,20084,17755,2686
experiments/campaigns/ace_polish_20260909/ledger.sqlite3,aime_1991_p6__reference-r64__gpt-5.6-luna__seed0,9ed16b63210046349b9b77f6f5d362ed,2026-09-09,validation,0.01532284,0.0161818,22403,4772,9751
experiments/campaigns/ace_polish_20260909/ledger.sqlite3,amc12a_2008_p4__reference-r64__gpt-5.6-luna__seed0,ec9012da74934ff5826c5a3e27ac64d7,2026-09-09,validation,0.00063384,0.0017538,6225,6222,424
experiments/campaigns/ace_polish_20260909/ledger.sqlite3,amc12a_2008_p4__reference-r64__gpt-5.6-luna__seed0,5bc81e87253e485da3a60be5adab6da7,2026-09-09,validation,0.00042303999999999996,0.001543,6755,6222,160
experiments/campaigns/ace_polish_20260909/ledger.sqlite3,amc12a_2008_p4__reference-r64__gpt-5.6-luna__seed0,787e4244f7ac4b7e84929125e7bbfa65,2026-09-09,validation,0.00062784,0.0018432,7164,6752,342
experiments/campaigns/ace_polish_20260909/ledger.sqlite3,amc12a_2008_p4__reference-r64__gpt-5.6-luna__seed0,55182f22d7f648a7b2614573500270e6,2026-09-09,validation,0.00030502,0.001594,7556,7161,69
experiments/campaigns/ace_polish_20260909/ledger.sqlite3,amc12a_2008_p4__reference-r64__gpt-5.6-luna__seed0,28a8238538854257b7f190b58c6ccec9,2026-09-09,validation,0.00064226,0.0020017999999999998,7765,7553,374
experiments/campaigns/ace_polish_20260909/ledger.sqlite3,amc12a_2008_p4__reference-r64__gpt-5.6-luna__seed0,62f504bf0dc043bf8815d5cbf76743c0,2026-09-09,validation,0.0012138399999999999,0.0020727999999999996,9830,4772,89
experiments/campaigns/ace_polish_20260909/ledger.sqlite3,amc12a_2008_p4__reference-r64__gpt-5.6-luna__seed0,818bea10be4549e4ad8da5917bd301b4,2026-09-09,validation,0.0006491400000000001,0.0024179999999999996,10116,9827,329
experiments/campaigns/ace_polish_20260909/ledger.sqlite3,amc12a_2008_p4__reference-r64__gpt-5.6-luna__seed0,070e9d275d844e7cb2b2d981ea402012,2026-09-09,validation,0.00138804,0.002247,8559,4772,446
experiments/campaigns/ace_polish_20260909/ledger.sqlite3,amc12a_2008_p4__reference-r64__gpt-5.6-luna__seed0,d7323943772e4a83a0e2ec11028f96b0,2026-09-09,validation,0.00127304,0.0021319999999999998,9304,4772,226
experiments/campaigns/ace_polish_20260909/ledger.sqlite3,amc12a_2008_p4__reference-r64__gpt-5.6-luna__seed0,bb71a75e3cdc4cc881f2a6cc1f345eee,2026-09-09,validation,0.0019762399999999998,0.0028351999999999995,12076,4772,350
experiments/campaigns/ace_polish_20260909/ledger.sqlite3,induction_prod1p1onk3le3m1onn__reference-r64__gpt-5.6-luna__seed0,279264bf12ef4735952146dab161d8b3,2026-09-09,validation,0.00031528,0.0014518,6317,6314,157
experiments/campaigns/ace_polish_20260909/ledger.sqlite3,induction_prod1p1onk3le3m1onn__reference-r64__gpt-5.6-luna__seed0,8ff49db8cfd64a6f85644bb1b3ea10e4,2026-09-09,validation,0.00132448,0.0024609999999999996,6593,6314,952
experiments/campaigns/ace_polish_20260909/ledger.sqlite3,induction_prod1p1onk3le3m1onn__reference-r64__gpt-5.6-luna__seed0,187385b3b4964fce885f973fca9f2088,2026-09-09,validation,0.000463,0.0016492,7832,6590,69
experiments/campaigns/ace_polish_20260909/ledger.sqlite3,induction_prod1p1onk3le3m1onn__reference-r64__gpt-5.6-luna__seed0,ab1f84d79a1d431e95972a3b60a2ca91,2026-09-09,validation,0.00065358,0.0020628,8076,7829,373
experiments/campaigns/ace_polish_20260909/ledger.sqlite3,induction_prod1p1onk3le3m1onn__reference-r64__gpt-5.6-luna__seed0,82b8555cffc343328da5ab21006c6759,2026-09-09,validation,0.00035466,0.0018078,8499,8073,90
experiments/campaigns/ace_polish_20260909/ledger.sqlite3,induction_prod1p1onk3le3m1onn__reference-r64__gpt-5.6-luna__seed0,6847ca147a014e71a85b68d8407d7f79,2026-09-09,validation,0.00230432,0.0038335999999999995,8944,8496,1704
experiments/campaigns/ace_polish_20260909/ledger.sqlite3,induction_prod1p1onk3le3m1onn__reference-r64__gpt-5.6-luna__seed0,0c653e33565143708f15b30af277c481,2026-09-09,validation,0.00233664,0.0031956,10956,4772,837
experiments/campaigns/ace_polish_20260909/ledger.sqlite3,induction_prod1p1onk3le3m1onn__reference-r64__gpt-5.6-luna__seed0,f33ca11a871e4333bf2d1216dd317307,2026-09-09,validation,0.00224444,0.0031034,9739,4772,963
experiments/campaigns/ace_polish_20260909/ledger.sqlite3,induction_prod1p1onk3le3m1onn__reference-r64__gpt-5.6-luna__seed0,29486b6feab24f97924ca3c9d0730801,2026-09-09,validation,0.0015154399999999998,0.0023744,11488,4772,64
experiments/campaigns/ace_polish_20260909/ledger.sqlite3,induction_prod1p1onk3le3m1onn__reference-r64__gpt-5.6-luna__seed0,b7b2d2d96fb644218b996eb6c7b977c3,2026-09-09,validation,0.0014397,0.0035069999999999997,12081,11485,909
experiments/campaigns/ace_polish_20260909/ledger.sqlite3,induction_prod1p1onk3le3m1onn__reference-r64__gpt-5.6-luna__seed0,85616a611c504cba8f9fe1dddffc6613,2026-09-09,validation,0.00342724,0.0042862,15053,4772,1063
experiments/campaigns/ace_polish_20260909/ledger.sqlite3,induction_prod1p1onk3le3m1onn__reference-r64__gpt-5.6-luna__seed0,8991c52013264fa192a8000a36338aac,2026-09-09,validation,0.0038886399999999996,0.0047476,16772,4772,1161
experiments/campaigns/ace_polish_20260909/ledger.sqlite3,induction_prod1p1onk3le3m1onn__reference-r64__gpt-5.6-luna__seed0,abcb6535a06e447f86ea9a6c33771211,2026-09-09,validation,0.00092698,0.0039454,19019,16769,118
experiments/campaigns/ace_polish_20260909/ledger.sqlite3,induction_prod1p1onk3le3m1onn__reference-r64__gpt-5.6-luna__seed0,515abf66f8ed4b298201672a168d67ee,2026-09-09,validation,0.00221772,0.0056406,19971,19016,1372
experiments/campaigns/ace_polish_20260909/ledger.sqlite3,induction_prod1p1onk3le3m1onn__reference-r64__gpt-5.6-luna__seed0,eb4e7e8baaeb4668b389f88dc2f36fc0,2026-09-09,validation,0.00480144,0.0056603999999999995,22086,4772,1036
experiments/campaigns/ace_polish_20260909/ledger.sqlite3,induction_prod1p1onk3le3m1onn__reference-r64__gpt-5.6-luna__seed0,dce1cd2c065142b88210db28d3b1480d,2026-09-09,validation,0.006120239999999999,0.0069792,26808,4772,1348
experiments/campaigns/ace_polish_20260909/ledger.sqlite3,induction_prod1p1onk3le3m1onn__reference-r64__gpt-5.6-luna__seed0,cf49f2bdd5604a7ebc082795e70d5790,2026-09-09,validation,0.00606484,0.006923799999999999,27257,4772,1227
experiments/campaigns/ace_polish_20260909/ledger.sqlite3,algebra_others_exirrpowirrrat__reference-r64__gpt-5.6-luna__seed0,7401e415bf694d0bbf1598497f0ef961,2026-09-09,validation,0.00040076,0.0014966,6091,6088,232
experiments/campaigns/ace_polish_20260909/ledger.sqlite3,algebra_others_exirrpowirrrat__reference-r64__gpt-5.6-luna__seed0,02fe8f4b31a142a6b9711b434c11ffe2,2026-09-09,validation,0.00058116,0.0016769999999999999,7101,6088,214
experiments/campaigns/ace_polish_20260909/ledger.sqlite3,algebra_others_exirrpowirrrat__reference-r64__gpt-5.6-luna__seed0,fc1dc00b714b4c19acb2564b872a5048,2026-09-09,validation,0.00060936,0.001887,7563,7098,312
experiments/campaigns/ace_polish_20260909/ledger.sqlite3,algebra_others_exirrpowirrrat__reference-r64__gpt-5.6-luna__seed0,dcb856f17dd649dca4a92296cd0eeae5,2026-09-09,validation,0.0004508,0.0018116,8164,7560,149
experiments/campaigns/ace_polish_20260909/ledger.sqlite3,algebra_others_exirrpowirrrat__reference-r64__gpt-5.6-luna__seed0,9ac3fcd476554158b1a7a698e092d1de,2026-09-09,validation,0.00065922,0.0021282,8607,8161,339
experiments/campaigns/ace_polish_20260909/ledger.sqlite3,algebra_others_exirrpowirrrat__reference-r64__gpt-5.6-luna__seed0,0356928830dd4f2aac6d49bbbec283f9,2026-09-09,validation,0.00052888,0.0020775999999999998,9374,8604,169
experiments/campaigns/ace_polish_20260909/ledger.sqlite3,algebra_others_exirrpowirrrat__reference-r64__gpt-5.6-luna__seed0,d68ce6a2bf6641a3af43a3a38bb40d63,2026-09-09,validation,0.00043121999999999995,0.002118,9804,9371,131
experiments/campaigns/ace_polish_20260909/ledger.sqlite3,algebra_others_exirrpowirrrat__reference-r64__gpt-5.6-luna__seed0,39ec22fc9ac6417ab556b334110344bb,2026-09-09,validation,0.00066022,0.0024244,10850,9801,212
experiments/campaigns/ace_polish_20260909/ledger.sqlite3,algebra_others_exirrpowirrrat__reference-r64__gpt-5.6-luna__seed0,c3a4753c930545319c77551e18e2e31d,2026-09-09,validation,0.0010939399999999998,0.0030464,11332,10847,650
experiments/campaigns/ace_polish_20260909/ledger.sqlite3,algebra_others_exirrpowirrrat__reference-r64__gpt-5.6-luna__seed0,2eb7409af8564591b325cb18a9d1ac67,2026-09-09,validation,0.00043078,0.00247,12092,11329,43
experiments/campaigns/ace_polish_20260909/ledger.sqlite3,algebra_others_exirrpowirrrat__reference-r64__gpt-5.6-luna__seed0,7f6f787d7a67492e9e86cb059c3f187c,2026-09-09,validation,0.00095678,0.0031328,12304,12089,560
experiments/campaigns/ace_polish_20260909/ledger.sqlite3,algebra_others_exirrpowirrrat__reference-r64__gpt-5.6-luna__seed0,5ba4bcfcc5dc451baddaab434bae1dde,2026-09-09,validation,0.00075762,0.0029718,13809,12301,175
experiments/campaigns/ace_polish_20260909/ledger.sqlite3,algebra_others_exirrpowirrrat__reference-r64__gpt-5.6-luna__seed0,05d9f1f14ae94983890a9ab265e1f2b8,2026-09-09,validation,0.0005441199999999999,0.0030291999999999997,14060,13806,181
experiments/campaigns/ace_polish_20260909/ledger.sqlite3,algebra_others_exirrpowirrrat__reference-r64__gpt-5.6-luna__seed0,5a1fb98de194425db7284091357b3bab,2026-09-09,validation,0.00093314,0.0034633999999999997,14317,14057,500
experiments/campaigns/ace_polish_20260909/ledger.sqlite3,algebra_others_exirrpowirrrat__reference-r64__gpt-5.6-luna__seed0,8bbfaa6e40c444faa39a3432cbdec1df,2026-09-09,validation,0.00053288,0.0031094,15061,14314,81
experiments/campaigns/ace_polish_20260909/ledger.sqlite3,algebra_others_exirrpowirrrat__reference-r64__gpt-5.6-luna__seed0,6e460063c6724c66af2b84ee56f372ba,2026-09-09,validation,0.00039416,0.0031046,15211,15058,52
experiments/campaigns/ace_polish_20260909/ledger.sqlite3,algebra_others_exirrpowirrrat__reference-r64__gpt-5.6-luna__seed0,288f8694a08848eb89b8c887f598c832,2026-09-09,validation,0.0009189599999999999,0.0036563999999999998,15366,15208,486
experiments/campaigns/ace_polish_20260909/ledger.sqlite3,algebra_others_exirrpowirrrat__reference-r64__gpt-5.6-luna__seed0,488aea45331145d1b1805fe3bce4ee58,2026-09-09,validation,0.0026704399999999996,0.0035294,13333,4772,719
experiments/campaigns/ace_polish_20260909/ledger.sqlite3,algebra_others_exirrpowirrrat__reference-r64__gpt-5.6-luna__seed0,590e7e9ae19848feb4dc012a7221bbdd,2026-09-09,validation,0.0005674,0.0029668,14432,13330,67
experiments/campaigns/ace_polish_20260909/ledger.sqlite3,algebra_others_exirrpowirrrat__reference-r64__gpt-5.6-luna__seed0,3daaaaf453bc4a0a9f703a517a363fc1,2026-09-09,validation,0.00079098,0.0033882,14589,14429,392
experiments/campaigns/ace_polish_20260909/ledger.sqlite3,algebra_others_exirrpowirrrat__reference-r64__gpt-5.6-luna__seed0,dda6df02174f40d1b7d0e52e8ce853d8,2026-09-09,validation,0.00121472,0.0038401999999999998,18079,14586,187
experiments/campaigns/ace_polish_20260909/ledger.sqlite3,algebra_others_exirrpowirrrat__reference-r64__gpt-5.6-luna__seed0,658fadde65d64bc894c76502df2e95b3,2026-09-09,validation,0.00092632,0.00418,18356,18076,424
experiments/campaigns/ace_polish_20260909/ledger.sqlite3,algebra_others_exirrpowirrrat__reference-r64__gpt-5.6-luna__seed0,420171f4fa3a4dedbfad0030261883b8,2026-09-09,validation,0.00151326,0.0048167999999999996,18870,18353,869
experiments/campaigns/ace_polish_20260909/ledger.sqlite3,algebra_others_exirrpowirrrat__reference-r64__gpt-5.6-luna__seed0,81315e5d300f4811bd4fee3cd3a86f7f,2026-09-09,validation,0.00354464,0.0044036,18058,4772,660
experiments/campaigns/ace_polish_20260909/ledger.sqlite3,algebra_others_exirrpowirrrat__reference-r64__gpt-5.6-luna__seed0,3402033c8aca48cb85ee9101c2b28d68,2026-09-09,validation,0.0016355,0.0048854,19249,18055,863
experiments/campaigns/ace_polish_20260909/ledger.sqlite3,algebra_others_exirrpowirrrat__reference-r64__gpt-5.6-luna__seed0,cbff063096404c1a88511882d5cc99b3,2026-09-09,validation,0.00394644,0.0048054,19335,4772,782
experiments/campaigns/ace_polish_20260909/ledger.sqlite3,algebra_others_exirrpowirrrat__reference-r64__gpt-5.6-luna__seed0,9eac3b31a4ac43dab42ee00125c2cb0a,2026-09-09,validation,0.0006530399999999999,0.0041328,20406,19332,43
experiments/campaigns/ace_polish_20260909/ledger.sqlite3,algebra_others_exirrpowirrrat__reference-r64__gpt-5.6-luna__seed0,07cfdec44b37419c8cb5780b6aa765ab,2026-09-09,validation,0.00151666,0.0051892,20738,20403,868
experiments/campaigns/ace_polish_20260909/ledger.sqlite3,algebra_others_exirrpowirrrat__reference-r64__gpt-5.6-luna__seed0,94d63df49bbb4550901985eb19d5bace,2026-09-09,validation,0.00374864,0.0046076,20794,4772,374
experiments/campaigns/ace_polish_20260909/ledger.sqlite3,algebra_others_exirrpowirrrat__reference-r64__gpt-5.6-luna__seed0,c733acb93e1a4ad3a1ab701cd958bf0c,2026-09-09,validation,0.00117402,0.0049164,21576,20791,501
experiments/campaigns/ace_polish_20260909/ledger.sqlite3,algebra_others_exirrpowirrrat__reference-r64__gpt-5.6-luna__seed0,26267875e58948f49dffed12cff875ce,2026-09-09,validation,0.0008722599999999999,0.0047554,22445,21573,222
experiments/campaigns/ace_polish_20260909/ledger.sqlite3,algebra_others_exirrpowirrrat__reference-r64__gpt-5.6-luna__seed0,62d5723ab9bd4381af27971d69431d11,2026-09-09,validation,0.00101524,0.0050548,22700,22442,429
experiments/campaigns/ace_polish_20260909/ledger.sqlite3,mathd_algebra_190__reference-r64__gpt-5.6-luna__seed0,9c2557bce49c4667944cb3d68c58cab5,2026-09-09,validation,0.00030785999999999997,0.0013775999999999999,5946,5943,157
experiments/campaigns/ace_polish_20260909/ledger.sqlite3,mathd_numbertheory_284__reference-r64__gpt-5.6-luna__seed0,08e4d07c1d1549258bdc626a991c4f1f,2026-09-09,validation,0.00047744,0.0013364,5980,4772,117
experiments/campaigns/ace_polish_20260909/ledger.sqlite3,imo_1964_p2__reference-r64__gpt-5.6-luna__seed0,81bd0d230b274b3cbe18251636de094d,2026-09-09,validation,0.00257014,0.0036856,6200,6197,2038
experiments/campaigns/ace_polish_20260909/ledger.sqlite3,imo_1964_p2__reference-r64__gpt-5.6-luna__seed0,8d31e3441a444e66b29d67e0e676b803,2026-09-09,validation,0.0022340399999999996,0.003093,7017,4772,1408
experiments/campaigns/ace_polish_20260909/ledger.sqlite3,imo_1964_p2__reference-r64__gpt-5.6-luna__seed0,5f0e9a8122dd4ea680984375e7c540d1,2026-09-09,validation,0.0017428399999999998,0.0026017999999999996,7987,4772,837
experiments/campaigns/ace_polish_20260909/ledger.sqlite3,imo_1964_p2__reference-r64__gpt-5.6-luna__seed0,4af4a4debba744f78f940aca9b0f680f,2026-09-09,validation,0.00187464,0.0027336,9096,4772,762
experiments/campaigns/ace_polish_20260909/ledger.sqlite3,imo_1964_p2__reference-r64__gpt-5.6-luna__seed0,7f4e2aa0bf52495caa475b5a563dcd05,2026-09-09,validation,0.00165924,0.0025182,10449,4772,357
experiments/campaigns/ace_polish_20260909/ledger.sqlite3,imo_1964_p2__reference-r64__gpt-5.6-luna__seed0,c9d474d7f5184f3591b31bd90ea231af,2026-09-09,validation,0.00103972,0.00292,11138,10446,577
experiments/campaigns/ace_polish_20260909/ledger.sqlite3,imo_1964_p2__reference-r64__gpt-5.6-luna__seed0,9297ab5d4365462e81a3b5f3a8bad3f7,2026-09-09,validation,0.00264844,0.0035074,12353,4772,864
experiments/campaigns/ace_polish_20260909/ledger.sqlite3,aime_1984_p7__reference-r64__gpt-5.6-luna__seed0,bbad1b4753fd4bbdaeb4078d58a632cc,2026-09-09,validation,0.0017106399999999998,0.002845,6305,6302,1320
experiments/campaigns/ace_polish_20260909/ledger.sqlite3,aime_1984_p7__reference-r64__gpt-5.6-luna__seed0,3b56b66bc7714ec5859119c03bf0b237,2026-09-09,validation,0.0026520399999999996,0.0037863999999999997,8570,6302,1727
experiments/campaigns/ace_polish_20260909/ledger.sqlite3,aime_1984_p7__reference-r64__gpt-5.6-luna__seed0,e9448b6af8a54f2d8bdb15dde32268fc,2026-09-09,validation,0.00236224,0.0032212,7808,4772,1383
experiments/campaigns/ace_polish_20260909/ledger.sqlite3,aime_1984_p7__reference-r64__gpt-5.6-luna__seed0,8619e3a09f154daa94f1edeeea27c063,2026-09-09,validation,0.0005392999999999999,0.0019441999999999999,9319,7805,67
experiments/campaigns/ace_polish_20260909/ledger.sqlite3,aime_1984_p7__reference-r64__gpt-5.6-luna__seed0,a8eef242fb0346c49b6502d2b7888af7,2026-09-09,validation,0.00053772,0.0022145999999999997,9513,9316,260
experiments/campaigns/ace_polish_20260909/ledger.sqlite3,aime_1984_p7__reference-r64__gpt-5.6-luna__seed0,023b84d35ee547438a299fa19a421e5d,2026-09-09,validation,0.000458,0.0021698,10015,9510,139
experiments/campaigns/ace_polish_20260909/ledger.sqlite3,aime_1984_p7__reference-r64__gpt-5.6-luna__seed0,cb43f070911f430abbdbbd6139e7fc37,2026-09-09,validation,0.0008324399999999999,0.0026346,11637,10012,256
experiments/campaigns/ace_polish_20260909/ledger.sqlite3,aime_1984_p7__reference-r64__gpt-5.6-luna__seed0,c5e3f7706b0246b2bf865eab4528b5a9,2026-09-09,validation,0.00196648,0.0040606,12029,11634,1379
experiments/campaigns/ace_polish_20260909/ledger.sqlite3,aime_1984_p7__reference-r64__gpt-5.6-luna__seed0,3e91f4025b994f8c9acf514704d7fd6e,2026-09-09,validation,0.00071492,0.0028796,13648,12026,125
experiments/campaigns/ace_polish_20260909/ledger.sqlite3,aime_1984_p7__reference-r64__gpt-5.6-luna__seed0,bc50ac22bf994d1ea6b1cfc84cd9ec05,2026-09-09,validation,0.0009243,0.0033804,14016,13645,481
experiments/campaigns/ace_polish_20260909/ledger.sqlite3,aime_1984_p7__reference-r64__gpt-5.6-luna__seed0,b176eec34bf64be59dab9a03268104e9,2026-09-09,validation,0.00830264,0.009161599999999999,11092,4772,5786
experiments/campaigns/ace_polish_20260909/ledger.sqlite3,amc12a_2013_p8__reference-r64__gpt-5.6-luna__seed0,425d259218ed499c8c737a2a68ffcc9f,2026-09-09,validation,0.00152144,0.0023804,6070,4772,972
experiments/campaigns/ace_polish_20260909/ledger.sqlite3,amc12a_2013_p8__reference-r64__gpt-5.6-luna__seed0,2f9ed42acf35404ba29cd1ed5d56eabb,2026-09-09,validation,0.00104684,0.0019058,6517,4772,502
experiments/campaigns/ace_polish_20260909/ledger.sqlite3,amc12a_2013_p8__reference-r64__gpt-5.6-luna__seed0,4215c0ee46fe49d4a18b1ecb791913b9,2026-09-09,validation,0.00070008,0.0018725999999999999,7059,6514,384
experiments/campaigns/ace_polish_20260909/ledger.sqlite3,amc12a_2013_p8__reference-r64__gpt-5.6-luna__seed0,76d8e98db68744619619c692ee650c5e,2026-09-09,validation,0.00237644,0.0032354,6913,4772,1544
experiments/campaigns/ace_polish_20260909/ledger.sqlite3,mathd_algebra_214__reference-r64__gpt-5.6-luna__seed0,ebc8caaca73d4426b4d46bd1d3627f1f,2026-09-09,validation,0.00059424,0.0014532,6072,4772,199
experiments/campaigns/ace_polish_20260909/ledger.sqlite3,mathd_numbertheory_303__reference-r64__gpt-5.6-luna__seed0,91b2c4d74fac4ae18fbd5cdb31e30494,2026-09-09,validation,0.00039482,0.0014911999999999998,6094,6091,227
experiments/campaigns/ace_polish_20260909/ledger.sqlite3,mathd_numbertheory_303__reference-r64__gpt-5.6-luna__seed0,8e4af4b671904943b79f4eb6e405ac47,2026-09-09,validation,0.0007018199999999999,0.0017981999999999998,7503,6091,248
experiments/campaigns/ace_polish_20260909/ledger.sqlite3,mathd_numbertheory_303__reference-r64__gpt-5.6-luna__seed0,38478f97b17e430a94b06edcbaa816de,2026-09-09,validation,0.0004058,0.0017558,8047,7500,122
experiments/campaigns/ace_polish_20260909/ledger.sqlite3,mathd_numbertheory_303__reference-r64__gpt-5.6-luna__seed0,b5e41dbabbab4b8c8a07ddbaebb93c3f,2026-09-09,validation,0.0034470799999999995,0.004895,10627,8044,2308
experiments/campaigns/ace_polish_20260909/ledger.sqlite3,mathd_numbertheory_303__reference-r64__gpt-5.6-luna__seed0,6b94263016c44d8180f0305c9043fe88,2026-09-09,validation,0.00262904,0.0034879999999999998,11362,4772,1013
experiments/campaigns/ace_polish_20260909/ledger.sqlite3,mathd_numbertheory_303__reference-r64__gpt-5.6-luna__seed0,c6341efde1a74b56b0f2a42a637c132f,2026-09-09,validation,0.00219964,0.0030586,14573,4772,120
experiments/campaigns/ace_polish_20260909/ledger.sqlite3,mathd_numbertheory_303__reference-r64__gpt-5.6-luna__seed0,ee83e099b06d48149665d5efb73030e0,2026-09-09,validation,0.00047519999999999995,0.0030978,14739,14570,125
experiments/campaigns/ace_polish_20260909/ledger.sqlite3,mathd_numbertheory_303__reference-r64__gpt-5.6-luna__seed0,7bba13db54634e9a8f113c6ab2179e39,2026-09-09,validation,0.00107932,0.0037317999999999995,15143,14736,586
experiments/campaigns/ace_polish_20260909/ledger.sqlite3,mathd_numbertheory_303__reference-r64__gpt-5.6-luna__seed0,03eb3cfdf4a54a0cbd6e59c62c3e8011,2026-09-09,validation,0.0018482,0.0045734,15841,15140,1171
experiments/campaigns/ace_polish_20260909/ledger.sqlite3,mathd_numbertheory_303__reference-r64__gpt-5.6-luna__seed0,86c0d8bd471745e2bbf81597ae451b42,2026-09-09,validation,0.0024686400000000002,0.0033276,15588,4772,175
experiments/campaigns/ace_polish_20260909/ledger.sqlite3,mathd_numbertheory_303__reference-r64__gpt-5.6-luna__seed0,1cae460bc17a48d0a50cd6064b758e9a,2026-09-09,validation,0.0004433,0.0032486,15907,15585,56
experiments/campaigns/ace_polish_20260909/ledger.sqlite3,mathd_numbertheory_303__reference-r64__gpt-5.6-luna__seed0,0e34d8621cc2428e99333e215ec6befd,2026-09-09,validation,0.00174288,0.0046056,16116,15904,1152
experiments/campaigns/ace_polish_20260909/ledger.sqlite3,mathd_numbertheory_303__reference-r64__gpt-5.6-luna__seed0,59ea7849ed214a04be16e2ff41571a01,2026-09-09,validation,0.00331404,0.004173,17157,4772,618
experiments/campaigns/ace_polish_20260909/ledger.sqlite3,mathd_numbertheory_303__reference-r64__gpt-5.6-luna__seed0,fd2320ea61bd416e956821ef0e903d40,2026-09-09,validation,0.00100028,0.004088,17962,17154,413
experiments/campaigns/ace_polish_20260909/ledger.sqlite3,mathd_numbertheory_303__reference-r64__gpt-5.6-luna__seed0,310ccf901a1c4fddb32b175d64042a83,2026-09-09,validation,0.00125618,0.0044888,18556,17959,648
experiments/campaigns/ace_polish_20260909/ledger.sqlite3,mathd_numbertheory_303__reference-r64__gpt-5.6-luna__seed0,9ce1df68b36c43c6b97141730f130189,2026-09-09,validation,0.00054406,0.0038836,19256,18553,27
experiments/campaigns/ace_polish_20260909/ledger.sqlite3,mathd_numbertheory_303__reference-r64__gpt-5.6-luna__seed0,4c439b14ca4f4e1792eaa2575a980d3c,2026-09-09,validation,0.0017250599999999998,0.0051906,19335,19253,1103
experiments/campaigns/ace_polish_20260909/ledger.sqlite3,mathd_numbertheory_303__reference-r64__gpt-5.6-luna__seed0,a2382741680f49918c028eead726e64f,2026-09-09,validation,0.00323804,0.004097,17161,4772,554
experiments/campaigns/ace_polish_20260909/ledger.sqlite3,mathd_numbertheory_303__reference-r64__gpt-5.6-luna__seed0,a406f5950ac949abb2d552ec4309fa6f,2026-09-09,validation,0.00126596,0.0043544,17878,17158,649
experiments/campaigns/ace_polish_20260909/ledger.sqlite3,mathd_numbertheory_303__reference-r64__gpt-5.6-luna__seed0,4865c1b0564c47aa9c7c590fb6d0de0d,2026-09-09,validation,0.0008235,0.0040409999999999995,18693,17875,252
experiments/campaigns/ace_polish_20260909/ledger.sqlite3,mathd_numbertheory_303__reference-r64__gpt-5.6-luna__seed0,6504674e620c4e6fa246b406f4cb1f98,2026-09-09,validation,0.0012452,0.0046094,21901,18690,191
experiments/campaigns/ace_polish_20260909/ledger.sqlite3,mathd_numbertheory_303__reference-r64__gpt-5.6-luna__seed0,820567bd3c234eeba8650bc49108b8ed,2026-09-09,validation,0.00291976,0.0068614,22385,21898,1987
experiments/campaigns/ace_polish_20260909/ledger.sqlite3,mathd_numbertheory_303__reference-r64__gpt-5.6-luna__seed0,16ae278d24e24bbba47dc0899170b7df,2026-09-09,validation,0.00485904,0.005717999999999999,22698,4772,982
experiments/campaigns/ace_polish_20260909/ledger.sqlite3,imo_1969_p2__reference-r64__gpt-5.6-luna__seed0,f80d725779d74532a4f3f41ca3dd44bd,2026-09-09,validation,0.00038777999999999995,0.0014964,6162,6159,220
experiments/campaigns/ace_polish_20260909/ledger.sqlite3,imo_1969_p2__reference-r64__gpt-5.6-luna__seed0,a05066416b604c1d810d0ced8c4e1513,2026-09-09,validation,0.0007149799999999999,0.0018235999999999999,7516,6159,267
experiments/campaigns/ace_polish_20260909/ledger.sqlite3,imo_1969_p2__reference-r64__gpt-5.6-luna__seed0,943ad1d418714a29b4d5914e7ddb12a2,2026-09-09,validation,0.00083366,0.002186,8596,7513,389
experiments/campaigns/ace_polish_20260909/ledger.sqlite3,imo_1969_p2__reference-r64__gpt-5.6-luna__seed0,e5848f7f5bea4c419e3da5a500eb4cab,2026-09-09,validation,0.0007382599999999999,0.0022849999999999997,10537,8593,148
experiments/campaigns/ace_polish_20260909/ledger.sqlite3,imo_1969_p2__reference-r64__gpt-5.6-luna__seed0,e249613972ee4a23844ed5b8dfac885f,2026-09-09,validation,0.00080908,0.0027052,11156,10534,395
experiments/campaigns/ace_polish_20260909/ledger.sqlite3,imo_1969_p2__reference-r64__gpt-5.6-luna__seed0,dd9ea2f6c8bd4494b896d4e281e8ea3f,2026-09-09,validation,0.00096086,0.0029684,12328,11153,419
experiments/campaigns/ace_polish_20260909/ledger.sqlite3,imo_1969_p2__reference-r64__gpt-5.6-luna__seed0,36ff77d253ed44f9bcf5b5f8aa713134,2026-09-09,validation,0.0007907,0.0030091999999999996,13270,12325,296
experiments/campaigns/ace_polish_20260909/ledger.sqlite3,imo_1969_p2__reference-r64__gpt-5.6-luna__seed0,91e4c5d13cd14f2cb368d522911eaf40,2026-09-09,validation,0.00072014,0.0031081999999999998,13819,13267,287
experiments/campaigns/ace_polish_20260909/ledger.sqlite3,imo_1969_p2__reference-r64__gpt-5.6-luna__seed0,093645114b3d46d88710787ed8ddb832,2026-09-09,validation,0.00225504,0.0031139999999999996,12792,4772,463
experiments/campaigns/ace_polish_20260909/ledger.sqlite3,imo_1969_p2__reference-r64__gpt-5.6-luna__seed0,7ff7209fecf24ed7b39b25464d0d55ca,2026-09-09,validation,0.00048978,0.0027917999999999997,13305,12789,109
experiments/campaigns/ace_polish_20260909/ledger.sqlite3,imo_1969_p2__reference-r64__gpt-5.6-luna__seed0,6a0cf0c1a3e943249c760edac0207241,2026-09-09,validation,0.0013400399999999998,0.0037344,14196,13302,746
experiments/campaigns/ace_polish_20260909/ledger.sqlite3,imo_1969_p2__reference-r64__gpt-5.6-luna__seed0,4ea2e372bc24472bad27589433eef50b,2026-09-09,validation,0.00352464,0.0043836,16506,4772,902
experiments/campaigns/ace_polish_20260909/ledger.sqlite3,imo_1969_p2__reference-r64__gpt-5.6-luna__seed0,e2ec39272ba54648b48a9d30360707a0,2026-09-09,validation,0.0008046599999999999,0.0037752,17970,16503,151
experiments/campaigns/ace_polish_20260909/ledger.sqlite3,imo_1969_p2__reference-r64__gpt-5.6-luna__seed0,6121d1fa7a8d47939f65bc1c08f2617f,2026-09-09,validation,0.00228314,0.0055172,18808,17967,1463
experiments/campaigns/ace_polish_20260909/ledger.sqlite3,imo_1969_p2__reference-r64__gpt-5.6-luna__seed0,6c89ec0ee8574d31b4b4c01888295f6b,2026-09-09,validation,0.00327124,0.0041302,17447,4772,534
experiments/campaigns/ace_polish_20260909/ledger.sqlite3,imo_1969_p2__reference-r64__gpt-5.6-luna__seed0,3e578f286f3447e897ee490a784bf843,2026-09-09,validation,0.00464044,0.0054994,18335,4772,1527
experiments/campaigns/ace_polish_20260909/ledger.sqlite3,imo_1969_p2__reference-r64__gpt-5.6-luna__seed0,fcab287012744ac1a197dc515b5a3f46,2026-09-09,validation,0.00483104,0.00569,19714,4772,1456
experiments/campaigns/ace_polish_20260909/ledger.sqlite3,imo_1969_p2__reference-r64__gpt-5.6-luna__seed0,5253afe885084fc8b39b9d91d044db62,2026-09-09,validation,0.00541224,0.0062712,23262,4772,1349
experiments/campaigns/ace_polish_20260909/ledger.sqlite3,imo_1969_p2__reference-r64__gpt-5.6-luna__seed0,3748e0ae2d1244fd972f95ca57e07a62,2026-09-09,validation,0.0038560400000000002,0.004715,22777,4772,133
experiments/campaigns/ace_polish_20260909/ledger.sqlite3,aime_1989_p8__reference-r64__gpt-5.6-luna__seed0,196057c294624522bb420ba6302e63d8,2026-09-09,validation,0.000312,0.0014946,6573,6570,150
experiments/campaigns/ace_polish_20260909/ledger.sqlite3,amc12a_2016_p3__reference-r64__gpt-5.6-luna__seed0,703dbbebaeb54e4c9b4a1fa237388d34,2026-09-09,validation,0.00040076,0.0015614000000000001,6451,6448,226
experiments/campaigns/ace_polish_20260909/ledger.sqlite3,amc12a_2016_p3__reference-r64__gpt-5.6-luna__seed0,f182d5f644244a2880d37cc8285349d9,2026-09-09,validation,0.00039196,0.0015526,6893,6448,145
experiments/campaigns/ace_polish_20260909/ledger.sqlite3,amc12a_2016_p3__reference-r64__gpt-5.6-luna__seed0,d205eb9633b74f44b4c38c3ee48e399b,2026-09-09,validation,0.0005154,0.0017556,7572,6890,201
experiments/campaigns/ace_polish_20260909/ledger.sqlite3,amc12a_2016_p3__reference-r64__gpt-5.6-luna__seed0,53f71e3add1947d086870455b3219ffb,2026-09-09,validation,0.00164278,0.0030052,8468,7569,1093
experiments/campaigns/ace_polish_20260909/ledger.sqlite3,amc12a_2016_p3__reference-r64__gpt-5.6-luna__seed0,1c5a6c52c426456fbd9ab5543fcd69e4,2026-09-09,validation,0.00208544,0.0029444,10864,4772,643
experiments/campaigns/ace_polish_20260909/ledger.sqlite3,amc12a_2016_p3__reference-r64__gpt-5.6-luna__seed0,c4bd41e5e11a4fd88e8fda355766e0ba,2026-09-09,validation,0.0016812399999999996,0.0025402,9617,4772,514
experiments/campaigns/ace_polish_20260909/ledger.sqlite3,mathd_algebra_234__reference-r64__gpt-5.6-luna__seed0,e49b4378d95c46ffb23e79d67b1d2785,2026-09-09,validation,0.00035376,0.0014262,5961,5958,195
experiments/campaigns/ace_polish_20260909/ledger.sqlite3,mathd_numbertheory_33__reference-r64__gpt-5.6-luna__seed0,e9f75e9e2b62414999f17c5b53051b80,2026-09-09,validation,0.00050194,0.0015688,5930,5927,319
experiments/campaigns/ace_polish_20260909/ledger.sqlite3,mathd_numbertheory_33__reference-r64__gpt-5.6-luna__seed0,b4950b10a06445aab90d99f764f402a1,2026-09-09,validation,0.00042594,0.0014927999999999999,6354,5927,185
experiments/campaigns/ace_polish_20260909/ledger.sqlite3,imo_1981_p6__reference-r64__gpt-5.6-luna__seed0,38fe8e5c671443ad91071ece6ca7c2e6,2026-09-09,validation,0.00106744,0.0019264,6260,4772,562
experiments/campaigns/ace_polish_20260909/ledger.sqlite3,imo_1981_p6__reference-r64__gpt-5.6-luna__seed0,2463f478f520483484be798e9024deb5,2026-09-09,validation,0.00181554,0.0029417999999999996,7767,6257,1157
experiments/campaigns/ace_polish_20260909/ledger.sqlite3,imo_1981_p6__reference-r64__gpt-5.6-luna__seed0,afadf24761c94627b11b206ee6710f0f,2026-09-09,validation,0.00133644,0.0021954,8667,4772,385
experiments/campaigns/ace_polish_20260909/ledger.sqlite3,imo_1981_p6__reference-r64__gpt-5.6-luna__seed0,b38f39abf1af4f668cf6befa3bc857d7,2026-09-09,validation,0.0019006399999999999,0.0027596,10822,4772,496
experiments/campaigns/ace_polish_20260909/ledger.sqlite3,imo_1981_p6__reference-r64__gpt-5.6-luna__seed0,8f6ebd44d87b4c7cb8b91ac557c1480a,2026-09-09,validation,0.0017496399999999998,0.0026085999999999995,10043,4772,500
experiments/campaigns/ace_polish_20260909/ledger.sqlite3,aime_1991_p9__reference-r64__gpt-5.6-luna__seed0,cd5fd1f4e3584b239860e9dce5d7a287,2026-09-09,validation,0.00065284,0.0015118,6401,4772,193
experiments/campaigns/ace_polish_20260909/ledger.sqlite3,aime_1991_p9__reference-r64__gpt-5.6-luna__seed0,0babed36d2aa4a94b684301b7acdd48c,2026-09-09,validation,0.00034736,0.001499,6817,6398,113
experiments/campaigns/ace_polish_20260909/ledger.sqlite3,aime_1991_p9__reference-r64__gpt-5.6-luna__seed0,509412088ab94126bed72af6a94bb00e,2026-09-09,validation,0.0012668799999999997,0.0024934,7625,6814,807
experiments/campaigns/ace_polish_20260909/ledger.sqlite3,aime_1991_p9__reference-r64__gpt-5.6-luna__seed0,59ca0c596f534595ad8acbf414556879,2026-09-09,validation,0.00071864,0.0020905999999999998,8617,7622,306
experiments/campaigns/ace_polish_20260909/ledger.sqlite3,aime_1991_p9__reference-r64__gpt-5.6-luna__seed0,e029d677ae2741dea4fe319a243840fe,2026-09-09,validation,0.00047968,0.0020302,8957,8614,199
experiments/campaigns/ace_polish_20260909/ledger.sqlite3,aime_1991_p9__reference-r64__gpt-5.6-luna__seed0,4141b9566bff4224bb1a51a1c1f3899c,2026-09-09,validation,0.00033308,0.0019448,9190,8954,89
experiments/campaigns/ace_polish_20260909/ledger.sqlite3,aime_1991_p9__reference-r64__gpt-5.6-luna__seed0,72cf2f3c247c47d3a330cb0e80b536c8,2026-09-09,validation,0.00065794,0.0023116,9326,9187,372
experiments/campaigns/ace_polish_20260909/ledger.sqlite3,aime_1991_p9__reference-r64__gpt-5.6-luna__seed0,1a2c32fe8f4a4ac0a623d57e84251151,2026-09-09,validation,0.00045146,0.0021295999999999997,9856,9323,132
experiments/campaigns/ace_polish_20260909/ledger.sqlite3,aime_1991_p9__reference-r64__gpt-5.6-luna__seed0,bd3952c5de4447da9ec5602dc0fc0bfa,2026-09-09,validation,0.00114706,0.0029206,10391,9853,702
experiments/campaigns/ace_polish_20260909/ledger.sqlite3,aime_1991_p9__reference-r64__gpt-5.6-luna__seed0,1dcb19a0d90a4b8493ead0567e852db0,2026-09-09,validation,0.00160444,0.0024634,9605,4772,452
experiments/campaigns/ace_polish_20260909/ledger.sqlite3,aime_1991_p9__reference-r64__gpt-5.6-luna__seed0,ec45f72f52614b95905979db4bde5342,2026-09-09,validation,0.00203644,0.0028954,10271,4772,701
experiments/campaigns/ace_polish_20260909/ledger.sqlite3,aime_1991_p9__reference-r64__gpt-5.6-luna__seed0,c11693c72b6a4404908d518ed8da4160,2026-09-09,validation,0.0022004399999999997,0.0030594,11469,4772,638
experiments/campaigns/ace_polish_20260909/ledger.sqlite3,aime_1991_p9__reference-r64__gpt-5.6-luna__seed0,2962183519be4e05b55e4f8e53a9d7de,2026-09-09,validation,0.00267704,0.003536,12304,4772,896
experiments/campaigns/ace_polish_20260909/ledger.sqlite3,aime_1991_p9__reference-r64__gpt-5.6-luna__seed0,1e1da64d001347328f03e3d88d0f1d6b,2026-09-09,validation,0.00259284,0.0034518,13239,4772,670
experiments/campaigns/ace_polish_20260909/ledger.sqlite3,aime_1991_p9__reference-r64__gpt-5.6-luna__seed0,b3e8a9499ff64ebe9dd856fed64ecc76,2026-09-09,validation,0.00216824,0.0030272,14296,4772,140
experiments/campaigns/ace_polish_20260909/ledger.sqlite3,aime_1991_p9__reference-r64__gpt-5.6-luna__seed0,6f3bfdf688e1449097f9156f4d039857,2026-09-09,validation,0.00131986,0.0038925999999999995,14837,14293,771
experiments/campaigns/ace_polish_20260909/ledger.sqlite3,aime_1991_p9__reference-r64__gpt-5.6-luna__seed0,9e41203aea6e4f9dac6773b4de08c3d7,2026-09-09,validation,0.00340264,0.0042616,17834,4772,579
experiments/campaigns/ace_polish_20260909/ledger.sqlite3,aime_1991_p9__reference-r64__gpt-5.6-luna__seed0,22cf458ec79a4b4eab67e8e50c24921a,2026-09-09,validation,0.0007194199999999999,0.003928999999999999,19009,17831,106
experiments/campaigns/ace_polish_20260909/ledger.sqlite3,aime_1991_p9__reference-r64__gpt-5.6-luna__seed0,03ac8fd5361f45d1aae583a851e3073b,2026-09-09,validation,0.00052992,0.003951,19161,19006,99
experiments/campaigns/ace_polish_20260909/ledger.sqlite3,aime_1991_p9__reference-r64__gpt-5.6-luna__seed0,3266be9a478942d385aa5060979146d4,2026-09-09,validation,0.0009177599999999999,0.0043662,19575,19158,376
experiments/campaigns/ace_polish_20260909/ledger.sqlite3,aime_1991_p9__reference-r64__gpt-5.6-luna__seed0,eaa6c27f85024fb8b087f4d1a1f98dac,2026-09-09,validation,0.00402484,0.0048838,20381,4772,673
experiments/campaigns/ace_polish_20260909/ledger.sqlite3,aime_1991_p9__reference-r64__gpt-5.6-luna__seed0,e5d30a9647ee4612a95cb4318786a73f,2026-09-09,validation,0.00379364,0.0046526,19495,4772,628
experiments/campaigns/ace_polish_20260909/ledger.sqlite3,aime_1991_p9__reference-r64__gpt-5.6-luna__seed0,032a8139a1c248b9adb695f531ddc757,2026-09-09,validation,0.00161024,0.0051188,21010,19492,764
experiments/campaigns/ace_polish_20260909/ledger.sqlite3,amc12a_2019_p21__reference-r64__gpt-5.6-luna__seed0,4176b25200754426b8f8a13f31624d0f,2026-09-09,validation,0.00074644,0.0016053999999999999,6599,4772,238
experiments/campaigns/ace_polish_20260909/ledger.sqlite3,amc12a_2019_p21__reference-r64__gpt-5.6-luna__seed0,c2dfa86dce3544bb917fe889dbae96da,2026-09-09,validation,0.00061712,0.0018043999999999998,8320,6596,117
experiments/campaigns/ace_polish_20260909/ledger.sqlite3,amc12a_2019_p21__reference-r64__gpt-5.6-luna__seed0,a1ff0f1a4dc74c0996056cbf0f8f04dc,2026-09-09,validation,0.00043594,0.001933,9035,8317,105
experiments/campaigns/ace_polish_20260909/ledger.sqlite3,amc12a_2019_p21__reference-r64__gpt-5.6-luna__seed0,286a033713ae4cf09bc1902661ee1389,2026-09-09,validation,0.00138744,0.0022464,9624,4772,268
experiments/campaigns/ace_polish_20260909/ledger.sqlite3,amc12a_2019_p21__reference-r64__gpt-5.6-luna__seed0,fcb3811b47574f288cd783b460f8e49b,2026-09-09,validation,0.00138762,0.0031194,13881,9621,286
experiments/campaigns/ace_polish_20260909/ledger.sqlite3,amc12a_2019_p21__reference-r64__gpt-5.6-luna__seed0,f6752b98308545d794bcdf1633a47a3d,2026-09-09,validation,0.00143616,0.0039342,17697,13878,329
experiments/campaigns/ace_polish_20260909/ledger.sqlite3,amc12a_2019_p21__reference-r64__gpt-5.6-luna__seed0,baf97f8400c948eda25a754caba526c5,2026-09-09,validation,0.00057328,0.0037581999999999997,18557,17694,39
experiments/campaigns/ace_polish_20260909/ledger.sqlite3,amc12a_2019_p21__reference-r64__gpt-5.6-luna__seed0,82053dbd1d9c426ebfb93427db2ba71f,2026-09-09,validation,0.0007494800000000001,0.004089199999999999,19144,18554,217
experiments/campaigns/ace_polish_20260909/ledger.sqlite3,amc12a_2019_p21__reference-r64__gpt-5.6-luna__seed0,53349bb93e2040f98cc8197b649dbb33,2026-09-09,validation,0.00110242,0.0045478,21743,19141,166
experiments/campaigns/ace_polish_20260909/ledger.sqlite3,amc12a_2019_p21__reference-r64__gpt-5.6-luna__seed0,d7ee9cce669e4e518ac373500e562401,2026-09-09,validation,0.000798,0.0047112,22572,21740,164
experiments/campaigns/ace_polish_20260909/ledger.sqlite3,amc12a_2019_p21__reference-r64__gpt-5.6-luna__seed0,8321133ae71d468185ae6dacaaa1cd77,2026-09-09,validation,0.00370344,0.0045623999999999994,22440,4772,62
experiments/campaigns/ace_polish_20260909/ledger.sqlite3,amc12a_2019_p21__reference-r64__gpt-5.6-luna__seed0,5a02816bbc204ec1a0caddbd22b6065c,2026-09-09,validation,0.0008199399999999999,0.004858599999999999,23033,22437,210
experiments/campaigns/ace_polish_20260909/ledger.sqlite3,amc12a_2019_p21__reference-r64__gpt-5.6-luna__seed0,a44c33209beb4814af064d768bf65c9e,2026-09-09,validation,0.000711,0.0048564,23934,23030,58
experiments/campaigns/ace_polish_20260909/ledger.sqlite3,amc12a_2019_p21__reference-r64__gpt-5.6-luna__seed0,c95bb5ca014c435088e8e74f8643e28f,2026-09-09,validation,0.00068102,0.004988599999999999,24523,23931,70
experiments/campaigns/ace_polish_20260909/ledger.sqlite3,amc12a_2019_p21__reference-r64__gpt-5.6-luna__seed0,7d8377ca2fce402587fe5fce8f99cf5a,2026-09-09,validation,0.0006410000000000001,0.0050546,24637,24520,106
experiments/campaigns/ace_polish_20260909/ledger.sqlite3,amc12a_2019_p21__reference-r64__gpt-5.6-luna__seed0,ec6bfe45a7c74ffa93a8bfba69865049,2026-09-09,validation,0.00088448,0.0053186,25315,24634,213
experiments/campaigns/ace_polish_20260909/ledger.sqlite3,amc12a_2019_p21__reference-r64__gpt-5.6-luna__seed0,ab079d4c5d63447fbff3b3802c9af81d,2026-09-09,validation,0.0018117799999999998,0.0058741999999999996,26815,22569,426
experiments/campaigns/ace_polish_20260909/ledger.sqlite3,amc12a_2019_p21__reference-r64__gpt-5.6-luna__seed0,2fa966c557284d2496d7e4207f231692,2026-09-09,validation,0.0012526399999999997,0.0060788,27934,26812,410
experiments/campaigns/ace_polish_20260909/ledger.sqlite3,amc12a_2019_p21__reference-r64__gpt-5.6-luna__seed0,38b07c99e7d445d89d8b68bdf761d4b2,2026-09-09,validation,0.00098122,0.006008799999999999,28370,27931,279
experiments/campaigns/ace_polish_20260909/ledger.sqlite3,amc12a_2019_p21__reference-r64__gpt-5.6-luna__seed0,f0848f59e52e4f83951e63131409a964,2026-09-09,validation,0.0013463400000000001,0.0064524,29328,28367,489
experiments/campaigns/ace_polish_20260909/ledger.sqlite3,amc12a_2019_p21__reference-r64__gpt-5.6-luna__seed0,2555e5a096614a0aba3e37d61d66e0ad,2026-09-09,validation,0.0010896999999999999,0.0063682,29843,29325,333
experiments/campaigns/ace_polish_20260909/ledger.sqlite3,amc12a_2019_p21__reference-r64__gpt-5.6-luna__seed0,99839b83f61649d0b9ecb89a80d8d260,2026-09-09,validation,0.001304,0.006675199999999999,30202,29840,529
experiments/campaigns/ace_polish_20260909/ledger.sqlite3,amc12a_2019_p21__reference-r64__gpt-5.6-luna__seed0,49ee4c7203c44e64a5298fdf6364f290,2026-09-09,validation,0.00136478,0.0068005999999999995,30757,30199,541
experiments/campaigns/ace_polish_20260909/ledger.sqlite3,amc12a_2019_p21__reference-r64__gpt-5.6-luna__seed0,ba314b614f874c6f8e04a0b230f71ea4,2026-09-09,validation,0.00138488,0.0069206,31987,30754,436
experiments/campaigns/ace_polish_20260909/ledger.sqlite3,amc12a_2019_p21__reference-r64__gpt-5.6-luna__seed0,142bb1403b074848b426cda64f2b6c3f,2026-09-09,validation,0.00200324,0.0065594,31081,25312,286
experiments/campaigns/ace_polish_20260909/ledger.sqlite3,amc12a_2019_p21__reference-r64__gpt-5.6-luna__seed0,67344aac620b4367979e8c5d6b29da54,2026-09-09,validation,0.006014039999999999,0.006873,33309,4772,176
experiments/campaigns/ace_polish_20260909/ledger.sqlite3,amc12a_2019_p21__reference-r64__gpt-5.6-luna__seed0,0ff42adc332742b297b053d5c2aaf27b,2026-09-09,validation,0.00568824,0.0065471999999999995,31434,4772,217
experiments/campaigns/ace_polish_20260909/ledger.sqlite3,mathd_algebra_251__reference-r64__gpt-5.6-luna__seed0,e3beb6261e224a3e8c6b9cf6991ce660,2026-09-09,validation,0.00034186000000000004,0.0014152,5966,5963,185
experiments/campaigns/ace_polish_20260909/ledger.sqlite3,mathd_numbertheory_37__reference-r64__gpt-5.6-luna__seed0,b091dd5903d14ed590565fd14a873431,2026-09-09,validation,0.00038767999999999995,0.0014953999999999998,6157,6154,220
experiments/campaigns/ace_polish_20260909/ledger.sqlite3,mathd_numbertheory_37__reference-r64__gpt-5.6-luna__seed0,a798ad173d97455ea42d9468f1664198,2026-09-09,validation,0.00045107999999999997,0.0015588,6594,6154,200
experiments/campaigns/ace_polish_20260909/ledger.sqlite3,mathd_numbertheory_37__reference-r64__gpt-5.6-luna__seed0,633dcaae71e5456eb100e157224626ba,2026-09-09,validation,0.00032442,0.0015107999999999999,6972,6591,97
experiments/campaigns/ace_polish_20260909/ledger.sqlite3,mathd_numbertheory_37__reference-r64__gpt-5.6-luna__seed0,96f5f4bd02f7479f8e8a60e67ebcc3fd,2026-09-09,validation,0.0005757799999999999,0.0018302,7609,6969,257
experiments/campaigns/ace_polish_20260909/ledger.sqlite3,mathd_numbertheory_37__reference-r64__gpt-5.6-luna__seed0,740b329fd25a47bdb89c51c200bc75a8,2026-09-09,validation,0.0013470399999999999,0.0022059999999999996,7772,4772,543
experiments/campaigns/ace_polish_20260909/ledger.sqlite3,mathd_numbertheory_37__reference-r64__gpt-5.6-luna__seed0,d55843f187dd42ffb54a3c4894d08031,2026-09-09,validation,0.00090904,0.001768,8060,4772,130
experiments/campaigns/ace_polish_20260909/ledger.sqlite3,mathd_numbertheory_37__reference-r64__gpt-5.6-luna__seed0,a0bb4e29be304f8dbaed845a459cb9ba,2026-09-09,validation,0.00064774,0.002098,8414,8057,346
experiments/campaigns/ace_polish_20260909/ledger.sqlite3,mathd_numbertheory_37__reference-r64__gpt-5.6-luna__seed0,002e39707ef44487bae82745c210df8a,2026-09-09,validation,0.00117004,0.002029,8831,4772,219
experiments/campaigns/ace_polish_20260909/ledger.sqlite3,mathd_numbertheory_37__reference-r64__gpt-5.6-luna__seed0,1e51f033582540dabf000741e20f397c,2026-09-09,validation,0.00055216,0.0021412,9404,8828,217
experiments/campaigns/ace_polish_20260909/ledger.sqlite3,mathd_numbertheory_37__reference-r64__gpt-5.6-luna__seed0,fd1f4676a0e24b1f96cf67cca4ce815d,2026-09-09,validation,0.0015882399999999999,0.0024471999999999996,9686,4772,425
experiments/campaigns/ace_polish_20260909/ledger.sqlite3,mathd_numbertheory_37__reference-r64__gpt-5.6-luna__seed0,fb00d69386414ff98e373035adca0932,2026-09-09,validation,0.0005920599999999999,0.0023350000000000003,10349,9683,221
experiments/campaigns/ace_polish_20260909/ledger.sqlite3,mathd_numbertheory_37__reference-r64__gpt-5.6-luna__seed0,6d727f786e6d45059ea89c941d8cd0da,2026-09-09,validation,0.00068492,0.0025472,10762,10346,329
experiments/campaigns/ace_polish_20260909/ledger.sqlite3,mathd_numbertheory_37__reference-r64__gpt-5.6-luna__seed0,35d9923a0fac41cab3c3c3670fb97707,2026-09-09,validation,0.00079418,0.0027308000000000002,11290,10759,394
experiments/campaigns/ace_polish_20260909/ledger.sqlite3,mathd_numbertheory_37__reference-r64__gpt-5.6-luna__seed0,b39aade177704440a744fa905625c99a,2026-09-09,validation,0.0007597400000000001,0.0027914,11875,11287,347
experiments/campaigns/ace_polish_20260909/ledger.sqlite3,mathd_numbertheory_37__reference-r64__gpt-5.6-luna__seed0,af8d9d154e524a6eae43d17d34f09dd1,2026-09-09,validation,0.00151262,0.0032048,11530,9401,749
experiments/campaigns/ace_polish_20260909/ledger.sqlite3,mathd_numbertheory_37__reference-r64__gpt-5.6-luna__seed0,2b295a4ba75c42259b5dadb11216a826,2026-09-09,validation,0.00114724,0.0032841999999999997,13019,11872,567
experiments/campaigns/ace_polish_20260909/ledger.sqlite3,mathd_numbertheory_37__reference-r64__gpt-5.6-luna__seed0,b0284d4cc11a427cb10407b6b9c10c10,2026-09-09,validation,0.00059072,0.0029335999999999997,13936,13016,122
experiments/campaigns/ace_polish_20260909/ledger.sqlite3,mathd_numbertheory_37__reference-r64__gpt-5.6-luna__seed0,bad87154aef3493ca396136f7d3b1ba0,2026-09-09,validation,0.0008246600000000001,0.0033326,14407,13933,376
experiments/campaigns/ace_polish_20260909/ledger.sqlite3,mathd_numbertheory_37__reference-r64__gpt-5.6-luna__seed0,7364344273df4a848a464c58afbf73b8,2026-09-09,validation,0.00066728,0.00326,14974,14404,221
experiments/campaigns/ace_polish_20260909/ledger.sqlite3,mathd_numbertheory_37__reference-r64__gpt-5.6-luna__seed0,27e2f05a28a4476a965a8ab4b32137ab,2026-09-09,validation,0.00150754,0.0035824,14348,11527,594
experiments/campaigns/ace_polish_20260909/ledger.sqlite3,mathd_numbertheory_37__reference-r64__gpt-5.6-luna__seed0,d215ec45899f4ec2942b9e5488430352,2026-09-09,validation,0.00066402,0.0033588,15990,14971,134
experiments/campaigns/ace_polish_20260909/ledger.sqlite3,mathd_numbertheory_37__reference-r64__gpt-5.6-luna__seed0,42718a149d8a4478bc3ad79545c251ef,2026-09-09,validation,0.0005983399999999999,0.0034759999999999995,16474,15987,151
experiments/campaigns/ace_polish_20260909/ledger.sqlite3,mathd_numbertheory_37__reference-r64__gpt-5.6-luna__seed0,9dce6d625ef74b5a8eee959f440e60c1,2026-09-09,validation,0.0006318200000000001,0.0035966,16975,16471,168
experiments/campaigns/ace_polish_20260909/ledger.sqlite3,imo_1984_p6__reference-r64__gpt-5.6-luna__seed0,2f0625154a8c434fb555cd25b4e8f698,2026-09-09,validation,0.0009038399999999999,0.0017628,6774,4772,340
experiments/campaigns/ace_polish_20260909/ledger.sqlite3,imo_1984_p6__reference-r64__gpt-5.6-luna__seed0,a37c4c46a9b14f1ca20ade92509e666d,2026-09-09,validation,0.00150002,0.0027188,9568,6771,671
experiments/campaigns/ace_polish_20260909/ledger.sqlite3,imo_1984_p6__reference-r64__gpt-5.6-luna__seed0,75a351295ae5425bbfe5ffd7c492e461,2026-09-09,validation,0.00212004,0.002979,9891,4772,834
experiments/campaigns/ace_polish_20260909/ledger.sqlite3,imo_1984_p6__reference-r64__gpt-5.6-luna__seed0,74ee7fc84f55496b82d16ef2152df35d,2026-09-09,validation,0.00084636,0.0026261999999999995,10755,9888,396
experiments/campaigns/ace_polish_20260909/ledger.sqlite3,imo_1984_p6__reference-r64__gpt-5.6-luna__seed0,ad71b74b205d4fcd92b8cd9b7cb3de79,2026-09-09,validation,0.00048744,0.0024227999999999997,11820,10752,49
experiments/campaigns/ace_polish_20260909/ledger.sqlite3,imo_1984_p6__reference-r64__gpt-5.6-luna__seed0,e92a1e9a00b94100a3dd663188ecbe6a,2026-09-09,validation,0.00162774,0.0037548,12234,11817,1090
experiments/campaigns/ace_polish_20260909/ledger.sqlite3,imo_1984_p6__reference-r64__gpt-5.6-luna__seed0,8b9b381faf1d4fb5be5c38bd84fd5c01,2026-09-09,validation,0.00298144,0.0038404,12134,4772,1178
experiments/campaigns/ace_polish_20260909/ledger.sqlite3,imo_1984_p6__reference-r64__gpt-5.6-luna__seed0,2dae7642ec9e41f08649c6c08e404d37,2026-09-09,validation,0.0029856400000000003,0.0038446,14585,4772,773
experiments/campaigns/ace_polish_20260909/ledger.sqlite3,imo_1984_p6__reference-r64__gpt-5.6-luna__seed0,c1b51546ec344693a5a425b2a50cecf8,2026-09-09,validation,0.00058084,0.0032056,15590,14582,73
experiments/campaigns/ace_polish_20260909/ledger.sqlite3,imo_1984_p6__reference-r64__gpt-5.6-luna__seed0,25e0847e1f92442c87c0a955d10d87ff,2026-09-09,validation,0.00101474,0.0038204,15700,15587,567
experiments/campaigns/ace_polish_20260909/ledger.sqlite3,imo_1984_p6__reference-r64__gpt-5.6-luna__seed0,5793b3265b7346f0aceafb640285ea5b,2026-09-09,validation,0.00163734,0.004462799999999999,16440,15697,979
experiments/campaigns/ace_polish_20260909/ledger.sqlite3,imo_1984_p6__reference-r64__gpt-5.6-luna__seed0,2ca1d4892704493aba17a6279f4b77b6,2026-09-09,validation,0.00298104,0.0038399999999999997,13920,4772,880
experiments/campaigns/ace_polish_20260909/ledger.sqlite3,imo_1984_p6__reference-r64__gpt-5.6-luna__seed0,bd2500de8a514fa9acd22707d6cf9b1f,2026-09-09,validation,0.00134414,0.0038491999999999997,14830,13917,736
experiments/campaigns/ace_polish_20260909/ledger.sqlite3,imo_1984_p6__reference-r64__gpt-5.6-luna__seed0,fe8425df8db44bc1b2c4eb7d7dfe11ef,2026-09-09,validation,0.00242504,0.003284,14704,4772,286
experiments/campaigns/ace_polish_20260909/ledger.sqlite3,imo_1984_p6__reference-r64__gpt-5.6-luna__seed0,6f4c002261524339ab3d3e71cdb81371,2026-09-09,validation,0.00142422,0.0040704,15264,14701,848
experiments/campaigns/ace_polish_20260909/ledger.sqlite3,imo_1984_p6__reference-r64__gpt-5.6-luna__seed0,001291f6902646be9af9630272975712,2026-09-09,validation,0.0014500199999999998,0.004196999999999999,17451,15261,589
experiments/campaigns/ace_polish_20260909/ledger.sqlite3,imo_1984_p6__reference-r64__gpt-5.6-luna__seed0,07142b57337d46608aa45cfdb738ee22,2026-09-09,validation,0.0013161599999999998,0.0044567999999999995,18432,17448,642
experiments/campaigns/ace_polish_20260909/ledger.sqlite3,imo_1984_p6__reference-r64__gpt-5.6-luna__seed0,a1c57223ab204c2cb562a5bcfb0d71d6,2026-09-09,validation,0.00110038,0.0044176,19346,18429,457
experiments/campaigns/ace_polish_20260909/ledger.sqlite3,imo_1984_p6__reference-r64__gpt-5.6-luna__seed0,7d0832878192461289dfa3114722452e,2026-09-09,validation,0.00335844,0.0042174,17853,4772,539
experiments/campaigns/ace_polish_20260909/ledger.sqlite3,imo_1984_p6__reference-r64__gpt-5.6-luna__seed0,19df8705a1e342fa8ad5f729a3364ebd,2026-09-09,validation,0.0010864,0.0042994,18677,17850,470
experiments/campaigns/ace_polish_20260909/ledger.sqlite3,amc12a_2020_p21__reference-r64__gpt-5.6-luna__seed0,427a6360f44948f2ba80f81e314af27c,2026-09-09,validation,0.00040186,0.0015723999999999998,6506,6503,226
experiments/campaigns/ace_polish_20260909/ledger.sqlite3,amc12a_2020_p21__reference-r64__gpt-5.6-luna__seed0,6033574a749e48c5861f1119a70b4944,2026-09-09,validation,0.00022706,0.0013976,6790,6503,33
experiments/campaigns/ace_polish_20260909/ledger.sqlite3,amc12a_2020_p21__reference-r64__gpt-5.6-luna__seed0,23ec2781e8c84ee892e732cdd95c1412,2026-09-09,validation,0.0016131399999999999,0.0028348,8012,6787,1027
experiments/campaigns/ace_polish_20260909/ledger.sqlite3,amc12a_2020_p21__reference-r64__gpt-5.6-luna__seed0,2d00399d79904cfa8bc8b262fa7ec7fc,2026-09-09,validation,0.00127458,0.0027161999999999998,10125,8009,576
experiments/campaigns/ace_polish_20260909/ledger.sqlite3,amc12a_2020_p21__reference-r64__gpt-5.6-luna__seed0,01897a6abcf946eebd19f9a71ae007a8,2026-09-09,validation,0.00129464,0.0031165999999999998,11653,10122,655
experiments/campaigns/ace_polish_20260909/ledger.sqlite3,amc12a_2020_p21__reference-r64__gpt-5.6-luna__seed0,dd5ccd23f04e477da8e01591170da881,2026-09-09,validation,0.000502,0.002599,12599,11650,66
experiments/campaigns/ace_polish_20260909/ledger.sqlite3,amc12a_2020_p21__reference-r64__gpt-5.6-luna__seed0,81cae2dade554971894d89ca40a29a4b,2026-09-09,validation,0.00034532,0.0026125999999999996,12757,12596,51
experiments/campaigns/ace_polish_20260909/ledger.sqlite3,amc12a_2020_p21__reference-r64__gpt-5.6-luna__seed0,51224b4e08874b51b5a530ad7fa46795,2026-09-09,validation,0.0019582799999999997,0.004254,12948,12754,1387
experiments/campaigns/ace_polish_20260909/ledger.sqlite3,amc12a_2020_p21__reference-r64__gpt-5.6-luna__seed0,0743a1ba067c4636b41eec697261e3b5,2026-09-09,validation,0.0022800399999999997,0.0031390000000000003,11195,4772,750
experiments/campaigns/ace_polish_20260909/ledger.sqlite3,amc12a_2020_p21__reference-r64__gpt-5.6-luna__seed0,88fb263ffec347cfa1c07afef698d0b2,2026-09-09,validation,0.0010614399999999999,0.0030759999999999997,12206,11192,529
experiments/campaigns/ace_polish_20260909/ledger.sqlite3,amc12a_2020_p21__reference-r64__gpt-5.6-luna__seed0,f46f5e49e8f245b9a5405c34ec5b43c6,2026-09-09,validation,0.00206884,0.0029278,12335,4772,384
experiments/campaigns/ace_polish_20260909/ledger.sqlite3,amc12a_2020_p21__reference-r64__gpt-5.6-luna__seed0,537dcb7b9f0b456e94189564e96d31ad,2026-09-09,validation,0.00275604,0.0036149999999999997,12585,4772,915
experiments/campaigns/ace_polish_20260909/ledger.sqlite3,amc12a_2020_p21__reference-r64__gpt-5.6-luna__seed0,6f4cf0602f044a89b466c933b8f4f21f,2026-09-09,validation,0.00116244,0.0034272,13590,12582,591
experiments/campaigns/ace_polish_20260909/ledger.sqlite3,amc12a_2020_p21__reference-r64__gpt-5.6-luna__seed0,2b612d594a914a6aa0726d05756fc551,2026-09-09,validation,0.00224984,0.0031088,14620,4772,154
experiments/campaigns/ace_polish_20260909/ledger.sqlite3,amc12a_2020_p21__reference-r64__gpt-5.6-luna__seed0,023a51418c7b46cebb7f11af0fba9382,2026-09-09,validation,0.00056134,0.0031923999999999998,14864,14617,183
experiments/campaigns/ace_polish_20260909/ledger.sqlite3,amc12a_2020_p21__reference-r64__gpt-5.6-luna__seed0,b69467ed900a4e9fa533fa1d6aeaf808,2026-09-09,validation,0.0012312199999999999,0.0039061999999999994,16735,14861,466
experiments/campaigns/ace_polish_20260909/ledger.sqlite3,amc12a_2020_p21__reference-r64__gpt-5.6-luna__seed0,8a717fbfa13e40f09f7f0861b9cc6987,2026-09-09,validation,0.00091164,0.0039234,18723,16732,149
experiments/campaigns/ace_polish_20260909/ledger.sqlite3,amc12a_2020_p21__reference-r64__gpt-5.6-luna__seed0,58655c9267bd4058a2403fee951a22d9,2026-09-09,validation,0.0030578,0.0064274,23809,18720,1388
experiments/campaigns/ace_polish_20260909/ledger.sqlite3,amc12a_2020_p21__reference-r64__gpt-5.6-luna__seed0,8ff38952f2004a179fe56b89f0e4d5d5,2026-09-09,validation,0.00489784,0.0057568,24878,4772,651
experiments/campaigns/ace_polish_20260909/ledger.sqlite3,amc12a_2020_p21__reference-r64__gpt-5.6-luna__seed0,57092421af2b42828012448d09e3414d,2026-09-09,validation,0.0009773,0.005454799999999999,25762,24875,252
experiments/campaigns/ace_polish_20260909/ledger.sqlite3,amc12a_2020_p21__reference-r64__gpt-5.6-luna__seed0,2946b326c31247bfa5b379d0cfda9cb1,2026-09-09,validation,0.005533639999999999,0.0063926,25363,4772,1100
experiments/campaigns/ace_polish_20260909/ledger.sqlite3,mathd_algebra_282__reference-r64__gpt-5.6-luna__seed0,8fb48b0decd44f52906be70d75af2b8e,2026-09-09,validation,0.0007016399999999999,0.0015605999999999999,6381,4772,237
experiments/campaigns/ace_polish_20260909/ledger.sqlite3,mathd_algebra_282__reference-r64__gpt-5.6-luna__seed0,36fb4b75a9dc4edc9674d66f96627530,2026-09-09,validation,0.00066256,0.0018105999999999999,7661,6378,232
experiments/campaigns/ace_polish_20260909/ledger.sqlite3,mathd_algebra_282__reference-r64__gpt-5.6-luna__seed0,0190b32413734324af7d7788b014c866,2026-09-09,validation,0.00087156,0.00225,9750,7658,250
experiments/campaigns/ace_polish_20260909/ledger.sqlite3,mathd_algebra_282__reference-r64__gpt-5.6-luna__seed0,de1ea51bb81547b8a09232ed1208d4b1,2026-09-09,validation,0.00074174,0.0024961999999999996,10759,9747,287
experiments/campaigns/ace_polish_20260909/ledger.sqlite3,mathd_algebra_282__reference-r64__gpt-5.6-luna__seed0,f556f57920cf41ba8966d3bed617200c,2026-09-09,validation,0.00162272,0.0035588,15028,10756,461
experiments/campaigns/ace_polish_20260909/ledger.sqlite3,mathd_algebra_282__reference-r64__gpt-5.6-luna__seed0,3eeb7b56cd1e40ad90c75ff2b6a5eda5,2026-09-09,validation,0.0022413,0.0049458,16221,15025,1418
experiments/campaigns/ace_polish_20260909/ledger.sqlite3,mathd_algebra_282__reference-r64__gpt-5.6-luna__seed0,c7faa358bfc244a0a3df5e29197f4703,2026-09-09,validation,0.00261364,0.0034725999999999997,15725,4772,273
experiments/campaigns/ace_polish_20260909/ledger.sqlite3,mathd_algebra_282__reference-r64__gpt-5.6-luna__seed0,f4eca8f0a6254018b0a9d35c926fdb25,2026-09-09,validation,0.0006010400000000001,0.0034309999999999996,16705,15722,75
experiments/campaigns/ace_polish_20260909/ledger.sqlite3,mathd_algebra_282__reference-r64__gpt-5.6-luna__seed0,a88f5b405b7540dca318e3c6b79a1b61,2026-09-09,validation,0.00061164,0.0036179999999999997,16968,16702,187
experiments/campaigns/ace_polish_20260909/ledger.sqlite3,mathd_algebra_282__reference-r64__gpt-5.6-luna__seed0,6b38e898e7384a56b342122999a0e208,2026-09-09,validation,0.0018596999999999997,0.0049134,18219,16965,1058
experiments/campaigns/ace_polish_20260909/ledger.sqlite3,mathd_algebra_282__reference-r64__gpt-5.6-luna__seed0,d30abb4cb9a64915a020dd667944398a,2026-09-09,validation,0.00392544,0.004784399999999999,18264,4772,943
experiments/campaigns/ace_polish_20260909/ledger.sqlite3,mathd_algebra_282__reference-r64__gpt-5.6-luna__seed0,164ed550ff304af9a9d060c2609ac587,2026-09-09,validation,0.00134102,0.004627999999999999,19888,18261,542
experiments/campaigns/ace_polish_20260909/ledger.sqlite3,mathd_algebra_282__reference-r64__gpt-5.6-luna__seed0,34df40bd53f14124a6df41209aa59250,2026-09-09,validation,0.00374904,0.004607999999999999,19434,4772,601
experiments/campaigns/ace_polish_20260909/ledger.sqlite3,mathd_algebra_282__reference-r64__gpt-5.6-luna__seed0,a8863cbb996d4c5caef225929d1f2984,2026-09-09,validation,0.00081522,0.0043128,20154,19431,235
experiments/campaigns/ace_polish_20260909/ledger.sqlite3,mathd_algebra_282__reference-r64__gpt-5.6-luna__seed0,51cbedd6bca84c1eaeb433ea9da79bef,2026-09-09,validation,0.00119022,0.0048173999999999995,20799,20151,548
experiments/campaigns/ace_polish_20260909/ledger.sqlite3,mathd_algebra_282__reference-r64__gpt-5.6-luna__seed0,a6eb07b02cb1492698cbfc6a75d2c4bf,2026-09-09,validation,0.0040944399999999995,0.0049534,20393,4772,729
experiments/campaigns/ace_polish_20260909/ledger.sqlite3,mathd_algebra_282__reference-r64__gpt-5.6-luna__seed0,d0a7e6eb363d4db2af2dce5b55317e1d,2026-09-09,validation,0.0010428,0.004713,22071,20390,249
experiments/campaigns/ace_polish_20260909/ledger.sqlite3,mathd_algebra_282__reference-r64__gpt-5.6-luna__seed0,0885585eb3b24e80991f72c1a9ffd926,2026-09-09,validation,0.00126556,0.0052378,22979,22068,535
experiments/campaigns/ace_polish_20260909/ledger.sqlite3,mathd_algebra_282__reference-r64__gpt-5.6-luna__seed0,6884b4f0a7144fbd998cc1ee103ff440,2026-09-09,validation,0.004927239999999999,0.0057862,22595,4772,1056
experiments/campaigns/ace_polish_20260909/ledger.sqlite3,mathd_algebra_282__reference-r64__gpt-5.6-luna__seed0,36d16ab0c55d4650a75d711a3b68bbf5,2026-09-09,validation,0.00138544,0.005451999999999999,24596,22592,444
experiments/campaigns/ace_polish_20260909/ledger.sqlite3,mathd_numbertheory_405__reference-r64__gpt-5.6-luna__seed0,eb5dc845462b4b58b60f3c5adf038b45,2026-09-09,validation,0.00052226,0.0016856,6466,6463,327
experiments/campaigns/ace_polish_20260909/ledger.sqlite3,mathd_numbertheory_405__reference-r64__gpt-5.6-luna__seed0,01dade0aa46846d4a56ab53e24e8f9b6,2026-09-09,validation,0.00265826,0.0038215999999999997,7738,6463,1895
experiments/campaigns/ace_polish_20260909/ledger.sqlite3,mathd_numbertheory_405__reference-r64__gpt-5.6-luna__seed0,b32f4692e17c4fdf9ecb702bdaea0adb,2026-09-09,validation,0.00364524,0.0045042,8865,4772,2276
experiments/campaigns/ace_polish_20260909/ledger.sqlite3,mathd_numbertheory_405__reference-r64__gpt-5.6-luna__seed0,c9d3b98004064c4889c2c54ffc9eda06,2026-09-09,validation,0.0033666399999999997,0.0042255999999999995,10820,4772,1718
experiments/campaigns/ace_polish_20260909/ledger.sqlite3,mathd_numbertheory_405__reference-r64__gpt-5.6-luna__seed0,e925b4bb15eb4e9b9746ef2acb4ceb61,2026-09-09,validation,0.0034278399999999997,0.0042868,12422,4772,1502
experiments/campaigns/ace_polish_20260909/ledger.sqlite3,mathd_numbertheory_405__reference-r64__gpt-5.6-luna__seed0,15747edf76c94736b510177a9ec6f9f6,2026-09-09,validation,0.004620839999999999,0.0054798,14493,4772,2151
experiments/campaigns/ace_polish_20260909/ledger.sqlite3,mathd_numbertheory_405__reference-r64__gpt-5.6-luna__seed0,900d6ecee19c4324a3650b62cf59488a,2026-09-09,validation,0.00465684,0.0055157999999999995,16425,4772,1859
experiments/campaigns/ace_polish_20260909/ledger.sqlite3,mathd_numbertheory_405__reference-r64__gpt-5.6-luna__seed0,5d1eb10d79d5410e947ccbae55ea91db,2026-09-09,validation,0.00563844,0.0064973999999999995,20091,4772,2066
experiments/campaigns/ace_polish_20260909/ledger.sqlite3,mathd_numbertheory_405__reference-r64__gpt-5.6-luna__seed0,6ee7c7908f814877987bb3c20988623e,2026-09-09,validation,0.006659439999999999,0.0075184,20306,4772,2881
experiments/campaigns/ace_polish_20260909/ledger.sqlite3,mathd_numbertheory_405__reference-r64__gpt-5.6-luna__seed0,a618df533b934ed8bdbdf5ec9a8ae8f3,2026-09-09,validation,0.00534604,0.0062050000000000004,23297,4772,1288
experiments/campaigns/ace_polish_20260909/ledger.sqlite3,amc12b_2002_p3__reference-r64__gpt-5.6-luna__seed0,5e7da0db6b6946e796f49e8bf1e09b30,2026-09-09,validation,0.00029168,0.0013886,6097,6094,141
experiments/campaigns/ace_polish_20260909/ledger.sqlite3,amc12b_2002_p3__reference-r64__gpt-5.6-luna__seed0,cd0435432fe94397b47c7b060b3b68e1,2026-09-09,validation,0.00031588,0.0014127999999999999,6326,6094,123
experiments/campaigns/ace_polish_20260909/ledger.sqlite3,amc12b_2002_p3__reference-r64__gpt-5.6-luna__seed0,791501851e7c4b799bd9c4b30336c815,2026-09-09,validation,0.00100446,0.0021425999999999997,6963,6323,625
experiments/campaigns/ace_polish_20260909/ledger.sqlite3,amc12b_2002_p3__reference-r64__gpt-5.6-luna__seed0,365514f29e644eb7a99ff91e2da87555,2026-09-09,validation,0.0017613999999999998,0.0030142,9059,6960,1002
experiments/campaigns/ace_polish_20260909/ledger.sqlite3,amc12b_2002_p3__reference-r64__gpt-5.6-luna__seed0,9e4f13dde3af4803b26fd7ffeebdeee6,2026-09-09,validation,0.00231824,0.0031772,11512,4772,729
experiments/campaigns/ace_polish_20260909/ledger.sqlite3,mathd_algebra_327__reference-r64__gpt-5.6-luna__seed0,d9459e246947442fbfca1905496a2229,2026-09-09,validation,0.00026262,0.0013356,5964,5961,119
experiments/campaigns/ace_polish_20260909/ledger.sqlite3,mathd_algebra_327__reference-r64__gpt-5.6-luna__seed0,a3796eba584140c28a99a33fafa7b41c,2026-09-09,validation,0.0010352199999999999,0.0021081999999999997,9197,5961,224
experiments/campaigns/ace_polish_20260909/ledger.sqlite3,mathd_numbertheory_43__reference-r64__gpt-5.6-luna__seed0,98ebf0f4d76b4967ab73f0486537c766,2026-09-09,validation,0.00074696,0.001859,6181,6178,519
experiments/campaigns/ace_polish_20260909/ledger.sqlite3,mathd_numbertheory_43__reference-r64__gpt-5.6-luna__seed0,fb0e503124b74f90b7bdd987d73666da,2026-09-09,validation,0.00065456,0.0017666,6877,6178,326
experiments/campaigns/ace_polish_20260909/ledger.sqlite3,mathd_numbertheory_43__reference-r64__gpt-5.6-luna__seed0,fd7f780219b24c3e912c436adbef6f51,2026-09-09,validation,0.00035648,0.0015938,7333,6874,106
experiments/campaigns/ace_polish_20260909/ledger.sqlite3,mathd_numbertheory_43__reference-r64__gpt-5.6-luna__seed0,01b7278e0ba54764a7f92b34f2021604,2026-09-09,validation,0.0011144,0.0024338,8473,7330,616
experiments/campaigns/ace_polish_20260909/ledger.sqlite3,mathd_numbertheory_43__reference-r64__gpt-5.6-luna__seed0,61168585460b4fb2a12745652b7bc188,2026-09-09,validation,0.00142604,0.0022849999999999997,8239,4772,531
experiments/campaigns/ace_polish_20260909/ledger.sqlite3,mathd_numbertheory_43__reference-r64__gpt-5.6-luna__seed0,a21e212011b84da39393eb583f4de086,2026-09-09,validation,0.00045651999999999997,0.001939,8933,8236,127
experiments/campaigns/ace_polish_20260909/ledger.sqlite3,mathd_numbertheory_43__reference-r64__gpt-5.6-luna__seed0,6ee49c2c6e4a48cbab9b06dd36b0f4a3,2026-09-09,validation,0.0005122,0.0021196,9092,8930,251
experiments/campaigns/ace_polish_20260909/ledger.sqlite3,mathd_numbertheory_43__reference-r64__gpt-5.6-luna__seed0,092242c7c28e4a29b0af9b88a73dc545,2026-09-09,validation,0.00039798,0.002034,9468,9089,117
experiments/campaigns/ace_polish_20260909/ledger.sqlite3,mathd_numbertheory_43__reference-r64__gpt-5.6-luna__seed0,6caadba471564b959aed1748bd846ac8,2026-09-09,validation,0.0005601,0.0022638,9873,9465,241
experiments/campaigns/ace_polish_20260909/ledger.sqlite3,mathd_numbertheory_43__reference-r64__gpt-5.6-luna__seed0,6b58cacba154455b8a76ea91d476820e,2026-09-09,validation,0.0007166,0.0024931999999999997,10576,9870,315
experiments/campaigns/ace_polish_20260909/ledger.sqlite3,mathd_numbertheory_43__reference-r64__gpt-5.6-luna__seed0,26274084f9204d198c77f52785363441,2026-09-09,validation,0.00109646,0.0029996,10924,10573,679
experiments/campaigns/ace_polish_20260909/ledger.sqlite3,mathd_numbertheory_43__reference-r64__gpt-5.6-luna__seed0,86bbd28a1c8e45a4bf0e0822b92731bd,2026-09-09,validation,0.00041962000000000005,0.0023853999999999998,11645,10921,47
experiments/campaigns/ace_polish_20260909/ledger.sqlite3,mathd_numbertheory_43__reference-r64__gpt-5.6-luna__seed0,ab55b8c84dee4ca792d769e5fbe6ecf5,2026-09-09,validation,0.00041264000000000003,0.0025082,11845,11642,116
experiments/campaigns/ace_polish_20260909/ledger.sqlite3,mathd_numbertheory_43__reference-r64__gpt-5.6-luna__seed0,613021836e93490b861702cc630ce439,2026-09-09,validation,0.00047624,0.0026078,12259,11842,130
experiments/campaigns/ace_polish_20260909/ledger.sqlite3,mathd_numbertheory_43__reference-r64__gpt-5.6-luna__seed0,24872abdaf4d4ad2b2229cfc9780782f,2026-09-09,validation,0.00033431999999999993,0.0025404,12462,12256,40
experiments/campaigns/ace_polish_20260909/ledger.sqlite3,mathd_numbertheory_43__reference-r64__gpt-5.6-luna__seed0,9b0b2374706f48cb84fc6c53ca618e95,2026-09-09,validation,0.00064158,0.0028842,14085,12459,56
experiments/campaigns/ace_polish_20260909/ledger.sqlite3,mathd_numbertheory_43__reference-r64__gpt-5.6-luna__seed0,0a68d2b6d737464a80bcee945738da0f,2026-09-09,validation,0.00180344,0.0043381999999999995,14305,14082,1231
experiments/campaigns/ace_polish_20260909/ledger.sqlite3,mathd_numbertheory_43__reference-r64__gpt-5.6-luna__seed0,7955131112d24cd9b339e6e574762fd5,2026-09-09,validation,0.00115744,0.0037318,15731,14302,488
experiments/campaigns/ace_polish_20260909/ledger.sqlite3,mathd_numbertheory_43__reference-r64__gpt-5.6-luna__seed0,886b8664dd8c45a99f361777ab6429c7,2026-09-09,validation,0.00067136,0.0035024,16408,15728,184
experiments/campaigns/ace_polish_20260909/ledger.sqlite3,mathd_numbertheory_43__reference-r64__gpt-5.6-luna__seed0,0ef6c869bd9c4a24b1e6ecda84d36f3b,2026-09-09,validation,0.0005165,0.0034694,16795,16405,92
experiments/campaigns/ace_polish_20260909/ledger.sqlite3,mathd_numbertheory_43__reference-r64__gpt-5.6-luna__seed0,39f6acebd39648a2aacd44bf517b4204,2026-09-09,validation,0.00048624,0.0035088,17076,16792,78
experiments/campaigns/ace_polish_20260909/ledger.sqlite3,mathd_numbertheory_43__reference-r64__gpt-5.6-luna__seed0,a101e43ffcee4e2fb818b604d2f96c07,2026-09-09,validation,0.00049946,0.0035725999999999996,17317,17073,91
experiments/campaigns/ace_polish_20260909/ledger.sqlite3,mathd_numbertheory_43__reference-r64__gpt-5.6-luna__seed0,e161a00ca30a47698128ddead79ec52c,2026-09-09,validation,0.00050208,0.0036186,17571,17314,87
experiments/campaigns/ace_polish_20260909/ledger.sqlite3,mathd_numbertheory_43__reference-r64__gpt-5.6-luna__seed0,6f0c1b12118f4876b87b4e55ded7edf7,2026-09-09,validation,0.0004955599999999999,0.0036578,17821,17568,78
experiments/campaigns/ace_polish_20260909/ledger.sqlite3,mathd_numbertheory_43__reference-r64__gpt-5.6-luna__seed0,1fb19967ff8b4c5c9ec3676d1db1a2e9,2026-09-09,validation,0.00049876,0.003706,18062,17818,78
experiments/campaigns/ace_polish_20260909/ledger.sqlite3,mathd_numbertheory_43__reference-r64__gpt-5.6-luna__seed0,cea550f080374aa4a7a854fbc1e46839,2026-09-09,validation,0.00051798,0.0037686,18303,18059,90
experiments/campaigns/ace_polish_20260909/ledger.sqlite3,mathd_numbertheory_43__reference-r64__gpt-5.6-luna__seed0,46e80ec398ea44f7a76acdb7cf4ef7af,2026-09-09,validation,0.0005312,0.0038252,18556,18300,95
experiments/campaigns/ace_polish_20260909/ledger.sqlite3,mathd_numbertheory_43__reference-r64__gpt-5.6-luna__seed0,1ca5ec3bd470423d9ab1c4e86a92668d,2026-09-09,validation,0.00051686,0.0038564,18814,18553,78
experiments/campaigns/ace_polish_20260909/ledger.sqlite3,mathd_numbertheory_43__reference-r64__gpt-5.6-luna__seed0,6cea16da8cbe4224a73f1d3a5a6c2d2b,2026-09-09,validation,0.00053062,0.0039166,19055,18811,88
experiments/campaigns/ace_polish_20260909/ledger.sqlite3,amc12b_2003_p6__reference-r64__gpt-5.6-luna__seed0,56c8be6fa03c46288f02e72bb1c7b99b,2026-09-09,validation,0.00061184,0.0014708,6202,4772,192
experiments/campaigns/ace_polish_20260909/ledger.sqlite3,amc12b_2003_p6__reference-r64__gpt-5.6-luna__seed0,45178c82b12d4d178e23b93b00ccb137,2026-09-09,validation,0.00033978000000000003,0.0014556,6432,6199,141
experiments/campaigns/ace_polish_20260909/ledger.sqlite3,amc12b_2003_p6__reference-r64__gpt-5.6-luna__seed0,6dfde3d6d924487db9d8a98ee0e851d8,2026-09-09,validation,0.00307838,0.0042356,6982,6429,2366
experiments/campaigns/ace_polish_20260909/ledger.sqlite3,amc12b_2003_p6__reference-r64__gpt-5.6-luna__seed0,39e58f55fe3d4891a367bc6f0d833c21,2026-09-09,validation,0.00161604,0.0024749999999999998,7701,4772,779
experiments/campaigns/ace_polish_20260909/ledger.sqlite3,amc12b_2003_p6__reference-r64__gpt-5.6-luna__seed0,cf236f172054438a8f21cbd61cb92855,2026-09-09,validation,0.00221604,0.0030749999999999996,8115,4772,1210
experiments/campaigns/ace_polish_20260909/ledger.sqlite3,amc12b_2003_p6__reference-r64__gpt-5.6-luna__seed0,28accbbb7aef4065ac36972fa338e8e6,2026-09-09,validation,0.00232904,0.003188,11308,4772,772
experiments/campaigns/ace_polish_20260909/ledger.sqlite3,amc12b_2003_p6__reference-r64__gpt-5.6-luna__seed0,bc1df16b526f4998a1dfb36acf553d56,2026-09-09,validation,0.0013274399999999998,0.0021864000000000002,10272,4772,110
experiments/campaigns/ace_polish_20260909/ledger.sqlite3,amc12b_2003_p6__reference-r64__gpt-5.6-luna__seed0,b091519369054295af1b6f2e7a8e0aa6,2026-09-09,validation,0.00122878,0.0030771999999999996,10748,10269,773
experiments/campaigns/ace_polish_20260909/ledger.sqlite3,amc12b_2003_p6__reference-r64__gpt-5.6-luna__seed0,021178d3059a46cdb43da45910bad1f1,2026-09-09,validation,0.0023668400000000003,0.0032258,11935,4772,699
experiments/campaigns/ace_polish_20260909/ledger.sqlite3,amc12b_2003_p6__reference-r64__gpt-5.6-luna__seed0,ea942fb3685d446d8909425158d7e5a6,2026-09-09,validation,0.00345344,0.004312399999999999,13240,4772,1387
experiments/campaigns/ace_polish_20260909/ledger.sqlite3,amc12b_2003_p6__reference-r64__gpt-5.6-luna__seed0,bf576434076f4afe8c6fb24e026fefbf,2026-09-09,validation,0.00284224,0.0037012,14594,4772,652
experiments/campaigns/ace_polish_20260909/ledger.sqlite3,amc12b_2003_p6__reference-r64__gpt-5.6-luna__seed0,40dcdd6b9afb4e67a803c66dc3b2bed1,2026-09-09,validation,0.00168104,0.0038288,15928,11932,536
experiments/campaigns/ace_polish_20260909/ledger.sqlite3,mathd_algebra_393__reference-r64__gpt-5.6-luna__seed0,22a2b82a75994f918b36c72c94bd1f2f,2026-09-09,validation,0.00043846,0.0015496,6176,6173,262
experiments/campaigns/ace_polish_20260909/ledger.sqlite3,mathd_algebra_393__reference-r64__gpt-5.6-luna__seed0,c163e5d464c646d8a79cf87d1df9fb74,2026-09-09,validation,0.00084506,0.0019562,6571,6173,535
experiments/campaigns/ace_polish_20260909/ledger.sqlite3,mathd_algebra_393__reference-r64__gpt-5.6-luna__seed0,77562bf212544d7392a6cdc01cff4cf3,2026-09-09,validation,0.00110304,0.0019619999999999998,6930,4772,480
experiments/campaigns/ace_polish_20260909/ledger.sqlite3,mathd_algebra_393__reference-r64__gpt-5.6-luna__seed0,eb1c32fe314d457a93f556b9dbdc53a7,2026-09-09,validation,0.00133744,0.0021964,7532,4772,575
experiments/campaigns/ace_polish_20260909/ledger.sqlite3,mathd_algebra_393__reference-r64__gpt-5.6-luna__seed0,381fa1daee1f428dbf7df188e8964853,2026-09-09,validation,0.00073198,0.0020872,8450,7529,331
experiments/campaigns/ace_polish_20260909/ledger.sqlite3,mathd_algebra_393__reference-r64__gpt-5.6-luna__seed0,f97981b6f2c546d7aa2ff64ca0c79f53,2026-09-09,validation,0.00118314,0.0027036,9258,8447,710
experiments/campaigns/ace_polish_20260909/ledger.sqlite3,mathd_algebra_393__reference-r64__gpt-5.6-luna__seed0,8f96c132017e4e71a785d872cc1ad722,2026-09-09,validation,0.0010071,0.002673,11451,9255,319
experiments/campaigns/ace_polish_20260909/ledger.sqlite3,mathd_algebra_393__reference-r64__gpt-5.6-luna__seed0,2845a6d40845413ba51c011306489e3f,2026-09-09,validation,0.00069216,0.0027527999999999997,12114,11448,275
experiments/campaigns/ace_polish_20260909/ledger.sqlite3,mathd_algebra_393__reference-r64__gpt-5.6-luna__seed0,e0c22d161ebd44049c36e39e56e41236,2026-09-09,validation,0.0018978399999999998,0.0027568000000000002,11750,4772,339
experiments/campaigns/ace_polish_20260909/ledger.sqlite3,mathd_algebra_393__reference-r64__gpt-5.6-luna__seed0,f3f93882445142f8ba0d5c86e3eca716,2026-09-09,validation,0.0014291400000000002,0.0035436,12576,11747,857
experiments/campaigns/ace_polish_20260909/ledger.sqlite3,mathd_algebra_393__reference-r64__gpt-5.6-luna__seed0,d165ef45d2a347b6a1bc59148328eb84,2026-09-09,validation,0.00153962,0.0037195999999999996,14338,12111,710
experiments/campaigns/ace_polish_20260909/ledger.sqlite3,mathd_numbertheory_461__reference-r64__gpt-5.6-luna__seed0,9b6f83bb65ba40f898cd503d8bc50d97,2026-09-09,validation,0.0006368400000000001,0.0014958,5997,4772,247
experiments/campaigns/ace_polish_20260909/ledger.sqlite3,amc12b_2020_p5__reference-r64__gpt-5.6-luna__seed0,c269acd232ad4abbbaad14e7a43b6101,2026-09-09,validation,0.00033951999999999995,0.0014566,6209,6206,179
experiments/campaigns/ace_polish_20260909/ledger.sqlite3,mathd_algebra_421__reference-r64__gpt-5.6-luna__seed0,57ed553715c04630a5695b8e51649099,2026-09-09,validation,0.00078064,0.0016395999999999997,6266,4772,322
experiments/campaigns/ace_polish_20260909/ledger.sqlite3,mathd_algebra_421__reference-r64__gpt-5.6-luna__seed0,0a40b59525dc4cc6ac8274557d573a62,2026-09-09,validation,0.00025566,0.0013830000000000001,6627,6263,48
experiments/campaigns/ace_polish_20260909/ledger.sqlite3,mathd_algebra_421__reference-r64__gpt-5.6-luna__seed0,a5dc5ad1f681459ea2ad6001fffae7b0,2026-09-09,validation,0.00059128,0.0017836,6854,6624,344
experiments/campaigns/ace_polish_20260909/ledger.sqlite3,mathd_numbertheory_530__reference-r64__gpt-5.6-luna__seed0,48d022b05c184d7b9a45675f5bf9601a,2026-09-09,validation,0.0007302400000000001,0.0015891999999999998,6302,4772,274
experiments/campaigns/ace_polish_20260909/ledger.sqlite3,mathd_numbertheory_530__reference-r64__gpt-5.6-luna__seed0,262754652fdd437fa85665b92b6a73e8,2026-09-09,validation,0.00074538,0.0018792,8364,6299,172
experiments/campaigns/ace_polish_20260909/ledger.sqlite3,mathd_numbertheory_530__reference-r64__gpt-5.6-luna__seed0,035bfcfc9a3442fe8aea60c446e24e01,2026-09-09,validation,0.0009302199999999999,0.0024351999999999998,9572,8361,434
experiments/campaigns/ace_polish_20260909/ledger.sqlite3,mathd_numbertheory_530__reference-r64__gpt-5.6-luna__seed0,29e460c864444500b503448c938e5b1b,2026-09-09,validation,0.00052958,0.0022519999999999997,10492,9569,128
experiments/campaigns/ace_polish_20260909/ledger.sqlite3,mathd_numbertheory_530__reference-r64__gpt-5.6-luna__seed0,cbc61428f98949bc8420defdf34dbfc8,2026-09-09,validation,0.0006389799999999999,0.0025269999999999997,12233,10489,67
experiments/campaigns/ace_polish_20260909/ledger.sqlite3,mathd_numbertheory_530__reference-r64__gpt-5.6-luna__seed0,af23e9b285ff45d0b59527e40104bf5a,2026-09-09,validation,0.0009142,0.0031155999999999996,12440,12230,523
experiments/campaigns/ace_polish_20260909/ledger.sqlite3,mathd_numbertheory_530__reference-r64__gpt-5.6-luna__seed0,bdb75796902e498a8c5a6d3af1318442,2026-09-09,validation,0.00062254,0.0028612,13448,12437,143
experiments/campaigns/ace_polish_20260909/ledger.sqlite3,mathd_numbertheory_530__reference-r64__gpt-5.6-luna__seed0,4ae958c696174983925931ecaaa424f8,2026-09-09,validation,0.0011835,0.0036035999999999998,15438,13445,430
experiments/campaigns/ace_polish_20260909/ledger.sqlite3,mathd_numbertheory_530__reference-r64__gpt-5.6-luna__seed0,9875836218eb4fd78e8f8e3226902ae7,2026-09-09,validation,0.0011704999999999999,0.0039488,16036,15435,618
experiments/campaigns/ace_polish_20260909/ledger.sqlite3,mathd_numbertheory_530__reference-r64__gpt-5.6-luna__seed0,84074bc8e2a54612b6dc88394b1ece5d,2026-09-09,validation,0.00258884,0.0034477999999999996,15625,4772,269
experiments/campaigns/ace_polish_20260909/ledger.sqlite3,mathd_numbertheory_530__reference-r64__gpt-5.6-luna__seed0,260947ac471a4401a7dab50ea6e33570,2026-09-09,validation,0.0014588399999999999,0.0042708,16596,15622,793
experiments/campaigns/ace_polish_20260909/ledger.sqlite3,mathd_numbertheory_530__reference-r64__gpt-5.6-luna__seed0,63356654cca24278a4089ad155d1ab3f,2026-09-09,validation,0.00145046,0.0044372,17656,16593,755
experiments/campaigns/ace_polish_20260909/ledger.sqlite3,mathd_numbertheory_530__reference-r64__gpt-5.6-luna__seed0,172bec9f20d64d1784fc2f880e7dbb64,2026-09-09,validation,0.00355664,0.0044155999999999996,20518,4772,260
experiments/campaigns/ace_polish_20260909/ledger.sqlite3,mathd_numbertheory_530__reference-r64__gpt-5.6-luna__seed0,86ac8a7d07294abb8e8744da7e279077,2026-09-09,validation,0.0018658999999999998,0.0055585999999999995,21181,20515,1102
experiments/campaigns/ace_polish_20260909/ledger.sqlite3,mathd_numbertheory_530__reference-r64__gpt-5.6-luna__seed0,70d1733d30c64640b231bc0199669143,2026-09-09,validation,0.00475584,0.0056148,20058,4772,1336
experiments/campaigns/ace_polish_20260909/ledger.sqlite3,mathd_numbertheory_530__reference-r64__gpt-5.6-luna__seed0,c51065e5e1eb4b8699aaf97ba7b1ca51,2026-09-09,validation,0.00376344,0.0046224000000000005,21234,4772,313
experiments/campaigns/ace_polish_20260909/ledger.sqlite3,mathd_numbertheory_530__reference-r64__gpt-5.6-luna__seed0,20242f64950e47fa92dde1abc7e1112a,2026-09-09,validation,0.00095002,0.004771599999999999,21848,21231,335
experiments/campaigns/ace_polish_20260909/ledger.sqlite3,mathd_numbertheory_530__reference-r64__gpt-5.6-luna__seed0,e8f76c03aa744985bbaf485eb3048f16,2026-09-09,validation,0.0021498999999999997,0.006082,23114,21845,1216
experiments/campaigns/ace_polish_20260909/ledger.sqlite3,mathd_numbertheory_530__reference-r64__gpt-5.6-luna__seed0,1fe22892c8904af7873f3e6dee9b01f5,2026-09-09,validation,0.00458704,0.0054459999999999995,26402,4772,138
experiments/campaigns/ace_polish_20260909/ledger.sqlite3,mathd_numbertheory_530__reference-r64__gpt-5.6-luna__seed0,85db600133eb4a49872dbd4f79583a7f,2026-09-09,validation,0.00114638,0.0058982,27613,26399,313
experiments/campaigns/ace_polish_20260909/ledger.sqlite3,amc12_2000_p12__reference-r64__gpt-5.6-luna__seed0,9844f5464cb948b19991739f6ad70f6b,2026-09-09,validation,0.00028952,0.0013993999999999999,6169,6166,138
experiments/campaigns/ace_polish_20260909/ledger.sqlite3,amc12_2000_p12__reference-r64__gpt-5.6-luna__seed0,a9f296d7c0514b22b692066c993182db,2026-09-09,validation,0.0014852399999999999,0.0023442,6477,4772,874
experiments/campaigns/ace_polish_20260909/ledger.sqlite3,amc12_2000_p12__reference-r64__gpt-5.6-luna__seed0,de2a6505f7434549ad088580af425afd,2026-09-09,validation,0.00159764,0.0024565999999999998,8983,4772,550
experiments/campaigns/ace_polish_20260909/ledger.sqlite3,amc12_2000_p12__reference-r64__gpt-5.6-luna__seed0,8519ea526b75458e8831e1390c1243e3,2026-09-09,validation,0.00109304,0.001952,7036,4772,454
experiments/campaigns/ace_polish_20260909/ledger.sqlite3,amc12_2000_p12__reference-r64__gpt-5.6-luna__seed0,47f6bcdc3fc04c43958cb30979198a34,2026-09-09,validation,0.00157366,0.0028396,7688,7033,1085
experiments/campaigns/ace_polish_20260909/ledger.sqlite3,amc12_2000_p12__reference-r64__gpt-5.6-luna__seed0,058b231b407346f4ba681f19a078e3a1,2026-09-09,validation,0.00269804,0.0035570000000000003,7915,4772,1645
experiments/campaigns/ace_polish_20260909/ledger.sqlite3,amc12_2000_p12__reference-r64__gpt-5.6-luna__seed0,e532cbe111c84e58bcb5b8e062fe7401,2026-09-09,validation,0.00322364,0.0040826,8377,4772,2006
experiments/campaigns/ace_polish_20260909/ledger.sqlite3,amc12_2000_p12__reference-r64__gpt-5.6-luna__seed0,54ee0fd3b38f4edb911545e874c57745,2026-09-09,validation,0.00254764,0.0034066,9053,4772,1330
experiments/campaigns/ace_polish_20260909/ledger.sqlite3,mathd_algebra_433__reference-r64__gpt-5.6-luna__seed0,7c37c2f179f14c0e9ef7006baa666eb1,2026-09-09,validation,0.00047324,0.0013322,5911,4772,125
experiments/campaigns/ace_polish_20260909/ledger.sqlite3,mathd_algebra_433__reference-r64__gpt-5.6-luna__seed0,fc286c8575134d3898a15feb885a5a1b,2026-09-09,validation,0.00032296,0.0013863999999999999,6152,5908,130
experiments/campaigns/ace_polish_20260909/ledger.sqlite3,mathd_algebra_433__reference-r64__gpt-5.6-luna__seed0,a6b015387c4a45068752ce5db695f159,2026-09-09,validation,0.00101904,0.001878,8562,4772,138
experiments/campaigns/ace_polish_20260909/ledger.sqlite3,mathd_numbertheory_64__reference-r64__gpt-5.6-luna__seed0,c1db37cda0dd4424957d60cd7758ae7b,2026-09-09,validation,0.00038093999999999997,0.0014604,6000,5997,217
experiments/campaigns/ace_polish_20260909/ledger.sqlite3,mathd_numbertheory_64__reference-r64__gpt-5.6-luna__seed0,9f8f54015b7a485cb90336f5e7ddf671,2026-09-09,validation,0.00022454000000000002,0.0013039999999999998,6256,5997,44
experiments/campaigns/ace_polish_20260909/ledger.sqlite3,mathd_numbertheory_64__reference-r64__gpt-5.6-luna__seed0,e721e8e68cbf4f7ba4e21eb5fd6c7297,2026-09-09,validation,0.00035566,0.0014811999999999998,6440,6253,161
experiments/campaigns/ace_polish_20260909/ledger.sqlite3,mathd_numbertheory_64__reference-r64__gpt-5.6-luna__seed0,150c322cdd7c4654b9027895a79e1459,2026-09-09,validation,0.00034033999999999996,0.001499,6907,6437,98
experiments/campaigns/ace_polish_20260909/ledger.sqlite3,mathd_numbertheory_64__reference-r64__gpt-5.6-luna__seed0,56430ec4218743548932b4880f0ea920,2026-09-09,validation,0.00054608,0.0017888000000000001,7096,6904,308
experiments/campaigns/ace_polish_20260909/ledger.sqlite3,mathd_numbertheory_64__reference-r64__gpt-5.6-luna__seed0,060212e6a75f427ea7b358e17123c0f0,2026-09-09,validation,0.0005958599999999999,0.0018725999999999999,7593,7093,295
experiments/campaigns/ace_polish_20260909/ledger.sqlite3,mathd_numbertheory_64__reference-r64__gpt-5.6-luna__seed0,91279bc6ff794df7879e8284caf73bdc,2026-09-09,validation,0.000538,0.0019042,8051,7590,245
experiments/campaigns/ace_polish_20260909/ledger.sqlite3,mathd_numbertheory_64__reference-r64__gpt-5.6-luna__seed0,918d26e8bdbd411c887a217a2c889951,2026-09-09,validation,0.00049776,0.0019463999999999998,8592,8048,190
experiments/campaigns/ace_polish_20260909/ledger.sqlite3,mathd_numbertheory_64__reference-r64__gpt-5.6-luna__seed0,5def317b02bf4dcd92cd7a7505d1a3cb,2026-09-09,validation,0.00026018,0.0018061999999999998,8821,8589,35
experiments/campaigns/ace_polish_20260909/ledger.sqlite3,mathd_numbertheory_64__reference-r64__gpt-5.6-luna__seed0,abe8acff4547413591c70982ea689192,2026-09-09,validation,0.00037615999999999995,0.0019634,9079,8818,123
experiments/campaigns/ace_polish_20260909/ledger.sqlite3,mathd_numbertheory_64__reference-r64__gpt-5.6-luna__seed0,769aacb979334d559daceafae6641824,2026-09-09,validation,0.0020266399999999997,0.0028856,8284,4772,1024
experiments/campaigns/ace_polish_20260909/ledger.sqlite3,amc12_2001_p21__reference-r64__gpt-5.6-luna__seed0,4438082877404aa48e3425b90d19ad44,2026-09-09,validation,0.00029988,0.0014705999999999999,6507,6504,141
experiments/campaigns/ace_polish_20260909/ledger.sqlite3,amc12_2001_p21__reference-r64__gpt-5.6-luna__seed0,c75fafdea72b4066abc306f0f79543c3,2026-09-09,validation,0.00046968,0.0016404,6780,6504,237
experiments/campaigns/ace_polish_20260909/ledger.sqlite3,amc12_2001_p21__reference-r64__gpt-5.6-luna__seed0,2130349a481849a39eaa81ad767bcba6,2026-09-09,validation,0.00052074,0.0017406,7041,6777,277
experiments/campaigns/ace_polish_20260909/ledger.sqlite3,amc12_2001_p21__reference-r64__gpt-5.6-luna__seed0,119f3bbf6fc442fd833ee608b8f6bfd2,2026-09-09,validation,0.00030856,0.0015753999999999998,7349,7038,88
experiments/campaigns/ace_polish_20260909/ledger.sqlite3,amc12_2001_p21__reference-r64__gpt-5.6-luna__seed0,bc380b965bc54624a95115867dc6d632,2026-09-09,validation,0.0007845199999999999,0.0021068,7468,7346,511
experiments/campaigns/ace_polish_20260909/ledger.sqlite3,amc12_2001_p21__reference-r64__gpt-5.6-luna__seed0,dcb0c35dd40a49ad9755d757745796a6,2026-09-09,validation,0.0011210999999999999,0.0024647999999999996,8010,7465,719
experiments/campaigns/ace_polish_20260909/ledger.sqlite3,amc12_2001_p21__reference-r64__gpt-5.6-luna__seed0,51ef4483366443a1b98ee65388de0367,2026-09-09,validation,0.0018033399999999998,0.0032446,8927,8007,1216
experiments/campaigns/ace_polish_20260909/ledger.sqlite3,amc12_2001_p21__reference-r64__gpt-5.6-luna__seed0,38bc07762a1040419024269bf5fc44a2,2026-09-09,validation,0.00066248,0.0022687999999999996,10342,8924,167
experiments/campaigns/ace_polish_20260909/ledger.sqlite3,amc12_2001_p21__reference-r64__gpt-5.6-luna__seed0,0e6a965927dc4821803e0bafa7d77636,2026-09-09,validation,0.00039357999999999993,0.0022546000000000003,10655,10339,103
experiments/campaigns/ace_polish_20260909/ledger.sqlite3,amc12_2001_p21__reference-r64__gpt-5.6-luna__seed0,89569cc9e00e419a90c5542b00e8b941,2026-09-09,validation,0.00044204,0.0023594,10789,10652,168
experiments/campaigns/ace_polish_20260909/ledger.sqlite3,amc12_2001_p21__reference-r64__gpt-5.6-luna__seed0,39283753e6e34e85aceb0877aae39c62,2026-09-09,validation,0.00048211999999999994,0.0024235999999999997,10990,10786,188
experiments/campaigns/ace_polish_20260909/ledger.sqlite3,amc12_2001_p21__reference-r64__gpt-5.6-luna__seed0,14975f6553304a7cacdcb0ac67c887b4,2026-09-09,validation,0.00077994,0.0027576,11202,10987,431
experiments/campaigns/ace_polish_20260909/ledger.sqlite3,amc12_2001_p21__reference-r64__gpt-5.6-luna__seed0,fd54e098a79c4926b7f55e6472c569e1,2026-09-09,validation,0.00081978,0.0028355999999999998,11664,11199,419
experiments/campaigns/ace_polish_20260909/ledger.sqlite3,amc12_2001_p21__reference-r64__gpt-5.6-luna__seed0,2277ada584b44e8199cbd01e04ee021a,2026-09-09,validation,0.0006524199999999999,0.0027514,12113,11661,274
experiments/campaigns/ace_polish_20260909/ledger.sqlite3,amc12_2001_p21__reference-r64__gpt-5.6-luna__seed0,594b227f840e4ed59a9694a432eb02e8,2026-09-09,validation,0.0005863999999999999,0.0027662,12535,12110,216
experiments/campaigns/ace_polish_20260909/ledger.sqlite3,amc12_2001_p21__reference-r64__gpt-5.6-luna__seed0,7c0f3be01b9b405ca1cc254f5958650e,2026-09-09,validation,0.00156764,0.0038234,12781,12532,1056
experiments/campaigns/ace_polish_20260909/ledger.sqlite3,amc12_2001_p21__reference-r64__gpt-5.6-luna__seed0,e424fb982b8f46c891178f5c79a36aad,2026-09-09,validation,0.0017444399999999999,0.0026033999999999996,9597,4772,570
experiments/campaigns/ace_polish_20260909/ledger.sqlite3,amc12_2001_p21__reference-r64__gpt-5.6-luna__seed0,1fa4ee3fa95a42bdbcd99a083c2f7891,2026-09-09,validation,0.0007322800000000001,0.0024592,10346,9594,325
experiments/campaigns/ace_polish_20260909/ledger.sqlite3,amc12_2001_p21__reference-r64__gpt-5.6-luna__seed0,32a6d56f4acc4ab1b517e0257ad3bca8,2026-09-09,validation,0.0010938599999999999,0.0029555999999999996,10710,10343,678
experiments/campaigns/ace_polish_20260909/ledger.sqlite3,amc12_2001_p21__reference-r64__gpt-5.6-luna__seed0,56d6c60068744269accb375a5c29a3a7,2026-09-09,validation,0.00051014,0.0024373999999999997,11425,10707,127
experiments/campaigns/ace_polish_20260909/ledger.sqlite3,amc12_2001_p21__reference-r64__gpt-5.6-luna__seed0,e649eefb9cfd43d6a4567a8637708ee3,2026-09-09,validation,0.00048064,0.0025366,11747,11422,156
experiments/campaigns/ace_polish_20260909/ledger.sqlite3,amc12_2001_p21__reference-r64__gpt-5.6-luna__seed0,6e1c3149cade4728b8e9479ab7d16568,2026-09-09,validation,0.00044248,0.0025564,11954,11744,138
experiments/campaigns/ace_polish_20260909/ledger.sqlite3,amc12_2001_p21__reference-r64__gpt-5.6-luna__seed0,b6cf7480614749b2a4f182564d18f124,2026-09-09,validation,0.00063342,0.0027846,12129,11951,299
experiments/campaigns/ace_polish_20260909/ledger.sqlite3,amc12_2001_p21__reference-r64__gpt-5.6-luna__seed0,4c184b5cb0a44194a6f31e82495c78d4,2026-09-09,validation,0.00049992,0.0026826,12465,12126,158
experiments/campaigns/ace_polish_20260909/ledger.sqlite3,amc12_2001_p21__reference-r64__gpt-5.6-luna__seed0,d771cef297484925bedd02e9b6b95153,2026-09-09,validation,0.00082704,0.0030701999999999995,12849,12462,417
experiments/campaigns/ace_polish_20260909/ledger.sqlite3,amc12_2001_p21__reference-r64__gpt-5.6-luna__seed0,673c7056014b494facdfb7d7f7a9ad2a,2026-09-09,validation,0.0006829200000000001,0.0029952,13296,12846,280
experiments/campaigns/ace_polish_20260909/ledger.sqlite3,amc12_2001_p21__reference-r64__gpt-5.6-luna__seed0,58ed4736d11646709c1a95d2df3cb39d,2026-09-09,validation,0.00051266,0.0029054,13627,13293,150
experiments/campaigns/ace_polish_20260909/ledger.sqlite3,amc12_2001_p21__reference-r64__gpt-5.6-luna__seed0,fc1f8708afce4d0289685aec246cc1c1,2026-09-09,validation,0.00057208,0.0030243999999999996,13814,13624,218
experiments/campaigns/ace_polish_20260909/ledger.sqlite3,amc12_2001_p21__reference-r64__gpt-5.6-luna__seed0,eb8d0d60025946eb9b4fb3250903d905,2026-09-09,validation,0.0005690199999999999,0.003055,14069,13811,201
experiments/campaigns/ace_polish_20260909/ledger.sqlite3,amc12_2001_p21__reference-r64__gpt-5.6-luna__seed0,015e9596d0e749788488f17245d38135,2026-09-09,validation,0.0006463199999999999,0.0031782,14487,14066,234
experiments/campaigns/ace_polish_20260909/ledger.sqlite3,amc12_2001_p21__reference-r64__gpt-5.6-luna__seed0,4a0ed7131b794700a1c56a47267b051d,2026-09-09,validation,0.00171508,0.0043222,14939,14484,1112
experiments/campaigns/ace_polish_20260909/ledger.sqlite3,amc12_2001_p21__reference-r64__gpt-5.6-luna__seed0,8888bdb3363445358002f5154f229729,2026-09-09,validation,0.0032974399999999996,0.0041564,14800,4772,997
experiments/campaigns/ace_polish_20260909/ledger.sqlite3,amc12_2001_p21__reference-r64__gpt-5.6-luna__seed0,741aa50fae8a432cb6a5537e0a8c0a2c,2026-09-09,validation,0.0033348399999999995,0.0041938,16037,4772,822
experiments/campaigns/ace_polish_20260909/ledger.sqlite3,amc12_2001_p21__reference-r64__gpt-5.6-luna__seed0,49ea2f6344194511a1a90aa943a83efe,2026-09-09,validation,0.00453004,0.005389,17213,4772,1622
experiments/campaigns/ace_polish_20260909/ledger.sqlite3,amc12_2001_p21__reference-r64__gpt-5.6-luna__seed0,78e938f223d74cd7a6ea81e638d82b5b,2026-09-09,validation,0.00394264,0.0048016,18410,4772,933
experiments/campaigns/ace_polish_20260909/ledger.sqlite3,amc12a_2002_p6__reference-r64__gpt-5.6-luna__seed0,b10e81a566f547cfa7dcb01d3a59099d,2026-09-09,validation,0.00055204,0.001411,6005,4772,175
experiments/campaigns/ace_polish_20260909/ledger.sqlite3,imo_1960_p2__reference-r64__gpt-5.6-luna__seed1,763c7a984a5646588cb0271b995236ef,2026-09-09,validation,0.0006040199999999999,0.0017147999999999998,6174,6171,400
experiments/campaigns/ace_polish_20260909/ledger.sqlite3,imo_1960_p2__reference-r64__gpt-5.6-luna__seed1,c20808377ef54ad98925c7bcb8d4b2ca,2026-09-09,validation,0.00066902,0.0017797999999999998,6991,6171,318
experiments/campaigns/ace_polish_20260909/ledger.sqlite3,imo_1960_p2__reference-r64__gpt-5.6-luna__seed1,d62984514f7e41c995091a37e60f9293,2026-09-09,validation,0.00100856,0.0022664,7654,6988,613
experiments/campaigns/ace_polish_20260909/ledger.sqlite3,imo_1960_p2__reference-r64__gpt-5.6-luna__seed1,4b0838af272844ea93e12801937b95a8,2026-09-09,validation,0.00128444,0.0021434,8089,4772,438
experiments/campaigns/ace_polish_20260909/ledger.sqlite3,imo_1960_p2__reference-r64__gpt-5.6-luna__seed1,50459b5677224226ad8417c8f56325c8,2026-09-09,validation,0.00121524,0.0020742,9177,4772,199
experiments/campaigns/ace_polish_20260909/ledger.sqlite3,imo_1960_p2__reference-r64__gpt-5.6-luna__seed1,dd611b28e5b147739bff5b2bc0b8a826,2026-09-09,validation,0.00155008,0.0032013999999999996,10763,9174,874
experiments/campaigns/ace_polish_20260909/ledger.sqlite3,imo_1960_p2__reference-r64__gpt-5.6-luna__seed1,ed8d231bf48a49f6ad94969a3f1a18ef,2026-09-09,validation,0.00248104,0.00334,12044,4772,776
experiments/campaigns/ace_polish_20260909/ledger.sqlite3,aime_1991_p6__reference-r64__gpt-5.6-luna__seed1,7418213640c34aa097d131073fa349e3,2026-09-09,validation,0.00064344,0.0015023999999999999,6402,4772,185
experiments/campaigns/ace_polish_20260909/ledger.sqlite3,aime_1991_p6__reference-r64__gpt-5.6-luna__seed1,91504b1bc0964d528c072316ab2499bf,2026-09-09,validation,0.00055678,0.0017085999999999998,7721,6399,137
experiments/campaigns/ace_polish_20260909/ledger.sqlite3,aime_1991_p6__reference-r64__gpt-5.6-luna__seed1,06ab696b4eff46619b69d6928aab9d9c,2026-09-09,validation,0.00040936,0.0017986,8177,7718,136
experiments/campaigns/ace_polish_20260909/ledger.sqlite3,aime_1991_p6__reference-r64__gpt-5.6-luna__seed1,7750d8fba8de4e8280f318a996726785,2026-09-09,validation,0.00050068,0.001972,8954,8174,151
experiments/campaigns/ace_polish_20260909/ledger.sqlite3,aime_1991_p6__reference-r64__gpt-5.6-luna__seed1,3f60cb226f954a4cb58f11ad5eeb3e3b,2026-09-09,validation,0.00102042,0.0026316,9474,8951,614
experiments/campaigns/ace_polish_20260909/ledger.sqlite3,aime_1991_p6__reference-r64__gpt-5.6-luna__seed1,c596d98b12094df78817200b0e38e740,2026-09-09,validation,0.0007684199999999999,0.0024732,11106,9471,210
experiments/campaigns/ace_polish_20260909/ledger.sqlite3,aime_1991_p6__reference-r64__gpt-5.6-luna__seed1,dfd18b4dc26049d4b0925ffba7008aae,2026-09-09,validation,0.0016654600000000001,0.0036639999999999997,11672,11103,1108
experiments/campaigns/ace_polish_20260909/ledger.sqlite3,aime_1991_p6__reference-r64__gpt-5.6-luna__seed1,3a2df1eb52784390ac98c3307ce2549d,2026-09-09,validation,0.00092618,0.0030266,13933,11669,200
experiments/campaigns/ace_polish_20260909/ledger.sqlite3,aime_1991_p6__reference-r64__gpt-5.6-luna__seed1,dd65d158468e43b19a64ebaee5eae3a5,2026-09-09,validation,0.00395084,0.0048097999999999995,13429,4772,1770
experiments/campaigns/ace_polish_20260909/ledger.sqlite3,aime_1991_p6__reference-r64__gpt-5.6-luna__seed1,cabaa5eda21441bbb842b025bb9ce3ec,2026-09-09,validation,0.00338132,0.005797999999999999,19312,13426,1613
experiments/campaigns/ace_polish_20260909/ledger.sqlite3,aime_1991_p6__reference-r64__gpt-5.6-luna__seed1,0923c46d74894e3dac40104644905a10,2026-09-09,validation,0.0041058399999999995,0.0049648,23906,4772,153
experiments/campaigns/ace_polish_20260909/ledger.sqlite3,aime_1991_p6__reference-r64__gpt-5.6-luna__seed1,3138fb43753747b18a1e480c4f194d8d,2026-09-09,validation,0.00229446,0.0065969999999999996,28239,23903,791
experiments/campaigns/ace_polish_20260909/ledger.sqlite3,aime_1991_p6__reference-r64__gpt-5.6-luna__seed1,40d6053334754b328d959dfbaed6e48d,2026-09-09,validation,0.0037327199999999997,0.008815199999999999,33210,28236,1811
experiments/campaigns/ace_polish_20260909/ledger.sqlite3,aime_1991_p6__reference-r64__gpt-5.6-luna__seed1,3e87d34717a743af9a642079e34d404e,2026-09-09,validation,0.00682024,0.007679199999999999,35192,4772,534
experiments/campaigns/ace_polish_20260909/ledger.sqlite3,aime_1991_p6__reference-r64__gpt-5.6-luna__seed1,eec7d08b3ded43d6a4da288198a4fca8,2026-09-09,validation,0.011409039999999999,0.012268,34184,4772,4526
experiments/campaigns/ace_polish_20260909/ledger.sqlite3,amc12a_2008_p4__reference-r64__gpt-5.6-luna__seed1,e590e618bc6949c3a366b5e228411b89,2026-09-09,validation,0.00047784,0.0015978,6225,6222,294
experiments/campaigns/ace_polish_20260909/ledger.sqlite3,amc12a_2008_p4__reference-r64__gpt-5.6-luna__seed1,22631c9079014ec7bee1786356fa4335,2026-09-09,validation,0.00066244,0.0017824,6614,6222,383
experiments/campaigns/ace_polish_20260909/ledger.sqlite3,amc12a_2008_p4__reference-r64__gpt-5.6-luna__seed1,eb7e7cb39d944ed2bfab7611e4c177b0,2026-09-09,validation,0.00035482,0.0015447999999999998,7022,6611,117
experiments/campaigns/ace_polish_20260909/ledger.sqlite3,amc12a_2008_p4__reference-r64__gpt-5.6-luna__seed1,29c10f595e58461787e1831755bba603,2026-09-09,validation,0.00039678,0.0016602,7371,7019,155
experiments/campaigns/ace_polish_20260909/ledger.sqlite3,amc12a_2008_p4__reference-r64__gpt-5.6-luna__seed1,a1d45da09dbb45fd96f3528fdba012c1,2026-09-09,validation,0.00075556,0.0020818,7565,7368,474
experiments/campaigns/ace_polish_20260909/ledger.sqlite3,amc12a_2008_p4__reference-r64__gpt-5.6-luna__seed1,9981fa75413448a78e0d4d08187fd56a,2026-09-09,validation,0.00161784,0.0024768,7950,4772,739
experiments/campaigns/ace_polish_20260909/ledger.sqlite3,amc12a_2008_p4__reference-r64__gpt-5.6-luna__seed1,32f1ba5ef4b74574a80354afd6da75c4,2026-09-09,validation,0.00115234,0.0025827999999999997,9482,7947,572
experiments/campaigns/ace_polish_20260909/ledger.sqlite3,amc12a_2008_p4__reference-r64__gpt-5.6-luna__seed1,3435ef21df714acd8ab321534073a68f,2026-09-09,validation,0.00132584,0.0021847999999999998,9706,4772,203
experiments/campaigns/ace_polish_20260909/ledger.sqlite3,amc12a_2008_p4__reference-r64__gpt-5.6-luna__seed1,6a7c7ed48e5d4cd1a7b87a6f4ca6cf6c,2026-09-09,validation,0.00074626,0.0024928,10976,9703,248
experiments/campaigns/ace_polish_20260909/ledger.sqlite3,amc12a_2008_p4__reference-r64__gpt-5.6-luna__seed1,54802bb4f94d48d88b230d86e76840a6,2026-09-09,validation,0.00181144,0.0026704,11282,4772,345
experiments/campaigns/ace_polish_20260909/ledger.sqlite3,amc12a_2008_p4__reference-r64__gpt-5.6-luna__seed1,d5046923de38431f8ac6475624815220,2026-09-09,validation,0.00261044,0.0034694,12097,4772,875
experiments/campaigns/ace_polish_20260909/ledger.sqlite3,amc12a_2008_p4__reference-r64__gpt-5.6-luna__seed1,d1673f1d7c8d496f8b56318f6a123820,2026-09-09,validation,0.00392524,0.0047842,12539,4772,1897
experiments/campaigns/ace_polish_20260909/ledger.sqlite3,amc12a_2008_p4__reference-r64__gpt-5.6-luna__seed1,c7c4e703b31d475d97c3f4eb6a0bf312,2026-09-09,validation,0.0021500399999999998,0.003009,13161,4772,314
experiments/campaigns/ace_polish_20260909/ledger.sqlite3,amc12a_2008_p4__reference-r64__gpt-5.6-luna__seed1,a5337b7f66dc4df08e775df4514d45a1,2026-09-09,validation,0.00256244,0.0034214,13897,4772,535
experiments/campaigns/ace_polish_20260909/ledger.sqlite3,induction_prod1p1onk3le3m1onn__reference-r64__gpt-5.6-luna__seed1,871e5d13d4e24bf08361451afc2098fd,2026-09-09,validation,0.00038008,0.0015166,6317,6314,211
experiments/campaigns/ace_polish_20260909/ledger.sqlite3,induction_prod1p1onk3le3m1onn__reference-r64__gpt-5.6-luna__seed1,95c2d582d01644daa641c29efec7dc69,2026-09-09,validation,0.00191568,0.0030521999999999997,6645,6314,1436
experiments/campaigns/ace_polish_20260909/ledger.sqlite3,induction_prod1p1onk3le3m1onn__reference-r64__gpt-5.6-luna__seed1,6d98aed80c95402a88af79621f9821c3,2026-09-09,validation,0.00193604,0.0027949999999999997,9625,4772,725
experiments/campaigns/ace_polish_20260909/ledger.sqlite3,induction_prod1p1onk3le3m1onn__reference-r64__gpt-5.6-luna__seed1,3a06cef9f4d34e19a3152d1bad69bea5,2026-09-09,validation,0.00209744,0.0029563999999999997,8914,4772,978
experiments/campaigns/ace_polish_20260909/ledger.sqlite3,induction_prod1p1onk3le3m1onn__reference-r64__gpt-5.6-luna__seed1,1ae3fd6d5e1245fe8e2e1d435aaa1ef4,2026-09-09,validation,0.0019010399999999999,0.00276,9846,4772,659
experiments/campaigns/ace_polish_20260909/ledger.sqlite3,induction_prod1p1onk3le3m1onn__reference-r64__gpt-5.6-luna__seed1,69c4628a9027494c96d486d49bb9675b,2026-09-09,validation,0.00259124,0.0034501999999999996,12091,4772,860
experiments/campaigns/ace_polish_20260909/ledger.sqlite3,induction_prod1p1onk3le3m1onn__reference-r64__gpt-5.6-luna__seed1,817006e4e2c5468b9c32e3182ba2ba22,2026-09-09,validation,0.00076316,0.0029389999999999998,13873,12088,137
experiments/campaigns/ace_polish_20260909/ledger.sqlite3,induction_prod1p1onk3le3m1onn__reference-r64__gpt-5.6-luna__seed1,bc5809611e724658a239201b15dca999,2026-09-09,validation,0.001735,0.004231599999999999,14786,13870,1062
experiments/campaigns/ace_polish_20260909/ledger.sqlite3,induction_prod1p1onk3le3m1onn__reference-r64__gpt-5.6-luna__seed1,2484449a87444a3bbf12f1a4da6bfd6d,2026-09-09,validation,0.00434064,0.0051995999999999995,16710,4772,1548
experiments/campaigns/ace_polish_20260909/ledger.sqlite3,induction_prod1p1onk3le3m1onn__reference-r64__gpt-5.6-luna__seed1,a4637017ef6d4e57aed2ebecaade2055,2026-09-09,validation,0.0044474399999999996,0.0053064,18858,4772,1279
experiments/campaigns/ace_polish_20260909/ledger.sqlite3,induction_prod1p1onk3le3m1onn__reference-r64__gpt-5.6-luna__seed1,8447dcd661f8461cb41607d4a86faf36,2026-09-09,validation,0.00558224,0.006441199999999999,23092,4772,1519
experiments/campaigns/ace_polish_20260909/ledger.sqlite3,induction_prod1p1onk3le3m1onn__reference-r64__gpt-5.6-luna__seed1,5ce21ee8529941c49d7c9a2ee4f7b897,2026-09-09,validation,0.00392104,0.0047799999999999995,23066,4772,139
experiments/campaigns/ace_polish_20260909/ledger.sqlite3,induction_prod1p1onk3le3m1onn__reference-r64__gpt-5.6-luna__seed1,acbeb78fb97842ffafe8a61f9502d53b,2026-09-09,validation,0.0029486599999999996,0.0070999999999999995,23740,23063,1960
experiments/campaigns/ace_polish_20260909/ledger.sqlite3,induction_prod1p1onk3le3m1onn__reference-r64__gpt-5.6-luna__seed1,93e308afc2e546579764d6b06f0b090f,2026-09-09,validation,0.005119439999999999,0.0059784,25794,4772,683
experiments/campaigns/ace_polish_20260909/ledger.sqlite3,algebra_others_exirrpowirrrat__reference-r64__gpt-5.6-luna__seed1,30efd88afc0745df98620b9f135c42d8,2026-09-09,validation,0.00064124,0.0015002,6091,4772,235
experiments/campaigns/ace_polish_20260909/ledger.sqlite3,algebra_others_exirrpowirrrat__reference-r64__gpt-5.6-luna__seed1,69aebaad80cb4d86a76fafcbd357751b,2026-09-09,validation,0.00054756,0.0016434,6867,6088,225
experiments/campaigns/ace_polish_20260909/ledger.sqlite3,algebra_others_exirrpowirrrat__reference-r64__gpt-5.6-luna__seed1,15ee02913a034c50a511f57ed581e24a,2026-09-09,validation,0.00077508,0.0020106,8583,6864,245
experiments/campaigns/ace_polish_20260909/ledger.sqlite3,algebra_others_exirrpowirrrat__reference-r64__gpt-5.6-luna__seed1,fd6f08edfab841b883f902a0c3bc4322,2026-09-09,validation,0.0006202,0.0021646,9941,8580,147
experiments/campaigns/ace_polish_20260909/ledger.sqlite3,algebra_others_exirrpowirrrat__reference-r64__gpt-5.6-luna__seed1,02960e8207ae4256a5169ae5439640b9,2026-09-09,validation,0.00091036,0.0026991999999999997,10688,9938,468
experiments/campaigns/ace_polish_20260909/ledger.sqlite3,algebra_others_exirrpowirrrat__reference-r64__gpt-5.6-luna__seed1,f3ac2e53b95749e6962b0db3481fcb4b,2026-09-09,validation,0.0019073,0.0038306,15595,10685,593
experiments/campaigns/ace_polish_20260909/ledger.sqlite3,algebra_others_exirrpowirrrat__reference-r64__gpt-5.6-luna__seed1,e820bbd6eb8c4e0b94cea1b36a4f5935,2026-09-09,validation,0.0030840399999999997,0.003943,15539,4772,696
experiments/campaigns/ace_polish_20260909/ledger.sqlite3,algebra_others_exirrpowirrrat__reference-r64__gpt-5.6-luna__seed1,011dc8871c8c4095b575ec04099d206f,2026-09-09,validation,0.00098412,0.0037806,16617,15536,381
experiments/campaigns/ace_polish_20260909/ledger.sqlite3,algebra_others_exirrpowirrrat__reference-r64__gpt-5.6-luna__seed1,5426b2072cea4738a25802bd85dddb8c,2026-09-09,validation,0.00072828,0.0037188,17316,16614,213
experiments/campaigns/ace_polish_20260909/ledger.sqlite3,algebra_others_exirrpowirrrat__reference-r64__gpt-5.6-luna__seed1,09d0b96d4edc45a2a8b15d7d178ee218,2026-09-09,validation,0.0006174599999999999,0.0037338,17631,17313,173
experiments/campaigns/ace_polish_20260909/ledger.sqlite3,algebra_others_exirrpowirrrat__reference-r64__gpt-5.6-luna__seed1,ae2b6339aae64fa9aabf3abf82b3ce90,2026-09-09,validation,0.00069436,0.0038674,17927,17628,235
experiments/campaigns/ace_polish_20260909/ledger.sqlite3,algebra_others_exirrpowirrrat__reference-r64__gpt-5.6-luna__seed1,151c47a1255747dc8a6eb51271312150,2026-09-09,validation,0.0006820800000000001,0.003908399999999999,18270,17924,212
experiments/campaigns/ace_polish_20260909/ledger.sqlite3,algebra_others_exirrpowirrrat__reference-r64__gpt-5.6-luna__seed1,718ac1117abc41ccadcc817d9724b5f8,2026-09-09,validation,0.00168294,0.004971,18939,18267,986
experiments/campaigns/ace_polish_20260909/ledger.sqlite3,algebra_others_exirrpowirrrat__reference-r64__gpt-5.6-luna__seed1,3243d2927dc14a1ab95c8cc315bed9e6,2026-09-09,validation,0.00430284,0.005161799999999999,18603,4772,1201
experiments/campaigns/ace_polish_20260909/ledger.sqlite3,algebra_others_exirrpowirrrat__reference-r64__gpt-5.6-luna__seed1,3404382eaa95476b85462ba5687dde05,2026-09-09,validation,0.0015907999999999999,0.0049388,20680,18600,669
experiments/campaigns/ace_polish_20260909/ledger.sqlite3,algebra_others_exirrpowirrrat__reference-r64__gpt-5.6-luna__seed1,55139e4665a045d0b39db9aabf70ac01,2026-09-09,validation,0.00417364,0.0050326,20375,4772,798
experiments/campaigns/ace_polish_20260909/ledger.sqlite3,algebra_others_exirrpowirrrat__reference-r64__gpt-5.6-luna__seed1,ca19974d79dd4111b80047f104f1a799,2026-09-09,validation,0.0023262400000000003,0.0059932,21752,20372,1369
experiments/campaigns/ace_polish_20260909/ledger.sqlite3,algebra_others_exirrpowirrrat__reference-r64__gpt-5.6-luna__seed1,abe9980414a242b4905a86c29c36d223,2026-09-09,validation,0.0037798399999999996,0.004638799999999999,22276,4772,153
experiments/campaigns/ace_polish_20260909/ledger.sqlite3,algebra_others_exirrpowirrrat__reference-r64__gpt-5.6-luna__seed1,35e777d586cd4419a618d0e3ac68b7dc,2026-09-09,validation,0.00080866,0.0048178,22775,22273,219
experiments/campaigns/ace_polish_20260909/ledger.sqlite3,algebra_others_exirrpowirrrat__reference-r64__gpt-5.6-luna__seed1,88a865a49f9045a79b0b50e6b433d636,2026-09-09,validation,0.0007820399999999999,0.004881,23415,22772,165
experiments/campaigns/ace_polish_20260909/ledger.sqlite3,algebra_others_exirrpowirrrat__reference-r64__gpt-5.6-luna__seed1,545a6929bb2b49f48f7b2ace670c5c13,2026-09-09,validation,0.00135964,0.005573799999999999,24233,23412,606
experiments/campaigns/ace_polish_20260909/ledger.sqlite3,algebra_others_exirrpowirrrat__reference-r64__gpt-5.6-luna__seed1,b21745df186b4eb49452f5d43280bcd5,2026-09-09,validation,0.0014684,0.0058297999999999996,25369,24230,630
experiments/campaigns/ace_polish_20260909/ledger.sqlite3,mathd_algebra_190__reference-r64__gpt-5.6-luna__seed1,a55505e5e0c041aa9ec71a5761d7ba6c,2026-09-09,validation,0.00055944,0.0014183999999999998,5946,4772,191
experiments/campaigns/ace_polish_20260909/ledger.sqlite3,mathd_numbertheory_284__reference-r64__gpt-5.6-luna__seed1,def076ea268c49de80ad2e90efc6e8a5,2026-09-09,validation,0.00046573999999999997,0.0015416,5980,5977,288
experiments/campaigns/ace_polish_20260909/ledger.sqlite3,imo_1964_p2__reference-r64__gpt-5.6-luna__seed1,258337e5dc664939b6eb9f35d958c7a2,2026-09-09,validation,0.0024297399999999997,0.0035452,6200,6197,1921
experiments/campaigns/ace_polish_20260909/ledger.sqlite3,imo_1964_p2__reference-r64__gpt-5.6-luna__seed1,85361912b3ff42b195bdb1750a5a7356,2026-09-09,validation,0.00149564,0.0023545999999999997,6949,4772,804
experiments/campaigns/ace_polish_20260909/ledger.sqlite3,imo_1964_p2__reference-r64__gpt-5.6-luna__seed1,e9265628ccf64be186daccd011520649,2026-09-09,validation,0.00110552,0.0023558,8053,6946,621
experiments/campaigns/ace_polish_20260909/ledger.sqlite3,imo_1964_p2__reference-r64__gpt-5.6-luna__seed1,f5a2cf950e2a496db0eacefd60b7c315,2026-09-09,validation,0.0008098,0.0022588,8834,8050,410
experiments/campaigns/ace_polish_20260909/ledger.sqlite3,imo_1964_p2__reference-r64__gpt-5.6-luna__seed1,3fca46b5e94f447d9cb68fbf17298386,2026-09-09,validation,0.00113484,0.0019938,9345,4772,104
experiments/campaigns/ace_polish_20260909/ledger.sqlite3,imo_1964_p2__reference-r64__gpt-5.6-luna__seed1,04dc11165e73474fb118c5f4122a9b3c,2026-09-09,validation,0.00104264,0.0027242,9523,9342,683
experiments/campaigns/ace_polish_20260909/ledger.sqlite3,imo_1964_p2__reference-r64__gpt-5.6-luna__seed1,e38b10ba7ec44fe6ad3de446c1804067,2026-09-09,validation,0.0019822399999999997,0.0028412,10462,4772,624
experiments/campaigns/ace_polish_20260909/ledger.sqlite3,imo_1964_p2__reference-r64__gpt-5.6-luna__seed1,7b33e04a89d24586ad9ceee0424f6638,2026-09-09,validation,0.0008753999999999999,0.0025889999999999997,11751,9520,199
experiments/campaigns/ace_polish_20260909/ledger.sqlite3,imo_1964_p2__reference-r64__gpt-5.6-luna__seed1,77e65ae5edfc4bb49c03edbe513a350f,2026-09-09,validation,0.00053056,0.0026452,12182,11748,174
experiments/campaigns/ace_polish_20260909/ledger.sqlite3,imo_1964_p2__reference-r64__gpt-5.6-luna__seed1,abd4d10c438b46bbb14f514e28e8cd2d,2026-09-09,validation,0.00034658,0.0025388,12406,12179,48
experiments/campaigns/ace_polish_20260909/ledger.sqlite3,imo_1964_p2__reference-r64__gpt-5.6-luna__seed1,559086b8a37e4b0c90cb0ca0f85f757a,2026-09-09,validation,0.00045225999999999996,0.0026847999999999998,12614,12403,135
experiments/campaigns/ace_polish_20260909/ledger.sqlite3,imo_1964_p2__reference-r64__gpt-5.6-luna__seed1,44af538b001c486ca6ed2248e197e660,2026-09-09,validation,0.0017342199999999999,0.004004199999999999,13259,12611,1127
experiments/campaigns/ace_polish_20260909/ledger.sqlite3,imo_1964_p2__reference-r64__gpt-5.6-luna__seed1,5d3e0d57d8aa49eeba77294e7a364522,2026-09-09,validation,0.00289684,0.0037558,13595,4772,864
experiments/campaigns/ace_polish_20260909/ledger.sqlite3,imo_1964_p2__reference-r64__gpt-5.6-luna__seed1,9ea688dcf6574997b1c64c224d450d42,2026-09-09,validation,0.00050924,0.0029557999999999997,14497,13592,47
experiments/campaigns/ace_polish_20260909/ledger.sqlite3,imo_1964_p2__reference-r64__gpt-5.6-luna__seed1,3a1f72c8ec2f4e948758eaa872b76497,2026-09-09,validation,0.0008820799999999999,0.003491,14785,14494,445
experiments/campaigns/ace_polish_20260909/ledger.sqlite3,imo_1964_p2__reference-r64__gpt-5.6-luna__seed1,e434ac4212d2486dadf36401fca2c078,2026-09-09,validation,0.0030220399999999997,0.003881,15145,4772,710
experiments/campaigns/ace_polish_20260909/ledger.sqlite3,imo_1964_p2__reference-r64__gpt-5.6-luna__seed1,eb36d8a2c11e47e79517d68a42c5d1c4,2026-09-09,validation,0.0038746399999999995,0.0047336,16726,4772,1157
experiments/campaigns/ace_polish_20260909/ledger.sqlite3,imo_1964_p2__reference-r64__gpt-5.6-luna__seed1,738b78582ae64ebca85c7930a712c3f7,2026-09-09,validation,0.0034576399999999997,0.0043166,18139,4772,574
experiments/campaigns/ace_polish_20260909/ledger.sqlite3,imo_1964_p2__reference-r64__gpt-5.6-luna__seed1,5c0480cf10de4f1a8459a3c0b6e99570,2026-09-09,validation,0.0019571199999999997,0.0052216,19652,18136,1076
experiments/campaigns/ace_polish_20260909/ledger.sqlite3,imo_1964_p2__reference-r64__gpt-5.6-luna__seed1,e5b6ee6985654b05a9e624c13f317c6f,2026-09-09,validation,0.00359164,0.0044506,21467,4772,131
experiments/campaigns/ace_polish_20260909/ledger.sqlite3,imo_1964_p2__reference-r64__gpt-5.6-luna__seed1,6ce2b4b446e4493c879230f514434c24,2026-09-09,validation,0.00077888,0.0046424,22138,21464,179
experiments/campaigns/ace_polish_20260909/ledger.sqlite3,imo_1964_p2__reference-r64__gpt-5.6-luna__seed1,729c92bb31a3415ab901cbc92b39120b,2026-09-09,validation,0.00466824,0.0055271999999999995,21786,4772,975
experiments/campaigns/ace_polish_20260909/ledger.sqlite3,aime_1984_p7__reference-r64__gpt-5.6-luna__seed1,e57a53e048b34343b18cca8a39ab8ec1,2026-09-09,validation,0.00204784,0.0031821999999999996,6305,6302,1601
experiments/campaigns/ace_polish_20260909/ledger.sqlite3,aime_1984_p7__reference-r64__gpt-5.6-luna__seed1,9e7d9e2f8f59408696773103ede8137b,2026-09-09,validation,0.0005868399999999999,0.0017212,7946,6302,110
experiments/campaigns/ace_polish_20260909/ledger.sqlite3,aime_1984_p7__reference-r64__gpt-5.6-luna__seed1,d94e5fbc41aa493fbf6a16231253bcfd,2026-09-09,validation,0.00205326,0.003483,8475,7943,1490
experiments/campaigns/ace_polish_20260909/ledger.sqlite3,aime_1984_p7__reference-r64__gpt-5.6-luna__seed1,fb29e92f1d4b41908f3e58b5d36f8a13,2026-09-09,validation,0.0020558399999999998,0.0029147999999999995,7860,4772,1119
experiments/campaigns/ace_polish_20260909/ledger.sqlite3,aime_1984_p7__reference-r64__gpt-5.6-luna__seed1,95bd3be728b94656a1896f5926524ee5,2026-09-09,validation,0.0023796399999999997,0.0032386,9839,4772,1059
experiments/campaigns/ace_polish_20260909/ledger.sqlite3,aime_1984_p7__reference-r64__gpt-5.6-luna__seed1,b514885e93424b03ad57340a444e3db7,2026-09-09,validation,0.00299504,0.003854,11704,4772,1261
experiments/campaigns/ace_polish_20260909/ledger.sqlite3,aime_1984_p7__reference-r64__gpt-5.6-luna__seed1,0af9b75676864c499738b7e906d61c21,2026-09-09,validation,0.00335884,0.0042178,13907,4772,1197
experiments/campaigns/ace_polish_20260909/ledger.sqlite3,aime_1984_p7__reference-r64__gpt-5.6-luna__seed1,5b34b6282de841f8b5066d643f9cc620,2026-09-09,validation,0.00370744,0.0045664,15986,4772,1141
experiments/campaigns/ace_polish_20260909/ledger.sqlite3,aime_1984_p7__reference-r64__gpt-5.6-luna__seed1,35cf692a3ef243d393ff850a2566280f,2026-09-09,validation,0.0025722799999999997,0.005075,18313,13904,1177
experiments/campaigns/ace_polish_20260909/ledger.sqlite3,aime_1984_p7__reference-r64__gpt-5.6-luna__seed1,182f0f04f0044ae09830b9f47a59f891,2026-09-09,validation,0.0042844400000000005,0.005143399999999999,20281,4772,906
experiments/campaigns/ace_polish_20260909/ledger.sqlite3,aime_1984_p7__reference-r64__gpt-5.6-luna__seed1,e9f8587111064b928a3fc3b1869edf97,2026-09-09,validation,0.00200476,0.0056548,22364,20278,985
experiments/campaigns/ace_polish_20260909/ledger.sqlite3,aime_1984_p7__reference-r64__gpt-5.6-luna__seed1,ac28a05cf4e74ce0ae2c9385a5224c6a,2026-09-09,validation,0.00211642,0.0061414,24527,22361,1030
experiments/campaigns/ace_polish_20260909/ledger.sqlite3,amc12a_2013_p8__reference-r64__gpt-5.6-luna__seed1,2d9e9b15a086464ebdf417e9aec5e253,2026-09-09,validation,0.00063704,0.001496,6070,4772,235
experiments/campaigns/ace_polish_20260909/ledger.sqlite3,amc12a_2013_p8__reference-r64__gpt-5.6-luna__seed1,0ad13b93582542d4b3af6d41ffdaa2dd,2026-09-09,validation,0.0008724399999999999,0.0017314,6581,4772,346
experiments/campaigns/ace_polish_20260909/ledger.sqlite3,amc12a_2013_p8__reference-r64__gpt-5.6-luna__seed1,527a7be3f2ee4f409a91592033e104bc,2026-09-09,validation,0.00153724,0.0023962,6959,4772,837
experiments/campaigns/ace_polish_20260909/ledger.sqlite3,amc12a_2013_p8__reference-r64__gpt-5.6-luna__seed1,33a269956bdc4af0b278353e7848c954,2026-09-09,validation,0.00111712,0.0023692,8102,6956,624
experiments/campaigns/ace_polish_20260909/ledger.sqlite3,amc12a_2013_p8__reference-r64__gpt-5.6-luna__seed1,88a10107c321485381a4e045b59f6467,2026-09-09,validation,0.00156884,0.0024278,8275,4772,644
experiments/campaigns/ace_polish_20260909/ledger.sqlite3,amc12a_2013_p8__reference-r64__gpt-5.6-luna__seed1,31e8ce3f60214d95baa0dcee37a5af7c,2026-09-09,validation,0.00186624,0.0033552,9096,8272,1280
experiments/campaigns/ace_polish_20260909/ledger.sqlite3,mathd_algebra_214__reference-r64__gpt-5.6-luna__seed1,278dc406ab724e06a03dcf9c03e5befb,2026-09-09,validation,0.00038597999999999996,0.0014784,6072,6069,220
experiments/campaigns/ace_polish_20260909/ledger.sqlite3,mathd_numbertheory_303__reference-r64__gpt-5.6-luna__seed1,07ef0c4a23eb4beea27623f6921342c1,2026-09-09,validation,0.00069704,0.0015559999999999999,6094,4772,281
experiments/campaigns/ace_polish_20260909/ledger.sqlite3,mathd_numbertheory_303__reference-r64__gpt-5.6-luna__seed1,8b93007702ba408b9e65f68fb141902f,2026-09-09,validation,0.00036061999999999997,0.001457,6637,6091,108
experiments/campaigns/ace_polish_20260909/ledger.sqlite3,mathd_numbertheory_303__reference-r64__gpt-5.6-luna__seed1,9121aad75c044ee7b5b8dd2ad4e14734,2026-09-09,validation,0.00179368,0.0029877999999999997,8309,6634,1105
experiments/campaigns/ace_polish_20260909/ledger.sqlite3,mathd_numbertheory_303__reference-r64__gpt-5.6-luna__seed1,ca9e815ec5444d38ac39f36601763039,2026-09-09,validation,0.00061672,0.0021117999999999996,9443,8306,186
experiments/campaigns/ace_polish_20260909/ledger.sqlite3,mathd_numbertheory_303__reference-r64__gpt-5.6-luna__seed1,98461d92675f45fdb5ca2c12282dca0f,2026-09-09,validation,0.000748,0.0024472,10022,9440,369
experiments/campaigns/ace_polish_20260909/ledger.sqlite3,mathd_numbertheory_303__reference-r64__gpt-5.6-luna__seed1,4b6c4c7fd8174ea4b8816e63e59d45ec,2026-09-09,validation,0.00138204,0.002241,9285,4772,320
experiments/campaigns/ace_polish_20260909/ledger.sqlite3,mathd_numbertheory_303__reference-r64__gpt-5.6-luna__seed1,25c52e122a5943d0809e64d3e4097d63,2026-09-09,validation,0.00057244,0.0022432,10046,9282,195
experiments/campaigns/ace_polish_20260909/ledger.sqlite3,mathd_numbertheory_303__reference-r64__gpt-5.6-luna__seed1,4dcb2ee8d40b4e209e2799eff057a3c8,2026-09-09,validation,0.00088746,0.0026952,10356,10043,520
experiments/campaigns/ace_polish_20260909/ledger.sqlite3,mathd_numbertheory_303__reference-r64__gpt-5.6-luna__seed1,a4d9d0987df14c989d9e30a30e7f9132,2026-09-09,validation,0.00208186,0.0039454,11261,10353,1411
experiments/campaigns/ace_polish_20260909/ledger.sqlite3,mathd_numbertheory_303__reference-r64__gpt-5.6-luna__seed1,06c15eda02f545f19a5750e55b5819c7,2026-09-09,validation,0.004299239999999999,0.0051582,11409,4772,2397
experiments/campaigns/ace_polish_20260909/ledger.sqlite3,mathd_numbertheory_303__reference-r64__gpt-5.6-luna__seed1,981680c63ec441d8b257f3ba8b6a8ca1,2026-09-09,validation,0.00403124,0.0048902,14593,4772,1643
experiments/campaigns/ace_polish_20260909/ledger.sqlite3,mathd_numbertheory_303__reference-r64__gpt-5.6-luna__seed1,d93fdbb3baeb4be79179ff49a0d44aa4,2026-09-09,validation,0.00235224,0.0032112,14142,4772,319
experiments/campaigns/ace_polish_20260909/ledger.sqlite3,mathd_numbertheory_303__reference-r64__gpt-5.6-luna__seed1,0a2829b7d48c48168a235b4e2414c95d,2026-09-09,validation,0.00059898,0.0031439999999999997,14496,14139,204
experiments/campaigns/ace_polish_20260909/ledger.sqlite3,mathd_numbertheory_303__reference-r64__gpt-5.6-luna__seed1,172b980612a24fc5b6d38c7bfbe79502,2026-09-09,validation,0.00048625999999999997,0.0030949999999999997,14737,14493,123
experiments/campaigns/ace_polish_20260909/ledger.sqlite3,mathd_numbertheory_303__reference-r64__gpt-5.6-luna__seed1,8808e032952e4b8a93c935cc731501ea,2026-09-09,validation,0.00062248,0.0032746,15665,14734,118
experiments/campaigns/ace_polish_20260909/ledger.sqlite3,mathd_numbertheory_303__reference-r64__gpt-5.6-luna__seed1,34a1fb0e5ca04c278a6d5752d69edffc,2026-09-09,validation,0.00161324,0.0044323999999999995,15916,15662,1041
experiments/campaigns/ace_polish_20260909/ledger.sqlite3,mathd_numbertheory_303__reference-r64__gpt-5.6-luna__seed1,cddd7a16f4d9498fb205573551037d01,2026-09-09,validation,0.0023562,0.0049824,19308,14590,934
experiments/campaigns/ace_polish_20260909/ledger.sqlite3,mathd_numbertheory_303__reference-r64__gpt-5.6-luna__seed1,d7d42e52756546f4a6d248257ecc8276,2026-09-09,validation,0.0017839,0.005258799999999999,20600,19305,949
experiments/campaigns/ace_polish_20260909/ledger.sqlite3,mathd_numbertheory_303__reference-r64__gpt-5.6-luna__seed1,259cb40b50154f3bac891387df1c1ae8,2026-09-09,validation,0.00177274,0.005480199999999999,21905,20597,916
experiments/campaigns/ace_polish_20260909/ledger.sqlite3,mathd_numbertheory_303__reference-r64__gpt-5.6-luna__seed1,0b1f5a0cb28a44398c012b7bd6d74295,2026-09-09,validation,0.00375584,0.0046148,22462,4772,102
experiments/campaigns/ace_polish_20260909/ledger.sqlite3,mathd_numbertheory_303__reference-r64__gpt-5.6-luna__seed1,e703b847eaef498da43d40ed54e42817,2026-09-09,validation,0.00055178,0.004594399999999999,22684,22459,48
experiments/campaigns/ace_polish_20260909/ledger.sqlite3,mathd_numbertheory_303__reference-r64__gpt-5.6-luna__seed1,716e29a1ca7a450d8c4881a571b7218f,2026-09-09,validation,0.0005792200000000001,0.0046618,23081,22681,38
experiments/campaigns/ace_polish_20260909/ledger.sqlite3,mathd_numbertheory_303__reference-r64__gpt-5.6-luna__seed1,bf6b54e73b6d432db4cf1ef5641ed301,2026-09-09,validation,0.00186576,0.0060198,23469,23078,1105
experiments/campaigns/ace_polish_20260909/ledger.sqlite3,mathd_numbertheory_303__reference-r64__gpt-5.6-luna__seed1,fa932b59845d4648bf2c4b60d418c2e0,2026-09-09,validation,0.004950039999999999,0.005809,22499,4772,1091
experiments/campaigns/ace_polish_20260909/ledger.sqlite3,imo_1969_p2__reference-r64__gpt-5.6-luna__seed1,0dc54ac9fbcc4ccaa77c94ffd36ab578,2026-09-09,validation,0.00049218,0.0016008,6162,6159,307
experiments/campaigns/ace_polish_20260909/ledger.sqlite3,imo_1969_p2__reference-r64__gpt-5.6-luna__seed1,8d6ae96f63e74890a8ada228f92e4652,2026-09-09,validation,0.0005715799999999999,0.0016802,7603,6159,133
experiments/campaigns/ace_polish_20260909/ledger.sqlite3,imo_1969_p2__reference-r64__gpt-5.6-luna__seed1,15acdd2d617943eab4d1ad5b0f6a9f5b,2026-09-09,validation,0.0005302,0.0018982,8459,7600,172
experiments/campaigns/ace_polish_20260909/ledger.sqlite3,imo_1969_p2__reference-r64__gpt-5.6-luna__seed1,8a186fe3bdea43c09c95c088db74ae19,2026-09-09,validation,0.00068052,0.0022026,9441,8456,262
experiments/campaigns/ace_polish_20260909/ledger.sqlite3,imo_1969_p2__reference-r64__gpt-5.6-luna__seed1,73739e8fc08f455fac7fb7bb86980d4e,2026-09-09,validation,0.00081796,0.0025168,10826,9438,293
experiments/campaigns/ace_polish_20260909/ledger.sqlite3,imo_1969_p2__reference-r64__gpt-5.6-luna__seed1,3d89b0c34ed64fc483f7286139409b6c,2026-09-09,validation,0.00104766,0.0029958,11385,10823,599
experiments/campaigns/ace_polish_20260909/ledger.sqlite3,imo_1969_p2__reference-r64__gpt-5.6-luna__seed1,a0324f4fa0b04a60ac3c9dc305d2a9aa,2026-09-09,validation,0.00243204,0.0032909999999999997,11457,4772,833
experiments/campaigns/ace_polish_20260909/ledger.sqlite3,imo_1969_p2__reference-r64__gpt-5.6-luna__seed1,ffafbc971d0a411ebfbbc172467bdeb7,2026-09-09,validation,0.00102148,0.0030832,13418,11454,333
experiments/campaigns/ace_polish_20260909/ledger.sqlite3,imo_1969_p2__reference-r64__gpt-5.6-luna__seed1,232f6407a4e5441197b0350b7fd4ebb4,2026-09-09,validation,0.00253964,0.0033986,13807,4772,531
experiments/campaigns/ace_polish_20260909/ledger.sqlite3,imo_1969_p2__reference-r64__gpt-5.6-luna__seed1,6c73472ee3cd464b9b90c85dea4454eb,2026-09-09,validation,0.00302064,0.0038795999999999995,14814,4772,764
experiments/campaigns/ace_polish_20260909/ledger.sqlite3,imo_1969_p2__reference-r64__gpt-5.6-luna__seed1,17ce39fc1c0e421ea280a193c5db86d3,2026-09-09,validation,0.00292384,0.0037828,17942,4772,162
experiments/campaigns/ace_polish_20260909/ledger.sqlite3,imo_1969_p2__reference-r64__gpt-5.6-luna__seed1,b9881010c30b42fc9d3677d05630f9e8,2026-09-09,validation,0.0008977799999999999,0.0041268,18576,17939,343
experiments/campaigns/ace_polish_20260909/ledger.sqlite3,imo_1969_p2__reference-r64__gpt-5.6-luna__seed1,ad117196173e449e9feaed7d4c1cbfa9,2026-09-09,validation,0.00354724,0.0044062,17351,4772,780
experiments/campaigns/ace_polish_20260909/ledger.sqlite3,imo_1969_p2__reference-r64__gpt-5.6-luna__seed1,2eb65b78aff6447b93b8b7f32977cee2,2026-09-09,validation,0.00344944,0.0043083999999999996,18452,4772,515
experiments/campaigns/ace_polish_20260909/ledger.sqlite3,imo_1969_p2__reference-r64__gpt-5.6-luna__seed1,669d0b104f3b4dd1a8ffdd18241ea100,2026-09-09,validation,0.0010967799999999999,0.0044176,20972,18449,186
experiments/campaigns/ace_polish_20260909/ledger.sqlite3,imo_1969_p2__reference-r64__gpt-5.6-luna__seed1,8c78512719c442699c7a4f6b07c95ca9,2026-09-09,validation,0.0016531799999999998,0.0054275999999999994,21546,20969,932
experiments/campaigns/ace_polish_20260909/ledger.sqlite3,imo_1969_p2__reference-r64__gpt-5.6-luna__seed1,04599a80e2c4469ca35c116e3c27ad34,2026-09-09,validation,0.00468664,0.0055455999999999995,24542,4772,531
experiments/campaigns/ace_polish_20260909/ledger.sqlite3,imo_1969_p2__reference-r64__gpt-5.6-luna__seed1,00a63693ff634f5d989de987fb0d206c,2026-09-09,validation,0.0037291800000000003,0.0081462,33819,24539,1152
experiments/campaigns/ace_polish_20260909/ledger.sqlite3,aime_1989_p8__reference-r64__gpt-5.6-luna__seed1,015e656335fc4cd59717aeaa73d6c2ed,2026-09-09,validation,0.0003072,0.0014898,6573,6570,146
experiments/campaigns/ace_polish_20260909/ledger.sqlite3,amc12a_2016_p3__reference-r64__gpt-5.6-luna__seed1,c9755b8524614978bdb0515a35b43c8a,2026-09-09,validation,0.00037796,0.0015386,6451,6448,207
experiments/campaigns/ace_polish_20260909/ledger.sqlite3,amc12a_2016_p3__reference-r64__gpt-5.6-luna__seed1,356c4838b4c94e2abe998a8cbb621268,2026-09-09,validation,0.00043915999999999996,0.0015998,6805,6448,199
experiments/campaigns/ace_polish_20260909/ledger.sqlite3,amc12a_2016_p3__reference-r64__gpt-5.6-luna__seed1,496dd50759fd4f5aa1ca45f86b5f8492,2026-09-09,validation,0.0014764399999999999,0.0027007999999999997,7576,6802,988
experiments/campaigns/ace_polish_20260909/ledger.sqlite3,amc12a_2016_p3__reference-r64__gpt-5.6-luna__seed1,a13e72228728460498da328e08d0ab2c,2026-09-09,validation,0.00194764,0.0028066,10055,4772,663
experiments/campaigns/ace_polish_20260909/ledger.sqlite3,amc12a_2016_p3__reference-r64__gpt-5.6-luna__seed1,947e2d12ebbf49398a9a302356dc0391,2026-09-09,validation,0.0017034399999999999,0.0025624,9014,4772,633
experiments/campaigns/ace_polish_20260909/ledger.sqlite3,amc12a_2016_p3__reference-r64__gpt-5.6-luna__seed1,257070094ead46b79a1101e60ee7c9bb,2026-09-09,validation,0.00208104,0.00294,12402,4772,383
experiments/campaigns/ace_polish_20260909/ledger.sqlite3,amc12a_2016_p3__reference-r64__gpt-5.6-luna__seed1,0f58f5a872044ad18357ae208f686334,2026-09-09,validation,0.00047338,0.0027052,12824,12399,117
experiments/campaigns/ace_polish_20260909/ledger.sqlite3,amc12a_2016_p3__reference-r64__gpt-5.6-luna__seed1,0a88e06ad9284159bdd7e98495eb9d65,2026-09-09,validation,0.00037642,0.0026842,13097,12821,54
experiments/campaigns/ace_polish_20260909/ledger.sqlite3,amc12a_2016_p3__reference-r64__gpt-5.6-luna__seed1,3a94c73b3fc34ffd9334b0ffc2875da8,2026-09-09,validation,0.00045248,0.0028094,13675,13094,62
experiments/campaigns/ace_polish_20260909/ledger.sqlite3,amc12a_2016_p3__reference-r64__gpt-5.6-luna__seed1,c799c96094524cb89c3a534ec17ea7c2,2026-09-09,validation,0.0012152399999999998,0.0036761999999999997,14271,13672,685
experiments/campaigns/ace_polish_20260909/ledger.sqlite3,amc12a_2016_p3__reference-r64__gpt-5.6-luna__seed1,5a2d70b31313467993633e8c7263429a,2026-09-09,validation,0.00245144,0.0033104,12706,4772,641
experiments/campaigns/ace_polish_20260909/ledger.sqlite3,mathd_algebra_234__reference-r64__gpt-5.6-luna__seed1,4cb9aa37f7074bbbbe9078f2a8e3c461,2026-09-09,validation,0.00060564,0.0014646,5961,4772,227
experiments/campaigns/ace_polish_20260909/ledger.sqlite3,mathd_numbertheory_33__reference-r64__gpt-5.6-luna__seed1,47b27dc4e0ea410b9501e1b26f2cf9f0,2026-09-09,validation,0.00040714,0.001474,5930,5927,240
experiments/campaigns/ace_polish_20260909/ledger.sqlite3,mathd_numbertheory_33__reference-r64__gpt-5.6-luna__seed1,f234454cda084f52ac497e8ab661aed7,2026-09-09,validation,0.00032614,0.0013930000000000001,6275,5927,115
experiments/campaigns/ace_polish_20260909/ledger.sqlite3,imo_1981_p6__reference-r64__gpt-5.6-luna__seed1,4f9e44c12e774c71bee1809fd48495a7,2026-09-09,validation,0.00254134,0.0036676,6260,6257,2013
experiments/campaigns/ace_polish_20260909/ledger.sqlite3,imo_1981_p6__reference-r64__gpt-5.6-luna__seed1,1fae951911914e90a64a73d7c51a3e25,2026-09-09,validation,0.00176284,0.0026218,9737,4772,562
experiments/campaigns/ace_polish_20260909/ledger.sqlite3,aime_1991_p9__reference-r64__gpt-5.6-luna__seed1,b756f16154f24b24a9f19a3c92a5cb10,2026-09-09,validation,0.00031696000000000003,0.0014686,6401,6398,157
experiments/campaigns/ace_polish_20260909/ledger.sqlite3,aime_1991_p9__reference-r64__gpt-5.6-luna__seed1,8505fca4c0c74e64ac22bee87e1c9fe9,2026-09-09,validation,0.00033336,0.0014849999999999998,6597,6398,138
experiments/campaigns/ace_polish_20260909/ledger.sqlite3,aime_1991_p9__reference-r64__gpt-5.6-luna__seed1,616d9989764241a69817b1c2dcc9363e,2026-09-09,validation,0.00045728,0.0016442,7369,6594,142
experiments/campaigns/ace_polish_20260909/ledger.sqlite3,aime_1991_p9__reference-r64__gpt-5.6-luna__seed1,aa01bf8f94f5488fa42ace366f8894b0,2026-09-09,validation,0.00047732,0.0018031999999999998,8002,7366,169
experiments/campaigns/ace_polish_20260909/ledger.sqlite3,aime_1991_p9__reference-r64__gpt-5.6-luna__seed1,63d16dd7720c42febb6b49550be4a4ae,2026-09-09,validation,0.00032578,0.0017655999999999998,8624,7999,34
experiments/campaigns/ace_polish_20260909/ledger.sqlite3,aime_1991_p9__reference-r64__gpt-5.6-luna__seed1,5c81f36c757745c1b1c4d8c3577b9f64,2026-09-09,validation,0.00152242,0.0030742,8849,8621,1087
experiments/campaigns/ace_polish_20260909/ledger.sqlite3,aime_1991_p9__reference-r64__gpt-5.6-luna__seed1,e6496607180042598e715b54974e1e98,2026-09-09,validation,0.0005525199999999999,0.0021448,9980,8846,124
experiments/campaigns/ace_polish_20260909/ledger.sqlite3,aime_1991_p9__reference-r64__gpt-5.6-luna__seed1,d84c59c994d440e5bdfc679376463b7f,2026-09-09,validation,0.00076654,0.0025624000000000003,10640,9977,362
experiments/campaigns/ace_polish_20260909/ledger.sqlite3,aime_1991_p9__reference-r64__gpt-5.6-luna__seed1,cc9e317648af4ef38960018f4163f183,2026-09-09,validation,0.00293544,0.0037944,12162,4772,1135
experiments/campaigns/ace_polish_20260909/ledger.sqlite3,aime_1991_p9__reference-r64__gpt-5.6-luna__seed1,8b9103caba9047b5999188be20d0f230,2026-09-09,validation,0.00136584,0.0022248,10416,4772,118
experiments/campaigns/ace_polish_20260909/ledger.sqlite3,aime_1991_p9__reference-r64__gpt-5.6-luna__seed1,d133d958f54d45ea8d874b36da571ac2,2026-09-09,validation,0.00190826,0.0037825999999999997,10723,10413,1365
experiments/campaigns/ace_polish_20260909/ledger.sqlite3,aime_1991_p9__reference-r64__gpt-5.6-luna__seed1,26def291889a4e6fabad722e6a84b358,2026-09-09,validation,0.0011802,0.0031098,12261,10720,548
experiments/campaigns/ace_polish_20260909/ledger.sqlite3,aime_1991_p9__reference-r64__gpt-5.6-luna__seed1,d6bf152c1f6e47d98f2ffae9363d89bd,2026-09-09,validation,0.00256604,0.0034249999999999997,11575,4772,925
experiments/campaigns/ace_polish_20260909/ledger.sqlite3,aime_1991_p9__reference-r64__gpt-5.6-luna__seed1,9e46ae1d48c940af88500d237c00b96b,2026-09-09,validation,0.00126404,0.003347,12817,11572,653
experiments/campaigns/ace_polish_20260909/ledger.sqlite3,aime_1991_p9__reference-r64__gpt-5.6-luna__seed1,ca7b3533168a477f8827c5d8a333eae5,2026-09-09,validation,0.0031772799999999998,0.0054838,13787,12814,2272
experiments/campaigns/ace_polish_20260909/ledger.sqlite3,aime_1991_p9__reference-r64__gpt-5.6-luna__seed1,083d09ed74334a8fbeaf955c1f97e48b,2026-09-09,validation,0.00305144,0.0039104,13318,4772,1039
experiments/campaigns/ace_polish_20260909/ledger.sqlite3,aime_1991_p9__reference-r64__gpt-5.6-luna__seed1,2e65773030034646ae92a927aa360ff1,2026-09-09,validation,0.0031834399999999996,0.0040424,14374,4772,973
experiments/campaigns/ace_polish_20260909/ledger.sqlite3,aime_1991_p9__reference-r64__gpt-5.6-luna__seed1,7dd660aa67024eeba3830025103e71b1,2026-09-09,validation,0.00352304,0.0043820000000000005,15448,4772,1077
experiments/campaigns/ace_polish_20260909/ledger.sqlite3,aime_1991_p9__reference-r64__gpt-5.6-luna__seed1,bf8d92427a8f49f1ba1214e2bea9c505,2026-09-09,validation,0.0039628400000000005,0.004821799999999999,16789,4772,1220
experiments/campaigns/ace_polish_20260909/ledger.sqlite3,aime_1991_p9__reference-r64__gpt-5.6-luna__seed1,3ae8e079b1f3480d98e109d6685fca12,2026-09-09,validation,0.00401644,0.004875399999999999,17849,4772,1088
experiments/campaigns/ace_polish_20260909/ledger.sqlite3,aime_1991_p9__reference-r64__gpt-5.6-luna__seed1,9b2042eee8aa4ddeb3e8e2da8b802c4e,2026-09-09,validation,0.0036270399999999998,0.0044859999999999995,18674,4772,626
experiments/campaigns/ace_polish_20260909/ledger.sqlite3,amc12a_2019_p21__reference-r64__gpt-5.6-luna__seed1,6162f996a04f41e69b957645b3c05443,2026-09-09,validation,0.00038212,0.0015693999999999999,6599,6596,208
experiments/campaigns/ace_polish_20260909/ledger.sqlite3,amc12a_2019_p21__reference-r64__gpt-5.6-luna__seed1,fe9ec131d99142cdad3d769d294f4acf,2026-09-09,validation,0.00075752,0.0019448,8290,6596,239
experiments/campaigns/ace_polish_20260909/ledger.sqlite3,amc12a_2019_p21__reference-r64__gpt-5.6-luna__seed1,2efac6869e9f4bb6a7c4ec6c845ea552,2026-09-09,validation,0.00047294,0.0019646,9121,8287,117
experiments/campaigns/ace_polish_20260909/ledger.sqlite3,amc12a_2019_p21__reference-r64__gpt-5.6-luna__seed1,514bce0c3b9246ca904a026937217593,2026-09-09,validation,0.00115224,0.0020112,9240,4772,136
experiments/campaigns/ace_polish_20260909/ledger.sqlite3,amc12a_2019_p21__reference-r64__gpt-5.6-luna__seed1,a9837a40436c4c9baffb4af05f72e553,2026-09-09,validation,0.00035494,0.0020175999999999996,9422,9237,111
experiments/campaigns/ace_polish_20260909/ledger.sqlite3,amc12a_2019_p21__reference-r64__gpt-5.6-luna__seed1,ef7a748bb8df44bf8a0eeca992a80f6d,2026-09-09,validation,0.00035838,0.0020538,9855,9419,69
experiments/campaigns/ace_polish_20260909/ledger.sqlite3,amc12a_2019_p21__reference-r64__gpt-5.6-luna__seed1,229506081c4848c1bf45f212e13bd47f,2026-09-09,validation,0.00158464,0.0024435999999999998,10388,4772,305
experiments/campaigns/ace_polish_20260909/ledger.sqlite3,amc12a_2019_p21__reference-r64__gpt-5.6-luna__seed1,832c3e323d85485c9a4a47e766c2c90d,2026-09-09,validation,0.0011654999999999999,0.0030348,11862,10385,552
experiments/campaigns/ace_polish_20260909/ledger.sqlite3,amc12a_2019_p21__reference-r64__gpt-5.6-luna__seed1,fe8fb527340e43c18fab8a3bd344a746,2026-09-09,validation,0.0017924399999999997,0.0026514,12567,4772,115
experiments/campaigns/ace_polish_20260909/ledger.sqlite3,amc12a_2019_p21__reference-r64__gpt-5.6-luna__seed1,b6b58caf89bc4d0bada91eb3ae62db5b,2026-09-09,validation,0.00053588,0.0027974,13297,12564,115
experiments/campaigns/ace_polish_20260909/ledger.sqlite3,amc12a_2019_p21__reference-r64__gpt-5.6-luna__seed1,9b66f42647cd4f579dce8f622d9b0a01,2026-09-09,validation,0.00041988,0.0028128,13452,13294,102
experiments/campaigns/ace_polish_20260909/ledger.sqlite3,amc12a_2019_p21__reference-r64__gpt-5.6-luna__seed1,761b58c59718452cb93c9e90f075062b,2026-09-09,validation,0.00039778,0.0028185999999999997,13607,13449,81
experiments/campaigns/ace_polish_20260909/ledger.sqlite3,amc12a_2019_p21__reference-r64__gpt-5.6-luna__seed1,e2aaeca9134c45d1955218af23556000,2026-09-09,validation,0.00059328,0.003042,14550,13604,110
experiments/campaigns/ace_polish_20260909/ledger.sqlite3,amc12a_2019_p21__reference-r64__gpt-5.6-luna__seed1,4d4b6d083e1a4b4d9dd43365c5935bd6,2026-09-09,validation,0.00050814,0.0031266,15291,14547,57
experiments/campaigns/ace_polish_20260909/ledger.sqlite3,amc12a_2019_p21__reference-r64__gpt-5.6-luna__seed1,93d54bd5605d47d8b9735da344c41904,2026-09-09,validation,0.00107996,0.0038318,15385,15288,629
experiments/campaigns/ace_polish_20260909/ledger.sqlite3,amc12a_2019_p21__reference-r64__gpt-5.6-luna__seed1,d4c7132c2e804386977f3a95cbd9a165,2026-09-09,validation,0.0007518399999999999,0.0035206,16757,15382,141
experiments/campaigns/ace_polish_20260909/ledger.sqlite3,amc12a_2019_p21__reference-r64__gpt-5.6-luna__seed1,589d1879a9f447e19a342e8ca589c868,2026-09-09,validation,0.00047428,0.00349,16928,16754,87
experiments/campaigns/ace_polish_20260909/ledger.sqlite3,amc12a_2019_p21__reference-r64__gpt-5.6-luna__seed1,b481b3a195fc43e5873cb925db1c663d,2026-09-09,validation,0.0013371,0.0043836,20382,16925,256
experiments/campaigns/ace_polish_20260909/ledger.sqlite3,amc12a_2019_p21__reference-r64__gpt-5.6-luna__seed1,d990bba96ab74673b22c2298281387ef,2026-09-09,validation,0.00054438,0.0042125999999999995,20667,20379,66
experiments/campaigns/ace_polish_20260909/ledger.sqlite3,amc12a_2019_p21__reference-r64__gpt-5.6-luna__seed1,12268b00a0114b27908f53b6ed0cd98f,2026-09-09,validation,0.00066248,0.0043820000000000005,20920,20664,165
experiments/campaigns/ace_polish_20260909/ledger.sqlite3,amc12a_2019_p21__reference-r64__gpt-5.6-luna__seed1,7e269ad2940d41c796352a54b6bd67e9,2026-09-09,validation,0.00051874,0.0042838,21137,20917,47
experiments/campaigns/ace_polish_20260909/ledger.sqlite3,amc12a_2019_p21__reference-r64__gpt-5.6-luna__seed1,7e24a798d3ae4afcb68955e9779ddd80,2026-09-09,validation,0.0009716799999999999,0.0047758,21221,21134,443
experiments/campaigns/ace_polish_20260909/ledger.sqlite3,amc12a_2019_p21__reference-r64__gpt-5.6-luna__seed1,7bfd93e7805241f0987fe5a496a36e2b,2026-09-09,validation,0.00363944,0.0044984,20344,4772,358
experiments/campaigns/ace_polish_20260909/ledger.sqlite3,amc12a_2019_p21__reference-r64__gpt-5.6-luna__seed1,339950d6e50340d29e05c4cd46e589a8,2026-09-09,validation,0.00335644,0.0042154,20801,4772,46
experiments/campaigns/ace_polish_20260909/ledger.sqlite3,amc12a_2019_p21__reference-r64__gpt-5.6-luna__seed1,3ed26d916463421d898f45c076ebe98d,2026-09-09,validation,0.00112656,0.0048702,20979,20798,562
experiments/campaigns/ace_polish_20260909/ledger.sqlite3,amc12a_2019_p21__reference-r64__gpt-5.6-luna__seed1,ccc7d70e1c634218a462a274dab5bb0f,2026-09-09,validation,0.00385524,0.0047142,21411,4772,360
experiments/campaigns/ace_polish_20260909/ledger.sqlite3,amc12a_2019_p21__reference-r64__gpt-5.6-luna__seed1,e158df1e922646d6a0b94c5eec03198c,2026-09-09,validation,0.00391984,0.0047788,21896,4772,333
experiments/campaigns/ace_polish_20260909/ledger.sqlite3,amc12a_2019_p21__reference-r64__gpt-5.6-luna__seed1,a8dd30637b134081ba614f18b3a35836,2026-09-09,validation,0.00466164,0.0055206,22413,4772,865
experiments/campaigns/ace_polish_20260909/ledger.sqlite3,amc12a_2019_p21__reference-r64__gpt-5.6-luna__seed1,15129b284bd841b291c66e6dade06ba6,2026-09-09,validation,0.004862839999999999,0.0057218,23011,4772,933
experiments/campaigns/ace_polish_20260909/ledger.sqlite3,mathd_algebra_251__reference-r64__gpt-5.6-luna__seed1,d8606a0e8ea34f998c736b4a97de0e1f,2026-09-09,validation,0.00076264,0.0016216,5966,4772,357
experiments/campaigns/ace_polish_20260909/ledger.sqlite3,mathd_numbertheory_37__reference-r64__gpt-5.6-luna__seed1,c7de11e3adda4bd8bf44ccb3c01d772f,2026-09-09,validation,0.0006036799999999999,0.0017113999999999999,6157,6154,400
experiments/campaigns/ace_polish_20260909/ledger.sqlite3,mathd_numbertheory_37__reference-r64__gpt-5.6-luna__seed1,be8fd42cb93943479ae4898bb7c79e9a,2026-09-09,validation,0.00040948,0.0015171999999999998,6806,6154,130
experiments/campaigns/ace_polish_20260909/ledger.sqlite3,mathd_numbertheory_37__reference-r64__gpt-5.6-luna__seed1,2e4249bf285e4403a1953ad1732a150c,2026-09-09,validation,0.00062944,0.0014884,6896,4772,91
experiments/campaigns/ace_polish_20260909/ledger.sqlite3,mathd_numbertheory_37__reference-r64__gpt-5.6-luna__seed1,2452b46f31494a24991359812f4da32f,2026-09-09,validation,0.0006964599999999999,0.001921,7457,6803,358
experiments/campaigns/ace_polish_20260909/ledger.sqlite3,mathd_numbertheory_37__reference-r64__gpt-5.6-luna__seed1,ba9f3bf3b3e44884ba4bacc563188014,2026-09-09,validation,0.00060748,0.0019491999999999999,8108,7454,273
experiments/campaigns/ace_polish_20260909/ledger.sqlite3,mathd_numbertheory_37__reference-r64__gpt-5.6-luna__seed1,160b7fb1c4484ca28c610ee65c497d53,2026-09-09,validation,0.0014217000000000001,0.0028805999999999997,9963,8105,740
experiments/campaigns/ace_polish_20260909/ledger.sqlite3,mathd_numbertheory_37__reference-r64__gpt-5.6-luna__seed1,4327bf724b444cc3be8ed516e1e4c8ed,2026-09-09,validation,0.00132744,0.0021864,9546,4772,231
experiments/campaigns/ace_polish_20260909/ledger.sqlite3,mathd_numbertheory_37__reference-r64__gpt-5.6-luna__seed1,616b43da070b46c598027dd07a6931aa,2026-09-09,validation,0.00044726,0.002165,9823,9543,167
experiments/campaigns/ace_polish_20260909/ledger.sqlite3,mathd_numbertheory_37__reference-r64__gpt-5.6-luna__seed1,3bdb7178efe34665a609e16890fae153,2026-09-09,validation,0.00143844,0.0022974,9957,4772,255
experiments/campaigns/ace_polish_20260909/ledger.sqlite3,mathd_numbertheory_37__reference-r64__gpt-5.6-luna__seed1,37340a3943ec48759bf8f13530445f85,2026-09-09,validation,0.00136424,0.0022232,10384,4772,122
experiments/campaigns/ace_polish_20260909/ledger.sqlite3,mathd_numbertheory_37__reference-r64__gpt-5.6-luna__seed1,3e5cf62072b44abbb23660a0768ab27c,2026-09-09,validation,0.00094902,0.0028176,10794,10381,549
experiments/campaigns/ace_polish_20260909/ledger.sqlite3,mathd_numbertheory_37__reference-r64__gpt-5.6-luna__seed1,24e7ec9708fd48d5a28fa9290f7d4c49,2026-09-09,validation,0.00078942,0.0027318,11631,10791,338
experiments/campaigns/ace_polish_20260909/ledger.sqlite3,mathd_numbertheory_37__reference-r64__gpt-5.6-luna__seed1,b51d9bffcc1d40379c7be55d5783aeee,2026-09-09,validation,0.00172564,0.0025846,11849,4772,179
experiments/campaigns/ace_polish_20260909/ledger.sqlite3,mathd_numbertheory_37__reference-r64__gpt-5.6-luna__seed1,6b277cda96704ec183980811d1a862b9,2026-09-09,validation,0.0018584399999999998,0.0027174,11997,4772,265
experiments/campaigns/ace_polish_20260909/ledger.sqlite3,mathd_numbertheory_37__reference-r64__gpt-5.6-luna__seed1,25d8ba128fa5477dac6ea8a30052eb0e,2026-09-09,validation,0.00218944,0.0030483999999999997,12740,4772,417
experiments/campaigns/ace_polish_20260909/ledger.sqlite3,mathd_numbertheory_37__reference-r64__gpt-5.6-luna__seed1,e612adfcd1fb4f86a0c9acedf0cd6633,2026-09-09,validation,0.00210644,0.0029654,13147,4772,280
experiments/campaigns/ace_polish_20260909/ledger.sqlite3,mathd_numbertheory_37__reference-r64__gpt-5.6-luna__seed1,e924de0337284a12a8219d4615ab8704,2026-09-09,validation,0.00106394,0.0033566,14077,12737,451
experiments/campaigns/ace_polish_20260909/ledger.sqlite3,mathd_numbertheory_37__reference-r64__gpt-5.6-luna__seed1,c4003b0532b84f3b9ba14c83665a5185,2026-09-09,validation,0.00065808,0.0031913999999999996,14775,14074,197
experiments/campaigns/ace_polish_20260909/ledger.sqlite3,mathd_numbertheory_37__reference-r64__gpt-5.6-luna__seed1,792bf6bfe6b84b03a52d744e1c1d59cb,2026-09-09,validation,0.0007656399999999999,0.0034246,15473,14772,275
experiments/campaigns/ace_polish_20260909/ledger.sqlite3,mathd_numbertheory_37__reference-r64__gpt-5.6-luna__seed1,5de8413eb36a4601ba842595345c20cf,2026-09-09,validation,0.0012492799999999997,0.0036152,15436,13144,440
experiments/campaigns/ace_polish_20260909/ledger.sqlite3,mathd_numbertheory_37__reference-r64__gpt-5.6-luna__seed1,560376cc5e384c4da803744b148cd1b9,2026-09-09,validation,0.0018432,0.0046278,16965,15470,1029
experiments/campaigns/ace_polish_20260909/ledger.sqlite3,mathd_numbertheory_37__reference-r64__gpt-5.6-luna__seed1,c13f9a436ae74cac87816cd0388fff05,2026-09-09,validation,0.0039878399999999994,0.0048468,16548,4772,1281
experiments/campaigns/ace_polish_20260909/ledger.sqlite3,mathd_numbertheory_37__reference-r64__gpt-5.6-luna__seed1,5a1852d4ae9f4f7580412a4207c4b7d1,2026-09-09,validation,0.0014547,0.0044328,18156,16545,668
experiments/campaigns/ace_polish_20260909/ledger.sqlite3,mathd_numbertheory_37__reference-r64__gpt-5.6-luna__seed1,8bf8c523e65a430a8886d2a64f24c4b3,2026-09-09,validation,0.00388704,0.004746,19860,4772,645
experiments/campaigns/ace_polish_20260909/ledger.sqlite3,mathd_numbertheory_37__reference-r64__gpt-5.6-luna__seed1,f82ec665aa8240e898602993ca4522fc,2026-09-09,validation,0.00145806,0.0047256,19800,18153,638
experiments/campaigns/ace_polish_20260909/ledger.sqlite3,imo_1984_p6__reference-r64__gpt-5.6-luna__seed1,a9a9488dd84748cb88148286711ea808,2026-09-09,validation,0.00031961999999999995,0.0015383999999999999,6774,6771,153
experiments/campaigns/ace_polish_20260909/ledger.sqlite3,imo_1984_p6__reference-r64__gpt-5.6-luna__seed1,abef5eaaf26c450daca6111ea70a3a38,2026-09-09,validation,0.0008012200000000001,0.0020199999999999997,7862,6771,373
experiments/campaigns/ace_polish_20260909/ledger.sqlite3,imo_1984_p6__reference-r64__gpt-5.6-luna__seed1,89e371d8b4354259a4430f1aaa993135,2026-09-09,validation,0.00100204,0.001861,8189,4772,186
experiments/campaigns/ace_polish_20260909/ledger.sqlite3,imo_1984_p6__reference-r64__gpt-5.6-luna__seed1,26b38bb4a563499abd7e866eebc9825a,2026-09-09,validation,0.00084672,0.0023201999999999997,8967,8186,439
experiments/campaigns/ace_polish_20260909/ledger.sqlite3,imo_1984_p6__reference-r64__gpt-5.6-luna__seed1,e3267bdcda474cbdb56a7f4208efd4b1,2026-09-09,validation,0.00056448,0.002178,9438,8964,242
experiments/campaigns/ace_polish_20260909/ledger.sqlite3,imo_1984_p6__reference-r64__gpt-5.6-luna__seed1,9fc2e82647b54aec9b2b530bf38a52e3,2026-09-09,validation,0.0003479,0.0020461999999999998,9919,9435,52
experiments/campaigns/ace_polish_20260909/ledger.sqlite3,imo_1984_p6__reference-r64__gpt-5.6-luna__seed1,bf106798c7124ba3b2c97195dbc97b01,2026-09-09,validation,0.0006643199999999999,0.0024491999999999995,10158,9916,348
experiments/campaigns/ace_polish_20260909/ledger.sqlite3,imo_1984_p6__reference-r64__gpt-5.6-luna__seed1,3b340c5cc5504bc78427c65cbe08fa62,2026-09-09,validation,0.0005813,0.0024092,10906,10155,190
experiments/campaigns/ace_polish_20260909/ledger.sqlite3,imo_1984_p6__reference-r64__gpt-5.6-luna__seed1,4bc78289e7244570970f5e986999b605,2026-09-09,validation,0.0016012399999999999,0.0024602,10561,4772,290
experiments/campaigns/ace_polish_20260909/ledger.sqlite3,imo_1984_p6__reference-r64__gpt-5.6-luna__seed1,f462ca9b10d34758a8d7a89fc6045b20,2026-09-09,validation,0.0019676399999999997,0.0028266000000000003,11229,4772,484
experiments/campaigns/ace_polish_20260909/ledger.sqlite3,imo_1984_p6__reference-r64__gpt-5.6-luna__seed1,237cefd2dfb040efb05cd24565b31876,2026-09-09,validation,0.0010301199999999998,0.0030507999999999998,12788,11226,411
experiments/campaigns/ace_polish_20260909/ledger.sqlite3,imo_1984_p6__reference-r64__gpt-5.6-luna__seed1,a658d56c2ad44b72973fc8c788ee867a,2026-09-09,validation,0.0008765,0.0031778,13231,12785,443
experiments/campaigns/ace_polish_20260909/ledger.sqlite3,imo_1984_p6__reference-r64__gpt-5.6-luna__seed1,bd8aff664bf9499a89c75e3be4c47bf7,2026-09-09,validation,0.0024614399999999996,0.0033204000000000003,13212,4772,565
experiments/campaigns/ace_polish_20260909/ledger.sqlite3,imo_1984_p6__reference-r64__gpt-5.6-luna__seed1,53f4ac287b1b406aa54ef75030c35d14,2026-09-09,validation,0.0007567799999999999,0.0031344,14082,13209,265
experiments/campaigns/ace_polish_20260909/ledger.sqlite3,imo_1984_p6__reference-r64__gpt-5.6-luna__seed1,7ee1b05ac21941859706d90e05a71c27,2026-09-09,validation,0.00279064,0.0036496,14300,4772,658
experiments/campaigns/ace_polish_20260909/ledger.sqlite3,imo_1984_p6__reference-r64__gpt-5.6-luna__seed1,3f79110a536a4820b12e53285949d75b,2026-09-09,validation,0.0013381399999999998,0.0039116,16948,14297,435
experiments/campaigns/ace_polish_20260909/ledger.sqlite3,imo_1984_p6__reference-r64__gpt-5.6-luna__seed1,e4ee5ead8c154d3f9e609b5134492963,2026-09-09,validation,0.0007449,0.0037949999999999998,17415,16945,260
experiments/campaigns/ace_polish_20260909/ledger.sqlite3,imo_1984_p6__reference-r64__gpt-5.6-luna__seed1,b8f7fabe58cd4486b6a149b54dbf259b,2026-09-09,validation,0.00064264,0.0037767999999999994,17726,17412,193
experiments/campaigns/ace_polish_20260909/ledger.sqlite3,imo_1984_p6__reference-r64__gpt-5.6-luna__seed1,e262e817c5ec4711a4a0ccf7d11cfe3c,2026-09-09,validation,0.0012060600000000001,0.004396199999999999,18543,17723,573
experiments/campaigns/ace_polish_20260909/ledger.sqlite3,imo_1984_p6__reference-r64__gpt-5.6-luna__seed1,fdc392fc53f147d0835635295205159d,2026-09-09,validation,0.000673,0.0040102,19505,18540,91
experiments/campaigns/ace_polish_20260909/ledger.sqlite3,imo_1984_p6__reference-r64__gpt-5.6-luna__seed1,cf6e2ca9978d4e39b57989c0b967ee68,2026-09-09,validation,0.0005466399999999999,0.004057,19985,19502,50
experiments/campaigns/ace_polish_20260909/ledger.sqlite3,imo_1984_p6__reference-r64__gpt-5.6-luna__seed1,ca31889f89e8491cae09f8cd58c5c09f,2026-09-09,validation,0.00121524,0.0048119999999999994,20424,19982,606
experiments/campaigns/ace_polish_20260909/ledger.sqlite3,imo_1984_p6__reference-r64__gpt-5.6-luna__seed1,3abe84b0e7df428e84c3ddd0232addb3,2026-09-09,validation,0.00117204,0.0047688,21654,19982,365
experiments/campaigns/ace_polish_20260909/ledger.sqlite3,imo_1984_p6__reference-r64__gpt-5.6-luna__seed1,bbe900ce35904a3d96d58fd97aa05352,2026-09-09,validation,0.0034018399999999997,0.0042607999999999995,20266,4772,173
experiments/campaigns/ace_polish_20260909/ledger.sqlite3,imo_1984_p6__reference-r64__gpt-5.6-luna__seed1,8c799017a71840179da17f1ed460f6f7,2026-09-09,validation,0.00075826,0.0044056,20780,20263,208
experiments/campaigns/ace_polish_20260909/ledger.sqlite3,imo_1984_p6__reference-r64__gpt-5.6-luna__seed1,322d14cc78c5431baadb529248f4d21d,2026-09-09,validation,0.00508444,0.0059434,21575,4772,1357
experiments/campaigns/ace_polish_20260909/ledger.sqlite3,imo_1984_p6__reference-r64__gpt-5.6-luna__seed1,d766b488c882462d8562802ef6165119,2026-09-09,validation,0.00497684,0.0058357999999999995,22555,4772,1104
experiments/campaigns/ace_polish_20260909/ledger.sqlite3,amc12a_2020_p21__reference-r64__gpt-5.6-luna__seed1,bf97f17f737c49d0acec15e59dd0d4e3,2026-09-09,validation,0.0014674599999999999,0.0026379999999999997,6506,6503,1114
experiments/campaigns/ace_polish_20260909/ledger.sqlite3,amc12a_2020_p21__reference-r64__gpt-5.6-luna__seed1,5397402b91bf469f9636df1624a86b4d,2026-09-09,validation,0.0012664599999999999,0.002437,7721,6503,744
experiments/campaigns/ace_polish_20260909/ledger.sqlite3,amc12a_2020_p21__reference-r64__gpt-5.6-luna__seed1,5031f87dec7d425da967d4dbb7e2b647,2026-09-09,validation,0.00291116,0.004300399999999999,9268,7718,2039
experiments/campaigns/ace_polish_20260909/ledger.sqlite3,amc12a_2020_p21__reference-r64__gpt-5.6-luna__seed1,33ab43752bc348ee9ec756852ebabd8e,2026-09-09,validation,0.00194904,0.0028079999999999997,7902,4772,1023
experiments/campaigns/ace_polish_20260909/ledger.sqlite3,amc12a_2020_p21__reference-r64__gpt-5.6-luna__seed1,375ee59a1a7c4ef4a3340fadac06266a,2026-09-09,validation,0.00103798,0.0024598,10235,7899,344
experiments/campaigns/ace_polish_20260909/ledger.sqlite3,amc12a_2020_p21__reference-r64__gpt-5.6-luna__seed1,bddea15e4ff04f2f810bff85acaab1cd,2026-09-09,validation,0.00125604,0.0030977999999999995,10713,10232,796
experiments/campaigns/ace_polish_20260909/ledger.sqlite3,amc12a_2020_p21__reference-r64__gpt-5.6-luna__seed1,42c52f9c1112431880692a49c305c718,2026-09-09,validation,0.00241784,0.0032768,9946,4772,1073
experiments/campaigns/ace_polish_20260909/ledger.sqlite3,amc12a_2020_p21__reference-r64__gpt-5.6-luna__seed1,c9bab6c6d3cd4e7b9dc31a9f5553774f,2026-09-09,validation,0.00047086,0.0022605999999999998,11111,9943,32
experiments/campaigns/ace_polish_20260909/ledger.sqlite3,amc12a_2020_p21__reference-r64__gpt-5.6-luna__seed1,802dec1a1f864352b65af120e04e4388,2026-09-09,validation,0.0005019600000000001,0.0025014,11235,11108,212
experiments/campaigns/ace_polish_20260909/ledger.sqlite3,amc12a_2020_p21__reference-r64__gpt-5.6-luna__seed1,dec765e220974303b1dc941a35c247a2,2026-09-09,validation,0.00036664000000000005,0.0023883999999999997,11660,11232,47
experiments/campaigns/ace_polish_20260909/ledger.sqlite3,amc12a_2020_p21__reference-r64__gpt-5.6-luna__seed1,581c532f6eaa43a6bc8850e946e12b0f,2026-09-09,validation,0.00030674,0.002405,11851,11657,29
experiments/campaigns/ace_polish_20260909/ledger.sqlite3,amc12a_2020_p21__reference-r64__gpt-5.6-luna__seed1,3febe8453d854c6690a74c126c4ed8f5,2026-09-09,validation,0.00034335999999999997,0.002476,11972,11848,68
experiments/campaigns/ace_polish_20260909/ledger.sqlite3,amc12a_2020_p21__reference-r64__gpt-5.6-luna__seed1,c9d1723e57964ce2859fb65c99ff6f5d,2026-09-09,validation,0.00031138,0.0024658,12083,11969,41
experiments/campaigns/ace_polish_20260909/ledger.sqlite3,amc12a_2020_p21__reference-r64__gpt-5.6-luna__seed1,8a83c731e3a24423abc9a9f9803f69e6,2026-09-09,validation,0.0018336,0.004007999999999999,12312,12080,1288
experiments/campaigns/ace_polish_20260909/ledger.sqlite3,amc12a_2020_p21__reference-r64__gpt-5.6-luna__seed1,531ff6321d8e43f984db9c36d34e9953,2026-09-09,validation,0.00116998,0.0033856,13862,12309,511
experiments/campaigns/ace_polish_20260909/ledger.sqlite3,amc12a_2020_p21__reference-r64__gpt-5.6-luna__seed1,f816d321704f48538fd3a8302ff99459,2026-09-09,validation,0.0012041999999999999,0.003132,13500,10710,360
experiments/campaigns/ace_polish_20260909/ledger.sqlite3,amc12a_2020_p21__reference-r64__gpt-5.6-luna__seed1,43ed685541aa40d4871034dc2165d5cc,2026-09-09,validation,0.0024846399999999998,0.0033435999999999995,12356,4772,727
experiments/campaigns/ace_polish_20260909/ledger.sqlite3,amc12a_2020_p21__reference-r64__gpt-5.6-luna__seed1,d026e07d0a8846989e30edadb3bc2971,2026-09-09,validation,0.0009746599999999999,0.0031982,13873,12353,353
experiments/campaigns/ace_polish_20260909/ledger.sqlite3,amc12a_2020_p21__reference-r64__gpt-5.6-luna__seed1,4f5c43d9f21c40c9807becd4404aada4,2026-09-09,validation,0.00294944,0.0038084,14800,4772,707
experiments/campaigns/ace_polish_20260909/ledger.sqlite3,amc12a_2020_p21__reference-r64__gpt-5.6-luna__seed1,a3a182bd62df4651baa08e8d8fd91646,2026-09-09,validation,0.00309764,0.003956599999999999,16195,4772,598
experiments/campaigns/ace_polish_20260909/ledger.sqlite3,amc12a_2020_p21__reference-r64__gpt-5.6-luna__seed1,c750befd8d90494692676999e9d85554,2026-09-09,validation,0.00128244,0.004197,16833,16192,692
experiments/campaigns/ace_polish_20260909/ledger.sqlite3,amc12a_2020_p21__reference-r64__gpt-5.6-luna__seed1,6f6aed6726154e0dbb179659b6ac8a13,2026-09-09,validation,0.00350084,0.0043598,17749,4772,675
experiments/campaigns/ace_polish_20260909/ledger.sqlite3,amc12a_2020_p21__reference-r64__gpt-5.6-luna__seed1,67945167acfe42ffa69fea3b2c9e42df,2026-09-09,validation,0.00143632,0.0046305999999999995,19577,17746,596
experiments/campaigns/ace_polish_20260909/ledger.sqlite3,amc12a_2020_p21__reference-r64__gpt-5.6-luna__seed1,10eaccfa3c55465f83ee3d0794149bce,2026-09-09,validation,0.00133868,0.004862,21340,19574,495
experiments/campaigns/ace_polish_20260909/ledger.sqlite3,amc12a_2020_p21__reference-r64__gpt-5.6-luna__seed1,ca9fd99daf9f4d9398dcdef611ead5e2,2026-09-09,validation,0.00520524,0.0060642,21753,4772,1428
experiments/campaigns/ace_polish_20260909/ledger.sqlite3,mathd_algebra_282__reference-r64__gpt-5.6-luna__seed1,96ec474b2e4741e8866ea15f53a007ac,2026-09-09,validation,0.00032255999999999995,0.0014705999999999999,6381,6378,162
experiments/campaigns/ace_polish_20260909/ledger.sqlite3,mathd_algebra_282__reference-r64__gpt-5.6-luna__seed1,a5326779f580410c8c583769785ea42b,2026-09-09,validation,0.00060096,0.001749,7725,6378,170
experiments/campaigns/ace_polish_20260909/ledger.sqlite3,mathd_algebra_282__reference-r64__gpt-5.6-luna__seed1,5a6650448dea46e4aabce2b74736bd0b,2026-09-09,validation,0.00093804,0.002328,10122,7722,253
experiments/campaigns/ace_polish_20260909/ledger.sqlite3,mathd_algebra_282__reference-r64__gpt-5.6-luna__seed1,e76a2e83f3c54ce7b71df2c795262fae,2026-09-09,validation,0.00108498,0.0029064,12360,10119,362
experiments/campaigns/ace_polish_20260909/ledger.sqlite3,mathd_algebra_282__reference-r64__gpt-5.6-luna__seed1,4e60676038cf4de1bce0e096591bea26,2026-09-09,validation,0.0008795399999999999,0.0031038,14157,12357,227
experiments/campaigns/ace_polish_20260909/ledger.sqlite3,mathd_algebra_282__reference-r64__gpt-5.6-luna__seed1,5955b0bc9f4048f0a3f7964157e97870,2026-09-09,validation,0.00041428,0.002962,14534,14154,46
experiments/campaigns/ace_polish_20260909/ledger.sqlite3,mathd_algebra_282__reference-r64__gpt-5.6-luna__seed1,d481a957797742e3b832194fc69907a6,2026-09-09,validation,0.00052382,0.0031394,14743,14531,159
experiments/campaigns/ace_polish_20260909/ledger.sqlite3,mathd_algebra_282__reference-r64__gpt-5.6-luna__seed1,505ce1e5c7b14be2b57a9986ca8f2973,2026-09-09,validation,0.0005972,0.0032503999999999996,15052,14740,200
experiments/campaigns/ace_polish_20260909/ledger.sqlite3,mathd_algebra_282__reference-r64__gpt-5.6-luna__seed1,b1d2edbbcc0b4ec7af41335971af5819,2026-09-09,validation,0.00054198,0.0032508,15402,15049,142
experiments/campaigns/ace_polish_20260909/ledger.sqlite3,mathd_algebra_282__reference-r64__gpt-5.6-luna__seed1,567e019533314b679b58908ea897f48c,2026-09-09,validation,0.0009413799999999999,0.0037132,16124,15399,407
experiments/campaigns/ace_polish_20260909/ledger.sqlite3,mathd_algebra_282__reference-r64__gpt-5.6-luna__seed1,c17d1ba471c5454ebdcbe15809b7f23c,2026-09-09,validation,0.00090982,0.0038115999999999996,17558,16121,250
experiments/campaigns/ace_polish_20260909/ledger.sqlite3,mathd_algebra_282__reference-r64__gpt-5.6-luna__seed1,0b6de122266449d5a1a8ff0e297b5b89,2026-09-09,validation,0.0007999,0.0039598,17951,17555,308
experiments/campaigns/ace_polish_20260909/ledger.sqlite3,mathd_algebra_282__reference-r64__gpt-5.6-luna__seed1,5d54453d5e97412a9d96d993a7f73677,2026-09-09,validation,0.0017807599999999997,0.005011399999999999,22189,17948,478
experiments/campaigns/ace_polish_20260909/ledger.sqlite3,mathd_algebra_282__reference-r64__gpt-5.6-luna__seed1,f900c97479854e18ace932855b1a6c56,2026-09-09,validation,0.00079892,0.0047924000000000005,22810,22186,192
experiments/campaigns/ace_polish_20260909/ledger.sqlite3,mathd_algebra_282__reference-r64__gpt-5.6-luna__seed1,8aaf5ed1120a4fdeb397e1a8e0accdc9,2026-09-09,validation,0.0036672399999999996,0.004526199999999999,21047,4772,264
experiments/campaigns/ace_polish_20260909/ledger.sqlite3,mathd_algebra_282__reference-r64__gpt-5.6-luna__seed1,b2219f202bbd44219e4aab432a0cd039,2026-09-09,validation,0.0009094799999999999,0.004697399999999999,22089,21044,233
experiments/campaigns/ace_polish_20260909/ledger.sqlite3,mathd_algebra_282__reference-r64__gpt-5.6-luna__seed1,81e7054867174ea998f31f43f76ea777,2026-09-09,validation,0.0008931200000000001,0.0048686,22771,22086,262
experiments/campaigns/ace_polish_20260909/ledger.sqlite3,mathd_algebra_282__reference-r64__gpt-5.6-luna__seed1,180e96d960454fcc915f6c58b094a94f,2026-09-09,validation,0.0024545599999999997,0.0065528,26974,22768,965
experiments/campaigns/ace_polish_20260909/ledger.sqlite3,mathd_algebra_282__reference-r64__gpt-5.6-luna__seed1,18960e30d69d4f7cbd917314fcad9d8a,2026-09-09,validation,0.00103022,0.005885,28069,26971,226
experiments/campaigns/ace_polish_20260909/ledger.sqlite3,mathd_algebra_282__reference-r64__gpt-5.6-luna__seed1,74321013b39049619fbe3fa9c6ff74e4,2026-09-09,validation,0.00107972,0.0061316,28558,28066,350
experiments/campaigns/ace_polish_20260909/ledger.sqlite3,mathd_algebra_282__reference-r64__gpt-5.6-luna__seed1,92170c189ddc48cdad2ba80c9102cfd5,2026-09-09,validation,0.0010207,0.0061606,29171,28555,272
experiments/campaigns/ace_polish_20260909/ledger.sqlite3,mathd_algebra_282__reference-r64__gpt-5.6-luna__seed1,649c1c9264ef4a59ab5a7b1a2383ca82,2026-09-09,validation,0.00074256,0.0059927999999999995,29706,29168,43
experiments/campaigns/ace_polish_20260909/ledger.sqlite3,mathd_algebra_282__reference-r64__gpt-5.6-luna__seed1,0a0de03cbc4e463f9e97d6d4f7551430,2026-09-09,validation,0.0006942599999999999,0.0060408,30012,29703,32
experiments/campaigns/ace_polish_20260909/ledger.sqlite3,mathd_algebra_282__reference-r64__gpt-5.6-luna__seed1,9cfd14885a61459eb19ceadacab385df,2026-09-09,validation,0.0007101799999999999,0.0061118000000000006,30157,30009,67
experiments/campaigns/ace_polish_20260909/ledger.sqlite3,mathd_algebra_282__reference-r64__gpt-5.6-luna__seed1,1512f868132148ed997fd4da77dcffb0,2026-09-09,validation,0.00072848,0.0061562,30487,30154,49
experiments/campaigns/ace_polish_20260909/ledger.sqlite3,mathd_algebra_282__reference-r64__gpt-5.6-luna__seed1,402f8850e12f4497a9b330b3b34b4264,2026-09-09,validation,0.00075908,0.0062461999999999995,30793,30484,73
experiments/campaigns/ace_polish_20260909/ledger.sqlite3,mathd_algebra_282__reference-r64__gpt-5.6-luna__seed1,83a94adf23fa4645992ba12af4b972c1,2026-09-09,validation,0.005464039999999999,0.006323,29137,4772,413
experiments/campaigns/ace_polish_20260909/ledger.sqlite3,mathd_algebra_282__reference-r64__gpt-5.6-luna__seed1,2823a2e8a8d74f42ab5ee2ddf117f914,2026-09-09,validation,0.00125368,0.0064978,30461,29134,338
experiments/campaigns/ace_polish_20260909/ledger.sqlite3,mathd_algebra_282__reference-r64__gpt-5.6-luna__seed1,521ddf9b9cdd4b2496fd066dba29290b,2026-09-09,validation,0.00100816,0.0064906,30911,30458,257
experiments/campaigns/ace_polish_20260909/ledger.sqlite3,mathd_numbertheory_405__reference-r64__gpt-5.6-luna__seed1,7db114cc17814a7c94a7702726254f7b,2026-09-09,validation,0.00085064,0.0017096,6466,4772,347
experiments/campaigns/ace_polish_20260909/ledger.sqlite3,mathd_numbertheory_405__reference-r64__gpt-5.6-luna__seed1,e7c36a7009a44fc2b8c12452c29ca6e5,2026-09-09,validation,0.0005134600000000001,0.0016768,7748,6463,106
experiments/campaigns/ace_polish_20260909/ledger.sqlite3,mathd_numbertheory_405__reference-r64__gpt-5.6-luna__seed1,ec3174975c824dc79852c285f0438b2a,2026-09-09,validation,0.0011163,0.0025104,8820,7745,622
experiments/campaigns/ace_polish_20260909/ledger.sqlite3,mathd_numbertheory_405__reference-r64__gpt-5.6-luna__seed1,c87da6170aa54b9389d1ac1f2ab11dae,2026-09-09,validation,0.00240854,0.0039956,9706,8817,1712
experiments/campaigns/ace_polish_20260909/ledger.sqlite3,mathd_numbertheory_405__reference-r64__gpt-5.6-luna__seed1,acd4d0164ad24ca393853834e966768a,2026-09-09,validation,0.00296344,0.0038224,10490,4772,1437
experiments/campaigns/ace_polish_20260909/ledger.sqlite3,mathd_numbertheory_405__reference-r64__gpt-5.6-luna__seed1,88ecabc4c26e4db6bc4ee1100e052797,2026-09-09,validation,0.00269884,0.0035578,14687,4772,517
experiments/campaigns/ace_polish_20260909/ledger.sqlite3,mathd_numbertheory_405__reference-r64__gpt-5.6-luna__seed1,2b41663fcbc44ad6a691c1671b9b3903,2026-09-09,validation,0.00506244,0.0059214,18555,4772,1842
experiments/campaigns/ace_polish_20260909/ledger.sqlite3,mathd_numbertheory_405__reference-r64__gpt-5.6-luna__seed1,230726d402e64a5c9eff7a4825a411f9,2026-09-09,validation,0.00551024,0.0063692,20626,4772,1870
experiments/campaigns/ace_polish_20260909/ledger.sqlite3,mathd_numbertheory_405__reference-r64__gpt-5.6-luna__seed1,cd924052ce7346f4ac65af81cdce88e0,2026-09-09,validation,0.006127039999999999,0.006985999999999999,23884,4772,1841
experiments/campaigns/ace_polish_20260909/ledger.sqlite3,mathd_numbertheory_405__reference-r64__gpt-5.6-luna__seed1,4377d18d9bd84510a83391a3e063581d,2026-09-09,validation,0.006954239999999999,0.0078132,27570,4772,1916
experiments/campaigns/ace_polish_20260909/ledger.sqlite3,amc12b_2002_p3__reference-r64__gpt-5.6-luna__seed1,7cb063702fb242eaaf7b2e118df7d4a0,2026-09-09,validation,0.00036728,0.0014642000000000001,6097,6094,204
experiments/campaigns/ace_polish_20260909/ledger.sqlite3,amc12b_2002_p3__reference-r64__gpt-5.6-luna__seed1,0c125fe182b74de4b32a40fa3252d97d,2026-09-09,validation,0.0006052799999999999,0.0017022,7737,6094,129
experiments/campaigns/ace_polish_20260909/ledger.sqlite3,amc12b_2002_p3__reference-r64__gpt-5.6-luna__seed1,9e9181171f37458081b31fe59071c69a,2026-09-09,validation,0.0012800799999999998,0.0026722,8837,7734,754
experiments/campaigns/ace_polish_20260909/ledger.sqlite3,amc12b_2002_p3__reference-r64__gpt-5.6-luna__seed1,14b445c150494d858f27fd562ba33332,2026-09-09,validation,0.00125464,0.0021135999999999998,9452,4772,186
experiments/campaigns/ace_polish_20260909/ledger.sqlite3,amc12b_2002_p3__reference-r64__gpt-5.6-luna__seed1,c5d88115dd654c32af3f68c59cb50df8,2026-09-09,validation,0.00073678,0.0024376,9686,9449,417
experiments/campaigns/ace_polish_20260909/ledger.sqlite3,amc12b_2002_p3__reference-r64__gpt-5.6-luna__seed1,114b87d9ec3041e5b138d19478c25407,2026-09-09,validation,0.00102006,0.002763,10587,9683,538
experiments/campaigns/ace_polish_20260909/ledger.sqlite3,mathd_algebra_327__reference-r64__gpt-5.6-luna__seed1,68e08edc74d04ca5a76ab3910066e895,2026-09-09,validation,0.0005294399999999999,0.0013884,5964,4772,163
experiments/campaigns/ace_polish_20260909/ledger.sqlite3,mathd_algebra_327__reference-r64__gpt-5.6-luna__seed1,1c04c9225cfb4157a5a173dc7479b681,2026-09-09,validation,0.00020322,0.0012762,6165,5961,36
experiments/campaigns/ace_polish_20260909/ledger.sqlite3,mathd_algebra_327__reference-r64__gpt-5.6-luna__seed1,ac88b306a1e34a7bb4d6c97d8f020707,2026-09-09,validation,0.00094484,0.002054,9322,6162,158
experiments/campaigns/ace_polish_20260909/ledger.sqlite3,mathd_numbertheory_43__reference-r64__gpt-5.6-luna__seed1,1048c1404fc549e68d601f574ea37343,2026-09-09,validation,0.00070856,0.0018206,6181,6178,487
experiments/campaigns/ace_polish_20260909/ledger.sqlite3,mathd_numbertheory_43__reference-r64__gpt-5.6-luna__seed1,b4708e0fe7a6437bbf60611ba21d8d4a,2026-09-09,validation,0.00048676,0.0015988,7850,6178,24
experiments/campaigns/ace_polish_20260909/ledger.sqlite3,mathd_numbertheory_43__reference-r64__gpt-5.6-luna__seed1,32461f12aab5441da3999d36916da222,2026-09-09,validation,0.0010411399999999999,0.0024536,8056,7847,702
experiments/campaigns/ace_polish_20260909/ledger.sqlite3,mathd_numbertheory_43__reference-r64__gpt-5.6-luna__seed1,7c9e27244a204394a43350e02130e748,2026-09-09,validation,0.00125904,0.002118,8094,4772,416
experiments/campaigns/ace_polish_20260909/ledger.sqlite3,mathd_numbertheory_43__reference-r64__gpt-5.6-luna__seed1,40376805bc614a379ed187619ce1a062,2026-09-09,validation,0.00061462,0.002071,8699,8091,276
experiments/campaigns/ace_polish_20260909/ledger.sqlite3,mathd_numbertheory_43__reference-r64__gpt-5.6-luna__seed1,57a1bdbff4f24b49a8016ea718cfaffa,2026-09-09,validation,0.00070432,0.0022696,9128,8696,370
experiments/campaigns/ace_polish_20260909/ledger.sqlite3,mathd_numbertheory_43__reference-r64__gpt-5.6-luna__seed1,219e187166844540aa50a349655abe02,2026-09-09,validation,0.0009648999999999999,0.0026073999999999997,9725,9125,552
experiments/campaigns/ace_polish_20260909/ledger.sqlite3,mathd_numbertheory_43__reference-r64__gpt-5.6-luna__seed1,086c2efc777a4126926d5851cf512cbe,2026-09-09,validation,0.0006312399999999999,0.0023812,10466,9722,240
experiments/campaigns/ace_polish_20260909/ledger.sqlite3,mathd_numbertheory_43__reference-r64__gpt-5.6-luna__seed1,c3817967eff749ffa4f277c036414ed0,2026-09-09,validation,0.00032946,0.0022128,10830,10463,39
experiments/campaigns/ace_polish_20260909/ledger.sqlite3,mathd_numbertheory_43__reference-r64__gpt-5.6-luna__seed1,6985c8acfa5e4446930a63b6f40033a6,2026-09-09,validation,0.00029174,0.0022405999999999997,10921,10827,47
experiments/campaigns/ace_polish_20260909/ledger.sqlite3,mathd_numbertheory_43__reference-r64__gpt-5.6-luna__seed1,36413127a23e4968bb78e77e63272983,2026-09-09,validation,0.0008171599999999999,0.0027824,11110,10918,467
experiments/campaigns/ace_polish_20260909/ledger.sqlite3,mathd_numbertheory_43__reference-r64__gpt-5.6-luna__seed1,e76f015b3b2d4a5cad4b086545352b34,2026-09-09,validation,0.00119594,0.0031951999999999996,11878,11107,683
experiments/campaigns/ace_polish_20260909/ledger.sqlite3,mathd_numbertheory_43__reference-r64__gpt-5.6-luna__seed1,30fd10b8b15e4c8fa33be933ffa13ae9,2026-09-09,validation,0.0018722399999999998,0.0027312,12726,4772,155
experiments/campaigns/ace_polish_20260909/ledger.sqlite3,mathd_numbertheory_43__reference-r64__gpt-5.6-luna__seed1,bfeb6cc56ab5480ba681571b31549be9,2026-09-09,validation,0.00061286,0.0029029999999999998,13207,12723,218
experiments/campaigns/ace_polish_20260909/ledger.sqlite3,mathd_numbertheory_43__reference-r64__gpt-5.6-luna__seed1,13adfdd6e7124e9f84aad58d67f3fbe7,2026-09-09,validation,0.00222388,0.0046006,13589,13204,1569
experiments/campaigns/ace_polish_20260909/ledger.sqlite3,mathd_numbertheory_43__reference-r64__gpt-5.6-luna__seed1,c6fbd7ab33cf4cec92d4a063f16e973b,2026-09-09,validation,0.0006457199999999999,0.0030912,15210,13586,41
experiments/campaigns/ace_polish_20260909/ledger.sqlite3,mathd_numbertheory_43__reference-r64__gpt-5.6-luna__seed1,8ec1a028701f4eabbf524636180a2bc4,2026-09-09,validation,0.00132194,0.0040592,18730,15207,261
experiments/campaigns/ace_polish_20260909/ledger.sqlite3,mathd_numbertheory_43__reference-r64__gpt-5.6-luna__seed1,76412097c2e94600a052f656233d2d86,2026-09-09,validation,0.00284564,0.0037045999999999997,15367,4772,526
experiments/campaigns/ace_polish_20260909/ledger.sqlite3,mathd_numbertheory_43__reference-r64__gpt-5.6-luna__seed1,7621c0f4d58243779441b3e8e47ed848,2026-09-09,validation,0.00053328,0.0032987999999999997,15966,15364,88
experiments/campaigns/ace_polish_20260909/ledger.sqlite3,mathd_numbertheory_43__reference-r64__gpt-5.6-luna__seed1,7e94e0e431184579b04c78d9df329aa2,2026-09-09,validation,0.00046486000000000005,0.0033382,16097,15963,99
experiments/campaigns/ace_polish_20260909/ledger.sqlite3,mathd_numbertheory_43__reference-r64__gpt-5.6-luna__seed1,3d2f53c2fa4c4756a25582fd75a7e27e,2026-09-09,validation,0.00176348,0.0046604,16384,16094,1153
experiments/campaigns/ace_polish_20260909/ledger.sqlite3,mathd_numbertheory_43__reference-r64__gpt-5.6-luna__seed1,806a6f883f274e9db2137a39a75fe8aa,2026-09-09,validation,0.0035602399999999997,0.0044192,16312,4772,964
experiments/campaigns/ace_polish_20260909/ledger.sqlite3,mathd_numbertheory_43__reference-r64__gpt-5.6-luna__seed1,94143988dba14072ae464ded5e2aadb1,2026-09-09,validation,0.0010083800000000001,0.003944,17572,16309,358
experiments/campaigns/ace_polish_20260909/ledger.sqlite3,mathd_numbertheory_43__reference-r64__gpt-5.6-luna__seed1,ba1349debece402ebb6d2eba9260f0f8,2026-09-09,validation,0.00344384,0.0043028,17302,4772,702
experiments/campaigns/ace_polish_20260909/ledger.sqlite3,mathd_numbertheory_43__reference-r64__gpt-5.6-luna__seed1,85bb249dd41842d6bb16a8c594d4ca24,2026-09-09,validation,0.00123938,0.0043532,18256,17299,585
experiments/campaigns/ace_polish_20260909/ledger.sqlite3,mathd_numbertheory_43__reference-r64__gpt-5.6-luna__seed1,48169f533ebb4a10b23f43c716f331da,2026-09-09,validation,0.0008102599999999999,0.004095799999999999,19093,18253,231
experiments/campaigns/ace_polish_20260909/ledger.sqlite3,amc12b_2003_p6__reference-r64__gpt-5.6-luna__seed1,df3facb61ae644f1b8b44f18bc547b97,2026-09-09,validation,0.0008529799999999999,0.0019687999999999997,6202,6199,607
experiments/campaigns/ace_polish_20260909/ledger.sqlite3,amc12b_2003_p6__reference-r64__gpt-5.6-luna__seed1,3c026ea0586e4b0a8194665e3cb113ad,2026-09-09,validation,0.00040698000000000004,0.0015228,6852,6199,127
experiments/campaigns/ace_polish_20260909/ledger.sqlite3,amc12b_2003_p6__reference-r64__gpt-5.6-luna__seed1,ed2651983abb41d6b475f3b978fe94ea,2026-09-09,validation,0.00093338,0.0021662,7549,6849,547
experiments/campaigns/ace_polish_20260909/ledger.sqlite3,amc12b_2003_p6__reference-r64__gpt-5.6-luna__seed1,9cae91cd86fe4697b1bca7cdd1ac7089,2026-09-09,validation,0.00039852,0.0017568,8280,7546,84
experiments/campaigns/ace_polish_20260909/ledger.sqlite3,amc12b_2003_p6__reference-r64__gpt-5.6-luna__seed1,1b6ed1de25124b48adef84e42b5f144e,2026-09-09,validation,0.00172094,0.0032107999999999998,8518,8277,1256
experiments/campaigns/ace_polish_20260909/ledger.sqlite3,amc12b_2003_p6__reference-r64__gpt-5.6-luna__seed1,0158e447dec84609a3afa317e2991822,2026-09-09,validation,0.0010585,0.0025912,9950,8515,501
experiments/campaigns/ace_polish_20260909/ledger.sqlite3,amc12b_2003_p6__reference-r64__gpt-5.6-luna__seed1,db91026545bb4536975e34ccd2b91b48,2026-09-09,validation,0.00138264,0.0022416,8334,4772,479
experiments/campaigns/ace_polish_20260909/ledger.sqlite3,amc12b_2003_p6__reference-r64__gpt-5.6-luna__seed1,0b45a4009b634eebb91f2ca76d29082d,2026-09-09,validation,0.00084702,0.0023466,9243,8331,415
experiments/campaigns/ace_polish_20260909/ledger.sqlite3,amc12b_2003_p6__reference-r64__gpt-5.6-luna__seed1,b362c5cd9756437a86c7bdad1c5cabb5,2026-09-09,validation,0.0006192,0.0022824,9960,9240,242
experiments/campaigns/ace_polish_20260909/ledger.sqlite3,amc12b_2003_p6__reference-r64__gpt-5.6-luna__seed1,2c18b5f14bb24115b9c9343a4384940b,2026-09-09,validation,0.0026444399999999996,0.0035034000000000003,12129,4772,898
experiments/campaigns/ace_polish_20260909/ledger.sqlite3,amc12b_2003_p6__reference-r64__gpt-5.6-luna__seed1,a8074e3e09be4da3bfe2658e609b26e5,2026-09-09,validation,0.0023130399999999997,0.003172,11030,4772,805
experiments/campaigns/ace_polish_20260909/ledger.sqlite3,amc12b_2003_p6__reference-r64__gpt-5.6-luna__seed1,60b702f836e84146a5dbf110c92bd912,2026-09-09,validation,0.00224824,0.0031072,12104,4772,572
experiments/campaigns/ace_polish_20260909/ledger.sqlite3,amc12b_2003_p6__reference-r64__gpt-5.6-luna__seed1,47f8f6f4204345188c5e0739487adf65,2026-09-09,validation,0.00256284,0.0034217999999999996,13029,4772,680
experiments/campaigns/ace_polish_20260909/ledger.sqlite3,amc12b_2003_p6__reference-r64__gpt-5.6-luna__seed1,a8da081594304e958846662aea6ee986,2026-09-09,validation,0.0024494399999999998,0.0033084,13854,4772,448
experiments/campaigns/ace_polish_20260909/ledger.sqlite3,amc12b_2003_p6__reference-r64__gpt-5.6-luna__seed1,103544fae2734f3aa65a27ec255757b4,2026-09-09,validation,0.0027722399999999996,0.0036312,14712,4772,574
experiments/campaigns/ace_polish_20260909/ledger.sqlite3,amc12b_2003_p6__reference-r64__gpt-5.6-luna__seed1,395dd477e3dd4bdbb40e372b2526d69e,2026-09-09,validation,0.00127838,0.003926,15532,14709,683
experiments/campaigns/ace_polish_20260909/ledger.sqlite3,amc12b_2003_p6__reference-r64__gpt-5.6-luna__seed1,8227dec5307e46f89826a89edff7972c,2026-09-09,validation,0.0031264400000000003,0.0039854,15913,4772,669
experiments/campaigns/ace_polish_20260909/ledger.sqlite3,amc12b_2003_p6__reference-r64__gpt-5.6-luna__seed1,3bcbbb1b7acc475aa9a058e244d959aa,2026-09-09,validation,0.00351484,0.0043738,16799,4772,845
experiments/campaigns/ace_polish_20260909/ledger.sqlite3,amc12b_2003_p6__reference-r64__gpt-5.6-luna__seed1,1de2afa4401a4f88939d0a2fd4c2e859,2026-09-09,validation,0.00345364,0.0043126,17945,4772,603
experiments/campaigns/ace_polish_20260909/ledger.sqlite3,amc12b_2003_p6__reference-r64__gpt-5.6-luna__seed1,055c4d7fa1b9470babff6764977bbd13,2026-09-09,validation,0.004414039999999999,0.005273,19261,4772,1184
experiments/campaigns/ace_polish_20260909/ledger.sqlite3,amc12b_2003_p6__reference-r64__gpt-5.6-luna__seed1,5d04c024d55a4913b65e4127a0d6a8c9,2026-09-09,validation,0.00424284,0.005101799999999999,20817,4772,782
experiments/campaigns/ace_polish_20260909/ledger.sqlite3,mathd_algebra_393__reference-r64__gpt-5.6-luna__seed1,19bf94e773ce4af6b621a51362ada313,2026-09-09,validation,0.00128824,0.0021471999999999997,6176,4772,760
experiments/campaigns/ace_polish_20260909/ledger.sqlite3,mathd_algebra_393__reference-r64__gpt-5.6-luna__seed1,48c44084c76d4ef8a126af7779b874f0,2026-09-09,validation,0.00041346000000000004,0.0015246,6975,6173,108
experiments/campaigns/ace_polish_20260909/ledger.sqlite3,mathd_algebra_393__reference-r64__gpt-5.6-luna__seed1,f2e3553c58384f86bf215ebb32321475,2026-09-09,validation,0.00075784,0.0020128,7388,6972,446
experiments/campaigns/ace_polish_20260909/ledger.sqlite3,mathd_algebra_393__reference-r64__gpt-5.6-luna__seed1,80767ce6a8aa4f979bb5a703ba4dd39f,2026-09-09,validation,0.00108784,0.0019467999999999998,7328,4772,401
experiments/campaigns/ace_polish_20260909/ledger.sqlite3,mathd_algebra_393__reference-r64__gpt-5.6-luna__seed1,794c5e9baef847868242f6df0a078a6c,2026-09-09,validation,0.00113604,0.001995,7971,4772,334
experiments/campaigns/ace_polish_20260909/ledger.sqlite3,mathd_algebra_393__reference-r64__gpt-5.6-luna__seed1,d01b9453dae94bc8931f0dfc8af33bf8,2026-09-09,validation,0.00077876,0.0022129999999999997,8683,7968,397
experiments/campaigns/ace_polish_20260909/ledger.sqlite3,mathd_algebra_393__reference-r64__gpt-5.6-luna__seed1,81730bde61f8436a8e5c5f6ddce8da63,2026-09-09,validation,0.0009918,0.0025542,9561,8680,535
experiments/campaigns/ace_polish_20260909/ledger.sqlite3,mathd_numbertheory_461__reference-r64__gpt-5.6-luna__seed1,93dd9a4324f847cb8ba8c4fe6315c5f8,2026-09-09,validation,0.00039048,0.0014694,5997,5994,225
experiments/campaigns/ace_polish_20260909/ledger.sqlite3,amc12b_2020_p5__reference-r64__gpt-5.6-luna__seed1,3ecf40ef5f4348788a0d29d9dad012eb,2026-09-09,validation,0.00039232,0.0015094,6209,6206,223
experiments/campaigns/ace_polish_20260909/ledger.sqlite3,mathd_algebra_421__reference-r64__gpt-5.6-luna__seed1,5c468178c6b54723bd9864e6fc27c24b,2026-09-09,validation,0.00090226,0.0020296,6266,6263,647
experiments/campaigns/ace_polish_20260909/ledger.sqlite3,mathd_algebra_421__reference-r64__gpt-5.6-luna__seed1,f30b1f1b7568432fa3d0362e6618e419,2026-09-09,validation,0.00157764,0.0024366,9081,4772,517
experiments/campaigns/ace_polish_20260909/ledger.sqlite3,mathd_algebra_421__reference-r64__gpt-5.6-luna__seed1,734ad9acfb6549dcb5305a6d0c87d193,2026-09-09,validation,0.00117404,0.002033,7903,4772,377
experiments/campaigns/ace_polish_20260909/ledger.sqlite3,mathd_numbertheory_530__reference-r64__gpt-5.6-luna__seed1,cc16d9ab7fc2487e867c55a8e72b3bd3,2026-09-09,validation,0.00053818,0.0016719999999999999,6302,6299,343
experiments/campaigns/ace_polish_20260909/ledger.sqlite3,mathd_numbertheory_530__reference-r64__gpt-5.6-luna__seed1,de772b91a5f946ffb8e74a09c7e0b4c3,2026-09-09,validation,0.00049378,0.0016275999999999999,6986,6299,192
experiments/campaigns/ace_polish_20260909/ledger.sqlite3,mathd_numbertheory_530__reference-r64__gpt-5.6-luna__seed1,5822b859facd4d3295d298d629ba297d,2026-09-09,validation,0.00163306,0.0028899999999999998,9896,6983,759
experiments/campaigns/ace_polish_20260909/ledger.sqlite3,mathd_numbertheory_530__reference-r64__gpt-5.6-luna__seed1,e427db2017314d898f41129b24a87308,2026-09-09,validation,0.0005564599999999999,0.0023372,10816,9893,145
experiments/campaigns/ace_polish_20260909/ledger.sqlite3,mathd_numbertheory_530__reference-r64__gpt-5.6-luna__seed1,5580fe74006a478b841437a015904cfb,2026-09-09,validation,0.00098566,0.002932,11528,10813,522
experiments/campaigns/ace_polish_20260909/ledger.sqlite3,mathd_numbertheory_530__reference-r64__gpt-5.6-luna__seed1,ea1339a441354e1a8d8a1d0fe4ec8635,2026-09-09,validation,0.0009861,0.0030605999999999997,12681,11525,437
experiments/campaigns/ace_polish_20260909/ledger.sqlite3,mathd_numbertheory_530__reference-r64__gpt-5.6-luna__seed1,a85e764a692744e18296322654b1be59,2026-09-09,validation,0.00227956,0.0045616,13274,12678,1589
experiments/campaigns/ace_polish_20260909/ledger.sqlite3,mathd_numbertheory_530__reference-r64__gpt-5.6-luna__seed1,305ea98d99be4d06b91bf3e872dc74c9,2026-09-09,validation,0.00252984,0.0033888,12798,4772,691
experiments/campaigns/ace_polish_20260909/ledger.sqlite3,mathd_numbertheory_530__reference-r64__gpt-5.6-luna__seed1,8039d454ae5a4ac3ada24127e6a71ceb,2026-09-09,validation,0.0006037,0.0029067999999999997,13658,12795,146
experiments/campaigns/ace_polish_20260909/ledger.sqlite3,mathd_numbertheory_530__reference-r64__gpt-5.6-luna__seed1,d44c5634b55c47f7912465689b19b8eb,2026-09-09,validation,0.0007175,0.0031754,13843,13655,339
experiments/campaigns/ace_polish_20260909/ledger.sqlite3,mathd_numbertheory_530__reference-r64__gpt-5.6-luna__seed1,5f335e8d47334c2ca1d883ce2bd20903,2026-09-09,validation,0.0006244,0.0031156,14792,13840,131
experiments/campaigns/ace_polish_20260909/ledger.sqlite3,mathd_numbertheory_530__reference-r64__gpt-5.6-luna__seed1,e057af62b01747cba80eecd4c1017094,2026-09-09,validation,0.00181118,0.0044732,15784,14789,1097
experiments/campaigns/ace_polish_20260909/ledger.sqlite3,mathd_numbertheory_530__reference-r64__gpt-5.6-luna__seed1,ef53e3813d764c2e809a977837ba1490,2026-09-09,validation,0.00365884,0.0045178,16271,4772,1053
experiments/campaigns/ace_polish_20260909/ledger.sqlite3,mathd_numbertheory_530__reference-r64__gpt-5.6-luna__seed1,1438c259bce64ce6a73895e89a09a8ed,2026-09-09,validation,0.00386604,0.004725,17289,4772,1056
experiments/campaigns/ace_polish_20260909/ledger.sqlite3,mathd_numbertheory_530__reference-r64__gpt-5.6-luna__seed1,17835b0ad7c0436182d0db29ddc2ef02,2026-09-09,validation,0.00102776,0.0039559999999999994,19048,16268,122
experiments/campaigns/ace_polish_20260909/ledger.sqlite3,mathd_numbertheory_530__reference-r64__gpt-5.6-luna__seed1,770437d21d2a4c989489cd66841ca5a4,2026-09-09,validation,0.0012345,0.004662599999999999,19263,19045,675
experiments/campaigns/ace_polish_20260909/ledger.sqlite3,mathd_numbertheory_530__reference-r64__gpt-5.6-luna__seed1,660a7c5b6d7c4dd6b35cd12d0eddb1ae,2026-09-09,validation,0.004137439999999999,0.0049964,19654,4772,888
experiments/campaigns/ace_polish_20260909/ledger.sqlite3,mathd_numbertheory_530__reference-r64__gpt-5.6-luna__seed1,cc7182729159452eb46db6d4cc0175ad,2026-09-09,validation,0.00410784,0.0049668,23154,4772,280
experiments/campaigns/ace_polish_20260909/ledger.sqlite3,mathd_numbertheory_530__reference-r64__gpt-5.6-luna__seed1,1e34187cb98140c9bea52378018ecd9d,2026-09-09,validation,0.00072242,0.0048896,23932,23151,86
experiments/campaigns/ace_polish_20260909/ledger.sqlite3,mathd_numbertheory_530__reference-r64__gpt-5.6-luna__seed1,f0422fcc664548ddbc7595912efe4d48,2026-09-09,validation,0.00069378,0.005001,24261,23929,124
experiments/campaigns/ace_polish_20260909/ledger.sqlite3,mathd_numbertheory_530__reference-r64__gpt-5.6-luna__seed1,e1149d271e6d48d1b12896f15e6ca2e6,2026-09-09,validation,0.00195236,0.006318799999999999,24628,24258,1161
experiments/campaigns/ace_polish_20260909/ledger.sqlite3,mathd_numbertheory_530__reference-r64__gpt-5.6-luna__seed1,763cef0651ba4cc08aa6dffbd96013fc,2026-09-09,validation,0.006780639999999999,0.0076396,26018,4772,2030
experiments/campaigns/ace_polish_20260909/ledger.sqlite3,amc12_2000_p12__reference-r64__gpt-5.6-luna__seed1,d428ad0a590a47cf80c40a492e31b3d1,2026-09-09,validation,0.00033632,0.0014462,6169,6166,177
experiments/campaigns/ace_polish_20260909/ledger.sqlite3,amc12_2000_p12__reference-r64__gpt-5.6-luna__seed1,a6554601f7584f77a972d1e76bb37800,2026-09-09,validation,0.00078764,0.0016465999999999998,6433,4772,300
experiments/campaigns/ace_polish_20260909/ledger.sqlite3,amc12_2000_p12__reference-r64__gpt-5.6-luna__seed1,6a9ed4348ea4485481683ea5c8f8aa1c,2026-09-09,validation,0.0017306399999999999,0.0025896,8952,4772,666
experiments/campaigns/ace_polish_20260909/ledger.sqlite3,amc12_2000_p12__reference-r64__gpt-5.6-luna__seed1,a6626327ae01480cb8ee49007774f979,2026-09-09,validation,0.0030684399999999995,0.003927399999999999,9371,4772,1711
experiments/campaigns/ace_polish_20260909/ledger.sqlite3,amc12_2000_p12__reference-r64__gpt-5.6-luna__seed1,7bae1a7d96a949e8a3d6a32790c3514b,2026-09-09,validation,0.0011737599999999998,0.0028599999999999997,11312,9368,498
experiments/campaigns/ace_polish_20260909/ledger.sqlite3,amc12_2000_p12__reference-r64__gpt-5.6-luna__seed1,79f1d9a146044e7e9d4367939d3ee680,2026-09-09,validation,0.00225064,0.0031095999999999997,8306,4772,1207
experiments/campaigns/ace_polish_20260909/ledger.sqlite3,amc12_2000_p12__reference-r64__gpt-5.6-luna__seed1,acbc610486cc4ef0a4fb537540fd1fdb,2026-09-09,validation,0.00248766,0.0039822,10455,8303,1576
experiments/campaigns/ace_polish_20260909/ledger.sqlite3,amc12_2000_p12__reference-r64__gpt-5.6-luna__seed1,c9927e57bc4b49ee9b472e9b6f2d3a48,2026-09-09,validation,0.00200084,0.0028597999999999996,12463,4772,306
experiments/campaigns/ace_polish_20260909/ledger.sqlite3,amc12_2000_p12__reference-r64__gpt-5.6-luna__seed1,a37a7064b5784e05bed60bca81e80d60,2026-09-09,validation,0.0004588,0.0027016,12986,12460,87
experiments/campaigns/ace_polish_20260909/ledger.sqlite3,amc12_2000_p12__reference-r64__gpt-5.6-luna__seed1,373fb90adfe5420d90c57ddc1740ac96,2026-09-09,validation,0.00208586,0.004422799999999999,13294,12983,1470
experiments/campaigns/ace_polish_20260909/ledger.sqlite3,amc12_2000_p12__reference-r64__gpt-5.6-luna__seed1,9dd56fd2a5194180a2ecbd0e3ebe576b,2026-09-09,validation,0.0018544399999999997,0.0037358,13993,10452,781
experiments/campaigns/ace_polish_20260909/ledger.sqlite3,mathd_algebra_433__reference-r64__gpt-5.6-luna__seed1,692852831be44e8ca273d540684bbf43,2026-09-09,validation,0.00049964,0.0013586,5911,4772,147
experiments/campaigns/ace_polish_20260909/ledger.sqlite3,mathd_algebra_433__reference-r64__gpt-5.6-luna__seed1,595adea50296482e9a76201c83de3555,2026-09-09,validation,0.00046956,0.001533,6171,5908,249
experiments/campaigns/ace_polish_20260909/ledger.sqlite3,mathd_algebra_433__reference-r64__gpt-5.6-luna__seed1,52fec5fb12634028955135959422fe9d,2026-09-09,validation,0.00076904,0.0016279999999999999,6568,4772,262
experiments/campaigns/ace_polish_20260909/ledger.sqlite3,mathd_algebra_433__reference-r64__gpt-5.6-luna__seed1,7e0a94394e354ff8b0022e569fd0daac,2026-09-09,validation,0.00115504,0.002014,9092,4772,163
experiments/campaigns/ace_polish_20260909/ledger.sqlite3,mathd_numbertheory_64__reference-r64__gpt-5.6-luna__seed1,c798c3347f3048f4ac2629ce1c4985bb,2026-09-09,validation,0.00075774,0.0018371999999999998,6000,5997,531
experiments/campaigns/ace_polish_20260909/ledger.sqlite3,mathd_numbertheory_64__reference-r64__gpt-5.6-luna__seed1,5f6aa8aa58c94ff089ddb099418e5a14,2026-09-09,validation,0.0007698399999999999,0.0016288,6332,4772,302
experiments/campaigns/ace_polish_20260909/ledger.sqlite3,mathd_numbertheory_64__reference-r64__gpt-5.6-luna__seed1,792e677a2172417b9be9cb4c4db94fb0,2026-09-09,validation,0.0011700399999999998,0.002029,8747,4772,233
experiments/campaigns/ace_polish_20260909/ledger.sqlite3,mathd_numbertheory_64__reference-r64__gpt-5.6-luna__seed1,02aef3c137214806a52e2dae32f57909,2026-09-09,validation,0.00073228,0.0023062,10241,8744,215
experiments/campaigns/ace_polish_20260909/ledger.sqlite3,amc12_2001_p21__reference-r64__gpt-5.6-luna__seed1,36cd74bfe4c94076ae33e486b560a6aa,2026-09-09,validation,0.0006668399999999999,0.0015258,6507,4772,187
experiments/campaigns/ace_polish_20260909/ledger.sqlite3,amc12_2001_p21__reference-r64__gpt-5.6-luna__seed1,3e2236ea1baa4a48ae980c7440b942d9,2026-09-09,validation,0.0013968799999999999,0.0025675999999999997,6826,6504,1002
experiments/campaigns/ace_polish_20260909/ledger.sqlite3,amc12_2001_p21__reference-r64__gpt-5.6-luna__seed1,e903cc20e09f4ac4a0455f6c428eacdf,2026-09-09,validation,0.00089544,0.0017544,7116,4772,276
experiments/campaigns/ace_polish_20260909/ledger.sqlite3,amc12_2001_p21__reference-r64__gpt-5.6-luna__seed1,2d907c38a4f241efaa3f327c5f836d48,2026-09-09,validation,0.00053146,0.0018118,7667,7113,232
experiments/campaigns/ace_polish_20260909/ledger.sqlite3,amc12_2001_p21__reference-r64__gpt-5.6-luna__seed1,12ac8a676a4d4bdcaf5c9e7568f71652,2026-09-09,validation,0.00136764,0.0022265999999999996,9963,4772,195
experiments/campaigns/ace_polish_20260909/ledger.sqlite3,amc12_2001_p21__reference-r64__gpt-5.6-luna__seed1,3ef490b5ee83420092b7c9e894dfd434,2026-09-09,validation,0.00087984,0.0017387999999999998,7998,4772,116
experiments/campaigns/ace_polish_20260909/ledger.sqlite3,amc12_2001_p21__reference-r64__gpt-5.6-luna__seed1,3868c86b481e41718de5efdfc6cab7df,2026-09-09,validation,0.0014406999999999998,0.0028798,8309,7995,1015
experiments/campaigns/ace_polish_20260909/ledger.sqlite3,amc12_2001_p21__reference-r64__gpt-5.6-luna__seed1,fcdc1d4589e24189b4ed9095d3c57550,2026-09-09,validation,0.0019232399999999999,0.0027822,9177,4772,789
experiments/campaigns/ace_polish_20260909/ledger.sqlite3,amc12_2001_p21__reference-r64__gpt-5.6-luna__seed1,91736738031c4081858bf7deaf479167,2026-09-09,validation,0.00052348,0.0021747999999999997,10580,9174,49
experiments/campaigns/ace_polish_20260909/ledger.sqlite3,amc12_2001_p21__reference-r64__gpt-5.6-luna__seed1,9d695433b3e84d03a8698214d1df8af3,2026-09-09,validation,0.00028654,0.0021904,10676,10577,46
experiments/campaigns/ace_polish_20260909/ledger.sqlite3,amc12_2001_p21__reference-r64__gpt-5.6-luna__seed1,591642ef468746f784719f33dc8f666d,2026-09-09,validation,0.0022490599999999998,0.0041702,11035,10673,1636
experiments/campaigns/ace_polish_20260909/ledger.sqlite3,amc12_2001_p21__reference-r64__gpt-5.6-luna__seed1,3de69e8422894eb9aa1f74daee2bf185,2026-09-09,validation,0.0018386400000000001,0.0026975999999999997,11472,4772,336
experiments/campaigns/ace_polish_20260909/ledger.sqlite3,amc12_2001_p21__reference-r64__gpt-5.6-luna__seed1,37f6ef7a868d4e0798af20bcb2fd4eb0,2026-09-09,validation,0.00124358,0.0033079999999999997,12058,11469,747
experiments/campaigns/ace_polish_20260909/ledger.sqlite3,amc12_2001_p21__reference-r64__gpt-5.6-luna__seed1,2ec23bf704f945599aa0c24ae14c8b52,2026-09-09,validation,0.00292344,0.0037824,12384,4772,1088
experiments/campaigns/ace_polish_20260909/ledger.sqlite3,amc12_2001_p21__reference-r64__gpt-5.6-luna__seed1,dfd01ad6f7554475a257a168c6c44465,2026-09-09,validation,0.00352624,0.0043852,15884,4772,1007
experiments/campaigns/ace_polish_20260909/ledger.sqlite3,amc12a_2002_p6__reference-r64__gpt-5.6-luna__seed1,b4c6468a821b4837a14ffd3b72797335,2026-09-09,validation,0.00048063999999999995,0.0015609999999999999,6005,6002,300
