campaign,stage,label,platform_errors,n,theorems,solves,coverage,cost,cost_per_solve,failed_cost,requests,auto_finished,missing_usage,max_cell_cost,input_cost,output_cost,large_context_requests
_smoke_launch,validation,{theorem}__core-medium__gpt-5.6-luna__seed*,0,3,3,3,1.0,0.00562531,0.0018751033333333333,0,6,3,0,0.00517935,0.0015489100000000001,0.0040764,0
ace_adaptation_attribution-terra-20260912,train,step00_generator_{theorem},0,1,1,1,1.0,0.018788799999999998,0.018788799999999998,0,3,0,0,0.018788799999999998,0.0079528,0.010836,0
ace_adaptation_attribution-terra-20260912,train,step01_generator_{theorem},0,1,1,1,1.0,0.44502949999999997,0.44502949999999997,0,26,0,0,0.44502949999999997,0.19024549999999996,0.25478400000000007,0
ace_adaptation_attribution-terra-20260912,train,step02_generator_{theorem},0,1,1,1,1.0,0.0190635,0.0190635,0,3,0,0,0.0190635,0.008515499999999999,0.010548,0
ace_adaptation_attribution-terra-20260912,train,step03_generator_{theorem},0,1,1,1,1.0,0.0064052,0.0064052,0,1,0,0,0.0064052,0.0033212,0.003084,0
ace_adaptation_attribution-terra-20260912,train,step04_generator_{theorem},0,1,1,1,1.0,0.0923531,0.0923531,0,7,1,0,0.0923531,0.0353411,0.057012,0
ace_adaptation_attribution-terra-20260912,train,step05_generator_{theorem},0,1,1,1,1.0,0.0170911,0.0170911,0,5,1,0,0.0170911,0.008799099999999999,0.008292,0
ace_adaptation_attribution-terra-20260912,train,step06_generator_{theorem},0,1,1,1,1.0,0.013003,0.013003,0,1,1,0,0.013003,0.010471000000000001,0.002532,0
ace_adaptation_attribution-terra-20260912,train,step07_generator_{theorem},0,1,1,1,1.0,0.09186829999999999,0.09186829999999999,0,10,0,0,0.09186829999999999,0.0386963,0.053172000000000004,0
ace_adaptation_attribution-terra-20260912,train,step08_generator_{theorem},0,1,1,1,1.0,0.0045518,0.0045518,0,1,0,0,0.0045518,0.0033398,0.001212,0
ace_adaptation_attribution-terra-20260912,train,step09_generator_{theorem},0,1,1,1,1.0,0.0111693,0.0111693,0,3,1,0,0.0111693,0.0069453,0.004224,0
ace_adaptation_attribution-terra-20260912,train,step10_generator_{theorem},0,1,1,1,1.0,0.1853774,0.1853774,0,17,0,0,0.1853774,0.0848414,0.100536,0
ace_adaptation_attribution-terra-20260912,train,step11_generator_{theorem},0,1,1,1,1.0,0.080026,0.080026,0,10,0,0,0.080026,0.037246,0.04278,0
ace_adaptation_attribution-terra-20260912,train,step12_generator_{theorem},0,1,1,1,1.0,0.0051894,0.0051894,0,1,0,0,0.0051894,0.0038694000000000003,0.00132,0
ace_adaptation_attribution-terra-20260912,train,step13_generator_{theorem},0,1,1,1,1.0,0.013308,0.013308,0,1,0,0,0.013308,0.011076,0.002232,0
ace_adaptation_attribution-terra-20260912,train,step14_generator_{theorem},0,1,1,0,0.0,0.9021847999999999,,0.9021847999999999,32,0,0,0.9021847999999999,0.38049679999999997,0.5216879999999999,0
ace_adaptation_attribution-terra-20260912,train,step15_generator_{theorem},0,1,1,1,1.0,0.0073854,0.0073854,0,1,1,0,0.0073854,0.0041694,0.003216,0
ace_adaptation_attribution-terra-20260912,train,step16_generator_{theorem},0,1,1,1,1.0,0.0055194,0.0055194,0,1,0,0,0.0055194,0.0036233999999999997,0.0018960000000000001,0
ace_adaptation_attribution-terra-20260912,train,step17_generator_{theorem},0,1,1,1,1.0,0.287764,0.287764,0,16,0,0,0.287764,0.10181200000000001,0.18595199999999998,0
ace_adaptation_attribution-terra-20260912,train,step18_generator_{theorem},0,1,1,1,1.0,0.07127529999999999,0.07127529999999999,0,5,0,0,0.07127529999999999,0.0204073,0.050868000000000003,0
ace_adaptation_attribution-terra-20260912,train,step19_generator_{theorem},0,1,1,1,1.0,0.2682307,0.2682307,0,13,0,0,0.2682307,0.1455307,0.12270000000000002,0
ace_adaptation_attribution-terra-20260912,train,step20_generator_{theorem},0,1,1,1,1.0,0.47328519999999996,0.47328519999999996,0,17,0,0,0.47328519999999996,0.1899652,0.28332,0
ace_adaptation_attribution-terra-20260912,train,step21_generator_{theorem},0,1,1,1,1.0,0.2550407,0.2550407,0,14,0,0,0.2550407,0.10094870000000002,0.154092,0
ace_adaptation_attribution-terra-20260912,train,step22_generator_{theorem},0,1,1,1,1.0,0.14772239999999998,0.14772239999999998,0,13,0,0,0.14772239999999998,0.059966399999999996,0.087756,0
ace_adaptation_attribution-terra-20260912,train,step23_generator_{theorem},0,1,1,1,1.0,0.22753050000000002,0.22753050000000002,0,8,0,0,0.22753050000000002,0.060922500000000004,0.166608,0
ace_adaptation_attribution-terra-20260912,train,step24_generator_{theorem},0,1,1,1,1.0,0.5622402,0.5622402,0,30,0,0,0.5622402,0.2429562,0.31928399999999996,0
ace_adaptation_attribution-terra-20260912,train,step25_generator_{theorem},0,1,1,1,1.0,0.030658900000000003,0.030658900000000003,0,4,0,0,0.030658900000000003,0.0118669,0.018792,0
ace_adaptation_attribution-terra-20260912,train,step26_generator_{theorem},0,1,1,1,1.0,0.08533560000000001,0.08533560000000001,0,6,0,0,0.08533560000000001,0.041151599999999997,0.044184,0
ace_adaptation_attribution-terra-20260912,train,step27_generator_{theorem},0,1,1,1,1.0,0.0288159,0.0288159,0,5,0,0,0.0288159,0.0150519,0.013764,0
ace_adaptation_attribution-terra-20260912,train,step28_generator_{theorem},0,1,1,1,1.0,0.3405108999999999,0.3405108999999999,0,21,0,0,0.3405108999999999,0.14714289999999997,0.19336799999999998,0
ace_adaptation_attribution-terra-20260912,train,step29_generator_{theorem},0,1,1,1,1.0,0.0990608,0.0990608,0,8,0,0,0.0990608,0.033984799999999996,0.06507600000000001,0
ace_adaptation_attribution-terra-20260912,train,step30_generator_{theorem},0,1,1,1,1.0,0.0155704,0.0155704,0,2,0,0,0.0155704,0.0065704,0.009000000000000001,0
ace_adaptation_attribution-terra-20260912,train,step31_generator_{theorem},0,1,1,1,1.0,0.25021140000000003,0.25021140000000003,0,16,0,0,0.25021140000000003,0.10661939999999998,0.143592,0
ace_adaptation_attribution-terra-20260912,train,step32_generator_{theorem},0,1,1,1,1.0,0.029543899999999998,0.029543899999999998,0,5,0,0,0.029543899999999998,0.0137279,0.015816,0
ace_adaptation_attribution-terra-20260912,train,step33_generator_{theorem},0,1,1,1,1.0,0.1187028,0.1187028,0,10,0,0,0.1187028,0.0381468,0.080556,0
ace_adaptation_attribution-terra-20260912,train,step34_generator_{theorem},0,1,1,1,1.0,0.5630406,0.5630406,0,30,0,0,0.5630406,0.2498046,0.313236,0
ace_adaptation_attribution-terra-20260912,train,step35_generator_{theorem},0,1,1,1,1.0,0.0463407,0.0463407,0,8,0,0,0.0463407,0.023408699999999998,0.022932,0
ace_adaptation_attribution-terra-20260912,train,step36_generator_{theorem},0,1,1,1,1.0,0.005063,0.005063,0,1,0,0,0.005063,0.003743,0.00132,0
ace_adaptation_attribution-terra-20260912,train,step37_generator_{theorem},0,1,1,1,1.0,0.0924775,0.0924775,0,7,0,0,0.0924775,0.032189499999999996,0.060288,0
ace_adaptation_attribution-terra-20260912,train,step38_generator_{theorem},0,1,1,1,1.0,0.025786,0.025786,0,2,0,0,0.025786,0.018394,0.007392,0
ace_adaptation_attribution-terra-20260912,train,step39_generator_{theorem},0,1,1,0,0.0,0.3702481000000001,,0.3702481000000001,32,0,0,0.3702481000000001,0.21667209999999992,0.1535759999999999,0
ace_adaptation_x-mono,train,step00_generator_{theorem},0,1,1,1,1.0,0.0024887,0.0024887,0,5,0,0,0.0024887,0.0009971,0.0014916,0
ace_adaptation_x-mono,train,step01_generator_{theorem},0,1,1,1,1.0,0.06387911,0.06387911,0,27,0,0,0.06387911,0.023487109999999995,0.040392,0
ace_adaptation_x-mono,train,step02_generator_{theorem},0,1,1,1,1.0,0.00439466,0.00439466,0,4,0,0,0.00439466,0.00223106,0.0021636,0
ace_adaptation_x-mono,train,step03_generator_{theorem},0,1,1,1,1.0,0.00100343,0.00100343,0,3,0,0,0.00100343,0.00062063,0.0003828,0
ace_adaptation_x-mono,train,step04_generator_{theorem},0,1,1,1,1.0,0.0071994,0.0071994,0,8,1,0,0.0071994,0.0028121999999999995,0.004387199999999999,0
ace_adaptation_x-mono,train,step05_generator_{theorem},0,1,1,1,1.0,0.0027991399999999994,0.0027991399999999994,0,5,1,0,0.0027991399999999994,0.0019735399999999998,0.0008255999999999999,0
ace_adaptation_x-mono,train,step06_generator_{theorem},0,1,1,1,1.0,0.00197779,0.00197779,0,2,1,0,0.00197779,0.00151699,0.0004608,0
ace_adaptation_x-mono,train,step07_generator_{theorem},0,1,1,1,1.0,0.014480360000000001,0.014480360000000001,0,12,1,0,0.014480360000000001,0.00554156,0.0089388,0
ace_adaptation_x-mono,train,step08_generator_{theorem},0,1,1,1,1.0,0.00041648,0.00041648,0,1,0,0,0.00041648,0.00034808,6.84e-05,0
ace_adaptation_x-mono,train,step09_generator_{theorem},0,1,1,1,1.0,0.0013721,0.0013721,0,3,1,0,0.0013721,0.0007289,0.0006432,0
ace_adaptation_x-mono,train,step10_generator_{theorem},0,1,1,1,1.0,0.00769148,0.00769148,0,8,1,0,0.00769148,0.00288668,0.0048048,0
ace_adaptation_x-mono,train,step11_generator_{theorem},0,1,1,1,1.0,0.0096884,0.0096884,0,9,0,0,0.0096884,0.0050624,0.004626,0
ace_adaptation_x-mono,train,step12_generator_{theorem},0,1,1,1,1.0,0.0014781499999999997,0.0014781499999999997,0,1,1,0,0.0014781499999999997,0.0014193499999999998,5.88e-05,0
ace_adaptation_x-mono,train,step13_generator_{theorem},0,1,1,1,1.0,0.00056842,0.00056842,0,1,0,0,0.00056842,0.00040282,0.0001656,0
ace_adaptation_x-mono,train,step14_generator_{theorem},0,1,1,0,0.0,0.031005680000000004,,0.031005680000000004,32,0,0,0.031005680000000004,0.02395568,0.007049999999999999,0
ace_adaptation_x-mono,train,step15_generator_{theorem},0,1,1,1,1.0,0.00343184,0.00343184,0,3,1,0,0.00343184,0.00209144,0.0013404,0
ace_adaptation_x-mono,train,step16_generator_{theorem},0,1,1,1,1.0,0.00094716,0.00094716,0,2,0,0,0.00094716,0.0005583599999999999,0.0003888,0
ace_adaptation_x-mono,train,step17_generator_{theorem},0,1,1,0,0.0,0.03488297,,0.03488297,32,0,0,0.03488297,0.01590137,0.018981599999999998,0
ace_adaptation_x-mono,train,step18_generator_{theorem},0,1,1,1,1.0,0.00912456,0.00912456,0,2,0,0,0.00912456,0.0030345599999999995,0.00609,0
ace_adaptation_x-mono,train,step19_generator_{theorem},0,1,1,1,1.0,0.027693629999999997,0.027693629999999997,0,16,0,0,0.027693629999999997,0.01701603,0.010677599999999999,0
ace_adaptation_x-mono,train,step20_generator_{theorem},0,1,1,0,0.0,0.055566729999999995,,0.055566729999999995,32,0,0,0.055566729999999995,0.03529992999999999,0.020266799999999998,0
ace_adaptation_x-mono,train,step21_generator_{theorem},0,1,1,0,0.0,0.0582341,,0.0582341,32,0,0,0.0582341,0.028402100000000003,0.029831999999999997,0
ace_adaptation_x-mono,train,step22_generator_{theorem},0,1,1,1,1.0,0.014960709999999997,0.014960709999999997,0,14,0,0,0.014960709999999997,0.00700351,0.0079572,0
ace_adaptation_x-mono,train,step23_generator_{theorem},0,1,1,1,1.0,0.01186595,0.01186595,0,8,0,0,0.01186595,0.0043827499999999995,0.007483199999999999,0
ace_adaptation_x-mono,train,step24_generator_{theorem},0,1,1,1,1.0,0.052534309999999994,0.052534309999999994,0,30,0,0,0.052534309999999994,0.021251509999999998,0.03128279999999999,0
ace_adaptation_x-mono,train,step25_generator_{theorem},0,1,1,1,1.0,0.00857792,0.00857792,0,8,0,0,0.00857792,0.0040563199999999995,0.0045216,0
ace_adaptation_x-mono,train,step26_generator_{theorem},0,1,1,1,1.0,0.01682354,0.01682354,0,13,0,0,0.01682354,0.00855914,0.0082644,0
ace_adaptation_x-mono,train,step27_generator_{theorem},0,1,1,1,1.0,0.0031497399999999994,0.0031497399999999994,0,5,0,0,0.0031497399999999994,0.00154054,0.0016091999999999999,0
ace_adaptation_x-mono,train,step28_generator_{theorem},0,1,1,0,0.0,0.056251169999999996,,0.056251169999999996,32,0,0,0.056251169999999996,0.02618997,0.0300612,0
ace_adaptation_x-mono,train,step29_generator_{theorem},0,1,1,1,1.0,0.022783920000000003,0.022783920000000003,0,17,0,0,0.022783920000000003,0.01039752,0.0123864,0
ace_adaptation_x-mono,train,step30_generator_{theorem},0,1,1,1,1.0,0.001728,0.001728,0,1,0,0,0.001728,0.0016175999999999999,0.0001104,0
ace_adaptation_x-mono,train,step31_generator_{theorem},0,1,1,1,1.0,0.03451873999999999,0.03451873999999999,0,22,0,0,0.03451873999999999,0.01548194,0.0190368,0
ace_adaptation_x-mono,train,step32_generator_{theorem},0,1,1,1,1.0,0.00945993,0.00945993,0,9,0,0,0.00945993,0.0047715299999999995,0.0046884,0
ace_adaptation_x-mono,train,step33_generator_{theorem},0,1,1,1,1.0,0.01126199,0.01126199,0,7,0,0,0.01126199,0.00338519,0.0078768,0
ace_adaptation_x-mono,train,step34_generator_{theorem},0,1,1,0,0.0,0.0605488,,0.0605488,32,0,0,0.0605488,0.02917,0.0313788,0
ace_adaptation_x-mono,train,step35_generator_{theorem},0,1,1,1,1.0,0.00221741,0.00221741,0,5,0,0,0.00221741,0.0011986100000000001,0.0010187999999999998,0
ace_adaptation_x-mono,train,step36_generator_{theorem},0,1,1,1,1.0,0.00045316000000000003,0.00045316000000000003,0,1,0,0,0.00045316000000000003,0.00038836000000000003,6.48e-05,0
ace_adaptation_x-mono,train,step37_generator_{theorem},0,1,1,1,1.0,0.0239593,0.0239593,0,19,0,0,0.0239593,0.010749700000000001,0.013209599999999998,0
ace_adaptation_x-mono,train,step38_generator_{theorem},0,1,1,1,1.0,0.0029549399999999997,0.0029549399999999997,0,4,0,0,0.0029549399999999997,0.0013037399999999998,0.0016511999999999998,0
ace_adaptation_x-mono,train,step39_generator_{theorem},0,1,1,0,0.0,0.03056445999999999,,0.03056445999999999,32,0,0,0.03056445999999999,0.019357660000000002,0.011206800000000001,0
ace_adaptation_x-noreflect,train,step00_generator_{theorem},0,1,1,1,1.0,0.0020719,0.0020719,0,5,0,0,0.0020719,0.0009655,0.0011064,0
ace_adaptation_x-noreflect,train,step01_generator_{theorem},0,1,1,0,0.0,0.06857992,,0.06857992,32,0,0,0.06857992,0.02924392,0.039336,0
ace_adaptation_x-noreflect,train,step02_generator_{theorem},0,1,1,1,1.0,0.009370909999999998,0.009370909999999998,0,8,0,0,0.009370909999999998,0.006175309999999999,0.0031955999999999994,0
ace_adaptation_x-noreflect,train,step03_generator_{theorem},0,1,1,1,1.0,0.0011459499999999997,0.0011459499999999997,0,1,0,0,0.0011459499999999997,0.0009863499999999998,0.0001596,0
ace_adaptation_x-noreflect,train,step04_generator_{theorem},0,1,1,1,1.0,0.08015682999999998,0.08015682999999998,0,22,1,0,0.08015682999999998,0.04248283,0.037674,0
ace_adaptation_x-noreflect,train,step05_generator_{theorem},0,1,1,1,1.0,0.0019762699999999996,0.0019762699999999996,0,3,1,0,0.0019762699999999996,0.0014074699999999999,0.0005688,0
ace_adaptation_x-noreflect,train,step06_generator_{theorem},0,1,1,1,1.0,0.0014730999999999998,0.0014730999999999998,0,1,1,0,0.0014730999999999998,0.0011430999999999998,0.00033,0
ace_adaptation_x-noreflect,train,step07_generator_{theorem},0,1,1,1,1.0,0.01361372,0.01361372,0,14,0,0,0.01361372,0.005712919999999999,0.0079008,0
ace_adaptation_x-noreflect,train,step08_generator_{theorem},0,1,1,1,1.0,0.0012345,0.0012345,0,1,0,0,0.0012345,0.0011181,0.0001164,0
ace_adaptation_x-noreflect,train,step09_generator_{theorem},0,1,1,1,1.0,0.0028698799999999996,0.0028698799999999996,0,4,0,0,0.0028698799999999996,0.0013734799999999998,0.0014964,0
ace_adaptation_x-noreflect,train,step10_generator_{theorem},0,1,1,1,1.0,0.0088074,0.0088074,0,9,0,0,0.0088074,0.0038886,0.0049188,0
ace_adaptation_x-noreflect,train,step11_generator_{theorem},0,1,1,1,1.0,0.00785666,0.00785666,0,8,0,0,0.00785666,0.00443906,0.0034176,0
ace_adaptation_x-noreflect,train,step12_generator_{theorem},0,1,1,1,1.0,0.00135005,0.00135005,0,1,1,0,0.00135005,0.00127685,7.319999999999999e-05,0
ace_adaptation_x-noreflect,train,step13_generator_{theorem},0,1,1,1,1.0,0.00056662,0.00056662,0,1,0,0,0.00056662,0.00039141999999999996,0.0001752,0
ace_adaptation_x-noreflect,train,step14_generator_{theorem},0,1,1,0,0.0,0.022628110000000003,,0.022628110000000003,32,0,0,0.022628110000000003,0.015296109999999998,0.007332000000000003,0
ace_adaptation_x-noreflect,train,step15_generator_{theorem},0,1,1,1,1.0,0.0017279499999999998,0.0017279499999999998,0,1,0,0,0.0017279499999999998,0.00137635,0.0003516,0
ace_adaptation_x-noreflect,train,step16_generator_{theorem},0,1,1,1,1.0,0.00210794,0.00210794,0,2,0,0,0.00210794,0.0015739399999999998,0.000534,0
ace_adaptation_x-noreflect,train,step17_generator_{theorem},0,1,1,1,1.0,0.04999001,0.04999001,0,23,0,0,0.04999001,0.021240409999999994,0.028749599999999997,0
ace_adaptation_x-noreflect,train,step18_generator_{theorem},0,1,1,1,1.0,0.04600471,0.04600471,0,25,0,0,0.04600471,0.019496709999999997,0.026508,0
ace_adaptation_x-noreflect,train,step19_generator_{theorem},0,1,1,1,1.0,0.01586638,0.01586638,0,11,0,0,0.01586638,0.00736558,0.0085008,0
ace_adaptation_x-noreflect,train,step20_generator_{theorem},0,1,1,0,0.0,0.047056100000000003,,0.047056100000000003,32,0,0,0.047056100000000003,0.026621300000000004,0.0204348,0
ace_adaptation_x-noreflect,train,step21_generator_{theorem},0,1,1,0,0.0,0.049543189999999994,,0.049543189999999994,32,0,0,0.049543189999999994,0.024409189999999997,0.025134,0
ace_adaptation_x-noreflect,train,step22_generator_{theorem},0,1,1,1,1.0,0.02114547,0.02114547,0,11,0,0,0.02114547,0.007884269999999999,0.013261199999999997,0
ace_adaptation_x-noreflect,train,step23_generator_{theorem},0,1,1,0,0.0,0.031967020000000006,,0.031967020000000006,32,0,0,0.031967020000000006,0.019157020000000004,0.012809999999999998,0
ace_adaptation_x-noreflect,train,step24_generator_{theorem},0,1,1,1,1.0,0.05983917,0.05983917,0,29,0,0,0.05983917,0.03165357,0.028185599999999998,0
ace_adaptation_x-noreflect,train,step25_generator_{theorem},0,1,1,1,1.0,0.0054883499999999995,0.0054883499999999995,0,5,0,0,0.0054883499999999995,0.0038095499999999997,0.0016787999999999998,0
ace_adaptation_x-noreflect,train,step26_generator_{theorem},0,1,1,1,1.0,0.00444779,0.00444779,0,2,0,0,0.00444779,0.00253259,0.0019152,0
ace_adaptation_x-noreflect,train,step27_generator_{theorem},0,1,1,1,1.0,0.00219361,0.00219361,0,2,0,0,0.00219361,0.00070561,0.001488,0
ace_adaptation_x-noreflect,train,step28_generator_{theorem},0,1,1,0,0.0,0.03191196,,0.03191196,32,0,0,0.03191196,0.01583316,0.0160788,0
ace_adaptation_x-noreflect,train,step29_generator_{theorem},0,1,1,1,1.0,0.013901899999999998,0.013901899999999998,0,12,0,0,0.013901899999999998,0.0073655,0.006536400000000001,0
ace_adaptation_x-noreflect,train,step30_generator_{theorem},0,1,1,1,1.0,0.0020017499999999996,0.0020017499999999996,0,1,0,0,0.0020017499999999996,0.0018493499999999998,0.0001524,0
ace_adaptation_x-noreflect,train,step31_generator_{theorem},0,1,1,1,1.0,0.05247966999999999,0.05247966999999999,0,23,0,0,0.05247966999999999,0.024177670000000002,0.028302,0
ace_adaptation_x-noreflect,train,step32_generator_{theorem},0,1,1,1,1.0,0.0026314099999999994,0.0026314099999999994,0,2,0,0,0.0026314099999999994,0.00214061,0.0004908,0
ace_adaptation_x-noreflect,train,step33_generator_{theorem},0,1,1,1,1.0,0.00820837,0.00820837,0,13,0,0,0.00820837,0.00457357,0.0036347999999999997,0
ace_adaptation_x-noreflect,train,step34_generator_{theorem},0,1,1,0,0.0,0.0846655,,0.0846655,32,0,0,0.0846655,0.03724990000000001,0.0474156,0
ace_adaptation_x-noreflect,train,step35_generator_{theorem},0,1,1,1,1.0,0.00440093,0.00440093,0,7,0,0,0.00440093,0.0020177299999999997,0.0023832,0
ace_adaptation_x-noreflect,train,step36_generator_{theorem},0,1,1,1,1.0,0.00046897999999999997,0.00046897999999999997,0,1,0,0,0.00046897999999999997,0.00040298,6.599999999999999e-05,0
ace_adaptation_x-noreflect,train,step37_generator_{theorem},0,1,1,1,1.0,0.024696209999999993,0.024696209999999993,0,18,0,0,0.024696209999999993,0.01122381,0.0134724,0
ace_adaptation_x-noreflect,train,step38_generator_{theorem},0,1,1,1,1.0,0.0032253399999999993,0.0032253399999999993,0,4,0,0,0.0032253399999999993,0.0013749399999999998,0.0018503999999999999,0
ace_adaptation_x-noreflect,train,step39_generator_{theorem},0,1,1,0,0.0,0.04077705,,0.04077705,32,0,0,0.04077705,0.030020249999999995,0.010756799999999997,0
ace_adaptation_x-offline,train,step00_generator_{theorem},0,1,1,1,1.0,0.00216672,0.00216672,0,6,0,0,0.00216672,0.00098352,0.0011831999999999997,0
ace_adaptation_x-offline,train,step01_generator_{theorem},0,1,1,0,0.0,0.02539085,,0.02539085,32,0,0,0.02539085,0.014740849999999998,0.010650000000000003,0
ace_adaptation_x-offline,train,step02_generator_{theorem},0,1,1,1,1.0,0.0042286,0.0042286,0,6,1,0,0.0042286,0.0020697999999999997,0.0021588,0
ace_adaptation_x-offline,train,step03_generator_{theorem},0,1,1,1,1.0,0.0017875499999999997,0.0017875499999999997,0,1,0,0,0.0017875499999999997,0.00103635,0.0007511999999999999,0
ace_adaptation_x-offline,train,step04_generator_{theorem},0,1,1,1,1.0,0.06163305,0.06163305,0,20,1,0,0.06163305,0.04191224999999999,0.0197208,0
ace_adaptation_x-offline,train,step05_generator_{theorem},0,1,1,1,1.0,0.0039136399999999995,0.0039136399999999995,0,6,1,0,0.0039136399999999995,0.0022660399999999995,0.0016476,0
ace_adaptation_x-offline,train,step06_generator_{theorem},0,1,1,1,1.0,0.0013033999999999997,0.0013033999999999997,0,1,1,0,0.0013033999999999997,0.0012085999999999998,9.48e-05,0
ace_adaptation_x-offline,train,step07_generator_{theorem},0,1,1,1,1.0,0.02956213,0.02956213,0,24,1,0,0.02956213,0.01337413,0.016188,0
ace_adaptation_x-offline,train,step08_generator_{theorem},0,1,1,1,1.0,0.00128865,0.00128865,0,1,0,0,0.00128865,0.00119985,8.879999999999999e-05,0
ace_adaptation_x-offline,train,step09_generator_{theorem},0,1,1,1,1.0,0.0019012499999999997,0.0019012499999999997,0,1,1,0,0.0019012499999999997,0.0012448499999999998,0.0006564,0
ace_adaptation_x-offline,train,step10_generator_{theorem},0,1,1,1,1.0,0.01378875,0.01378875,0,11,0,0,0.01378875,0.00595275,0.007836,0
ace_adaptation_x-offline,train,step11_generator_{theorem},0,1,1,1,1.0,0.0062783199999999996,0.0062783199999999996,0,7,0,0,0.0062783199999999996,0.0033959199999999993,0.0028824,0
ace_adaptation_x-offline,train,step12_generator_{theorem},0,1,1,1,1.0,0.0014055499999999998,0.0014055499999999998,0,1,1,0,0.0014055499999999998,0.0013563499999999999,4.9199999999999997e-05,0
ace_adaptation_x-offline,train,step13_generator_{theorem},0,1,1,1,1.0,0.00061618,0.00061618,0,1,0,0,0.00061618,0.00039778,0.0002184,0
ace_adaptation_x-offline,train,step14_generator_{theorem},0,1,1,0,0.0,0.025410610000000004,,0.025410610000000004,32,0,0,0.025410610000000004,0.01631461,0.009096000000000002,0
ace_adaptation_x-offline,train,step15_generator_{theorem},0,1,1,1,1.0,0.0018638499999999998,0.0018638499999999998,0,1,0,0,0.0018638499999999998,0.0014438499999999998,0.00041999999999999996,0
ace_adaptation_x-offline,train,step16_generator_{theorem},0,1,1,1,1.0,0.0026470799999999996,0.0026470799999999996,0,4,0,0,0.0026470799999999996,0.0020086799999999997,0.0006384,0
ace_adaptation_x-offline,train,step17_generator_{theorem},0,1,1,1,1.0,0.04797149999999999,0.04797149999999999,0,31,0,0,0.04797149999999999,0.0217203,0.026251200000000002,0
ace_adaptation_x-offline,train,step18_generator_{theorem},0,1,1,1,1.0,0.01664701,0.01664701,0,9,0,0,0.01664701,0.00594301,0.010704,0
ace_adaptation_x-offline,train,step19_generator_{theorem},0,1,1,1,1.0,0.02957391,0.02957391,0,15,0,0,0.02957391,0.019517909999999996,0.010056,0
ace_adaptation_x-offline,train,step20_generator_{theorem},0,1,1,1,1.0,0.09050852999999999,0.09050852999999999,0,28,0,0,0.09050852999999999,0.04053813,0.049970400000000005,0
ace_adaptation_x-offline,train,step21_generator_{theorem},0,1,1,0,0.0,0.05653043999999998,,0.05653043999999998,32,0,0,0.05653043999999998,0.028344840000000003,0.0281856,0
ace_adaptation_x-offline,train,step22_generator_{theorem},0,1,1,1,1.0,0.03704177,0.03704177,0,22,0,0,0.03704177,0.015105770000000003,0.021935999999999997,0
ace_adaptation_x-offline,train,step23_generator_{theorem},0,1,1,1,1.0,0.018544639999999998,0.018544639999999998,0,7,1,0,0.018544639999999998,0.006711439999999999,0.011833199999999999,0
ace_adaptation_x-offline,train,step24_generator_{theorem},0,1,1,0,0.0,0.07602321,,0.07602321,32,0,0,0.07602321,0.04238361,0.03363959999999999,0
ace_adaptation_x-offline,train,step25_generator_{theorem},0,1,1,1,1.0,0.01826831,0.01826831,0,14,0,0,0.01826831,0.010938709999999999,0.0073295999999999995,0
ace_adaptation_x-offline,train,step26_generator_{theorem},0,1,1,1,1.0,0.010958359999999999,0.010958359999999999,0,8,0,0,0.010958359999999999,0.005788759999999999,0.0051696,0
ace_adaptation_x-offline,train,step27_generator_{theorem},0,1,1,1,1.0,0.00506489,0.00506489,0,3,0,0,0.00506489,0.0026924899999999996,0.0023723999999999998,0
ace_adaptation_x-offline,train,step28_generator_{theorem},0,1,1,0,0.0,0.08851853000000003,,0.08851853000000003,32,0,0,0.08851853000000003,0.062440129999999996,0.026078399999999998,0
ace_adaptation_x-offline,train,step29_generator_{theorem},0,1,1,1,1.0,0.015378059999999999,0.015378059999999999,0,16,0,0,0.015378059999999999,0.00774246,0.007635599999999999,0
ace_adaptation_x-offline,train,step30_generator_{theorem},0,1,1,1,1.0,0.00207945,0.00207945,0,1,0,0,0.00207945,0.00182385,0.0002556,0
ace_adaptation_x-offline,train,step31_generator_{theorem},0,1,1,0,0.0,0.10563895000000001,,0.10563895000000001,31,0,0,0.10563895000000001,0.03552174999999999,0.0701172,0
ace_adaptation_x-offline,train,step32_generator_{theorem},0,1,1,1,1.0,0.00288172,0.00288172,0,3,0,0,0.00288172,0.00109852,0.0017832,0
ace_adaptation_x-offline,train,step33_generator_{theorem},0,1,1,1,1.0,0.014216989999999999,0.014216989999999999,0,12,0,0,0.014216989999999999,0.005375389999999999,0.008841599999999998,0
ace_adaptation_x-offline,train,step34_generator_{theorem},0,1,1,0,0.0,0.11467644999999999,,0.11467644999999999,30,0,0,0.11467644999999999,0.06837685,0.046299599999999996,0
ace_adaptation_x-offline,train,step35_generator_{theorem},0,1,1,1,1.0,0.00225821,0.00225821,0,5,0,0,0.00225821,0.00144101,0.0008171999999999999,0
ace_adaptation_x-offline,train,step36_generator_{theorem},0,1,1,1,1.0,0.0018964499999999998,0.0018964499999999998,0,1,0,0,0.0018964499999999998,0.0018388499999999997,5.76e-05,0
ace_adaptation_x-offline,train,step37_generator_{theorem},0,1,1,1,1.0,0.02835881,0.02835881,0,17,0,0,0.02835881,0.01235801,0.0160008,0
ace_adaptation_x-offline,train,step38_generator_{theorem},0,1,1,1,1.0,0.0035188,0.0035188,0,2,1,0,0.0035188,0.0025828,0.0009359999999999999,0
ace_adaptation_x-offline,train,step39_generator_{theorem},0,1,1,0,0.0,0.04149194,,0.04149194,32,0,0,0.04149194,0.02599873999999999,0.015493199999999999,0
ace_adaptation_x-offline-e3,train,step00_generator_{theorem},0,1,1,1,1.0,0.0021611499999999997,0.0021611499999999997,0,6,0,0,0.0021611499999999997,0.00107515,0.001086,0
ace_adaptation_x-offline-e3,train,step01_generator_{theorem},0,1,1,0,0.0,0.05466592999999999,,0.05466592999999999,32,0,0,0.05466592999999999,0.027805130000000004,0.026860799999999997,0
ace_adaptation_x-offline-e3,train,step02_generator_{theorem},0,1,1,1,1.0,0.005409369999999999,0.005409369999999999,0,7,1,0,0.005409369999999999,0.0026313699999999996,0.002778,0
ace_adaptation_x-offline-e3,train,step03_generator_{theorem},0,1,1,1,1.0,0.0014067399999999996,0.0014067399999999996,0,2,0,0,0.0014067399999999996,0.0011439399999999998,0.0002628,0
ace_adaptation_x-offline-e3,train,step04_generator_{theorem},0,1,1,1,1.0,0.05036252,0.05036252,0,22,1,0,0.05036252,0.028821320000000004,0.0215412,0
ace_adaptation_x-offline-e3,train,step05_generator_{theorem},0,1,1,1,1.0,0.00318987,0.00318987,0,4,1,0,0.00318987,0.0018374699999999997,0.0013524,0
ace_adaptation_x-offline-e3,train,step06_generator_{theorem},0,1,1,1,1.0,0.0013135499999999997,0.0013135499999999997,0,1,1,0,0.0013135499999999997,0.0012103499999999998,0.0001032,0
ace_adaptation_x-offline-e3,train,step07_generator_{theorem},0,1,1,1,1.0,0.026119659999999992,0.026119659999999992,0,23,0,0,0.026119659999999992,0.012817659999999998,0.013302,0
ace_adaptation_x-offline-e3,train,step08_generator_{theorem},0,1,1,1,1.0,0.00128135,0.00128135,0,1,0,0,0.00128135,0.0011973499999999998,8.4e-05,0
ace_adaptation_x-offline-e3,train,step09_generator_{theorem},0,1,1,1,1.0,0.00538858,0.00538858,0,6,0,0,0.00538858,0.0025709799999999996,0.0028176,0
ace_adaptation_x-offline-e3,train,step100_generator_{theorem},0,1,1,1,1.0,0.031307789999999995,0.031307789999999995,0,17,0,0,0.031307789999999995,0.01246779,0.018839999999999996,0
ace_adaptation_x-offline-e3,train,step101_generator_{theorem},0,1,1,0,0.0,0.07362609,,0.07362609,32,0,0,0.07362609,0.038583690000000004,0.0350424,0
ace_adaptation_x-offline-e3,train,step102_generator_{theorem},0,1,1,1,1.0,0.015493819999999998,0.015493819999999998,0,13,1,0,0.015493819999999998,0.006361820000000001,0.009131999999999998,0
ace_adaptation_x-offline-e3,train,step103_generator_{theorem},0,1,1,1,1.0,0.00106192,0.00106192,0,1,0,0,0.00106192,0.00040432,0.0006575999999999999,0
ace_adaptation_x-offline-e3,train,step104_generator_{theorem},0,1,1,1,1.0,0.0042790499999999995,0.0042790499999999995,0,6,0,0,0.0042790499999999995,0.00227745,0.0020015999999999996,0
ace_adaptation_x-offline-e3,train,step105_generator_{theorem},0,1,1,0,0.0,0.08100014,,0.08100014,32,0,0,0.08100014,0.03667093999999999,0.0443292,0
ace_adaptation_x-offline-e3,train,step106_generator_{theorem},0,1,1,1,1.0,0.0036295700000000004,0.0036295700000000004,0,6,0,0,0.0036295700000000004,0.00164237,0.0019871999999999997,0
ace_adaptation_x-offline-e3,train,step107_generator_{theorem},0,1,1,1,1.0,0.01889956,0.01889956,0,13,0,0,0.01889956,0.007397559999999999,0.011501999999999998,0
ace_adaptation_x-offline-e3,train,step108_generator_{theorem},0,1,1,1,1.0,0.013346499999999999,0.013346499999999999,0,7,0,0,0.013346499999999999,0.0050881,0.008258399999999999,0
ace_adaptation_x-offline-e3,train,step109_generator_{theorem},0,1,1,1,1.0,0.0016664499999999999,0.0016664499999999999,0,2,0,0,0.0016664499999999999,0.00070165,0.0009647999999999999,0
ace_adaptation_x-offline-e3,train,step10_generator_{theorem},0,1,1,1,1.0,0.016941679999999997,0.016941679999999997,0,14,0,0,0.016941679999999997,0.00749888,0.009442800000000001,0
ace_adaptation_x-offline-e3,train,step110_generator_{theorem},0,1,1,1,1.0,0.00111792,0.00111792,0,2,0,0,0.00111792,0.00074832,0.0003696,0
ace_adaptation_x-offline-e3,train,step111_generator_{theorem},0,1,1,1,1.0,0.00048481999999999996,0.00048481999999999996,0,1,1,0,0.00048481999999999996,0.00043682,4.8e-05,0
ace_adaptation_x-offline-e3,train,step112_generator_{theorem},0,1,1,0,0.0,0.052208729999999995,,0.052208729999999995,32,0,0,0.052208729999999995,0.02453793,0.027670800000000002,0
ace_adaptation_x-offline-e3,train,step113_generator_{theorem},0,1,1,1,1.0,0.0020157499999999997,0.0020157499999999997,0,5,0,0,0.0020157499999999997,0.0012645500000000001,0.0007512,0
ace_adaptation_x-offline-e3,train,step114_generator_{theorem},0,1,1,1,1.0,0.00432793,0.00432793,0,3,0,0,0.00432793,0.00235873,0.0019692,0
ace_adaptation_x-offline-e3,train,step115_generator_{theorem},0,1,1,1,1.0,0.005385029999999999,0.005385029999999999,0,9,0,0,0.005385029999999999,0.0029262299999999993,0.0024587999999999997,0
ace_adaptation_x-offline-e3,train,step116_generator_{theorem},0,1,1,0,0.0,0.029861350000000002,,0.029861350000000002,32,0,0,0.029861350000000002,0.019739350000000003,0.010121999999999999,0
ace_adaptation_x-offline-e3,train,step117_generator_{theorem},0,1,1,1,1.0,0.00060642,0.00060642,0,1,0,0,0.00060642,0.00043482,0.0001716,0
ace_adaptation_x-offline-e3,train,step118_generator_{theorem},0,1,1,1,1.0,0.01405758,0.01405758,0,12,1,0,0.01405758,0.005573579999999999,0.008483999999999998,0
ace_adaptation_x-offline-e3,train,step119_generator_{theorem},0,1,1,1,1.0,0.026798029999999997,0.026798029999999997,0,18,0,0,0.026798029999999997,0.01199003,0.014808,0
ace_adaptation_x-offline-e3,train,step11_generator_{theorem},0,1,1,1,1.0,0.00257926,0.00257926,0,3,0,0,0.00257926,0.0017656599999999998,0.0008136,0
ace_adaptation_x-offline-e3,train,step12_generator_{theorem},0,1,1,1,1.0,0.0014217499999999998,0.0014217499999999998,0,1,1,0,0.0014217499999999998,0.0013773499999999998,4.4399999999999995e-05,0
ace_adaptation_x-offline-e3,train,step13_generator_{theorem},0,1,1,1,1.0,0.0006946599999999999,0.0006946599999999999,0,1,0,0,0.0006946599999999999,0.00039946,0.00029519999999999997,0
ace_adaptation_x-offline-e3,train,step14_generator_{theorem},0,1,1,0,0.0,0.03016375,,0.03016375,32,0,0,0.03016375,0.02006335,0.010100399999999999,0
ace_adaptation_x-offline-e3,train,step15_generator_{theorem},0,1,1,1,1.0,0.0018605499999999999,0.0018605499999999999,0,1,0,0,0.0018605499999999999,0.0014933499999999998,0.0003672,0
ace_adaptation_x-offline-e3,train,step16_generator_{theorem},0,1,1,1,1.0,0.0017426499999999999,0.0017426499999999999,0,1,0,0,0.0017426499999999999,0.0014558499999999999,0.0002868,0
ace_adaptation_x-offline-e3,train,step17_generator_{theorem},0,1,1,1,1.0,0.05126006,0.05126006,0,28,0,0,0.05126006,0.02359046,0.0276696,0
ace_adaptation_x-offline-e3,train,step18_generator_{theorem},0,1,1,1,1.0,0.04791228,0.04791228,0,21,0,0,0.04791228,0.020680680000000003,0.0272316,0
ace_adaptation_x-offline-e3,train,step19_generator_{theorem},0,1,1,1,1.0,0.025874799999999996,0.025874799999999996,0,13,0,0,0.025874799999999996,0.0114664,0.014408400000000002,0
ace_adaptation_x-offline-e3,train,step20_generator_{theorem},0,1,1,0,0.0,0.035902859999999995,,0.035902859999999995,32,0,0,0.035902859999999995,0.022762859999999996,0.013139999999999994,0
ace_adaptation_x-offline-e3,train,step21_generator_{theorem},0,1,1,0,0.0,0.03675709999999999,,0.03675709999999999,32,0,0,0.03675709999999999,0.018722299999999997,0.018034799999999997,0
ace_adaptation_x-offline-e3,train,step22_generator_{theorem},0,1,1,1,1.0,0.04524542999999999,0.04524542999999999,0,22,0,0,0.04524542999999999,0.01727223,0.027973199999999997,0
ace_adaptation_x-offline-e3,train,step23_generator_{theorem},0,1,1,1,1.0,0.00949441,0.00949441,0,3,0,0,0.00949441,0.00357721,0.0059172,0
ace_adaptation_x-offline-e3,train,step24_generator_{theorem},0,1,1,0,0.0,0.07904259,,0.07904259,32,0,0,0.07904259,0.04196619,0.037076399999999995,0
ace_adaptation_x-offline-e3,train,step25_generator_{theorem},0,1,1,1,1.0,0.02288645,0.02288645,0,14,0,0,0.02288645,0.016212050000000002,0.0066744000000000005,0
ace_adaptation_x-offline-e3,train,step26_generator_{theorem},0,1,1,1,1.0,0.006794,0.006794,0,5,0,0,0.006794,0.0034868,0.0033071999999999997,0
ace_adaptation_x-offline-e3,train,step27_generator_{theorem},0,1,1,1,1.0,0.0036344899999999993,0.0036344899999999993,0,3,0,0,0.0036344899999999993,0.0023264899999999996,0.001308,0
ace_adaptation_x-offline-e3,train,step28_generator_{theorem},0,1,1,0,0.0,0.07630839,,0.07630839,32,0,0,0.07630839,0.04884279000000001,0.027465600000000003,0
ace_adaptation_x-offline-e3,train,step29_generator_{theorem},0,1,1,1,1.0,0.06056715999999998,0.06056715999999998,0,31,1,0,0.06056715999999998,0.026668360000000002,0.0338988,0
ace_adaptation_x-offline-e3,train,step30_generator_{theorem},0,1,1,1,1.0,0.0020434499999999996,0.0020434499999999996,0,1,0,0,0.0020434499999999996,0.0018178499999999998,0.00022559999999999998,0
ace_adaptation_x-offline-e3,train,step31_generator_{theorem},0,1,1,1,1.0,0.04763148999999999,0.04763148999999999,0,24,0,0,0.04763148999999999,0.029639890000000006,0.017991599999999996,0
ace_adaptation_x-offline-e3,train,step32_generator_{theorem},0,1,1,1,1.0,0.00640037,0.00640037,0,8,0,0,0.00640037,0.003969169999999999,0.0024311999999999997,0
ace_adaptation_x-offline-e3,train,step33_generator_{theorem},0,1,1,1,1.0,0.0195394,0.0195394,0,12,1,0,0.0195394,0.014570199999999998,0.0049692,0
ace_adaptation_x-offline-e3,train,step34_generator_{theorem},0,1,1,0,0.0,0.07927887000000002,,0.07927887000000002,32,0,0,0.07927887000000002,0.038273669999999996,0.041005200000000006,0
ace_adaptation_x-offline-e3,train,step35_generator_{theorem},0,1,1,1,1.0,0.004464739999999999,0.004464739999999999,0,8,0,0,0.004464739999999999,0.0023347399999999996,0.00213,0
ace_adaptation_x-offline-e3,train,step36_generator_{theorem},0,1,1,1,1.0,0.00046014,0.00046014,0,1,0,0,0.00046014,0.00040014,5.9999999999999995e-05,0
ace_adaptation_x-offline-e3,train,step37_generator_{theorem},0,1,1,1,1.0,0.01457928,0.01457928,0,10,0,0,0.01457928,0.00599928,0.008579999999999999,0
ace_adaptation_x-offline-e3,train,step38_generator_{theorem},0,1,1,1,1.0,0.004138869999999999,0.004138869999999999,0,5,1,0,0.004138869999999999,0.0017868699999999999,0.002352,0
ace_adaptation_x-offline-e3,train,step39_generator_{theorem},0,1,1,0,0.0,0.03854563,,0.03854563,32,0,0,0.03854563,0.023162829999999995,0.015382799999999997,0
ace_adaptation_x-offline-e3,train,step40_generator_{theorem},0,1,1,1,1.0,0.0022456999999999998,0.0022456999999999998,0,1,0,0,0.0022456999999999998,0.0017980999999999997,0.0004476,0
ace_adaptation_x-offline-e3,train,step41_generator_{theorem},0,1,1,1,1.0,0.0005872200000000001,0.0005872200000000001,0,1,0,0,0.0005872200000000001,0.00040482,0.0001824,0
ace_adaptation_x-offline-e3,train,step42_generator_{theorem},0,1,1,1,1.0,0.0162868,0.0162868,0,11,0,0,0.0162868,0.0071764,0.0091104,0
ace_adaptation_x-offline-e3,train,step43_generator_{theorem},0,1,1,1,1.0,0.01313767,0.01313767,0,6,0,0,0.01313767,0.00509647,0.0080412,0
ace_adaptation_x-offline-e3,train,step44_generator_{theorem},0,1,1,0,0.0,0.038257700000000006,,0.038257700000000006,32,0,0,0.038257700000000006,0.026807299999999996,0.011450400000000001,0
ace_adaptation_x-offline-e3,train,step45_generator_{theorem},0,1,1,0,0.0,0.08098306,,0.08098306,32,0,0,0.08098306,0.053132259999999994,0.027850800000000002,0
ace_adaptation_x-offline-e3,train,step46_generator_{theorem},0,1,1,1,1.0,0.0005400299999999999,0.0005400299999999999,0,1,1,0,0.0005400299999999999,0.00047523,6.48e-05,0
ace_adaptation_x-offline-e3,train,step47_generator_{theorem},0,1,1,1,1.0,0.00061008,0.00061008,0,1,0,0,0.00061008,0.00043848,0.0001716,0
ace_adaptation_x-offline-e3,train,step48_generator_{theorem},0,1,1,1,1.0,0.00238225,0.00238225,0,3,1,0,0.00238225,0.0010094499999999998,0.0013728,0
ace_adaptation_x-offline-e3,train,step49_generator_{theorem},0,1,1,0,0.0,0.06789151999999998,,0.06789151999999998,32,0,0,0.06789151999999998,0.03471992,0.033171599999999996,0
ace_adaptation_x-offline-e3,train,step50_generator_{theorem},0,1,1,1,1.0,0.0027871099999999998,0.0027871099999999998,0,2,0,0,0.0027871099999999998,0.00084311,0.001944,0
ace_adaptation_x-offline-e3,train,step51_generator_{theorem},0,1,1,1,1.0,0.00235719,0.00235719,0,3,0,0,0.00235719,0.00086679,0.0014904,0
ace_adaptation_x-offline-e3,train,step52_generator_{theorem},0,1,1,1,1.0,0.027678099999999994,0.027678099999999994,0,14,1,0,0.027678099999999994,0.0144901,0.013187999999999998,0
ace_adaptation_x-offline-e3,train,step53_generator_{theorem},0,1,1,0,0.0,0.08088559999999999,,0.08088559999999999,32,0,0,0.08088559999999999,0.03579920000000001,0.045086400000000006,0
ace_adaptation_x-offline-e3,train,step54_generator_{theorem},0,1,1,1,1.0,0.00156884,0.00156884,0,3,0,0,0.00156884,0.0008704399999999999,0.0006984,0
ace_adaptation_x-offline-e3,train,step55_generator_{theorem},0,1,1,1,1.0,0.009747750000000001,0.009747750000000001,0,4,0,0,0.009747750000000001,0.00281055,0.006937199999999999,0
ace_adaptation_x-offline-e3,train,step56_generator_{theorem},0,1,1,1,1.0,0.004821819999999999,0.004821819999999999,0,5,0,0,0.004821819999999999,0.0018938199999999998,0.002928,0
ace_adaptation_x-offline-e3,train,step57_generator_{theorem},0,1,1,1,1.0,0.00049208,0.00049208,0,1,1,0,0.00049208,0.00044048,5.16e-05,0
ace_adaptation_x-offline-e3,train,step58_generator_{theorem},0,1,1,1,1.0,0.00655251,0.00655251,0,8,0,0,0.00655251,0.0028637099999999998,0.0036888,0
ace_adaptation_x-offline-e3,train,step59_generator_{theorem},0,1,1,1,1.0,0.00464186,0.00464186,0,7,0,0,0.00464186,0.00218666,0.0024552,0
ace_adaptation_x-offline-e3,train,step60_generator_{theorem},0,1,1,1,1.0,0.0019708,0.0019708,0,1,0,0,0.0019708,0.0018256,0.0001452,0
ace_adaptation_x-offline-e3,train,step61_generator_{theorem},0,1,1,0,0.0,0.03075431,,0.03075431,32,0,0,0.03075431,0.01816031,0.012593999999999996,0
ace_adaptation_x-offline-e3,train,step62_generator_{theorem},0,1,1,0,0.0,0.03781655999999999,,0.03781655999999999,32,0,0,0.03781655999999999,0.02233536,0.015481199999999997,0
ace_adaptation_x-offline-e3,train,step63_generator_{theorem},0,1,1,1,1.0,0.04199839999999999,0.04199839999999999,0,22,0,0,0.04199839999999999,0.029845999999999998,0.012152399999999999,0
ace_adaptation_x-offline-e3,train,step64_generator_{theorem},0,1,1,1,1.0,0.00192375,0.00192375,0,1,0,0,0.00192375,0.0018253499999999999,9.839999999999999e-05,0
ace_adaptation_x-offline-e3,train,step65_generator_{theorem},0,1,1,1,1.0,0.03573764,0.03573764,0,21,0,0,0.03573764,0.015302839999999998,0.020434799999999996,0
ace_adaptation_x-offline-e3,train,step66_generator_{theorem},0,1,1,1,1.0,0.00366924,0.00366924,0,5,1,0,0.00366924,0.00154404,0.0021252,0
ace_adaptation_x-offline-e3,train,step67_generator_{theorem},0,1,1,1,1.0,0.01478896,0.01478896,0,9,0,0,0.01478896,0.005668960000000001,0.00912,0
ace_adaptation_x-offline-e3,train,step68_generator_{theorem},0,1,1,1,1.0,0.01841033,0.01841033,0,15,0,0,0.01841033,0.00847553,0.0099348,0
ace_adaptation_x-offline-e3,train,step69_generator_{theorem},0,1,1,1,1.0,0.012795079999999999,0.012795079999999999,0,9,0,0,0.012795079999999999,0.00916868,0.0036263999999999997,0
ace_adaptation_x-offline-e3,train,step70_generator_{theorem},0,1,1,1,1.0,0.0004562,0.0004562,0,1,0,0,0.0004562,0.00039979999999999996,5.6399999999999995e-05,0
ace_adaptation_x-offline-e3,train,step71_generator_{theorem},0,1,1,1,1.0,0.00970949,0.00970949,0,7,0,0,0.00970949,0.00476069,0.0049488,0
ace_adaptation_x-offline-e3,train,step72_generator_{theorem},0,1,1,1,1.0,0.0015272799999999998,0.0015272799999999998,0,2,0,0,0.0015272799999999998,0.0008072800000000001,0.0007199999999999999,0
ace_adaptation_x-offline-e3,train,step73_generator_{theorem},0,1,1,1,1.0,0.00585839,0.00585839,0,3,0,0,0.00585839,0.00194639,0.003912,0
ace_adaptation_x-offline-e3,train,step74_generator_{theorem},0,1,1,0,0.0,0.1251279,,0.1251279,31,0,0,0.1251279,0.0887895,0.036338399999999986,0
ace_adaptation_x-offline-e3,train,step75_generator_{theorem},0,1,1,1,1.0,0.00195225,0.00195225,0,4,0,0,0.00195225,0.00114945,0.0008028,0
ace_adaptation_x-offline-e3,train,step76_generator_{theorem},0,1,1,0,0.0,0.07727178999999999,,0.07727178999999999,32,0,0,0.07727178999999999,0.03861378999999999,0.03865799999999999,0
ace_adaptation_x-offline-e3,train,step77_generator_{theorem},0,1,1,0,0.0,0.06896924,,0.06896924,32,0,0,0.06896924,0.034050439999999994,0.0349188,0
ace_adaptation_x-offline-e3,train,step78_generator_{theorem},0,1,1,1,1.0,0.0009576,0.0009576,0,1,0,0,0.0009576,0.00043079999999999995,0.0005268,0
ace_adaptation_x-offline-e3,train,step79_generator_{theorem},0,1,1,1,1.0,0.037428369999999996,0.037428369999999996,0,16,0,0,0.037428369999999996,0.01746397,0.019964399999999997,0
ace_adaptation_x-offline-e3,train,step80_generator_{theorem},0,1,1,1,1.0,0.0024466699999999997,0.0024466699999999997,0,2,0,0,0.0024466699999999997,0.00207107,0.00037559999999999997,0
ace_adaptation_x-offline-e3,train,step81_generator_{theorem},0,1,1,0,0.0,0.055688049999999996,,0.055688049999999996,32,0,0,0.055688049999999996,0.028799650000000003,0.0268884,0
ace_adaptation_x-offline-e3,train,step82_generator_{theorem},0,1,1,1,1.0,0.0008937399999999999,0.0008937399999999999,0,1,0,0,0.0008937399999999999,0.00042933999999999995,0.00046439999999999996,0
ace_adaptation_x-offline-e3,train,step83_generator_{theorem},0,1,1,1,1.0,0.00054019,0.00054019,0,1,0,0,0.00054019,0.00041659,0.0001236,0
ace_adaptation_x-offline-e3,train,step84_generator_{theorem},0,1,1,0,0.0,0.06957707,,0.06957707,32,0,0,0.06957707,0.028765069999999997,0.040812000000000015,0
ace_adaptation_x-offline-e3,train,step85_generator_{theorem},0,1,1,1,1.0,0.0085388,0.0085388,0,9,1,0,0.0085388,0.004112,0.0044268,0
ace_adaptation_x-offline-e3,train,step86_generator_{theorem},0,1,1,1,1.0,0.0013860799999999998,0.0013860799999999998,0,3,1,0,0.0013860799999999998,0.0008892799999999999,0.0004967999999999999,0
ace_adaptation_x-offline-e3,train,step87_generator_{theorem},0,1,1,1,1.0,0.01240227,0.01240227,0,10,0,0,0.01240227,0.00471507,0.0076872,0
ace_adaptation_x-offline-e3,train,step88_generator_{theorem},0,1,1,1,1.0,0.00092981,0.00092981,0,2,0,0,0.00092981,0.00066101,0.0002688,0
ace_adaptation_x-offline-e3,train,step89_generator_{theorem},0,1,1,1,1.0,0.051753919999999995,0.051753919999999995,0,21,0,0,0.051753919999999995,0.020377519999999996,0.0313764,0
ace_adaptation_x-offline-e3,train,step90_generator_{theorem},0,1,1,1,1.0,0.012265210000000002,0.012265210000000002,0,12,0,0,0.012265210000000002,0.0063420099999999995,0.0059232,0
ace_adaptation_x-offline-e3,train,step91_generator_{theorem},0,1,1,1,1.0,0.00045205999999999995,0.00045205999999999995,0,1,0,0,0.00045205999999999995,0.00039685999999999996,5.52e-05,0
ace_adaptation_x-offline-e3,train,step92_generator_{theorem},0,1,1,1,1.0,0.00803341,0.00803341,0,7,0,0,0.00803341,0.0035502100000000003,0.0044832,0
ace_adaptation_x-offline-e3,train,step93_generator_{theorem},0,1,1,1,1.0,0.01810818,0.01810818,0,14,0,0,0.01810818,0.00728058,0.0108276,0
ace_adaptation_x-offline-e3,train,step94_generator_{theorem},0,1,1,1,1.0,0.00370391,0.00370391,0,4,0,0,0.00370391,0.00158831,0.0021156,0
ace_adaptation_x-offline-e3,train,step95_generator_{theorem},0,1,1,1,1.0,0.00052711,0.00052711,0,1,1,0,0.00052711,0.00047311,5.4e-05,0
ace_adaptation_x-offline-e3,train,step96_generator_{theorem},0,1,1,1,1.0,0.02766954,0.02766954,0,18,0,0,0.02766954,0.011175540000000001,0.016493999999999998,0
ace_adaptation_x-offline-e3,train,step97_generator_{theorem},0,1,1,0,0.0,0.028571070000000004,,0.028571070000000004,32,0,0,0.028571070000000004,0.020516670000000004,0.008054399999999998,0
ace_adaptation_x-offline-e3,train,step98_generator_{theorem},0,1,1,1,1.0,0.0173261,0.0173261,0,14,0,0,0.0173261,0.007430899999999999,0.009895199999999998,0
ace_adaptation_x-offline-e3,train,step99_generator_{theorem},0,1,1,1,1.0,0.00044956,0.00044956,0,1,0,0,0.00044956,0.00038836000000000003,6.12e-05,0
ace_adaptation_x3-gate-b1,train,step00_generator_{theorem},0,1,1,1,1.0,0.00258657,0.00258657,0,5,0,0,0.00258657,0.0010169699999999999,0.0015696,0
ace_adaptation_x3-gate-b1,train,step01_generator_{theorem},0,1,1,0,0.0,0.06244699000000001,,0.06244699000000001,32,0,0,0.06244699000000001,0.02823619,0.03421079999999999,0
ace_adaptation_x3-gate-b1,train,step02_generator_{theorem},0,1,1,1,1.0,0.0028863299999999995,0.0028863299999999995,0,3,0,0,0.0028863299999999995,0.0015123299999999999,0.0013739999999999998,0
ace_adaptation_x3-gate-b1,train,step03_generator_{theorem},0,1,1,1,1.0,0.00376615,0.00376615,0,1,0,0,0.00376615,0.0010313499999999999,0.0027348,0
ace_adaptation_x3-gate-b1,train,step04_generator_{theorem},0,1,1,1,1.0,0.011271259999999998,0.011271259999999998,0,10,1,0,0.011271259999999998,0.0044624600000000006,0.006808799999999999,0
ace_adaptation_x3-gate-b1,train,step05_generator_{theorem},0,1,1,1,1.0,0.00341484,0.00341484,0,9,1,0,0.00341484,0.00229524,0.0011196000000000001,0
ace_adaptation_x3-gate-b1,train,step06_generator_{theorem},0,1,1,1,1.0,0.0013111999999999998,0.0013111999999999998,0,1,1,0,0.0013111999999999998,0.0011635999999999999,0.00014759999999999998,0
ace_adaptation_x3-gate-b1,train,step07_generator_{theorem},0,1,1,1,1.0,0.030055699999999998,0.030055699999999998,0,21,1,0,0.030055699999999998,0.013920499999999999,0.0161352,0
ace_adaptation_x3-gate-b1,train,step08_generator_{theorem},0,1,1,1,1.0,0.0013217499999999998,0.0013217499999999998,0,1,0,0,0.0013217499999999998,0.0011453499999999998,0.0001764,0
ace_adaptation_x3-gate-b1,train,step09_generator_{theorem},0,1,1,1,1.0,0.0017464999999999998,0.0017464999999999998,0,1,1,0,0.0017464999999999998,0.0011920999999999998,0.0005543999999999999,0
ace_adaptation_x3-gate-b1,train,step10_generator_{theorem},0,1,1,1,1.0,0.01236334,0.01236334,0,10,1,0,0.01236334,0.005372139999999999,0.0069911999999999995,0
ace_adaptation_x3-gate-b1,train,step11_generator_{theorem},0,1,1,1,1.0,0.0029515399999999995,0.0029515399999999995,0,4,0,0,0.0029515399999999995,0.00188714,0.0010643999999999999,0
ace_adaptation_x3-gate-b1,train,step12_generator_{theorem},0,1,1,1,1.0,0.0015381999999999998,0.0015381999999999998,0,1,0,0,0.0015381999999999998,0.0012885999999999998,0.0002496,0
ace_adaptation_x3-gate-b1,train,step13_generator_{theorem},0,1,1,1,1.0,0.00068966,0.00068966,0,1,0,0,0.00068966,0.00039926,0.0002904,0
ace_adaptation_x3-mono,train,step00_generator_{theorem},0,1,1,1,1.0,0.00484216,0.00484216,0,7,0,0,0.00484216,0.00215176,0.0026904,0
ace_adaptation_x3-mono,train,step01_generator_{theorem},0,1,1,0,0.0,0.048734179999999995,,0.048734179999999995,32,0,0,0.048734179999999995,0.023092579999999998,0.0256416,0
ace_adaptation_x3-mono,train,step02_generator_{theorem},0,1,1,1,1.0,0.004308449999999999,0.004308449999999999,0,4,0,0,0.004308449999999999,0.00217845,0.00213,0
ace_adaptation_x3-mono,train,step03_generator_{theorem},0,1,1,1,1.0,0.00052414,0.00052414,0,1,0,0,0.00052414,0.00035853999999999997,0.0001656,0
ace_adaptation_x3-mono,train,step04_generator_{theorem},0,1,1,0,0.0,0.11712933999999997,,0.11712933999999997,26,0,0,0.11712933999999997,0.08683774000000001,0.030291599999999995,0
ace_adaptation_x3-mono,train,step05_generator_{theorem},0,1,1,1,1.0,0.00323603,0.00323603,0,6,1,0,0.00323603,0.00213563,0.0011004,0
ace_adaptation_x3-mono,train,step06_generator_{theorem},0,1,1,1,1.0,0.0020313899999999997,0.0020313899999999997,0,2,1,0,0.0020313899999999997,0.0015561899999999998,0.00047519999999999995,0
ace_adaptation_x3-mono,train,step07_generator_{theorem},0,1,1,1,1.0,0.017045559999999998,0.017045559999999998,0,17,0,0,0.017045559999999998,0.007965159999999999,0.009080400000000002,0
ace_adaptation_x3-mono,train,step08_generator_{theorem},0,1,1,1,1.0,0.00046367999999999995,0.00046367999999999995,0,1,0,0,0.00046367999999999995,0.00035568,0.000108,0
ace_adaptation_x3-mono,train,step09_generator_{theorem},0,1,1,1,1.0,0.00458852,0.00458852,0,3,1,0,0.00458852,0.00241532,0.0021731999999999997,0
ace_adaptation_x3-mono,train,step10_generator_{theorem},0,1,1,1,1.0,0.01178402,0.01178402,0,8,1,0,0.01178402,0.0045660200000000005,0.007218,0
ace_adaptation_x3-mono,train,step11_generator_{theorem},0,1,1,1,1.0,0.0111297,0.0111297,0,11,0,0,0.0111297,0.004785299999999999,0.0063444,0
ace_adaptation_x3-mono,train,step12_generator_{theorem},0,1,1,1,1.0,0.0005210799999999999,0.0005210799999999999,0,1,1,0,0.0005210799999999999,0.00011188,0.00040919999999999997,0
ace_adaptation_x3-mono,train,step13_generator_{theorem},0,1,1,1,1.0,0.0006631,0.0006631,0,1,0,0,0.0006631,0.0004075,0.0002556,0
ace_adaptation_x3-mono,train,step14_generator_{theorem},0,1,1,0,0.0,0.02383651000000001,,0.02383651000000001,32,0,0,0.02383651000000001,0.01565131,0.008185199999999998,0
ace_adaptation_x3-mono,train,step15_generator_{theorem},0,1,1,1,1.0,0.0018497499999999998,0.0018497499999999998,0,1,0,0,0.0018497499999999998,0.0015113499999999998,0.0003384,0
ace_adaptation_x3-mono,train,step16_generator_{theorem},0,1,1,1,1.0,0.00082478,0.00082478,0,1,0,0,0.00082478,0.00038918,0.00043559999999999996,0
ace_adaptation_x3-mono,train,step17_generator_{theorem},0,1,1,1,1.0,0.0375934,0.0375934,0,22,0,0,0.0375934,0.0156454,0.021948,0
ace_adaptation_x3-mono,train,step18_generator_{theorem},0,1,1,1,1.0,0.01830369,0.01830369,0,13,0,0,0.01830369,0.0066540900000000005,0.0116496,0
ace_adaptation_x3-mono,train,step19_generator_{theorem},0,1,1,1,1.0,0.031792299999999996,0.031792299999999996,0,20,0,0,0.031792299999999996,0.0143227,0.0174696,0
ace_adaptation_x3-mono,train,step20_generator_{theorem},0,1,1,0,0.0,0.06333676,,0.06333676,32,0,0,0.06333676,0.03328516,0.0300516,0
ace_adaptation_x3-mono,train,step21_generator_{theorem},0,1,1,1,1.0,0.04563518,0.04563518,0,31,0,0,0.04563518,0.021294379999999995,0.0243408,0
ace_adaptation_x3-mono,train,step22_generator_{theorem},0,1,1,1,1.0,0.028329060000000003,0.028329060000000003,0,16,0,0,0.028329060000000003,0.00967866,0.018650399999999998,0
ace_adaptation_x3-mono,train,step23_generator_{theorem},0,1,1,0,0.0,0.040529249999999996,,0.040529249999999996,32,0,0,0.040529249999999996,0.02270325,0.017826,0
ace_adaptation_x3-mono,train,step24_generator_{theorem},0,1,1,1,1.0,0.03659428,0.03659428,0,19,0,0,0.03659428,0.013035879999999996,0.023558400000000004,0
ace_adaptation_x3-mono,train,step25_generator_{theorem},0,1,1,1,1.0,0.02253509,0.02253509,0,14,0,0,0.02253509,0.010232690000000001,0.0123024,0
ace_adaptation_x3-mono,train,step26_generator_{theorem},0,1,1,1,1.0,0.0032861599999999998,0.0032861599999999998,0,3,0,0,0.0032861599999999998,0.0015293599999999998,0.0017568000000000002,0
ace_adaptation_x3-mono,train,step27_generator_{theorem},0,1,1,1,1.0,0.0037538399999999996,0.0037538399999999996,0,4,0,0,0.0037538399999999996,0.00143544,0.0023184,0
ace_adaptation_x3-mono,train,step28_generator_{theorem},0,1,1,0,0.0,0.08892337,,0.08892337,32,0,0,0.08892337,0.05306857,0.03585479999999999,0
ace_adaptation_x3-mono,train,step29_generator_{theorem},0,1,1,1,1.0,0.01723395,0.01723395,0,19,1,0,0.01723395,0.00827835,0.0089556,0
ace_adaptation_x3-mono,train,step30_generator_{theorem},0,1,1,1,1.0,0.0018483999999999998,0.0018483999999999998,0,1,0,0,0.0018483999999999998,0.0016095999999999999,0.00023879999999999998,0
ace_adaptation_x3-mono,train,step31_generator_{theorem},0,1,1,1,1.0,0.04073807,0.04073807,0,29,0,0,0.04073807,0.02065127,0.020086799999999995,0
ace_adaptation_x3-mono,train,step32_generator_{theorem},0,1,1,1,1.0,0.0007114599999999999,0.0007114599999999999,0,1,0,0,0.0007114599999999999,0.00041746,0.000294,0
ace_adaptation_x3-mono,train,step33_generator_{theorem},0,1,1,1,1.0,0.024222569999999995,0.024222569999999995,0,11,0,0,0.024222569999999995,0.01063737,0.013585199999999999,0
ace_adaptation_x3-mono,train,step34_generator_{theorem},0,1,1,0,0.0,0.06659708,,0.06659708,32,0,0,0.06659708,0.030009079999999997,0.036587999999999996,0
ace_adaptation_x3-mono,train,step35_generator_{theorem},0,1,1,1,1.0,0.00433445,0.00433445,0,8,0,0,0.00433445,0.0023028499999999995,0.0020316,0
ace_adaptation_x3-mono,train,step36_generator_{theorem},0,1,1,1,1.0,0.0017922499999999998,0.0017922499999999998,0,1,0,0,0.0017922499999999998,0.0016218499999999998,0.0001704,0
ace_adaptation_x3-mono,train,step37_generator_{theorem},0,1,1,1,1.0,0.022634090000000003,0.022634090000000003,0,17,0,0,0.022634090000000003,0.009262490000000002,0.0133716,0
ace_adaptation_x3-mono,train,step38_generator_{theorem},0,1,1,1,1.0,0.00565981,0.00565981,0,6,0,0,0.00565981,0.0035742099999999995,0.0020855999999999995,0
ace_adaptation_x3-mono,train,step39_generator_{theorem},0,1,1,0,0.0,0.04099363999999999,,0.04099363999999999,32,0,0,0.04099363999999999,0.02476484,0.016228799999999998,0
ace_adaptation_x3-noreflect,train,step00_generator_{theorem},0,1,1,1,1.0,0.00167815,0.00167815,0,4,0,0,0.00167815,0.00067975,0.0009984,0
ace_adaptation_x3-noreflect,train,step01_generator_{theorem},0,1,1,0,0.0,0.04201440000000001,,0.04201440000000001,32,0,0,0.04201440000000001,0.0172788,0.0247356,0
ace_adaptation_x3-noreflect,train,step02_generator_{theorem},0,1,1,1,1.0,0.020875509999999996,0.020875509999999996,0,20,0,0,0.020875509999999996,0.00866911,0.012206400000000001,0
ace_adaptation_x3-noreflect,train,step03_generator_{theorem},0,1,1,1,1.0,0.00030409999999999996,0.00030409999999999996,0,1,0,0,0.00030409999999999996,7.13e-05,0.0002328,0
ace_adaptation_x3-noreflect,train,step04_generator_{theorem},0,1,1,1,1.0,0.012702830000000002,0.012702830000000002,0,14,1,0,0.012702830000000002,0.00569003,0.0070128000000000005,0
ace_adaptation_x3-noreflect,train,step05_generator_{theorem},0,1,1,1,1.0,0.00332407,0.00332407,0,7,1,0,0.00332407,0.00160447,0.0017196,0
ace_adaptation_x3-noreflect,train,step06_generator_{theorem},0,1,1,1,1.0,0.0009892500000000001,0.0009892500000000001,0,2,0,0,0.0009892500000000001,0.00056685,0.00042239999999999997,0
ace_adaptation_x3-noreflect,train,step07_generator_{theorem},0,1,1,1,1.0,0.030330449999999995,0.030330449999999995,0,29,1,0,0.030330449999999995,0.013718850000000001,0.0166116,0
ace_adaptation_x3-noreflect,train,step08_generator_{theorem},0,1,1,1,1.0,0.00114775,0.00114775,0,1,0,0,0.00114775,0.0010133499999999999,0.0001344,0
ace_adaptation_x3-noreflect,train,step09_generator_{theorem},0,1,1,1,1.0,0.00485865,0.00485865,0,10,1,0,0.00485865,0.00237345,0.0024852,0
ace_adaptation_x3-noreflect,train,step10_generator_{theorem},0,1,1,1,1.0,0.01937847,0.01937847,0,18,0,0,0.01937847,0.009620069999999998,0.009758399999999999,0
ace_adaptation_x3-noreflect,train,step11_generator_{theorem},0,1,1,1,1.0,0.00481101,0.00481101,0,8,0,0,0.00481101,0.0018254099999999997,0.0029855999999999997,0
ace_adaptation_x3-noreflect,train,step12_generator_{theorem},0,1,1,1,1.0,0.0012867999999999998,0.0012867999999999998,0,1,0,0,0.0012867999999999998,0.0011175999999999998,0.0001692,0
ace_adaptation_x3-noreflect,train,step13_generator_{theorem},0,1,1,1,1.0,0.0006843800000000001,0.0006843800000000001,0,1,0,0,0.0006843800000000001,0.00038558,0.0002988,0
ace_adaptation_x3-noreflect,train,step14_generator_{theorem},0,1,1,0,0.0,0.021527659999999997,,0.021527659999999997,32,0,0,0.021527659999999997,0.013608859999999997,0.007918799999999997,0
ace_adaptation_x3-noreflect,train,step15_generator_{theorem},0,1,1,1,1.0,0.0015997399999999999,0.0015997399999999999,0,2,0,0,0.0015997399999999999,0.0007009399999999999,0.0008988,0
ace_adaptation_x3-noreflect,train,step16_generator_{theorem},0,1,1,1,1.0,0.00377176,0.00377176,0,5,0,0,0.00377176,0.00202456,0.0017472,0
ace_adaptation_x3-noreflect,train,step17_generator_{theorem},0,1,1,0,0.0,0.04898246999999999,,0.04898246999999999,32,0,0,0.04898246999999999,0.02131647,0.027666,0
ace_adaptation_x3-noreflect,train,step18_generator_{theorem},0,1,1,1,1.0,0.03408276,0.03408276,0,17,0,0,0.03408276,0.01281396,0.0212688,0
ace_adaptation_x3-noreflect,train,step19_generator_{theorem},0,1,1,1,1.0,0.02551894,0.02551894,0,12,0,0,0.02551894,0.00986134,0.0156576,0
ace_adaptation_x3-noreflect,train,step20_generator_{theorem},0,1,1,0,0.0,0.028948620000000005,,0.028948620000000005,32,0,0,0.028948620000000005,0.017565419999999995,0.011383199999999998,0
ace_adaptation_x3-noreflect,train,step21_generator_{theorem},0,1,1,0,0.0,0.07171185000000001,,0.07171185000000001,32,0,0,0.07171185000000001,0.03146385000000001,0.04024799999999999,0
ace_adaptation_x3-noreflect,train,step22_generator_{theorem},0,1,1,1,1.0,0.0520309,0.0520309,0,27,0,0,0.0520309,0.0219505,0.030080399999999997,0
ace_adaptation_x3-noreflect,train,step23_generator_{theorem},0,1,1,1,1.0,0.01578109,0.01578109,0,15,0,0,0.01578109,0.00731149,0.008469599999999999,0
ace_adaptation_x3-noreflect,train,step24_generator_{theorem},0,1,1,1,1.0,0.032550319999999994,0.032550319999999994,0,16,0,0,0.032550319999999994,0.01061912,0.0219312,0
ace_adaptation_x3-noreflect,train,step25_generator_{theorem},0,1,1,1,1.0,0.00805743,0.00805743,0,13,0,0,0.00805743,0.0034950299999999992,0.0045623999999999994,0
ace_adaptation_x3-noreflect,train,step26_generator_{theorem},0,1,1,1,1.0,0.01226538,0.01226538,0,8,0,0,0.01226538,0.00438018,0.0078852,0
ace_adaptation_x3-noreflect,train,step27_generator_{theorem},0,1,1,1,1.0,0.00196314,0.00196314,0,1,1,0,0.00196314,0.00040434,0.0015588,0
ace_adaptation_x3-noreflect,train,step28_generator_{theorem},0,1,1,0,0.0,0.09529305000000002,,0.09529305000000002,32,0,0,0.09529305000000002,0.07194705000000001,0.023346,0
ace_adaptation_x3-noreflect,train,step29_generator_{theorem},0,1,1,1,1.0,0.04075099000000001,0.04075099000000001,0,24,0,0,0.04075099000000001,0.017613789999999997,0.0231372,0
ace_adaptation_x3-noreflect,train,step30_generator_{theorem},0,1,1,1,1.0,0.0006607900000000001,0.0006607900000000001,0,1,0,0,0.0006607900000000001,0.00037999,0.0002808,0
ace_adaptation_x3-noreflect,train,step31_generator_{theorem},0,1,1,1,1.0,0.034014739999999995,0.034014739999999995,0,20,0,0,0.034014739999999995,0.012594739999999998,0.021419999999999998,0
ace_adaptation_x3-noreflect,train,step32_generator_{theorem},0,1,1,1,1.0,0.004496409999999999,0.004496409999999999,0,8,0,0,0.004496409999999999,0.00291961,0.0015767999999999997,0
ace_adaptation_x3-noreflect,train,step33_generator_{theorem},0,1,1,1,1.0,0.006389059999999999,0.006389059999999999,0,10,0,0,0.006389059999999999,0.00287546,0.0035135999999999995,0
ace_adaptation_x3-noreflect,train,step34_generator_{theorem},0,1,1,0,0.0,0.0701298,,0.0701298,32,0,0,0.0701298,0.0314178,0.038711999999999996,0
ace_adaptation_x3-noreflect,train,step35_generator_{theorem},0,1,1,1,1.0,0.0017906200000000001,0.0017906200000000001,0,4,0,0,0.0017906200000000001,0.00093862,0.000852,0
ace_adaptation_x3-noreflect,train,step36_generator_{theorem},0,1,1,1,1.0,0.0015088999999999999,0.0015088999999999999,0,1,0,0,0.0015088999999999999,0.0013961,0.00011279999999999999,0
ace_adaptation_x3-noreflect,train,step37_generator_{theorem},0,1,1,1,1.0,0.037457529999999996,0.037457529999999996,0,22,1,0,0.037457529999999996,0.01600033,0.0214572,0
ace_adaptation_x3-noreflect,train,step38_generator_{theorem},0,1,1,1,1.0,0.00224808,0.00224808,0,3,1,0,0.00224808,0.00096648,0.0012816,0
ace_adaptation_x3-noreflect,train,step39_generator_{theorem},0,1,1,0,0.0,0.03598526999999999,,0.03598526999999999,32,0,0,0.03598526999999999,0.020919269999999997,0.015065999999999998,0
ace_adaptation_x3-offline,train,step00_generator_{theorem},0,1,1,1,1.0,0.0012812099999999999,0.0012812099999999999,0,4,0,0,0.0012812099999999999,0.00053841,0.0007428,0
ace_adaptation_x3-offline,train,step01_generator_{theorem},0,1,1,0,0.0,0.06643939000000001,,0.06643939000000001,32,0,0,0.06643939000000001,0.03041179,0.03602759999999999,0
ace_adaptation_x3-offline,train,step02_generator_{theorem},0,1,1,1,1.0,0.0019376999999999997,0.0019376999999999997,0,3,0,0,0.0019376999999999997,0.0004881,0.0014495999999999999,0
ace_adaptation_x3-offline,train,step03_generator_{theorem},0,1,1,1,1.0,0.0005069,0.0005069,0,1,0,0,0.0005069,7.13e-05,0.00043559999999999996,0
ace_adaptation_x3-offline,train,step04_generator_{theorem},0,1,1,1,1.0,0.01562096,0.01562096,0,13,1,0,0.01562096,0.00843416,0.0071868,0
ace_adaptation_x3-offline,train,step05_generator_{theorem},0,1,1,1,1.0,0.00521442,0.00521442,0,7,1,0,0.00521442,0.0030004199999999997,0.002214,0
ace_adaptation_x3-offline,train,step06_generator_{theorem},0,1,1,1,1.0,0.00057945,0.00057945,0,1,1,0,0.00057945,0.00041265000000000003,0.0001668,0
ace_adaptation_x3-offline,train,step07_generator_{theorem},0,1,1,1,1.0,0.01327626,0.01327626,0,13,0,0,0.01327626,0.005026259999999999,0.00825,0
ace_adaptation_x3-offline,train,step08_generator_{theorem},0,1,1,1,1.0,0.00045308,0.00045308,0,1,0,0,0.00045308,0.00033188,0.00012119999999999999,0
ace_adaptation_x3-offline,train,step09_generator_{theorem},0,1,1,1,1.0,0.0018329699999999997,0.0018329699999999997,0,2,1,0,0.0018329699999999997,0.0013805699999999998,0.0004524,0
ace_adaptation_x3-offline,train,step10_generator_{theorem},0,1,1,1,1.0,0.009679169999999999,0.009679169999999999,0,16,0,0,0.009679169999999999,0.0043691699999999995,0.0053100000000000005,0
ace_adaptation_x3-offline,train,step11_generator_{theorem},0,1,1,1,1.0,0.0034152899999999996,0.0034152899999999996,0,8,0,0,0.0034152899999999996,0.00195249,0.0014628,0
ace_adaptation_x3-offline,train,step12_generator_{theorem},0,1,1,1,1.0,0.00052014,0.00052014,0,1,1,0,0.00052014,0.00038574,0.0001344,0
ace_adaptation_x3-offline,train,step13_generator_{theorem},0,1,1,1,1.0,0.0014069999999999998,0.0014069999999999998,0,1,0,0,0.0014069999999999998,0.0010925999999999998,0.0003144,0
ace_adaptation_x3-offline,train,step14_generator_{theorem},0,1,1,0,0.0,0.02489466,,0.02489466,32,0,0,0.02489466,0.015503459999999998,0.009391199999999999,0
ace_adaptation_x3-offline,train,step15_generator_{theorem},0,1,1,1,1.0,0.0009353399999999999,0.0009353399999999999,0,1,1,0,0.0009353399999999999,0.00041573999999999995,0.0005195999999999999,0
ace_adaptation_x3-offline,train,step16_generator_{theorem},0,1,1,1,1.0,0.0040685999999999995,0.0040685999999999995,0,6,0,0,0.0040685999999999995,0.0013998,0.0026688,0
ace_adaptation_x3-offline,train,step17_generator_{theorem},0,1,1,1,1.0,0.05397058,0.05397058,0,28,0,0,0.05397058,0.021212980000000003,0.0327576,0
ace_adaptation_x3-offline,train,step18_generator_{theorem},0,1,1,1,1.0,0.037360750000000005,0.037360750000000005,0,20,0,0,0.037360750000000005,0.014651950000000002,0.022708799999999994,0
ace_adaptation_x3-offline,train,step19_generator_{theorem},0,1,1,1,1.0,0.00735459,0.00735459,0,8,0,0,0.00735459,0.00343059,0.003924,0
ace_adaptation_x3-offline,train,step20_generator_{theorem},0,1,1,0,0.0,0.0419712,,0.0419712,32,0,0,0.0419712,0.028525199999999997,0.013445999999999998,0
ace_adaptation_x3-offline,train,step21_generator_{theorem},0,1,1,0,0.0,0.04552977999999999,,0.04552977999999999,32,0,0,0.04552977999999999,0.02077978,0.02475,0
ace_adaptation_x3-offline,train,step22_generator_{theorem},0,1,1,1,1.0,0.034983799999999995,0.034983799999999995,0,20,0,0,0.034983799999999995,0.0141902,0.020793599999999995,0
ace_adaptation_x3-offline,train,step23_generator_{theorem},0,1,1,1,1.0,0.022405319999999996,0.022405319999999996,0,12,0,0,0.022405319999999996,0.00878052,0.0136248,0
ace_adaptation_x3-offline,train,step24_generator_{theorem},0,1,1,0,0.0,0.04886837,,0.04886837,32,0,0,0.04886837,0.024679970000000002,0.0241884,0
ace_adaptation_x3-offline,train,step25_generator_{theorem},0,1,1,1,1.0,0.00377302,0.00377302,0,6,0,0,0.00377302,0.00165622,0.0021168000000000003,0
ace_adaptation_x3-offline,train,step26_generator_{theorem},0,1,1,1,1.0,0.00858562,0.00858562,0,8,0,0,0.00858562,0.00387562,0.00471,0
ace_adaptation_x3-offline,train,step27_generator_{theorem},0,1,1,1,1.0,0.0023020799999999998,0.0023020799999999998,0,3,0,0,0.0023020799999999998,0.0008236799999999999,0.0014784,0
ace_adaptation_x3-offline,train,step28_generator_{theorem},0,1,1,1,1.0,0.07606939,0.07606939,0,28,0,0,0.07606939,0.04564098999999999,0.0304284,0
ace_adaptation_x3-offline,train,step29_generator_{theorem},0,1,1,1,1.0,0.01833354,0.01833354,0,18,0,0,0.01833354,0.009748739999999999,0.0085848,0
ace_adaptation_x3-offline,train,step30_generator_{theorem},0,1,1,1,1.0,0.00243046,0.00243046,0,3,0,0,0.00243046,0.00098686,0.0014436,0
ace_adaptation_x3-offline,train,step31_generator_{theorem},0,1,1,1,1.0,0.03257064,0.03257064,0,16,0,0,0.03257064,0.011492639999999998,0.021077999999999996,0
ace_adaptation_x3-offline,train,step32_generator_{theorem},0,1,1,1,1.0,0.00434805,0.00434805,0,6,1,0,0.00434805,0.00191925,0.0024287999999999996,0
ace_adaptation_x3-offline,train,step33_generator_{theorem},0,1,1,1,1.0,0.01366357,0.01366357,0,12,1,0,0.01366357,0.0058563700000000005,0.0078072,0
ace_adaptation_x3-offline,train,step34_generator_{theorem},0,1,1,0,0.0,0.06397655000000001,,0.06397655000000001,32,0,0,0.06397655000000001,0.027695749999999995,0.036280799999999995,0
ace_adaptation_x3-offline,train,step35_generator_{theorem},0,1,1,1,1.0,0.00494227,0.00494227,0,6,0,0,0.00494227,0.00340867,0.0015336,0
ace_adaptation_x3-offline,train,step36_generator_{theorem},0,1,1,1,1.0,0.0015447499999999997,0.0015447499999999997,0,1,0,0,0.0015447499999999997,0.0014223499999999997,0.0001224,0
ace_adaptation_x3-offline,train,step37_generator_{theorem},0,1,1,1,1.0,0.013110409999999998,0.013110409999999998,0,10,0,0,0.013110409999999998,0.005095609999999999,0.008014799999999999,0
ace_adaptation_x3-offline,train,step38_generator_{theorem},0,1,1,1,1.0,0.0026085199999999996,0.0026085199999999996,0,4,1,0,0.0026085199999999996,0.0013041199999999998,0.0013044,0
ace_adaptation_x3-offline,train,step39_generator_{theorem},0,1,1,0,0.0,0.057582129999999995,,0.057582129999999995,32,0,0,0.057582129999999995,0.02925853,0.028323599999999994,0
ace_adaptation_x3-offline-e3,train,step00_generator_{theorem},0,1,1,1,1.0,0.0013829600000000001,0.0013829600000000001,0,4,0,0,0.0013829600000000001,0.00057896,0.0008039999999999999,0
ace_adaptation_x3-offline-e3,train,step01_generator_{theorem},0,1,1,0,0.0,0.05919676,,0.05919676,32,0,0,0.05919676,0.025251159999999998,0.0339456,0
ace_adaptation_x3-offline-e3,train,step02_generator_{theorem},0,1,1,1,1.0,0.00176118,0.00176118,0,3,0,0,0.00176118,0.0005059800000000001,0.0012552,0
ace_adaptation_x3-offline-e3,train,step03_generator_{theorem},0,1,1,1,1.0,0.0007121,0.0007121,0,1,0,0,0.0007121,7.13e-05,0.0006408,0
ace_adaptation_x3-offline-e3,train,step04_generator_{theorem},0,1,1,0,0.0,0.32222839000000003,,0.32222839000000003,13,0,0,0.32222839000000003,0.30942199000000004,0.012806399999999999,2
ace_adaptation_x3-offline-e3,train,step05_generator_{theorem},0,1,1,1,1.0,0.00222162,0.00222162,0,7,1,0,0.00222162,0.00111882,0.0011028000000000001,0
ace_adaptation_x3-offline-e3,train,step06_generator_{theorem},0,1,1,1,1.0,0.0017392899999999999,0.0017392899999999999,0,2,1,0,0.0017392899999999999,0.00116329,0.000576,0
ace_adaptation_x3-offline-e3,train,step07_generator_{theorem},0,1,1,1,1.0,0.021140169999999996,0.021140169999999996,0,20,1,0,0.021140169999999996,0.008637369999999998,0.012502799999999998,0
ace_adaptation_x3-offline-e3,train,step08_generator_{theorem},0,1,1,1,1.0,0.0011605499999999998,0.0011605499999999998,0,1,0,0,0.0011605499999999998,0.0010213499999999999,0.0001392,0
ace_adaptation_x3-offline-e3,train,step09_generator_{theorem},0,1,1,1,1.0,0.00179708,0.00179708,0,3,0,0,0.00179708,0.00089948,0.0008976,0
ace_adaptation_x3-offline-e3,train,step100_generator_{theorem},0,1,1,0,0.0,0.04386979,,0.04386979,32,0,0,0.04386979,0.02475619,0.0191136,0
ace_adaptation_x3-offline-e3,train,step101_generator_{theorem},0,1,1,0,0.0,0.04369177,,0.04369177,32,0,0,0.04369177,0.025178170000000003,0.0185136,0
ace_adaptation_x3-offline-e3,train,step102_generator_{theorem},0,1,1,1,1.0,0.02174686,0.02174686,0,14,1,0,0.02174686,0.012720460000000001,0.0090264,0
ace_adaptation_x3-offline-e3,train,step103_generator_{theorem},0,1,1,1,1.0,0.00116644,0.00116644,0,1,0,0,0.00116644,0.00041284,0.0007536,0
ace_adaptation_x3-offline-e3,train,step104_generator_{theorem},0,1,1,1,1.0,0.0017921699999999998,0.0017921699999999998,0,2,0,0,0.0017921699999999998,0.00072657,0.0010655999999999999,0
ace_adaptation_x3-offline-e3,train,step105_generator_{theorem},0,1,1,0,0.0,0.06134388999999999,,0.06134388999999999,32,0,0,0.06134388999999999,0.03054589,0.030798,0
ace_adaptation_x3-offline-e3,train,step106_generator_{theorem},0,1,1,1,1.0,0.008165500000000001,0.008165500000000001,0,7,0,0,0.008165500000000001,0.0046627,0.0035027999999999995,0
ace_adaptation_x3-offline-e3,train,step107_generator_{theorem},0,1,1,1,1.0,0.01939458,0.01939458,0,14,0,0,0.01939458,0.00780378,0.0115908,0
ace_adaptation_x3-offline-e3,train,step108_generator_{theorem},0,1,1,1,1.0,0.007376819999999999,0.007376819999999999,0,5,0,0,0.007376819999999999,0.00406122,0.0033156,0
ace_adaptation_x3-offline-e3,train,step109_generator_{theorem},0,1,1,1,1.0,0.0017335200000000001,0.0017335200000000001,0,1,0,0,0.0017335200000000001,0.00045792,0.0012756,0
ace_adaptation_x3-offline-e3,train,step10_generator_{theorem},0,1,1,1,1.0,0.015128600000000002,0.015128600000000002,0,16,1,0,0.015128600000000002,0.006374599999999999,0.008754,0
ace_adaptation_x3-offline-e3,train,step110_generator_{theorem},0,1,1,1,1.0,0.0007591199999999998,0.0007591199999999998,0,1,0,0,0.0007591199999999998,0.00048191999999999994,0.00027719999999999996,0
ace_adaptation_x3-offline-e3,train,step111_generator_{theorem},0,1,1,1,1.0,0.00208865,0.00208865,0,1,1,0,0.00208865,0.00192185,0.0001668,0
ace_adaptation_x3-offline-e3,train,step112_generator_{theorem},0,1,1,0,0.0,0.07621415000000001,,0.07621415000000001,32,0,0,0.07621415000000001,0.03452374999999999,0.041690399999999996,0
ace_adaptation_x3-offline-e3,train,step113_generator_{theorem},0,1,1,1,1.0,0.0024522399999999996,0.0024522399999999996,0,4,1,0,0.0024522399999999996,0.00129904,0.0011532,0
ace_adaptation_x3-offline-e3,train,step114_generator_{theorem},0,1,1,1,1.0,0.00360869,0.00360869,0,5,0,0,0.00360869,0.0017066899999999999,0.0019019999999999996,0
ace_adaptation_x3-offline-e3,train,step115_generator_{theorem},0,1,1,1,1.0,0.01169734,0.01169734,0,14,0,0,0.01169734,0.00774934,0.003947999999999999,0
ace_adaptation_x3-offline-e3,train,step116_generator_{theorem},0,1,1,0,0.0,0.036663070000000006,,0.036663070000000006,32,0,0,0.036663070000000006,0.02022547,0.016437599999999997,0
ace_adaptation_x3-offline-e3,train,step117_generator_{theorem},0,1,1,1,1.0,0.0007809399999999999,0.0007809399999999999,0,1,0,0,0.0007809399999999999,0.00044974,0.0003312,0
ace_adaptation_x3-offline-e3,train,step118_generator_{theorem},0,1,1,1,1.0,0.01915412,0.01915412,0,14,0,0,0.01915412,0.00766412,0.01149,0
ace_adaptation_x3-offline-e3,train,step119_generator_{theorem},0,1,1,1,1.0,0.00650736,0.00650736,0,6,0,0,0.00650736,0.00288576,0.0036215999999999996,0
ace_adaptation_x3-offline-e3,train,step11_generator_{theorem},0,1,1,1,1.0,0.01150702,0.01150702,0,13,0,0,0.01150702,0.00497062,0.0065363999999999995,0
ace_adaptation_x3-offline-e3,train,step12_generator_{theorem},0,1,1,1,1.0,0.0005827,0.0005827,0,1,1,0,0.0005827,0.00038710000000000003,0.00019559999999999998,0
ace_adaptation_x3-offline-e3,train,step13_generator_{theorem},0,1,1,1,1.0,0.0013675999999999998,0.0013675999999999998,0,1,0,0,0.0013675999999999998,0.0011095999999999999,0.000258,0
ace_adaptation_x3-offline-e3,train,step14_generator_{theorem},0,1,1,0,0.0,0.03957603,,0.03957603,32,0,0,0.03957603,0.01896483,0.020611199999999996,0
ace_adaptation_x3-offline-e3,train,step15_generator_{theorem},0,1,1,1,1.0,0.0007075,0.0007075,0,1,0,0,0.0007075,0.0004171,0.0002904,0
ace_adaptation_x3-offline-e3,train,step16_generator_{theorem},0,1,1,1,1.0,0.0006421199999999999,0.0006421199999999999,0,1,0,0,0.0006421199999999999,0.00036372,0.0002784,0
ace_adaptation_x3-offline-e3,train,step17_generator_{theorem},0,1,1,0,0.0,0.04861180999999999,,0.04861180999999999,32,0,0,0.04861180999999999,0.022855010000000002,0.025756800000000003,0
ace_adaptation_x3-offline-e3,train,step18_generator_{theorem},0,1,1,1,1.0,0.029359039999999996,0.029359039999999996,0,12,0,0,0.029359039999999996,0.00941264,0.0199464,0
ace_adaptation_x3-offline-e3,train,step19_generator_{theorem},0,1,1,1,1.0,0.02085666,0.02085666,0,18,0,0,0.02085666,0.013879859999999997,0.0069768,0
ace_adaptation_x3-offline-e3,train,step20_generator_{theorem},0,1,1,0,0.0,0.03592609000000001,,0.03592609000000001,32,0,0,0.03592609000000001,0.02061769,0.015308400000000003,0
ace_adaptation_x3-offline-e3,train,step21_generator_{theorem},0,1,1,0,0.0,0.0711338,,0.0711338,32,0,0,0.0711338,0.030737,0.040396800000000004,0
ace_adaptation_x3-offline-e3,train,step22_generator_{theorem},0,1,1,1,1.0,0.033188079999999995,0.033188079999999995,0,19,0,0,0.033188079999999995,0.01346128,0.019726799999999996,0
ace_adaptation_x3-offline-e3,train,step23_generator_{theorem},0,1,1,1,1.0,0.024971209999999997,0.024971209999999997,0,12,0,0,0.024971209999999997,0.00997601,0.014995199999999998,0
ace_adaptation_x3-offline-e3,train,step24_generator_{theorem},0,1,1,0,0.0,0.06521440999999999,,0.06521440999999999,32,0,0,0.06521440999999999,0.031860410000000006,0.033354,0
ace_adaptation_x3-offline-e3,train,step25_generator_{theorem},0,1,1,1,1.0,0.0090906,0.0090906,0,7,0,0,0.0090906,0.0038766,0.005214,0
ace_adaptation_x3-offline-e3,train,step26_generator_{theorem},0,1,1,1,1.0,0.0053054800000000004,0.0053054800000000004,0,4,0,0,0.0053054800000000004,0.0019406799999999997,0.0033648000000000003,0
ace_adaptation_x3-offline-e3,train,step27_generator_{theorem},0,1,1,1,1.0,0.00123274,0.00123274,0,2,0,0,0.00123274,0.00058594,0.0006468,0
ace_adaptation_x3-offline-e3,train,step28_generator_{theorem},0,1,1,0,0.0,0.0536274,,0.0536274,32,0,0,0.0536274,0.0299094,0.023718,0
ace_adaptation_x3-offline-e3,train,step29_generator_{theorem},0,1,1,1,1.0,0.00816405,0.00816405,0,9,0,0,0.00816405,0.0031516499999999998,0.0050124,0
ace_adaptation_x3-offline-e3,train,step30_generator_{theorem},0,1,1,1,1.0,0.0006763100000000001,0.0006763100000000001,0,1,0,0,0.0006763100000000001,0.00037991,0.0002964,0
ace_adaptation_x3-offline-e3,train,step31_generator_{theorem},0,1,1,1,1.0,0.031208110000000004,0.031208110000000004,0,21,0,0,0.031208110000000004,0.01386571,0.017342399999999997,0
ace_adaptation_x3-offline-e3,train,step32_generator_{theorem},0,1,1,1,1.0,0.01025149,0.01025149,0,12,1,0,0.01025149,0.004862289999999999,0.0053891999999999985,0
ace_adaptation_x3-offline-e3,train,step33_generator_{theorem},0,1,1,0,0.0,0.04717379,,0.04717379,32,0,0,0.04717379,0.020548189999999997,0.026625599999999996,0
ace_adaptation_x3-offline-e3,train,step34_generator_{theorem},0,1,1,0,0.0,0.06312262,,0.06312262,32,0,0,0.06312262,0.029551420000000005,0.0335712,0
ace_adaptation_x3-offline-e3,train,step35_generator_{theorem},0,1,1,1,1.0,0.00229649,0.00229649,0,5,0,0,0.00229649,0.00124289,0.0010536,0
ace_adaptation_x3-offline-e3,train,step36_generator_{theorem},0,1,1,1,1.0,0.00056992,0.00056992,0,1,0,0,0.00056992,0.00036832,0.0002016,0
ace_adaptation_x3-offline-e3,train,step37_generator_{theorem},0,1,1,1,1.0,0.01170418,0.01170418,0,9,0,0,0.01170418,0.00605338,0.0056508,0
ace_adaptation_x3-offline-e3,train,step38_generator_{theorem},0,1,1,1,1.0,0.00199094,0.00199094,0,2,1,0,0.00199094,0.0006121400000000001,0.0013788,0
ace_adaptation_x3-offline-e3,train,step39_generator_{theorem},0,1,1,0,0.0,0.03285929,,0.03285929,32,0,0,0.03285929,0.022001689999999997,0.010857600000000002,0
ace_adaptation_x3-offline-e3,train,step40_generator_{theorem},0,1,1,1,1.0,0.0006138599999999999,0.0006138599999999999,0,1,0,0,0.0006138599999999999,0.00038706,0.00022679999999999998,0
ace_adaptation_x3-offline-e3,train,step41_generator_{theorem},0,1,1,1,1.0,0.0017907499999999998,0.0017907499999999998,0,1,0,0,0.0017907499999999998,0.0014223499999999997,0.0003684,0
ace_adaptation_x3-offline-e3,train,step42_generator_{theorem},0,1,1,1,1.0,0.03535838000000001,0.03535838000000001,0,25,0,0,0.03535838000000001,0.01630718,0.0190512,0
ace_adaptation_x3-offline-e3,train,step43_generator_{theorem},0,1,1,1,1.0,0.025638169999999995,0.025638169999999995,0,13,0,0,0.025638169999999995,0.00891377,0.016724399999999997,0
ace_adaptation_x3-offline-e3,train,step44_generator_{theorem},0,1,1,0,0.0,0.049308250000000005,,0.049308250000000005,32,0,0,0.049308250000000005,0.02666785,0.022640399999999998,0
ace_adaptation_x3-offline-e3,train,step45_generator_{theorem},0,1,1,0,0.0,0.11405288,,0.11405288,32,0,0,0.11405288,0.08853368,0.0255192,0
ace_adaptation_x3-offline-e3,train,step46_generator_{theorem},0,1,1,1,1.0,0.00061637,0.00061637,0,1,1,0,0.00061637,0.00045197,0.00016439999999999998,0
ace_adaptation_x3-offline-e3,train,step47_generator_{theorem},0,1,1,1,1.0,0.00062162,0.00062162,0,1,0,0,0.00062162,0.00041522,0.0002064,0
ace_adaptation_x3-offline-e3,train,step48_generator_{theorem},0,1,1,1,1.0,0.0025412399999999997,0.0025412399999999997,0,3,1,0,0.0025412399999999997,0.0019052399999999999,0.000636,0
ace_adaptation_x3-offline-e3,train,step49_generator_{theorem},0,1,1,1,1.0,0.05825574999999999,0.05825574999999999,0,30,0,0,0.05825574999999999,0.02563975,0.032616000000000006,0
ace_adaptation_x3-offline-e3,train,step50_generator_{theorem},0,1,1,1,1.0,0.00199255,0.00199255,0,2,0,0,0.00199255,0.00071095,0.0012816,0
ace_adaptation_x3-offline-e3,train,step51_generator_{theorem},0,1,1,1,1.0,0.00197121,0.00197121,0,2,0,0,0.00197121,0.00067281,0.0012984,0
ace_adaptation_x3-offline-e3,train,step52_generator_{theorem},0,1,1,1,1.0,0.01288437,0.01288437,0,10,0,0,0.01288437,0.005047169999999999,0.0078372,0
ace_adaptation_x3-offline-e3,train,step53_generator_{theorem},0,1,1,0,0.0,0.056795960000000006,,0.056795960000000006,32,0,0,0.056795960000000006,0.025885159999999994,0.030910799999999995,0
ace_adaptation_x3-offline-e3,train,step54_generator_{theorem},0,1,1,1,1.0,0.00283088,0.00283088,0,7,0,0,0.00283088,0.00165608,0.0011748,0
ace_adaptation_x3-offline-e3,train,step55_generator_{theorem},0,1,1,1,1.0,0.008294049999999999,0.008294049999999999,0,4,0,0,0.008294049999999999,0.00224725,0.0060468,0
ace_adaptation_x3-offline-e3,train,step56_generator_{theorem},0,1,1,1,1.0,0.004733339999999999,0.004733339999999999,0,4,1,0,0.004733339999999999,0.0025277399999999997,0.0022056,0
ace_adaptation_x3-offline-e3,train,step57_generator_{theorem},0,1,1,1,1.0,0.0005509,0.0005509,0,1,1,0,0.0005509,0.0004261,0.0001248,0
ace_adaptation_x3-offline-e3,train,step58_generator_{theorem},0,1,1,1,1.0,0.01015991,0.01015991,0,13,0,0,0.01015991,0.004571509999999999,0.0055884,0
ace_adaptation_x3-offline-e3,train,step59_generator_{theorem},0,1,1,1,1.0,0.0051173799999999995,0.0051173799999999995,0,9,0,0,0.0051173799999999995,0.0024905799999999996,0.0026268,0
ace_adaptation_x3-offline-e3,train,step60_generator_{theorem},0,1,1,1,1.0,0.00072391,0.00072391,0,1,0,0,0.00072391,0.00040471,0.0003192,0
ace_adaptation_x3-offline-e3,train,step61_generator_{theorem},0,1,1,0,0.0,0.026138469999999994,,0.026138469999999994,32,0,0,0.026138469999999994,0.01579207,0.0103464,0
ace_adaptation_x3-offline-e3,train,step62_generator_{theorem},0,1,1,0,0.0,0.07181724,,0.07181724,32,0,0,0.07181724,0.036668040000000006,0.035149200000000005,0
ace_adaptation_x3-offline-e3,train,step63_generator_{theorem},0,1,1,1,1.0,0.0034280699999999996,0.0034280699999999996,0,4,0,0,0.0034280699999999996,0.0021968699999999996,0.0012312,0
ace_adaptation_x3-offline-e3,train,step64_generator_{theorem},0,1,1,1,1.0,0.0005844,0.0005844,0,1,0,0,0.0005844,0.0003828,0.0002016,0
ace_adaptation_x3-offline-e3,train,step65_generator_{theorem},0,1,1,1,1.0,0.08402332,0.08402332,0,30,1,0,0.08402332,0.03279292,0.051230399999999995,0
ace_adaptation_x3-offline-e3,train,step66_generator_{theorem},0,1,1,1,1.0,0.00687836,0.00687836,0,7,0,0,0.00687836,0.00275396,0.004124399999999999,0
ace_adaptation_x3-offline-e3,train,step67_generator_{theorem},0,1,1,1,1.0,0.016423789999999997,0.016423789999999997,0,12,0,0,0.016423789999999997,0.00704579,0.009378,0
ace_adaptation_x3-offline-e3,train,step68_generator_{theorem},0,1,1,1,1.0,0.026558190000000002,0.026558190000000002,0,14,1,0,0.026558190000000002,0.01639779,0.0101604,0
ace_adaptation_x3-offline-e3,train,step69_generator_{theorem},0,1,1,1,1.0,0.00850496,0.00850496,0,10,0,0,0.00850496,0.00478016,0.0037248,0
ace_adaptation_x3-offline-e3,train,step70_generator_{theorem},0,1,1,1,1.0,0.00054258,0.00054258,0,1,0,0,0.00054258,0.00039497999999999996,0.00014759999999999998,0
ace_adaptation_x3-offline-e3,train,step71_generator_{theorem},0,1,1,1,1.0,0.01274868,0.01274868,0,10,0,0,0.01274868,0.0052810800000000005,0.0074676000000000005,0
ace_adaptation_x3-offline-e3,train,step72_generator_{theorem},0,1,1,1,1.0,0.0007679599999999999,0.0007679599999999999,0,1,0,0,0.0007679599999999999,0.00046795999999999996,0.0003,0
ace_adaptation_x3-offline-e3,train,step73_generator_{theorem},0,1,1,1,1.0,0.02527371,0.02527371,0,13,0,0,0.02527371,0.011411310000000001,0.013862399999999997,0
ace_adaptation_x3-offline-e3,train,step74_generator_{theorem},0,1,1,1,1.0,0.014116,0.014116,0,10,1,0,0.014116,0.0059044,0.0082116,0
ace_adaptation_x3-offline-e3,train,step75_generator_{theorem},0,1,1,1,1.0,0.00162926,0.00162926,0,2,1,0,0.00162926,0.00074126,0.0008879999999999999,0
ace_adaptation_x3-offline-e3,train,step76_generator_{theorem},0,1,1,0,0.0,0.08058673,,0.08058673,32,0,0,0.08058673,0.039978730000000004,0.04060799999999999,0
ace_adaptation_x3-offline-e3,train,step77_generator_{theorem},0,1,1,0,0.0,0.05080625,,0.05080625,32,0,0,0.05080625,0.021006649999999998,0.029799599999999996,0
ace_adaptation_x3-offline-e3,train,step78_generator_{theorem},0,1,1,1,1.0,0.00088346,0.00088346,0,1,0,0,0.00088346,0.00042745999999999995,0.00045599999999999997,0
ace_adaptation_x3-offline-e3,train,step79_generator_{theorem},0,1,1,1,1.0,0.04748925,0.04748925,0,30,1,0,0.04748925,0.022715250000000003,0.024774,0
ace_adaptation_x3-offline-e3,train,step80_generator_{theorem},0,1,1,1,1.0,0.0031739799999999994,0.0031739799999999994,0,4,0,0,0.0031739799999999994,0.0023627799999999997,0.0008112,0
ace_adaptation_x3-offline-e3,train,step81_generator_{theorem},0,1,1,0,0.0,0.04875249,,0.04875249,32,0,0,0.04875249,0.026204489999999997,0.02254799999999999,0
ace_adaptation_x3-offline-e3,train,step82_generator_{theorem},0,1,1,1,1.0,0.0008946,0.0008946,0,1,0,0,0.0008946,0.00042419999999999996,0.0004704,0
ace_adaptation_x3-offline-e3,train,step83_generator_{theorem},0,1,1,1,1.0,0.0006382499999999999,0.0006382499999999999,0,1,0,0,0.0006382499999999999,0.00041145,0.00022679999999999998,0
ace_adaptation_x3-offline-e3,train,step84_generator_{theorem},0,1,1,0,0.0,0.05980842,,0.05980842,32,0,0,0.05980842,0.028505219999999998,0.0313032,0
ace_adaptation_x3-offline-e3,train,step85_generator_{theorem},0,1,1,1,1.0,0.02285373,0.02285373,0,17,0,0,0.02285373,0.010188930000000002,0.012664799999999997,0
ace_adaptation_x3-offline-e3,train,step86_generator_{theorem},0,1,1,1,1.0,0.0015670899999999997,0.0015670899999999997,0,2,1,0,0.0015670899999999997,0.0007354899999999999,0.0008315999999999999,0
ace_adaptation_x3-offline-e3,train,step87_generator_{theorem},0,1,1,1,1.0,0.02031467,0.02031467,0,16,0,0,0.02031467,0.01020587,0.010108799999999998,0
ace_adaptation_x3-offline-e3,train,step88_generator_{theorem},0,1,1,1,1.0,0.0007243,0.0007243,0,1,0,0,0.0007243,0.0004099,0.0003144,0
ace_adaptation_x3-offline-e3,train,step89_generator_{theorem},0,1,1,1,1.0,0.027289340000000002,0.027289340000000002,0,17,0,0,0.027289340000000002,0.011644940000000001,0.015644399999999996,0
ace_adaptation_x3-offline-e3,train,step90_generator_{theorem},0,1,1,1,1.0,0.01283656,0.01283656,0,13,0,0,0.01283656,0.005463759999999999,0.0073728,0
ace_adaptation_x3-offline-e3,train,step91_generator_{theorem},0,1,1,1,1.0,0.0005387,0.0005387,0,1,0,0,0.0005387,0.0003959,0.0001428,0
ace_adaptation_x3-offline-e3,train,step92_generator_{theorem},0,1,1,1,1.0,0.02777249,0.02777249,0,15,0,0,0.02777249,0.017619289999999996,0.010153200000000001,0
ace_adaptation_x3-offline-e3,train,step93_generator_{theorem},0,1,1,1,1.0,0.021989690000000003,0.021989690000000003,0,10,0,0,0.021989690000000003,0.00840329,0.0135864,0
ace_adaptation_x3-offline-e3,train,step94_generator_{theorem},0,1,1,1,1.0,0.005067,0.005067,0,4,0,0,0.005067,0.0016638,0.0034032,0
ace_adaptation_x3-offline-e3,train,step95_generator_{theorem},0,1,1,1,1.0,0.00069069,0.00069069,0,1,1,0,0.00069069,0.00047349,0.0002172,0
ace_adaptation_x3-offline-e3,train,step96_generator_{theorem},0,1,1,1,1.0,0.02531986,0.02531986,0,14,0,0,0.02531986,0.00912466,0.0161952,0
ace_adaptation_x3-offline-e3,train,step97_generator_{theorem},0,1,1,0,0.0,0.028407830000000002,,0.028407830000000002,32,0,0,0.028407830000000002,0.01880303000000001,0.009604800000000004,0
ace_adaptation_x3-offline-e3,train,step98_generator_{theorem},0,1,1,1,1.0,0.00943666,0.00943666,0,5,1,0,0.00943666,0.0038878600000000004,0.0055487999999999996,0
ace_adaptation_x3-offline-e3,train,step99_generator_{theorem},0,1,1,1,1.0,0.0005790999999999999,0.0005790999999999999,0,1,0,0,0.0005790999999999999,0.00039309999999999996,0.000186,0
ace_adaptation_x3-strong,train,step00_generator_{theorem},0,1,1,1,1.0,0.00251747,0.00251747,0,5,0,0,0.00251747,0.00161507,0.0009024,0
ace_adaptation_x3-strong,train,step01_generator_{theorem},0,1,1,0,0.0,0.07031288999999999,,0.07031288999999999,32,0,0,0.07031288999999999,0.02770809,0.0426048,0
ace_adaptation_x3-strong,train,step02_generator_{theorem},0,1,1,1,1.0,0.00188186,0.00188186,0,3,0,0,0.00188186,0.0007862599999999999,0.0010956,0
ace_adaptation_x3-strong,train,step03_generator_{theorem},0,1,1,1,1.0,0.00075467,0.00075467,0,2,0,0,0.00075467,0.00044866999999999997,0.00030599999999999996,0
ace_adaptation_x3-strong,train,step04_generator_{theorem},0,1,1,1,1.0,0.01018231,0.01018231,0,7,1,0,0.01018231,0.0037083100000000003,0.006474,0
ace_adaptation_x3-strong,train,step05_generator_{theorem},0,1,1,1,1.0,0.0023742600000000004,0.0023742600000000004,0,6,1,0,0.0023742600000000004,0.0011982599999999998,0.001176,0
ace_adaptation_x3-strong,train,step06_generator_{theorem},0,1,1,1,1.0,0.00047016999999999995,0.00047016999999999995,0,1,1,0,0.00047016999999999995,0.00039936999999999997,7.08e-05,0
ace_adaptation_x3-strong,train,step07_generator_{theorem},0,1,1,1,1.0,0.019843119999999995,0.019843119999999995,0,21,0,0,0.019843119999999995,0.00877072,0.011072399999999998,0
ace_adaptation_x3-strong,train,step08_generator_{theorem},0,1,1,1,1.0,0.0005129799999999999,0.0005129799999999999,0,1,0,0,0.0005129799999999999,0.00033298,0.00017999999999999998,0
ace_adaptation_x3-strong,train,step09_generator_{theorem},0,1,1,1,1.0,0.0014807599999999998,0.0014807599999999998,0,4,0,0,0.0014807599999999998,0.00077036,0.0007103999999999999,0
ace_adaptation_x3-strong,train,step10_generator_{theorem},0,1,1,1,1.0,0.00954551,0.00954551,0,7,1,0,0.00954551,0.00421871,0.0053268000000000005,0
ace_adaptation_x3-strong,train,step11_generator_{theorem},0,1,1,1,1.0,0.00106399,0.00106399,0,2,0,0,0.00106399,0.00052519,0.0005388,0
ace_adaptation_x3-strong,train,step12_generator_{theorem},0,1,1,1,1.0,0.00051574,0.00051574,0,1,1,0,0.00051574,0.00038614,0.0001296,0
ace_adaptation_x3-strong,train,step13_generator_{theorem},0,1,1,1,1.0,0.0013783999999999997,0.0013783999999999997,0,1,0,0,0.0013783999999999997,0.0010975999999999998,0.0002808,0
ace_adaptation_x3-strong,train,step14_generator_{theorem},0,1,1,0,0.0,0.024639919999999996,,0.024639919999999996,32,0,0,0.024639919999999996,0.01592792,0.008712,0
ace_adaptation_x3-strong,train,step15_generator_{theorem},0,1,1,1,1.0,0.00217309,0.00217309,0,3,0,0,0.00217309,0.00098629,0.0011868,0
ace_adaptation_x3-strong,train,step16_generator_{theorem},0,1,1,1,1.0,0.0005989999999999999,0.0005989999999999999,0,1,0,0,0.0005989999999999999,0.0003626,0.0002364,0
ace_adaptation_x3-strong,train,step17_generator_{theorem},0,1,1,1,1.0,0.04415962,0.04415962,0,20,1,0,0.04415962,0.016446819999999997,0.027712799999999996,0
ace_adaptation_x3-strong,train,step18_generator_{theorem},0,1,1,1,1.0,0.01034132,0.01034132,0,5,0,0,0.01034132,0.00359612,0.006745199999999999,0
ace_adaptation_x3-strong,train,step19_generator_{theorem},0,1,1,1,1.0,0.03482892,0.03482892,0,20,0,0,0.03482892,0.01449132,0.02033759999999999,0
ace_adaptation_x3-strong,train,step20_generator_{theorem},0,1,1,1,1.0,0.050477280000000006,0.050477280000000006,0,19,0,0,0.050477280000000006,0.01809648,0.032380799999999994,0
ace_adaptation_x3-strong,train,step21_generator_{theorem},0,1,1,0,0.0,0.06234135,,0.06234135,32,0,0,0.06234135,0.028755749999999997,0.0335856,0
ace_adaptation_x3-strong,train,step22_generator_{theorem},0,1,1,1,1.0,0.035217410000000005,0.035217410000000005,0,20,0,0,0.035217410000000005,0.013043810000000001,0.0221736,0
ace_adaptation_x3-strong,train,step23_generator_{theorem},0,1,1,1,1.0,0.028891950000000003,0.028891950000000003,0,14,0,0,0.028891950000000003,0.010290750000000001,0.0186012,0
ace_adaptation_x3-strong,train,step24_generator_{theorem},0,1,1,1,1.0,0.01630839,0.01630839,0,14,0,0,0.01630839,0.008046389999999999,0.008261999999999999,0
ace_adaptation_x3-strong,train,step25_generator_{theorem},0,1,1,1,1.0,0.01821172,0.01821172,0,12,1,0,0.01821172,0.01156612,0.006645599999999999,0
ace_adaptation_x3-strong,train,step26_generator_{theorem},0,1,1,1,1.0,0.00559943,0.00559943,0,6,0,0,0.00559943,0.0023174299999999997,0.0032819999999999998,0
ace_adaptation_x3-strong,train,step27_generator_{theorem},0,1,1,1,1.0,0.004701029999999999,0.004701029999999999,0,5,0,0,0.004701029999999999,0.00200103,0.0026999999999999997,0
ace_adaptation_x3-strong,train,step28_generator_{theorem},0,1,1,0,0.0,0.03247797,,0.03247797,32,0,0,0.03247797,0.015561569999999999,0.016916399999999995,0
ace_adaptation_x3-strong,train,step29_generator_{theorem},0,1,1,1,1.0,0.019430390000000002,0.019430390000000002,0,20,0,0,0.019430390000000002,0.0078119899999999996,0.011618400000000001,0
ace_adaptation_x3-strong,train,step30_generator_{theorem},0,1,1,1,1.0,0.00072273,0.00072273,0,1,0,0,0.00072273,0.00038193,0.0003408,0
ace_adaptation_x3-strong,train,step31_generator_{theorem},0,1,1,1,1.0,0.021260329999999997,0.021260329999999997,0,18,1,0,0.021260329999999997,0.00876233,0.012498,0
ace_adaptation_x3-strong,train,step32_generator_{theorem},0,1,1,1,1.0,0.0030975299999999994,0.0030975299999999994,0,5,1,0,0.0030975299999999994,0.0013803300000000001,0.0017171999999999997,0
ace_adaptation_x3-strong,train,step33_generator_{theorem},0,1,1,1,1.0,0.00595055,0.00595055,0,6,0,0,0.00595055,0.00276575,0.0031848,0
ace_adaptation_x3-strong,train,step34_generator_{theorem},0,1,1,0,0.0,0.061028690000000003,,0.061028690000000003,32,0,0,0.061028690000000003,0.026852690000000002,0.034176,0
ace_adaptation_x3-strong,train,step35_generator_{theorem},0,1,1,1,1.0,0.005435529999999999,0.005435529999999999,0,8,0,0,0.005435529999999999,0.00227233,0.0031632,0
ace_adaptation_x3-strong,train,step36_generator_{theorem},0,1,1,1,1.0,0.0015477999999999998,0.0015477999999999998,0,1,0,0,0.0015477999999999998,0.0014145999999999998,0.00013319999999999999,0
ace_adaptation_x3-strong,train,step37_generator_{theorem},0,1,1,1,1.0,0.00645884,0.00645884,0,7,0,0,0.00645884,0.00225284,0.004206,0
ace_adaptation_x3-strong,train,step38_generator_{theorem},0,1,1,1,1.0,0.0032770499999999997,0.0032770499999999997,0,1,0,0,0.0032770499999999997,0.0014638499999999998,0.0018131999999999998,0
ace_adaptation_x3-strong,train,step39_generator_{theorem},0,1,1,0,0.0,0.0266299,,0.0266299,32,0,0,0.0266299,0.018157899999999994,0.008472,0
ace_adaptation_x4-offline,train,step00_generator_{theorem},0,1,1,1,1.0,0.00227268,0.00227268,0,5,0,0,0.00227268,0.00115548,0.0011172,0
ace_adaptation_x4-offline,train,step01_generator_{theorem},0,1,1,0,0.0,0.07762899,,0.07762899,32,0,0,0.07762899,0.035252189999999996,0.0423768,0
ace_adaptation_x4-offline,train,step02_generator_{theorem},0,1,1,1,1.0,0.004038669999999999,0.004038669999999999,0,5,0,0,0.004038669999999999,0.00175747,0.0022812,0
ace_adaptation_x4-offline,train,step03_generator_{theorem},0,1,1,1,1.0,0.00100675,0.00100675,0,1,0,0,0.00100675,0.00088435,0.0001224,0
ace_adaptation_x4-offline,train,step04_generator_{theorem},0,1,1,1,1.0,0.0321051,0.0321051,0,15,1,0,0.0321051,0.0164379,0.0156672,0
ace_adaptation_x4-offline,train,step05_generator_{theorem},0,1,1,1,1.0,0.00242365,0.00242365,0,5,1,0,0.00242365,0.00132085,0.0011028,0
ace_adaptation_x4-offline,train,step06_generator_{theorem},0,1,1,1,1.0,0.00088553,0.00088553,0,2,0,0,0.00088553,0.00054353,0.00034199999999999996,0
ace_adaptation_x4-offline,train,step07_generator_{theorem},0,1,1,0,0.0,0.03930838,,0.03930838,32,0,0,0.03930838,0.017738379999999998,0.021570000000000006,0
ace_adaptation_x4-offline,train,step08_generator_{theorem},0,1,1,1,1.0,0.00123745,0.00123745,0,1,0,0,0.00123745,0.00101185,0.00022559999999999998,0
ace_adaptation_x4-offline,train,step09_generator_{theorem},0,1,1,1,1.0,0.0008654699999999999,0.0008654699999999999,0,1,1,0,0.0008654699999999999,0.00036386999999999997,0.0005015999999999999,0
ace_adaptation_x4-offline,train,step10_generator_{theorem},0,1,1,1,1.0,0.01971728,0.01971728,0,15,0,0,0.01971728,0.00744728,0.01227,0
ace_adaptation_x4-offline,train,step11_generator_{theorem},0,1,1,1,1.0,0.00283171,0.00283171,0,4,0,0,0.00283171,0.0016593099999999998,0.0011723999999999999,0
ace_adaptation_x4-offline,train,step12_generator_{theorem},0,1,1,1,1.0,0.00065624,0.00065624,0,1,0,0,0.00065624,0.00038744,0.0002688,0
ace_adaptation_x4-offline,train,step13_generator_{theorem},0,1,1,1,1.0,0.00064464,0.00064464,0,1,0,0,0.00064464,0.00038544,0.0002592,0
ace_adaptation_x4-offline,train,step14_generator_{theorem},0,1,1,0,0.0,0.02116533,,0.02116533,32,0,0,0.02116533,0.01315413,0.008011200000000001,0
ace_adaptation_x4-offline,train,step15_generator_{theorem},0,1,1,1,1.0,0.0023581699999999997,0.0023581699999999997,0,2,0,0,0.0023581699999999997,0.00146057,0.0008975999999999999,0
ace_adaptation_x4-offline,train,step16_generator_{theorem},0,1,1,1,1.0,0.00140665,0.00140665,0,3,0,0,0.00140665,0.00073945,0.0006672,0
ace_adaptation_x4-offline,train,step17_generator_{theorem},0,1,1,1,1.0,0.018113070000000002,0.018113070000000002,0,14,0,0,0.018113070000000002,0.007049069999999999,0.011064,0
ace_adaptation_x4-offline,train,step18_generator_{theorem},0,1,1,1,1.0,0.014553749999999997,0.014553749999999997,0,6,0,0,0.014553749999999997,0.00498135,0.009572399999999998,0
ace_adaptation_x4-offline,train,step19_generator_{theorem},0,1,1,1,1.0,0.0405051,0.0405051,0,23,0,0,0.0405051,0.019242300000000007,0.021262799999999995,0
ace_adaptation_x4-offline,train,step20_generator_{theorem},0,1,1,0,0.0,0.03001158999999999,,0.03001158999999999,32,0,0,0.03001158999999999,0.020706790000000003,0.009304799999999993,0
ace_adaptation_x4-offline,train,step21_generator_{theorem},0,1,1,0,0.0,0.06603084000000001,,0.06603084000000001,32,0,0,0.06603084000000001,0.03200364,0.0340272,0
ace_adaptation_x4-offline,train,step22_generator_{theorem},0,1,1,1,1.0,0.025099879999999995,0.025099879999999995,0,19,0,0,0.025099879999999995,0.00998348,0.015116400000000002,0
ace_adaptation_x4-offline,train,step23_generator_{theorem},0,1,1,1,1.0,0.01118,0.01118,0,8,0,0,0.01118,0.003992,0.007188,0
ace_adaptation_x4-offline,train,step24_generator_{theorem},0,1,1,0,0.0,0.044394949999999996,,0.044394949999999996,32,0,0,0.044394949999999996,0.02363135,0.0207636,0
ace_adaptation_x4-offline,train,step25_generator_{theorem},0,1,1,1,1.0,0.0031500899999999995,0.0031500899999999995,0,6,0,0,0.0031500899999999995,0.00155529,0.0015948000000000002,0
ace_adaptation_x4-offline,train,step26_generator_{theorem},0,1,1,0,0.0,0.08173260000000002,,0.08173260000000002,32,0,0,0.08173260000000002,0.04153380000000001,0.04019879999999999,0
ace_adaptation_x4-offline,train,step27_generator_{theorem},0,1,1,1,1.0,0.004302179999999999,0.004302179999999999,0,5,0,0,0.004302179999999999,0.0023269799999999998,0.0019752,0
ace_adaptation_x4-offline,train,step28_generator_{theorem},0,1,1,0,0.0,0.11251838000000002,,0.11251838000000002,32,0,0,0.11251838000000002,0.08415758,0.028360799999999995,0
ace_adaptation_x4-offline,train,step29_generator_{theorem},0,1,1,1,1.0,0.020649660000000004,0.020649660000000004,0,17,0,0,0.020649660000000004,0.011368859999999998,0.0092808,0
ace_adaptation_x4-offline,train,step30_generator_{theorem},0,1,1,1,1.0,0.00097711,0.00097711,0,1,0,0,0.00097711,0.00037951,0.0005976,0
ace_adaptation_x4-offline,train,step31_generator_{theorem},0,1,1,1,1.0,0.026187329999999998,0.026187329999999998,0,22,1,0,0.026187329999999998,0.012034529999999998,0.014152799999999998,0
ace_adaptation_x4-offline,train,step32_generator_{theorem},0,1,1,1,1.0,0.013182109999999999,0.013182109999999999,0,13,0,0,0.013182109999999999,0.005094110000000001,0.008088,0
ace_adaptation_x4-offline,train,step33_generator_{theorem},0,1,1,1,1.0,0.010837689999999999,0.010837689999999999,0,15,0,0,0.010837689999999999,0.00504649,0.0057912,0
ace_adaptation_x4-offline,train,step34_generator_{theorem},0,1,1,0,0.0,0.06431728000000002,,0.06431728000000002,32,0,0,0.06431728000000002,0.02751568,0.036801600000000004,0
ace_adaptation_x4-offline,train,step35_generator_{theorem},0,1,1,1,1.0,0.00422906,0.00422906,0,6,0,0,0.00422906,0.0026426599999999994,0.0015864000000000002,0
ace_adaptation_x4-offline,train,step36_generator_{theorem},0,1,1,1,1.0,0.0005116,0.0005116,0,1,0,0,0.0005116,0.00037119999999999997,0.0001404,0
ace_adaptation_x4-offline,train,step37_generator_{theorem},0,1,1,1,1.0,0.018921769999999997,0.018921769999999997,0,15,1,0,0.018921769999999997,0.00831377,0.010608,0
ace_adaptation_x4-offline,train,step38_generator_{theorem},0,1,1,1,1.0,0.00261061,0.00261061,0,3,0,0,0.00261061,0.0011346099999999999,0.0014759999999999999,0
ace_adaptation_x4-offline,train,step39_generator_{theorem},0,1,1,0,0.0,0.028441689999999995,,0.028441689999999995,32,0,0,0.028441689999999995,0.01821649,0.010225199999999997,0
ace_adaptation_x5-offline,train,step00_generator_{theorem},0,1,1,1,1.0,0.0012483799999999999,0.0012483799999999999,0,4,0,0,0.0012483799999999999,0.00056678,0.0006816000000000001,0
ace_adaptation_x5-offline,train,step01_generator_{theorem},0,1,1,0,0.0,0.05468359999999999,,0.05468359999999999,32,0,0,0.05468359999999999,0.024689600000000003,0.029994,0
ace_adaptation_x5-offline,train,step02_generator_{theorem},0,1,1,1,1.0,0.00437086,0.00437086,0,6,0,0,0.00437086,0.00143086,0.00294,0
ace_adaptation_x5-offline,train,step03_generator_{theorem},0,1,1,1,1.0,0.00697241,0.00697241,0,6,0,0,0.00697241,0.00213881,0.0048335999999999995,0
ace_adaptation_x5-offline,train,step04_generator_{theorem},0,1,1,1,1.0,0.017674640000000002,0.017674640000000002,0,10,1,0,0.017674640000000002,0.009451039999999999,0.008223600000000001,0
ace_adaptation_x5-offline,train,step05_generator_{theorem},0,1,1,1,1.0,0.0044864499999999995,0.0044864499999999995,0,8,0,0,0.0044864499999999995,0.00197245,0.0025139999999999997,0
ace_adaptation_x5-offline,train,step06_generator_{theorem},0,1,1,1,1.0,0.00067959,0.00067959,0,1,1,0,0.00067959,0.00041319,0.00026639999999999997,0
ace_adaptation_x5-offline,train,step07_generator_{theorem},0,1,1,1,1.0,0.0101084,0.0101084,0,9,0,0,0.0101084,0.003764,0.006344399999999999,0
ace_adaptation_x5-offline,train,step08_generator_{theorem},0,1,1,1,1.0,0.0011310499999999998,0.0011310499999999998,0,1,0,0,0.0011310499999999998,0.0009918499999999998,0.0001392,0
ace_adaptation_x5-offline,train,step09_generator_{theorem},0,1,1,1,1.0,0.00173712,0.00173712,0,3,1,0,0.00173712,0.0007759199999999999,0.0009611999999999999,0
ace_adaptation_x5-offline,train,step10_generator_{theorem},0,1,1,1,1.0,0.010759470000000002,0.010759470000000002,0,15,0,0,0.010759470000000002,0.00485667,0.0059028,0
ace_adaptation_x5-offline,train,step11_generator_{theorem},0,1,1,1,1.0,0.00113112,0.00113112,0,2,1,0,0.00113112,0.00059952,0.0005316,0
ace_adaptation_x5-offline,train,step12_generator_{theorem},0,1,1,1,1.0,0.00049662,0.00049662,0,1,1,0,0.00049662,0.00038262,0.00011399999999999999,0
ace_adaptation_x5-offline,train,step13_generator_{theorem},0,1,1,1,1.0,0.0011819999999999999,0.0011819999999999999,0,1,0,0,0.0011819999999999999,0.0010535999999999998,0.0001284,0
ace_adaptation_x5-offline,train,step14_generator_{theorem},0,1,1,0,0.0,0.025050699999999995,,0.025050699999999995,32,0,0,0.025050699999999995,0.0148927,0.010157999999999997,0
ace_adaptation_x5-offline,train,step15_generator_{theorem},0,1,1,1,1.0,0.001892,0.001892,0,1,0,0,0.001892,0.0010856,0.0008064,0
ace_adaptation_x5-offline,train,step16_generator_{theorem},0,1,1,1,1.0,0.00068066,0.00068066,0,1,0,0,0.00068066,0.00035905999999999997,0.0003216,0
ace_adaptation_x5-offline,train,step17_generator_{theorem},0,1,1,1,1.0,0.06326109,0.06326109,0,29,0,0,0.06326109,0.02688789,0.036373199999999994,0
ace_adaptation_x5-offline,train,step18_generator_{theorem},0,1,1,1,1.0,0.02437888,0.02437888,0,13,0,0,0.02437888,0.00716008,0.0172188,0
ace_adaptation_x5-offline,train,step19_generator_{theorem},0,1,1,1,1.0,0.03053582,0.03053582,0,17,0,0,0.03053582,0.01271702,0.017818799999999996,0
ace_adaptation_x5-offline,train,step20_generator_{theorem},0,1,1,0,0.0,0.028256869999999993,,0.028256869999999993,32,0,0,0.028256869999999993,0.017520469999999996,0.010736399999999998,0
ace_adaptation_x5-offline,train,step21_generator_{theorem},0,1,1,0,0.0,0.052758809999999996,,0.052758809999999996,32,0,0,0.052758809999999996,0.024958409999999997,0.027800399999999992,0
ace_adaptation_x5-offline,train,step22_generator_{theorem},0,1,1,1,1.0,0.03825096,0.03825096,0,18,0,0,0.03825096,0.012418559999999999,0.0258324,0
ace_adaptation_x5-offline,train,step23_generator_{theorem},0,1,1,1,1.0,0.0140827,0.0140827,0,12,0,0,0.0140827,0.0058555,0.0082272,0
ace_adaptation_x5-offline,train,step24_generator_{theorem},0,1,1,1,1.0,0.02543148,0.02543148,0,25,0,0,0.02543148,0.011199479999999998,0.014232,0
ace_adaptation_x5-offline,train,step25_generator_{theorem},0,1,1,1,1.0,0.01387553,0.01387553,0,10,0,0,0.01387553,0.00848993,0.005385600000000001,0
ace_adaptation_x5-offline,train,step26_generator_{theorem},0,1,1,1,1.0,0.007580669999999999,0.007580669999999999,0,6,0,0,0.007580669999999999,0.00333027,0.0042504,0
ace_adaptation_x5-offline,train,step27_generator_{theorem},0,1,1,1,1.0,0.00273685,0.00273685,0,3,0,0,0.00273685,0.00104365,0.0016932,0
ace_adaptation_x5-offline,train,step28_generator_{theorem},0,1,1,0,0.0,0.07442643,,0.07442643,32,0,0,0.07442643,0.04149363,0.032932800000000005,0
ace_adaptation_x5-offline,train,step29_generator_{theorem},0,1,1,1,1.0,0.01656827,0.01656827,0,12,1,0,0.01656827,0.006842269999999999,0.009726000000000002,0
ace_adaptation_x5-offline,train,step30_generator_{theorem},0,1,1,1,1.0,0.00057957,0.00057957,0,1,0,0,0.00057957,0.00037677,0.0002028,0
ace_adaptation_x5-offline,train,step31_generator_{theorem},0,1,1,1,1.0,0.04371353,0.04371353,0,27,0,0,0.04371353,0.019689530000000004,0.024023999999999997,0
ace_adaptation_x5-offline,train,step32_generator_{theorem},0,1,1,1,1.0,0.00273099,0.00273099,0,2,0,0,0.00273099,0.0015669899999999999,0.001164,0
ace_adaptation_x5-offline,train,step33_generator_{theorem},0,1,1,1,1.0,0.007489659999999999,0.007489659999999999,0,15,0,0,0.007489659999999999,0.00351646,0.0039732,0
ace_adaptation_x5-offline,train,step34_generator_{theorem},0,1,1,1,1.0,0.03744789,0.03744789,0,28,0,0,0.03744789,0.017812289999999998,0.0196356,0
ace_adaptation_x5-offline,train,step35_generator_{theorem},0,1,1,1,1.0,0.0035203299999999995,0.0035203299999999995,0,5,0,0,0.0035203299999999995,0.00149953,0.0020208,0
ace_adaptation_x5-offline,train,step36_generator_{theorem},0,1,1,1,1.0,0.0014893999999999999,0.0014893999999999999,0,1,0,0,0.0014893999999999999,0.0013525999999999998,0.0001368,0
ace_adaptation_x5-offline,train,step37_generator_{theorem},0,1,1,1,1.0,0.008299369999999999,0.008299369999999999,0,5,0,0,0.008299369999999999,0.0027349699999999998,0.0055644,0
ace_adaptation_x5-offline,train,step38_generator_{theorem},0,1,1,1,1.0,0.0018629999999999999,0.0018629999999999999,0,2,0,0,0.0018629999999999999,0.0006234,0.0012396,0
ace_adaptation_x5-offline,train,step39_generator_{theorem},0,1,1,0,0.0,0.04488517,,0.04488517,32,0,0,0.04488517,0.02436517,0.02052,0
ace_attribution_20260912,train,{theorem}__luna-none-medium__gpt-5.6-luna__seed*,0,40,40,28,0.7,0.9214394699999999,0.0329085525,0.52567928,439,5,0,0.04702618999999999,0.5677586699999999,0.35368079999999996,0
ace_attribution_20260912,train,{theorem}__terra-ace-medium__gpt-5.6-terra__seed*,0,40,40,32,0.8,5.967199,0.18647496875,3.1674517,418,5,0,0.4641069,3.2356629999999997,2.731536,0
ace_attribution_20260912,train,{theorem}__terra-none-high__gpt-5.6-terra__seed*,0,8,8,6,0.75,1.3029097,0.21715161666666669,0.6095697,83,0,0,0.35777,0.5948977,0.708012,0
ace_attribution_20260912,train,{theorem}__terra-none-low__gpt-5.6-terra__seed*,0,8,8,5,0.625,1.4072705,0.28145410000000004,1.1324364,88,0,0,0.45678909999999995,0.9038105,0.50346,0
ace_attribution_20260912,train,{theorem}__terra-none-medium__gpt-5.6-terra__seed*,0,40,40,33,0.825,6.5031231,0.19706433636363635,2.9366556,483,7,0,0.4800719,3.5802351,2.922888,0
ace_attribution_20260912,validation,{theorem}__luna-none-medium__gpt-5.6-luna__seed*,0,40,40,24,0.6,0.8787254999999999,0.036613562499999995,0.67136884,497,8,0,0.050622349999999997,0.5860502999999999,0.29267519999999997,0
ace_attribution_20260912,validation,{theorem}__luna-terra-book-medium__gpt-5.6-luna__seed*,0,8,8,3,0.375,0.211286,0.07042866666666667,0.17124092999999999,195,2,0,0.04394605,0.1338464,0.0774396,0
ace_attribution_20260912,validation,{theorem}__terra-ace-medium__gpt-5.6-terra__seed*,0,40,40,30,0.75,7.0738207,0.23579402333333332,3.6887563999999995,514,2,0,0.4447076,4.2494527,2.824368,0
ace_attribution_20260912,validation,{theorem}__terra-luna-book-medium__gpt-5.6-terra__seed*,0,8,8,4,0.5,2.2558822,0.56397055,1.3826549,156,1,0,0.4465459,1.4383101999999999,0.817572,0
ace_attribution_20260912,validation,{theorem}__terra-none-medium__gpt-5.6-terra__seed*,0,40,40,29,0.725,7.2471561,0.2499019344827586,4.4224032,555,8,0,0.4883447,4.1570601,3.090096,0
ace_bounded_pilot,train,{theorem}__admission-off-r64__gpt-5.6-luna__seed*,0,2,2,2,1.0,0.00411661,0.002058305,0,4,2,0,0.0027061299999999997,0.00271981,0.0013968000000000001,0
ace_bounded_pilot,train,{theorem}__admission-on-r64__gpt-5.6-luna__seed*,0,2,2,2,1.0,0.0039581700000000004,0.0019790850000000002,0,8,2,0,0.00233327,0.00221097,0.0017472,0
ace_bounded_pilot,train,{theorem}__focused-off-r64__gpt-5.6-luna__seed*,0,2,2,2,1.0,0.052150499999999995,0.026075249999999998,0,26,1,0,0.048217319999999994,0.036186899999999994,0.0159636,0
ace_bounded_pilot,train,{theorem}__focused-on-r64__gpt-5.6-luna__seed*,0,2,2,2,1.0,0.030344559999999993,0.015172279999999996,0,23,0,0,0.018056729999999997,0.01812136,0.0122232,0
ace_bounded_pilot,train,{theorem}__money-off-r64__gpt-5.6-luna__seed*,0,2,2,0,0.0,0.24585169,,0.24585169,65,0,0,0.12502156,0.18646129,0.05939040000000001,0
ace_bounded_pilot,train,{theorem}__money-on-r64__gpt-5.6-luna__seed*,0,2,2,0,0.0,0.09028233999999999,,0.09028233999999999,48,0,0,0.047183859999999994,0.05994154,0.030340799999999998,0
ace_bounded_pilot,train,{theorem}__restart-off-r64__gpt-5.6-luna__seed*,0,2,2,0,0.0,0.20816041000000002,,0.20816041000000002,92,0,0,0.10871106000000001,0.14383441,0.064326,0
ace_bounded_pilot,train,{theorem}__restart-on-r64__gpt-5.6-luna__seed*,0,2,2,1,0.5,0.16109184999999998,0.16109184999999998,0.11828744,52,0,0,0.11828744,0.11889385000000001,0.04219799999999999,0
ace_bounded_validation,validation,{theorem}__integrated-r64__gpt-5.6-luna__seed*,0,40,40,25,0.625,0.75677324,0.0302709296,0.59179529,458,7,0,0.04792229,0.48477644,0.2719968,0
ace_capacity_20260912,train,{theorem}__A-level0__gpt-5.6-luna__seed*,0,8,8,3,0.375,0.29530803,0.09843601,0.22463545,139,0,0,0.04766461,0.19048203,0.10482599999999999,0
ace_capacity_20260912,train,{theorem}__A-level0__gpt-5.6-terra__seed*,0,8,8,3,0.375,2.1729057,0.7243018999999999,2.08094,142,0,0,0.4722183999999999,1.2232497,0.9496560000000002,0
ace_capacity_20260912,train,{theorem}__B-level0__gpt-5.6-luna__seed*,0,8,8,3,0.375,0.21987315999999998,0.07329105333333333,0.20485562,121,0,0,0.04442005999999999,0.14830636,0.0715668,0
ace_capacity_20260912,train,{theorem}__B-level0__gpt-5.6-terra__seed*,0,8,8,3,0.375,2.0794206999999996,0.6931402333333332,1.8951457999999997,157,0,0,0.44862409999999986,1.1615767,0.917844,0
ace_capacity_20260912,train,{theorem}__C-level0__gpt-5.6-luna__seed*,0,8,8,4,0.5,0.24617105000000003,0.06154276250000001,0.17675702000000001,122,1,0,0.04943736000000001,0.16126625,0.0849048,0
ace_capacity_20260912,train,{theorem}__C-level0__gpt-5.6-terra__seed*,0,8,8,4,0.5,1.933217,0.48330425,1.5384985,139,0,0,0.44395720000000005,1.083785,0.849432,0
ace_capacity_20260912,train,{theorem}__C-level1__gpt-5.6-luna__seed*,0,4,4,0,0.0,0.46229231000000004,,0.46229231000000004,188,0,0,0.14401967,0.35626030999999997,0.106032,0
ace_capacity_20260912,train,{theorem}__C-level1__gpt-5.6-terra__seed*,0,4,4,2,0.5,3.9850833000000003,1.9925416500000002,2.0923029,165,0,0,1.3757785,2.7673832999999997,1.2177,0
ace_capacity_20260912,train,{theorem}__C-level2__gpt-5.6-luna__seed*,0,4,4,0,0.0,0.50906724,,0.50906724,230,0,0,0.14401967,0.40125564,0.10781160000000001,0
ace_capacity_20260912,train,{theorem}__C-level2__gpt-5.6-terra__seed*,0,2,2,0,0.0,2.4600321000000003,,2.4600321000000003,131,0,0,1.3757785,1.7631920999999995,0.6968399999999999,0
ace_capacity_20260912,train,{theorem}__D-level0__gpt-5.6-luna__seed*,0,8,8,3,0.375,0.21867868,0.07289289333333333,0.19872999,135,0,0,0.04604052999999999,0.13786348,0.08081519999999999,0
ace_capacity_20260912,train,{theorem}__D-level0__gpt-5.6-terra__seed*,0,8,8,6,0.75,1.6796905999999998,0.2799484333333333,0.8091062999999998,132,0,0,0.4135734999999999,0.8633305999999998,0.81636,0
ace_capacity_20260912,train,{theorem}__E-level0__gpt-5.6-luna__seed*,0,8,8,3,0.375,0.23541656999999996,0.07847218999999998,0.21033087999999997,125,0,0,0.04714236,0.15765777,0.0777588,0
ace_capacity_20260912,train,{theorem}__E-level0__gpt-5.6-terra__seed*,0,8,8,3,0.375,2.1352276000000003,0.7117425333333335,1.9995577000000002,152,0,0,0.4493638000000001,1.1838436,0.951384,0
ace_capacity_20260912,train,{theorem}__E-level1__gpt-5.6-luna__seed*,1,5,5,0,0.0,0.5890455099999999,,0.5890455099999999,206,0,0,0.14732879999999998,0.44455231,0.1444932,0
ace_capacity_20260912,train,{theorem}__E-level1__gpt-5.6-terra__seed*,0,5,5,4,0.8,4.2473467000000005,1.0618366750000001,1.3949185000000004,213,0,0,1.3949185000000004,2.8346347,1.4127120000000002,0
ace_capacity_20260912,train,{theorem}__E-level2__gpt-5.6-luna__seed*,0,4,4,0,0.0,0.54878509,,0.54878509,194,0,0,0.14732879999999998,0.42006709,0.128718,0
ace_capacity_20260912,train,{theorem}__E-level2__gpt-5.6-terra__seed*,0,1,1,0,0.0,1.3949185000000004,,1.3949185000000004,57,0,0,1.3949185000000004,1.0070065,0.3879120000000001,0
ace_capacity_20260912,validation,{theorem}__cross-level0__gpt-5.6-luna__seed*,0,32,32,21,0.65625,0.59821991,0.02848666238095238,0.44135573,355,3,0,0.0452953,0.35895311,0.2392668,0
ace_capacity_20260912,validation,{theorem}__cross-level0__gpt-5.6-terra__seed*,0,32,32,25,0.78125,5.2481564999999994,0.20992625999999998,2.7538693,368,6,0,0.4413429,2.9077845,2.340372,0
ace_contenders_20260910,train,{theorem}__training-reflector-medium__gpt-5.6-luna__seed*,0,40,40,26,0.65,0.7288051799999999,0.02803096846153846,0.4235329,477,2,0,0.042442239999999985,0.30826278,0.4205424,0
ace_contenders_20260910,train,{theorem}__training-reflector-xhigh__gpt-5.6-luna__seed*,0,40,40,27,0.675,0.60772686,0.02250840222222222,0.37475776,446,4,0,0.04103783999999999,0.24502926,0.3626976,0
ace_contenders_20260910,validation,{theorem}__validation-reflector-medium__gpt-5.6-luna__seed*,0,40,40,19,0.475,0.7850996,0.04132103157894737,0.67168797,500,5,0,0.04172608,0.3637628,0.42133679999999996,0
ace_contenders_20260910,validation,{theorem}__validation-reflector-xhigh__gpt-5.6-luna__seed*,0,40,40,24,0.6,0.6150777199999999,0.02562823833333333,0.45272811,438,3,0,0.04232033,0.26915252,0.3459252,0
ace_control_cycle_training,train,{theorem}__trained-r64__gpt-5.6-luna__seed*,0,40,40,30,0.75,1.18395682,0.03946522733333333,0.79479619,473,9,0,0.08453606,0.79526002,0.3886968,0
ace_control_cycle_tuning,train,{theorem}__tuning-r64__gpt-5.6-luna__seed*,1,41,40,29,0.7073170731707317,0.8021767999999999,0.02766126896551724,0.50201763,437,10,0,0.04709,0.4813532,0.3208236,0
ace_control_cycle_validation,validation,{theorem}__validation-r64__gpt-5.6-luna__seed*,0,40,40,28,0.7,1.1562664999999999,0.04129523214285714,0.75205515,649,5,0,0.08602889999999999,0.7867577,0.3695088,0
ace_economy_20260916,validation,validation__ace__{theorem}__seed*,0,80,40,46,0.575,1.63411179,0.03552416934782609,1.25995109,968,14,0,0.06426588,0.99790779,0.636204,0
ace_economy_20260916,validation,validation__agentic__{theorem}__seed*,0,80,40,47,0.5875,1.67325913,0.035601258085106384,1.27002844,1082,18,0,0.048981279999999995,1.0738927299999999,0.5993664,0
ace_economy_20260916,validation,validation__budget__{theorem}__seed*,0,80,40,53,0.6625,3.60115333,0.06794628924528301,2.72188939,1400,16,0,0.1521184,2.56677013,1.0343832,0
ace_economy_20260916,validation,validation__session__{theorem}__seed*,0,80,40,50,0.625,1.65575289,0.0331150578,1.23430833,1078,17,0,0.05100394999999999,0.98271969,0.6730332,0
ace_economy_20260916,validation,validation__views__{theorem}__seed*,0,80,40,49,0.6125,1.66100309,0.033898022244897956,1.18786917,986,14,0,0.047663099999999986,1.01484509,0.646158,0
ace_economy_budget_20260916,validation,validation__agentic__{theorem}__seed*,0,80,40,53,0.6625,3.6460832,0.06879402264150944,2.62607533,1441,19,0,0.15468117999999997,2.6597072,0.986376,0
ace_economy_refinement_20260916,train,train__ace__{theorem}__seed*,0,4,4,1,0.25,0.12354715999999999,0.12354715999999999,0.12291919999999999,58,1,0,0.04430955,0.07912796,0.0444192,0
ace_economy_refinement_20260916,train,train__ace_compact__{theorem}__seed*,0,4,4,2,0.5,0.11202727,0.056013635,0.08707048,61,1,0,0.04426243,0.06524166999999999,0.0467856,0
ace_economy_refinement_20260916,train,train__ace_reset__{theorem}__seed*,0,4,4,2,0.5,0.13005593000000001,0.06502796500000001,0.09627062,79,1,0,0.052250519999999995,0.07504433,0.055011599999999994,0
ace_economy_refinement_20260916,train,train__agentic__{theorem}__seed*,0,4,4,1,0.25,0.13908625,0.13908625,0.13858431,67,1,0,0.049191559999999995,0.08712265,0.051963600000000006,0
ace_economy_refinement_20260916,train,train__agentic_compact__{theorem}__seed*,0,4,4,1,0.25,0.13695543,0.13695543,0.13600358,55,1,0,0.04580489,0.08069343,0.056262,0
ace_economy_refinement_20260916,train,train__agentic_reset__{theorem}__seed*,0,4,4,1,0.25,0.14466686999999998,0.14466686999999998,0.14452044999999997,94,1,0,0.05221799,0.08453126999999999,0.060135600000000004,0
ace_economy_refinement_20260916,validation,validation__ace__{theorem}__seed*,0,80,40,45,0.5625,1.6479503,0.036621117777777774,1.31894984,985,10,0,0.04950264,1.0455539,0.6023963999999999,0
ace_economy_refinement_20260916,validation,validation__ace_compact__{theorem}__seed*,0,80,40,47,0.5875,1.69151042,0.035989583404255315,1.2738858899999999,1318,9,0,0.047388879999999994,0.96686282,0.7246476,0
ace_economy_refinement_20260916,validation,validation__ace_reset__{theorem}__seed*,1,80,40,52,0.65,1.83748785,0.03533630480769231,1.28299539,1170,19,0,0.05334961,1.07134905,0.7661387999999999,0
ace_economy_refinement_20260916,validation,validation__ace_reset_compact__{theorem}__seed*,0,80,40,46,0.575,1.8031657799999998,0.03919925608695652,1.4283093199999999,1372,15,0,0.05308299,0.9383233799999999,0.8648424,0
ace_economy_refinement_20260916,validation,validation__agentic__{theorem}__seed*,0,80,40,48,0.6,1.72418805,0.035920584375,1.26676347,1012,20,0,0.04951940999999999,1.10000445,0.6241836,0
ace_economy_refinement_20260916,validation,validation__agentic_compact__{theorem}__seed*,0,80,40,46,0.575,1.71212986,0.03722021434782608,1.39222235,1227,19,0,0.0501702,0.97466266,0.7374672,0
ace_economy_refinement_20260916,validation,validation__agentic_reset__{theorem}__seed*,0,80,40,52,0.65,1.78134117,0.03425656096153846,1.22341018,1190,11,0,0.054987379999999995,1.07364237,0.7076988,0
ace_economy_refinement_20260916,validation,validation__agentic_reset_compact__{theorem}__seed*,0,80,40,46,0.575,1.9613895,0.04263890217391304,1.56815628,1532,16,0,0.08253631,1.0039755,0.957414,0
ace_economy_session_20260916,validation,validation__agentic_session__{theorem}__seed*,0,80,40,50,0.625,1.86442142,0.0372884284,1.31662472,1162,13,0,0.08161693,1.0975674199999998,0.7668539999999999,0
ace_learning_20260914,train,training__B__proof__{theorem}__seed*,0,40,40,30,0.75,0.72748657,0.024249552333333334,0.423913,377,8,0,0.04755834,0.42377856999999997,0.303708,0
ace_learning_20260914,validation,validation__B__proof__{theorem}__seed*,0,80,40,47,0.5875,1.58958341,0.03382092361702128,1.23399425,1010,16,0,0.048423060000000004,1.01053781,0.5790456,0
ace_mechanisms_20260910,train,{theorem}__training-C__gpt-5.6-luna__seed*,0,40,40,21,0.525,0.62453796,0.029739902857142855,0.51977106,382,5,0,0.04555555,0.38174916,0.24278879999999997,0
ace_mechanisms_20260910,train,{theorem}__training-E__gpt-5.6-luna__seed*,0,24,24,18,0.75,0.36028797999999995,0.020015998888888886,0.17310603999999996,232,2,0,0.045535259999999994,0.13993918,0.22034879999999998,0
ace_mechanisms_20260910,train,{theorem}__training-R__gpt-5.6-luna__seed*,0,40,40,15,0.375,0.63867729,0.042578486,0.58469162,369,4,0,0.05055981,0.34881489,0.28986239999999996,0
ace_mechanisms_20260910,train,{theorem}__training-S__gpt-5.6-luna__seed*,0,40,40,22,0.55,0.50478696,0.022944861818181818,0.38912729999999995,330,5,0,0.04608278,0.27659136,0.2281956,0
ace_mechanisms_20260910,validation,{theorem}__validation-E__gpt-5.6-luna__seed*,0,80,40,43,0.5375,1.42711999,0.033188836976744185,1.09576947,963,8,0,0.05494798999999999,0.6115603900000001,0.8155595999999999,0
ace_models_20260910,train,{theorem}__prover-high-1e4aec7dbbe80e7a__gpt-5.6-luna__seed*,0,16,16,10,0.625,0.29081091,0.029081090999999996,0.19237137999999998,183,3,0,0.042901619999999994,0.13302531,0.1577856,0
ace_models_20260910,train,{theorem}__prover-low-1e4aec7dbbe80e7a__gpt-5.6-luna__seed*,0,16,16,9,0.5625,0.36572631999999994,0.04063625777777777,0.30999724999999995,225,4,0,0.05091530999999999,0.26422071999999996,0.10150559999999999,0
ace_models_20260910,train,{theorem}__prover-medium-1e4aec7dbbe80e7a__gpt-5.6-luna__seed*,0,16,16,11,0.6875,0.35375664,0.032159694545454545,0.21059164,180,2,0,0.047834999999999996,0.21241343999999998,0.1413432,0
ace_models_20260910,train,{theorem}__prover-medium-3bfe5109dc462e8c__gpt-5.6-luna__seed*,0,8,8,4,0.5,0.1599251,0.039981275,0.11856346999999999,109,1,0,0.03942434,0.09375229999999998,0.0661728,0
ace_models_20260910,train,{theorem}__prover-medium-68338b80d7121921__gpt-5.6-luna__seed*,0,8,8,4,0.5,0.17615305999999997,0.04403826499999999,0.16762527,85,1,0,0.04294873,0.10195946,0.07419359999999998,0
ace_models_20260910,train,{theorem}__prover-xhigh-10cc02b07a1c6c29__gpt-5.6-luna__seed*,0,8,8,4,0.5,0.14609922,0.036524805,0.13142021,87,2,0,0.03996663,0.06827442,0.07782479999999999,0
ace_models_20260910,train,{theorem}__prover-xhigh-125d7332ca106585__gpt-5.6-luna__seed*,0,8,8,4,0.5,0.13270984,0.03317746,0.11974275000000001,66,2,0,0.03785885,0.04977544,0.08293439999999999,0
ace_models_20260910,train,{theorem}__prover-xhigh-1e4aec7dbbe80e7a__gpt-5.6-luna__seed*,0,16,16,11,0.6875,0.27955192999999995,0.025413811818181812,0.16744422999999997,171,1,0,0.037028349999999995,0.10591673,0.1736352,0
ace_models_20260910,train,{theorem}__prover-xhigh-26d7cc1993e76d38__gpt-5.6-luna__seed*,0,8,8,4,0.5,0.13342201,0.0333555025,0.11976848,87,2,0,0.033079279999999996,0.05816881,0.0752532,0
ace_models_20260910,train,{theorem}__prover-xhigh-2ebdaef5c0d8b7ce__gpt-5.6-luna__seed*,0,8,8,4,0.5,0.13709017,0.0342725425,0.12886549,68,1,0,0.04166253,0.05278177,0.08430839999999999,0
ace_models_20260910,train,{theorem}__prover-xhigh-32c2336efd904991__gpt-5.6-luna__seed*,0,8,8,4,0.5,0.13569717,0.0339242925,0.12126160999999999,95,1,0,0.03393127,0.05634477,0.07935239999999999,0
ace_models_20260910,train,{theorem}__prover-xhigh-345f1ee0202d55e3__gpt-5.6-luna__seed*,0,8,8,3,0.375,0.16415042,0.054716806666666666,0.15675251,91,0,0,0.03658128,0.06638161999999999,0.09776879999999999,0
ace_models_20260910,train,{theorem}__prover-xhigh-34e051ff5274f9eb__gpt-5.6-luna__seed*,0,8,8,4,0.5,0.12684821,0.0317120525,0.11327957999999999,120,1,0,0.03294290999999999,0.06159821,0.06525,0
ace_models_20260910,train,{theorem}__prover-xhigh-38ac3031ca8083bc__gpt-5.6-luna__seed*,0,8,8,4,0.5,0.14818573999999998,0.037046434999999996,0.10367319,99,1,0,0.028691249999999995,0.06293293999999999,0.08525279999999999,0
ace_models_20260910,train,{theorem}__prover-xhigh-392a7a2230818467__gpt-5.6-luna__seed*,0,8,8,5,0.625,0.11995591999999998,0.023991183999999995,0.09187586999999998,77,1,0,0.037566459999999996,0.05203232,0.0679236,0
ace_models_20260910,train,{theorem}__prover-xhigh-3bfe5109dc462e8c__gpt-5.6-luna__seed*,0,8,8,5,0.625,0.10456647,0.020913294,0.07701411,68,1,0,0.026895199999999998,0.04505247,0.059514,0
ace_models_20260910,train,{theorem}__prover-xhigh-3e6016d332df5347__gpt-5.6-luna__seed*,0,8,8,4,0.5,0.16567569999999998,0.041418924999999995,0.11427101999999999,97,0,0,0.03861361,0.06156129999999999,0.1041144,0
ace_models_20260910,train,{theorem}__prover-xhigh-4de2b7bf26816e71__gpt-5.6-luna__seed*,0,8,8,5,0.625,0.12639001,0.025278002,0.08969323,80,2,0,0.03659312,0.05158201,0.07480799999999999,0
ace_models_20260910,train,{theorem}__prover-xhigh-68338b80d7121921__gpt-5.6-luna__seed*,0,8,8,5,0.625,0.11202643,0.022405286,0.07658779,75,1,0,0.027856269999999995,0.04623643,0.06579,0
ace_models_20260910,train,{theorem}__prover-xhigh-81b8082cec9164b4__gpt-5.6-luna__seed*,0,8,8,5,0.625,0.13615714,0.027231428000000002,0.09832225,74,2,0,0.04446507,0.052592740000000006,0.08356439999999998,0
ace_models_20260910,train,{theorem}__prover-xhigh-8eefc07db15048b1__gpt-5.6-luna__seed*,0,8,8,5,0.625,0.14401635999999998,0.028803271999999998,0.08917193,72,1,0,0.042579389999999995,0.048189159999999995,0.0958272,0
ace_models_20260910,train,{theorem}__prover-xhigh-9771a16dde5dd680__gpt-5.6-luna__seed*,0,8,8,5,0.625,0.14177336,0.028354671999999997,0.1008689,76,1,0,0.041369909999999996,0.05850776,0.0832656,0
ace_models_20260910,train,{theorem}__prover-xhigh-b439ff17e44fdd2f__gpt-5.6-luna__seed*,0,8,8,5,0.625,0.16449998999999998,0.032899998,0.08025315,103,0,0,0.04249824,0.06798519,0.0965148,0
ace_models_20260910,train,{theorem}__prover-xhigh-c42d9ea2fa1215e2__gpt-5.6-luna__seed*,0,8,8,4,0.5,0.14271972,0.03567993,0.12058063,91,1,0,0.035715399999999994,0.05728092,0.0854388,0
ace_models_20260910,train,{theorem}__prover-xhigh-c58062708d40c581__gpt-5.6-luna__seed*,0,8,8,5,0.625,0.1745903,0.03491806,0.08961371,127,0,0,0.03265248,0.0772547,0.0973356,0
ace_models_20260910,train,{theorem}__prover-xhigh-eded856fb989c1f6__gpt-5.6-luna__seed*,0,8,8,5,0.625,0.12885169,0.025770337999999997,0.09343235999999998,77,1,0,0.03463963,0.04906969,0.079782,0
ace_models_20260910,train,{theorem}__prover-xhigh-f05fbcb501c34473__gpt-5.6-luna__seed*,0,8,8,4,0.5,0.15456304999999998,0.038640762499999995,0.11617414999999999,103,0,0,0.03422686999999999,0.06549905,0.08906399999999999,0
ace_models_20260910,train,{theorem}__prover-xhigh-f6dd4886ff6a140b__gpt-5.6-luna__seed*,0,8,8,4,0.5,0.16328019,0.0408200475,0.11561548999999999,110,0,0,0.03381136,0.07252419,0.090756,0
ace_models_20260910,train,{theorem}__prover-xhigh-fa6b32f084145e14__gpt-5.6-luna__seed*,0,8,8,3,0.375,0.16039222,0.053464073333333334,0.14871297,102,0,0,0.03903297,0.06559102,0.0948012,0
ace_models_20260910,train,{theorem}__selection-medium-1e4aec7dbbe80e7a__gpt-5.6-luna__seed*,0,24,24,17,0.7083333333333334,0.41534046999999996,0.024431792352941174,0.29002509,208,4,0,0.047245480000000006,0.25033207,0.1650084,0
ace_models_20260910,train,{theorem}__selection-xhigh-3bfe5109dc462e8c__gpt-5.6-luna__seed*,0,24,24,16,0.6666666666666666,0.37679467,0.023549666875,0.23619506999999998,246,2,0,0.04087705999999999,0.13893427,0.2378604,0
ace_models_20260910,train,{theorem}__selection-xhigh-68338b80d7121921__gpt-5.6-luna__seed*,0,24,24,18,0.75,0.34027869,0.018904371666666666,0.18699229,238,3,0,0.04630077,0.14182869,0.19845,0
ace_online_x-online-s0_agentic,validation,{theorem}__ace-<evolving>-core-medium__gpt-5.6-luna__seed*,0,40,40,28,0.7,1.20020278,0.042864385,0.92360333,605,7,0,0.22807381999999995,0.71438938,0.4858134,1
ace_online_x-online-s1_agentic,validation,{theorem}__ace-<evolving>-core-medium__gpt-5.6-luna__seed*,0,40,40,28,0.7,1.0649573399999999,0.03803419071428571,0.69944438,618,7,0,0.10309705000000001,0.61143774,0.45351959999999997,0
ace_online_x-online-warm-s0_agentic,validation,{theorem}__ace-<evolving>-core-medium__gpt-5.6-luna__seed*,0,40,40,26,0.65,0.96609567,0.037157525769230766,0.68587239,652,7,0,0.09570827999999998,0.53858007,0.4275156,0
ace_online_x-online-warm-s1_agentic,validation,{theorem}__ace-<evolving>-core-medium__gpt-5.6-luna__seed*,0,40,40,24,0.6,1.3466228599999999,0.05610928583333333,1.12491564,639,7,0,0.39316389999999996,0.96207326,0.3845496,1
ace_online_x3-online-s0_agentic,validation,{theorem}__ace-<evolving>-core-medium__gpt-5.6-luna__seed*,2,40,40,28,0.7,0.8334936399999999,0.029767629999999996,0.52576249,535,9,0,0.16674013,0.50111344,0.33238019999999996,1
ace_online_x3-online-s1_agentic,validation,{theorem}__ace-<evolving>-core-medium__gpt-5.6-luna__seed*,0,40,40,27,0.675,0.88816852,0.03289513037037037,0.65445409,592,8,0,0.11114443999999998,0.51589732,0.37227119999999997,0
ace_online_x4-online-s0_agentic,validation,{theorem}__ace-<evolving>-core-medium__gpt-5.6-luna__seed*,0,40,40,27,0.675,0.92001086,0.03407447629629629,0.69266004,588,12,0,0.10999023,0.56572046,0.35429039999999995,0
ace_polish_pilots,train,{theorem}__matched_advice-off-r64__gpt-5.6-luna__seed*,0,4,4,3,0.75,0.07400627000000001,0.02466875666666667,0.04333008000000001,34,2,0,0.04333008000000001,0.04579547,0.0282108,0
ace_polish_pilots,train,{theorem}__matched_advice-on-r64__gpt-5.6-luna__seed*,0,4,4,3,0.75,0.06981934,0.02327311333333333,0.040011849999999995,36,1,0,0.040011849999999995,0.042464140000000004,0.0273552,0
ace_polish_pilots,train,{theorem}__output_recovery-off-r64__gpt-5.6-luna__seed*,0,4,4,1,0.25,0.14302052,0.14302052,0.13871531000000004,71,0,0,0.04818362,0.09711212,0.0459084,0
ace_polish_pilots,train,{theorem}__output_recovery-on-r64__gpt-5.6-luna__seed*,0,4,4,2,0.5,0.11377744000000001,0.056888720000000004,0.0973817,70,0,0,0.04873203,0.07581543999999998,0.037961999999999996,0
ace_polish_pilots,train,{theorem}__resource_recovery-off-r64__gpt-5.6-luna__seed*,0,4,4,2,0.5,0.11955185,0.059775925,0.08773937,51,1,0,0.04428852,0.06865624999999999,0.05089559999999999,0
ace_polish_pilots,train,{theorem}__resource_recovery-on-r64__gpt-5.6-luna__seed*,2,4,4,1,0.25,0.07674337,0.07674337,0.07409352,40,0,0,0.04200608,0.04294057,0.0338028,0
ace_polish_training,train,{theorem}__candidate-r64__gpt-5.6-luna__seed*,0,40,40,26,0.65,0.85535617,0.03289831423076923,0.6562686,433,4,0,0.0536701,0.53544937,0.3199068,0
ace_polish_validation,validation,{theorem}__candidate-r64__gpt-5.6-luna__seed*,0,80,40,53,0.6625,1.68351166,0.03176437094339622,1.14052252,1101,13,0,0.05481511,1.0775812599999999,0.6059304,0
ace_polish_validation,validation,{theorem}__reference-r64__gpt-5.6-luna__seed*,0,80,40,53,0.6625,1.59604477,0.030114052264150943,1.09456699,913,13,0,0.04948162999999999,0.99361117,0.6024336,0
ace_revision_20260913,train,training__candidate__proof__{theorem}__seed*,0,40,40,28,0.7,0.76612941,0.027361764642857143,0.498048,381,7,0,0.04522413,0.46393701,0.30219239999999997,0
ace_revision_20260913,train,training__control__proof__{theorem}__seed*,0,40,40,29,0.725,0.7923493899999999,0.027322392758620688,0.46357810999999993,397,6,0,0.04773818999999999,0.47150419,0.3208452,0
ace_revision_20260913,validation,validation__candidate__proof__{theorem}__seed*,0,80,40,48,0.6,1.70587942,0.035539154583333336,1.30270313,1021,12,0,0.05022123999999999,1.09022062,0.6156588,0
ace_revision_20260913,validation,validation__control__proof__{theorem}__seed*,0,80,40,47,0.5875,1.7285405299999999,0.03677745808510638,1.3190403899999998,975,12,0,0.047791110000000005,1.07441573,0.6541248,0
ace_roles_20260913,train,training__candidate__proof__{theorem}__seed*,0,40,40,29,0.725,0.6949715399999999,0.023964535862068963,0.46536559,337,2,0,0.0469459,0.41472714,0.2802444,0
ace_roles_20260913,validation,validation__candidate__proof__{theorem}__seed*,0,26,19,26,1.0,0.13955784,0.005367609230769231,0,102,8,0,0.03295475,0.09056064,0.0489972,0
ace_roles_20260913,validation,validation__control__proof__{theorem}__seed*,0,29,21,27,0.9310344827586207,0.22529293,0.008344182592592593,0.09588916,133,8,0,0.04809707,0.15723132999999997,0.0680616,0
ace_sanitized_20260917,train,pilots__book__proof__{theorem}__seed*,0,8,8,4,0.5,0.21713428,0.05428357,0.16145234,107,2,0,0.044311800000000005,0.13558828,0.08154600000000001,0
ace_sanitized_20260917,train,pilots__concise__proof__{theorem}__seed*,0,8,8,4,0.5,0.20432229,0.0510805725,0.18040582,99,2,0,0.04698776,0.11418788999999999,0.09013439999999999,0
ace_sanitized_20260917,train,pilots__drop__proof__{theorem}__seed*,0,8,8,2,0.25,0.27310063,0.136550315,0.26891339999999997,138,1,0,0.04971797000000001,0.15861223,0.11448839999999999,0
ace_sanitized_20260917,train,pilots__incumbent__proof__{theorem}__seed*,0,8,8,4,0.5,0.20056379,0.0501409475,0.17195507999999998,89,2,0,0.04499214,0.12624299,0.07432079999999999,0
ace_sanitized_20260917,train,pilots__output__proof__{theorem}__seed*,0,8,8,5,0.625,0.30750062,0.061500124,0.21432925999999997,120,3,0,0.07383674999999999,0.20882582,0.0986748,0
ace_sanitized_20260917,train,pilots__views__proof__{theorem}__seed*,0,8,8,4,0.5,0.20128778,0.050321945,0.1761823,99,1,0,0.04562328,0.12312458,0.0781632,0
ace_sanitized_20260917,validation,validation__ace_coverage__proof__{theorem}__seed*,0,80,40,55,0.6875,2.13357756,0.03879231927272727,1.45686643,1195,13,0,0.07775968999999999,1.42188396,0.7116935999999999,0
ace_sanitized_20260917,validation,validation__ace_selected__proof__{theorem}__seed*,0,80,40,46,0.575,1.6800608,0.036523060869565215,1.32307006,990,10,0,0.05444168,0.9982567999999999,0.681804,0
ace_sanitized_20260917,validation,validation__agentic__proof__{theorem}__seed*,0,80,40,51,0.6375,1.6026324299999999,0.031424165294117644,1.1095609199999998,1009,16,0,0.04948333999999999,0.9880428299999999,0.6145896,0
ace_sanitized_20260917,validation,validation__agentic_coverage__proof__{theorem}__seed*,0,80,40,54,0.675,2.05615227,0.038076893888888894,1.40235275,1203,15,0,0.07894104999999998,1.36125987,0.6948924,0
ace_snippets_20260913,train,snippets-v1__{theorem}__training-A__seed*,0,20,20,10,0.5,0.67118596,0.067118596,0.46269148,231,1,0,0.05007119,0.48831556,0.1828704,0
ace_snippets_20260913,validation,snippets-v1__{theorem}__validation-A__seed*,0,40,40,23,0.575,1.02224426,0.04444540260869565,0.69541466,456,6,0,0.052436689999999994,0.75916226,0.263082,0
ace_thesis_20260918,train,round1__examples__proof__{theorem}__seed*,1,24,12,19,0.7916666666666666,0.48378153999999995,0.025462186315789472,0.25938704,238,9,0,0.07317217000000001,0.30612994,0.1776516,0
ace_thesis_20260918,train,round1__polished__proof__{theorem}__seed*,0,24,12,17,0.7083333333333334,0.6113979399999999,0.035964584705882346,0.46416347999999996,256,7,0,0.07581604999999998,0.37521753999999996,0.23618039999999998,0
ace_thesis_20260918,train,round1__x3__proof__{theorem}__seed*,0,24,12,18,0.75,0.59459118,0.03303284333333333,0.41407842,242,8,0,0.07858532,0.37932678,0.2152644,0
ace_thesis_20260918,train,round2__retained__proof__{theorem}__seed*,0,24,12,19,0.7916666666666666,0.54854047,0.028870551052631577,0.34233125,239,7,0,0.07307741,0.34478407,0.20375639999999998,0
ace_thesis_20260918,train,round2__revised__proof__{theorem}__seed*,0,24,12,17,0.7083333333333334,0.52149766,0.03067633294117647,0.45476485,189,4,0,0.0731497,0.31854646,0.2029512,0
ace_thesis_20260918,validation,validation__ace_historical__proof__{theorem}__seed*,0,80,40,52,0.65,2.29444108,0.04412386692307692,1.69509622,1104,13,0,0.0788681,1.53289948,0.7615415999999999,0
ace_thesis_20260918,validation,validation__ace_selected__proof__{theorem}__seed*,0,80,40,51,0.6375,2.25622122,0.04423963176470588,1.57534331,1151,13,0,0.07811988,1.54819842,0.7080228,0
ace_thesis_20260918,validation,validation__nonace_matched__proof__{theorem}__seed*,0,80,40,49,0.6125,2.4116118199999996,0.04921656775510203,1.85635706,1230,13,0,0.08050286999999999,1.64117942,0.7704323999999999,0
ace_thesis_20260918,validation,validation__nonace_ordinary__proof__{theorem}__seed*,1,80,40,51,0.6375,1.7157477799999998,0.03364211333333333,1.1792419399999998,1031,16,0,0.05425218,1.06691018,0.6488376,0
ace_x3_reproduction_20260918,validation,none_32768__{theorem}__seed*,0,80,40,46,0.575,1.6716467199999998,0.036340146086956515,1.37018954,1010,16,0,0.052158689999999994,1.03015072,0.641496,0
ace_x3_reproduction_20260918,validation,none_8192__{theorem}__seed*,0,80,40,51,0.6375,2.3592683799999996,0.04626016431372548,1.78577288,1298,17,0,0.07965069999999999,1.60766518,0.7516031999999999,0
ace_x3_reproduction_20260918,validation,x3_32768__{theorem}__seed*,0,80,40,50,0.625,1.59180079,0.0318360158,1.1187166,923,11,0,0.05073622,0.9738871899999999,0.6179136,0
ace_x3_reproduction_20260918,validation,x3_8192__{theorem}__seed*,0,80,40,45,0.5625,2.38133537,0.052918563777777775,2.06374414,1220,13,0,0.07883697,1.62444137,0.756894,0
ace_x_validation_ace_digest_table_rv2_agentic,validation,{theorem}__ace-ca62b40b-core-medium__gpt-5.6-luna__seed*,0,80,40,51,0.6375,2.01774501,0.03956362764705883,1.6655235,1224,5,0,0.21633533,1.2886532099999999,0.7290918,5
ace_x_validation_ace_x3_mono_rv3_agentic,validation,{theorem}__ace-0e162d51-core-medium__gpt-5.6-luna__seed*,0,80,40,55,0.6875,2.10436306,0.038261146545454545,1.6152130199999999,1171,10,0,0.4003302899999999,1.40121886,0.7031442,2
ace_x_validation_ace_x3_noreflect_agentic,validation,{theorem}__ace-1ac8a092-core-medium__gpt-5.6-luna__seed*,8,51,40,35,0.6862745098039216,1.44410958,0.041260273714285714,0.5963544199999999,681,9,0,0.41808223,0.97868958,0.46542,4
ace_x_validation_ace_x3_noreflect_rv3_agentic,validation,{theorem}__ace-ce233fe0-core-medium__gpt-5.6-luna__seed*,0,80,40,57,0.7125,1.6964312,0.02976195087719298,1.01395503,1236,9,0,0.15889019999999998,0.9425144,0.7539167999999999,1
ace_x_validation_ace_x3_offline_agentic,validation,{theorem}__ace-1ac8a092-core-medium__gpt-5.6-luna__seed*,7,80,40,54,0.675,1.52284963,0.028200919074074075,1.06917507,1033,13,0,0.21759323,0.9049378299999999,0.6179118,1
ace_x_validation_ace_x3_offline_agentic,validation,{theorem}__ace-1e4aec7d-core-medium__gpt-5.6-luna__seed*,2,21,21,14,0.6666666666666666,0.38872606,0.02776614714285714,0.23075256,275,5,0,0.05929107,0.17916166,0.20956439999999998,0
ace_x_validation_ace_x3_offline_e3_rv3_agentic,validation,{theorem}__ace-d0d7ce24-core-medium__gpt-5.6-luna__seed*,0,80,40,53,0.6625,1.69685344,0.032016102641509434,1.29137017,1194,10,0,0.15407542,0.98301904,0.7138344,0
ace_x_validation_ace_x3_offline_rv2_agentic,validation,{theorem}__ace-1e4aec7d-core-medium__gpt-5.6-luna__seed*,0,80,40,56,0.7,2.32188362,0.0414622075,1.75294794,1190,15,0,0.41537413,1.5215226199999998,0.800361,3
ace_x_validation_ace_x3_offline_rv3_agentic,validation,{theorem}__ace-1e4aec7d-core-medium__gpt-5.6-luna__seed*,0,80,40,57,0.7125,1.8166144,0.03187042807017544,1.22437202,1141,18,0,0.2230969,1.1061766,0.7104378,5
ace_x_validation_ace_x3_strong_rv3_agentic,validation,{theorem}__ace-b596e7df-core-medium__gpt-5.6-luna__seed*,0,80,40,55,0.6875,1.82868527,0.03324882309090909,1.32038474,1181,17,0,0.27608793,1.04035487,0.7883304,2
ace_x_validation_ace_x4_offline_rv3_agentic,validation,{theorem}__ace-f1dd5c3a-core-medium__gpt-5.6-luna__seed*,0,80,40,55,0.6875,1.9348702,0.03517945818181818,1.33676216,1222,15,0,0.24765295999999995,1.1413594,0.7935108,2
ace_x_validation_ace_x5_offline_rv2_agentic,validation,{theorem}__ace-fc7b45d4-core-medium__gpt-5.6-luna__seed*,0,80,40,53,0.6625,1.67264611,0.03155936056603774,1.27221291,1166,13,0,0.11467306999999999,0.95146411,0.721182,0
ace_x_validation_ace_x5_offline_rv3_agentic,validation,{theorem}__ace-fc7b45d4-core-medium__gpt-5.6-luna__seed*,0,80,40,53,0.6625,2.23598194,0.04218833849056604,1.7576942999999998,1185,13,0,0.30999994,1.42975534,0.8062265999999999,4
ace_x_validation_agentic,validation,{theorem}__ace-1ac8a092-core-medium__gpt-5.6-luna__seed*,0,80,40,54,0.675,2.03259627,0.03764067166666667,1.39595729,1233,16,0,0.22413794999999997,1.2182090700000001,0.8143872,2
ace_x_validation_agentic,validation,{theorem}__ace-1ac8a092-k10-core-medium__gpt-5.6-luna__seed*,0,66,40,41,0.6212121212121212,2.21184576,0.05394745756097561,1.8798420699999998,1042,13,0,0.39766499999999994,1.5780291599999998,0.6338166,6
ace_x_validation_agentic,validation,{theorem}__ace-d56da056-core-medium__gpt-5.6-luna__seed*,0,80,40,50,0.625,2.26404901,0.0452809802,1.9219405,1238,10,0,0.17744323,1.38184201,0.882207,5
ace_x_validation_agentic,validation,{theorem}__ace-fa985e70-core-medium__gpt-5.6-luna__seed*,0,7,7,7,1.0,0.042559379999999994,0.006079911428571428,0,36,3,0,0.018368719999999998,0.018729779999999998,0.0238296,0
acet_x_validation_ace_x5_offline_k3_agentic,validation,{theorem}__acet-fc7b45d4-b1806cce-k3-core-medium__gpt-5.6-luna__seed*,0,80,40,53,0.6625,1.82264132,0.03438945886792453,1.37373573,1232,15,0,0.16277766999999999,1.06752932,0.755112,2
acet_x_validation_ace_x6_repairs_k3_r2_agentic,validation,{theorem}__acet-1d2bc630-30d3e288-k3-r2-core-medium__gpt-5.6-luna__seed*,0,80,40,56,0.7,2.00338086,0.035774658214285715,1.39852874,1197,13,0,0.22469376,1.27198866,0.7313921999999999,3
coverage_20260911,train,{theorem}__training-D__gpt-5.6-luna__seed*,0,40,40,26,0.65,0.78467614,0.030179851538461536,0.59441161,387,4,0,0.04760116,0.47310453999999996,0.3115716,0
coverage_20260911,train,{theorem}__training-E__gpt-5.6-luna__seed*,0,40,40,26,0.65,0.7739199999999999,0.029766153846153845,0.59067286,410,6,0,0.04673842999999999,0.45551559999999996,0.3184044,0
coverage_20260911,validation,{theorem}__validation-D__gpt-5.6-luna__seed*,0,40,40,26,0.65,0.69361549,0.026677518846153846,0.49163587,501,9,0,0.04593407,0.43768429000000003,0.25593119999999997,0
coverage_20260911,validation,{theorem}__validation-E__gpt-5.6-luna__seed*,0,40,40,25,0.625,0.74406803,0.029762721199999998,0.55043066,523,8,0,0.04686648,0.45728842999999997,0.28677959999999997,0
coverage_cycle_20260911,train,{theorem}__training-D2__gpt-5.6-luna__seed*,0,40,40,27,0.675,0.8099769,0.029999144444444445,0.54867169,397,6,0,0.047945610000000013,0.4640121,0.34596479999999996,0
coverage_cycle_20260911,train,{theorem}__training-E2__gpt-5.6-luna__seed*,0,40,40,28,0.7,0.7476584599999999,0.026702087857142853,0.52523988,373,8,0,0.04866006,0.44846366,0.2991948,0
coverage_cycle_20260911,train,{theorem}__training-H__gpt-5.6-luna__seed*,0,40,40,27,0.675,0.9574475699999999,0.03546102111111111,0.63589166,695,7,0,0.05196085,0.50016357,0.45728399999999997,0
coverage_cycle_20260911,train,{theorem}__training-S__gpt-5.6-luna__seed*,0,40,40,29,0.725,0.74102521,0.025552593448275863,0.47083468,402,7,0,0.0464668,0.45666840999999997,0.2843568,0
coverage_cycle_20260911,validation,{theorem}__validation-D2__gpt-5.6-luna__seed*,0,40,40,25,0.625,0.783731,0.03134924,0.5678256399999999,460,7,0,0.04579715,0.48464539999999995,0.2990856,0
coverage_cycle_20260911,validation,{theorem}__validation-E2__gpt-5.6-luna__seed*,0,40,40,24,0.6,0.87409343,0.03642055958333333,0.64622547,530,8,0,0.046233550000000005,0.54797063,0.3261228,0
coverage_cycle_20260911,validation,{theorem}__validation-H__gpt-5.6-luna__seed*,0,40,40,25,0.625,0.90313212,0.0361252848,0.65364874,648,5,0,0.05401428,0.49575611999999997,0.407376,0
coverage_cycle_20260911,validation,{theorem}__validation-S__gpt-5.6-luna__seed*,0,40,40,25,0.625,0.84222254,0.0336889016,0.62429189,491,9,0,0.06778001,0.50659334,0.33562919999999996,0
resource_completion_20260913,train,{theorem}__training-A__gpt-5.6-luna__seed*,0,40,40,30,0.75,1.15946293,0.03864876433333333,0.74062509,478,4,0,0.08213543,0.7994293299999999,0.36003359999999995,0
resource_completion_20260913,train,{theorem}__training-B__gpt-5.6-luna__seed*,0,40,40,25,0.625,0.82154584,0.0328618336,0.65038318,464,6,0,0.04877651999999999,0.53397184,0.287574,0
resource_completion_20260913,validation,{theorem}__validation-A__gpt-5.6-luna__seed*,0,40,40,26,0.65,1.26956229,0.04882931884615385,0.90772934,655,6,0,0.08211736,0.8762442899999999,0.393318,0
resource_completion_20260913,validation,{theorem}__validation-B__gpt-5.6-luna__seed*,0,40,40,23,0.575,0.82623032,0.035923057391304344,0.6723215399999999,559,9,0,0.04844952999999999,0.55005752,0.2761728,0
x_train_agentic,train,{theorem}__core-medium__gpt-5.6-luna__seed*,0,80,40,65,0.8125,1.8129047699999998,0.027890842615384614,0.84700549,1142,15,0,0.11113564999999999,0.88915437,0.9237504,0
x_validation_agentic,validation,{theorem}__core-medium__gpt-5.6-luna__seed*,0,80,40,54,0.675,1.77504503,0.03287120425925926,1.24767213,1224,15,0,0.20795431999999997,1.01020523,0.7648398,2
x_validation_stall_seenstate4_agentic,validation,{theorem}__core-medium-stall-seenstate4__gpt-5.6-luna__seed*,0,40,40,26,0.65,0.94194653,0.036228712692307694,0.67828567,545,7,0,0.21236873999999997,0.56189393,0.38005259999999996,1
x_validation_stall_seenstate4_agentic_smoke,train,{theorem}__core-medium-stall-seenstate4__gpt-5.6-luna__seed*,0,3,3,1,0.3333333333333333,0.08482598,0.08482598,0.08260398999999999,53,1,0,0.06877691,0.04535318,0.03947279999999999,0
