cell,stage,arm,role,theorem,replicate,failed,solved,cost,uncached_cost,receipts,requests,input,cached,output,artifact_sha256,input_sha256,result_sha256,proof_sha256,cache_sha256
learning__adapt__curator__aime_1990_p4__seed0,learning,adapt,curator,aime_1990_p4,0,False,True,0.0064994,0.0064994,2,2,29227,0,545,,1bb2d0cd589b3888821ac9396e9e6fe537600b164bd206e15d8c7ade45a639b1,c9e1165076459fca2ed95ba91f177e3e8593a8903c4271dba25efd1073bf889e,,13a803adfb50d8cae963d276b039605f70310f9d546493797a8e0bc079ed7931
learning__adapt__curator__imo_1967_p3__seed0,learning,adapt,curator,imo_1967_p3,0,False,True,0.01251016,0.0157228,4,4,70274,17848,1390,,694566355330f6b7911bbf8912f03e6652a55cde5d57f6ba219517f59550ebcd,e6eda8fb524b866e7118d9c28fe4116987a0ffe2c6d738eeb5e8dabc28bf2fde,,ce501fa34a722d26b32d1cc324b92da628c53ca183178deec147417f7e4268f8
learning__adapt__curator__imo_1977_p6__seed0,learning,adapt,curator,imo_1977_p6,0,False,True,0.006954200000000001,0.006954200000000001,2,2,31147,0,604,,949597ab2168aa2c78fe3037915c9f3d8bb5c0536d1d9d5149a62be2a748121d,0af42f3e9473fb73f566d4babc7d923efeb60b514fe73403efc402a46143867d,,8e9ce3ca4b7c736a37f29f44345c5cdcb92e5e9e18e36113c01ffd1770cd528c
learning__adapt__curator__aime_1988_p3__seed0,learning,adapt,curator,aime_1988_p3,0,False,True,0.008040599999999998,0.008040599999999998,2,2,34461,0,957,,df24f27d6eaec2692734e24965109ba201778da9dbfc4e2691341b4d65676ea2,e033242c9e901e0e6319876006619ef11750e97d28ab88b9ef80c4d0be6fa869,,553c1c73eafa327014378f6e647362831c678b205c2bdb662ba20d3cc003711a
learning__adapt__reducer__block0__seed0,learning,adapt,reducer,block0,0,False,True,0.01707158,0.0218234,6,6,93769,26399,2558,,af11d176ce510fca92f8cf391be3313e241274a496b1861d06b2fd418713b562,3ee94079b6800a6ed1ed4f8bfdbd28fbde65e7698efa3542ba4b017c6e90320e,,41eb4c3fadddfae97fcad2268787d8b9f688460e78e2ca209624788db237daef
learning__adapt__reflector__aime_1990_p4__seed0,learning,adapt,reflector,aime_1990_p4,0,False,True,0.01037782,0.017621199999999997,4,4,84092,40241,669,,b090a438acb45fe15aac0fd0149386e7222d064c4fe175fe2dedb9e7b66c32bf,1bd4a6790faa8b1b9906ddd8e2b598a23b025689f84aee4e3cf9f7a958db3839,,ae088f9697327878996047843a285f505bf58ef51581619e1f293958b3e443b4
learning__adapt__reflector__imo_1967_p3__seed0,learning,adapt,reflector,imo_1967_p3,0,False,True,0.010803499999999999,0.014470999999999998,3,3,66247,20375,1018,,42c4ce6ea703d2cd68d01a408f75aa76e715d4c5fcf2982226604b8be99cef22,59fdaf4e7ee7e6eae8a9a8d4062570616b6e5f0975bfb63798224abefcbb2702,,6c6ad4379e5f98690f70d48d2e6be709597e5f0089df1cacdb7e18528f027b50
learning__adapt__reflector__imo_1977_p6__seed0,learning,adapt,reflector,imo_1977_p6,0,False,True,0.01115802,0.018576,4,4,85398,41211,1247,,4990f404921d0998284f529567b13e2b082aa6ac6d9c813dabb42dd0cf4e3ebe,261e519ebdfb029e2c62b8b1255634fbe8030a06467831a6a9df56ee07d29dbc,,33c42d75539ac4ff2a170818f587cbda4530d13ae3fedb47f0d4a9e94a7982a4
learning__adapt__reflector__aime_1988_p3__seed0,learning,adapt,reflector,aime_1988_p3,0,False,True,0.01075548,0.0144228,3,3,67842,20374,712,,d6d05cf54f62a9364cf19a0f13c1d023a99bf262a71c317179d44fb4ff567aad,3327785fc10df1e018558e8d783c8390aa512d1251b60cbef323ff0f57c67775,,b23dcbbe37302fd0c3a84833aa6b3b1d0d0a3eb0f0e17fc447e248afb2e86dc7
learning__adapt__curator__imo_1963_p5__seed0,learning,adapt,curator,imo_1963_p5,0,False,True,0.014037599999999999,0.014037599999999999,4,4,60294,0,1649,,0de4bfac98f0a40f5b446da4be61557bc8198d858d451bcb8e2b2517de9ec007,a60e45d6df221c306a024445ba88df2d456a9f3634adb2ca51f65c0a750eeb60,,47b80dde3c2261b1c6fffcd7549f11ae548057e60bef6d71ea13f8a5edc3e0bd
learning__adapt__curator__amc12b_2004_p3__seed0,learning,adapt,curator,amc12b_2004_p3,0,False,True,0.01119158,0.013952599999999999,4,4,65035,15339,788,,d6ec332eef02757c2f26230f4c7f238aba510d31d13ec732c8f6f73ee44a9a2e,32713f7c8e0c7afd92aebfc5f971f61286ab26bd4fa325c5367517100c81dec0,,2703ee4c33f30f08acb1c244734cabc6105b934baaf3b3353bb3a4e194dabf87
learning__adapt__curator__mathd_algebra_37__seed0,learning,adapt,curator,mathd_algebra_37,0,False,True,0.0063376,0.0063376,2,2,29114,0,429,,372dfb942921a2395721395347dc4a6aa4fe9a142fb5b9c3173e29aa62fdf1c1,dda651e007637b609962d257e5c9a36f3961f2402c813bf6f934f345125a0c90,,015a92de5757a503161848e11f3449ef7e88585de100063e128bfdb1fd5b53c7
learning__adapt__reducer__block1__seed0,learning,adapt,reducer,block1,0,False,True,0.009952599999999999,0.011194599999999999,4,4,46127,6900,1641,,a10390f17e28e81d600146bb10643b49c523bbdcf8a6b6092f0aede925a38f1d,585a1512a806d0c95c4f9ef17d9a2c8588d90788d73ed161e950f87441fa59b8,,be3564579e4e45ad9b7c679a8e0adbc7ff04edb65296232e3ca1d0cf815246d3
learning__adapt__reflector__imo_1963_p5__seed0,learning,adapt,reflector,imo_1963_p5,0,False,True,0.00994872,0.013495799999999999,3,3,62547,19706,822,,2424e6ff1fb1bfa35de7c59e808c286c7dd8ba3e9276551b00ec3ea02e0f7b24,f7e9fd8f5053b4e13309116e478c666c1fbec136a3e4bb33d8f45c729ac9cf15,,ec18cec759e27cc0257658d13303d36b50c855eadbd0050bd7d1a43b439307af
learning__adapt__reflector__amc12b_2004_p3__seed0,learning,adapt,reflector,amc12b_2004_p3,0,False,True,0.010982099999999998,0.014617199999999999,3,3,66396,20195,1115,,f2e6bf4b3c1a02cdcb6c833b9ead326e7d621a18c4f64e1582702813a70c8d62,f8acd255701aedf8ebb6b62006b940eb371b86cb715fdb39ac776a6168a6706f,,8200b2eae9981dd152e00d20e2d85dfdc7c65736288170254d687fc784af7d2b
learning__adapt__reflector__mathd_numbertheory_458__seed0,learning,adapt,reflector,mathd_numbertheory_458,0,False,True,0.0039384,0.0039384,1,1,18894,0,133,,760b374f07e1be4b285a852f8d92fa22e0b6bd19defc8750e665394aa9927b88,0a9d98e9a8c6397311a811ffae81085d52045247c232f1abdec47325c10de091,,c7d679a67ce6182273270bd27790d42323a83c848d890a10bd4c92c1566872e3
learning__adapt__reflector__mathd_algebra_37__seed0,learning,adapt,reflector,mathd_algebra_37,0,False,True,0.008543539999999999,0.0119288,3,3,57388,18807,376,,7032ada9f1702da4bf43d693ef74c001d0ce96e894474e991965fe8c8d3df40e,ccebc48ca35fabf926d99d237a462be7535c428788e58bdc0533ad237abd5c47,,f508c4d24746484444538ca968c87a16fd696142725e131043c9feaaacad89a6
learning__adapt__curator__mathd_algebra_323__seed0,learning,adapt,curator,mathd_algebra_323,0,False,True,0.006595,0.006595,2,2,30821,0,359,,fd6c452892187891b7d2bf53c6bde6c80813df9aeca3ef7bfdf06b76a8ccdff4,fdfa21f38986b208e6f83a884f3a6a73ec7136fa3459df1ba4666f42b8970f8b,,e36c965a752fdf80d0ea427eec6819fc3ef04afe694f52fa84a54f6250d3d832
learning__adapt__curator__mathd_algebra_206__seed0,learning,adapt,curator,mathd_algebra_206,0,False,True,0.009899,0.009899,3,3,45187,0,718,,df04c2ec7605b086b69a7bfb2ab5030360b7836f31e092a156d2c0854f837fc6,d472e13ed8275e3d40d535fe3eef7a4921be97072ac4822792b4436c6ca5cd46,,c06f35954b40070e6800b773f6010d053cef72cfadf8f71c076fea2878e03989
learning__adapt__reducer__block2__seed0,learning,adapt,reducer,block2,0,False,True,0.008261359999999999,0.0092978,4,4,41209,5758,880,,14ea0aca0e6be706461f552d94a7b9cbc1cec301f285e0abd0d9c7b86dd2a287,64286a02faf3700eafdf6bfe2f6501a1c4caf3ad006d9a1a640e7c45bc6862ff,,0c20d770128dd6697671cfd8a94f501c50a0dd632c453605e56e3b5bdda622f5
learning__adapt__reflector__mathd_numbertheory_221__seed0,learning,adapt,reflector,mathd_numbertheory_221,0,False,True,0.0039146,0.0039146,1,1,18781,0,132,,85270d8b13641532cab4e3892e3c79ea5043d99c1b4fa24f8130dd411403a785,a8997e98d041f982b6814d89ea5b68923fc5c34f6dc2eb5b4788aabbfc57c2a6,,7613a23d2aee718a4c483672055cb0a5135f2eef19e74cf1e1c1b033502feea5
learning__adapt__reflector__mathd_numbertheory_326__seed0,learning,adapt,reflector,mathd_numbertheory_326,0,False,True,0.0038996,0.0038996,1,1,18796,0,117,,4e375b8e75b3f67c1bd55f1e0c6f9f71e78b10c59bcc79ced868b353757171bd,af98112fe2d833f1024e30a426eadaadb70f2e41052f7d4e3c89d1afac0a6312,,8c86bf099985b751b04e7b9d6bda419be7cc70f55e6422c00a48ad1c6a297f1b
learning__adapt__reflector__mathd_algebra_323__seed0,learning,adapt,reflector,mathd_algebra_323,0,False,True,0.00933732,0.0128412,3,3,60912,19466,549,,cd880ad3dcd8f3d8929855f883fa7f7593afffe6e0761ca128761af14dcc82b8,109789a0aa67a4a7141d913f92f6bd52e440ee0e43c8e827634b59d497d6abe1,,8acd8bdc660f5dd6b6e16d2ff4227d2f5ffa62e383b8ea6eac5cbfc7459dc2c6
learning__adapt__reflector__mathd_algebra_206__seed0,learning,adapt,reflector,mathd_algebra_206,0,False,True,0.008994919999999998,0.012430399999999998,3,3,58540,19086,602,,86649eef41f3ddb053ff4acad8ab3c7e6d670868d890b9affac72abec5f19d19,9c8e23413110b53adf4834e40ad9882714f71588426493839497de680d5bbbb6,,59581e9aaebf0f9c66aa3f46b074b74cb03e39347954321cba8a118dfa0da9eb
round1__x3__proof__aime_1990_p4__seed0,round1,x3,proof,aime_1990_p4,0,False,True,0.01585624,0.0325786,13,13,121763,92902,6855,6470581f6434fdcbc10810cac84cd2c442ee1fac59fbe607e4f267f35e0187bd,15c76e5aed3d755452422648d399b7df14803d5839bb4cc9d2a08c35ed398eec,45a24fd5da0d1340e2aabc2db469865d3de528351212e7ba2d7407c84a8a3664,ea3a0fe6a7629764047b2671ff0e13516bf7bcb282713b8657a0e3eedf8851b7,bd001a5672237ee11ba22c37607af0ebc64a5c0fca32f31cc5f136a948f99fe4
round1__polished__proof__aime_1990_p4__seed0,round1,polished,proof,aime_1990_p4,0,False,True,0.01576522,0.0257644,9,9,83462,55551,7560,30bd01a797321dd7897a928ff647f838164fc3ba607d31fb0951e8784a9faa20,31bcd02617e3ce527672eb3f78dd5f0595e8072ac02a403f325ef06035dd1d99,7364a705db4f4aed9997689082a2455f908fee59e972d5904768845a31c7b017,46e11f74d23b240d8842fa77701fa1e73af53c962dca468d65847b171e3ef4b6,9ac1d520a619bd30f08f8a7a58a49f1d274b3ee8265db5970f2c1ffd25a8f9c0
round1__examples__proof__aime_1990_p4__seed0,round1,examples,proof,aime_1990_p4,0,False,True,0.0106751,0.0225488,6,6,83638,65965,4851,e66c5939f05d38baf07e1faaa2da6b9cf22d05840126b839c0e55d8dbded20fc,999740b13bb239fdff4b88fccb11aeaa42a2d948f594524b60a96c9b6c3ebe4a,95ad3f17cc1769b1ec56c8f9ec1c4854c44655321ff8127a0cf0e5f504a6ecfe,dd7c039be02e99078295f90ccbcfd709c13791f04bb00102bdf0ce3e46ad561a,2666f619c36368a5b264acdf41aa5f60916d1da25f19398d2eb64453238aee25
round1__polished__proof__mathd_numbertheory_458__seed0,round1,polished,proof,mathd_numbertheory_458,0,False,True,0.00193924,0.00478,3,3,18926,15782,829,30bd01a797321dd7897a928ff647f838164fc3ba607d31fb0951e8784a9faa20,a0788950f6e1eda59c373735ca258ef9cedb10fe088f7f369bb4b6a7816293be,0c002c1520ee07829bdb92d19de5f92ee72d7fa63cbc2ddb9f1b1ca583edf2c1,61607e0bb51865d4f2a8154b1a71e20d8909f1c1090675f9d6bb4c365ed88575,374463cda1c775c3fa4db0e51248ca84d50af841903ceb7daacfb7c41626a21f
round1__examples__proof__mathd_numbertheory_458__seed0,round1,examples,proof,mathd_numbertheory_458,0,False,True,0.0014508999999999998,0.005436999999999999,2,2,23783,22145,567,e66c5939f05d38baf07e1faaa2da6b9cf22d05840126b839c0e55d8dbded20fc,45ffe3ae24094fe654b3971f160645115f9995299d495fa4f261fa011cd2ba61,8e4ffd71b2cee838b9b287a836d0a6c8bffca360326291a481cfc65b7af8816b,0e4828ee14af674db19315fb3b94e36c76e7212477c1026a73a69300fc14a8e3,ab3a4060f5f029ba4b35e8d560b5460621ea169fb75ece3ae1497e55b71f6059
round1__x3__proof__mathd_numbertheory_458__seed0,round1,x3,proof,mathd_numbertheory_458,0,False,True,0.0036984,0.0079464,5,5,34542,23600,865,6470581f6434fdcbc10810cac84cd2c442ee1fac59fbe607e4f267f35e0187bd,c704fc5f4030ef2f731a80b195ec55076f32a3bb5506b2b4537f4d13099976fe,a9efe31948af340d3d4099404a9a2a6a272723082e3e78e9caf1910c2d7090c4,c52447d559b52a8a6b098579359de1e2c5b3456845d29036f16e20e1a1c148db,8cec4c25e1e26104daa85f6c2962bbcc694adfc786b955d9735092b94907f989
round1__examples__proof__imo_1967_p3__seed0,round1,examples,proof,imo_1967_p3,0,False,False,0.06229434,0.1341606,25,25,567633,399257,17195,e66c5939f05d38baf07e1faaa2da6b9cf22d05840126b839c0e55d8dbded20fc,9e17bb8450d8d9b7b11f7dbe53adba8afbf55c640e74c378b0d1f0451e39f96a,9e49cad50e60cfde2ec231ebff837e4bcfac88cef4a62ff01e249c8cd56a7b78,,36c1a195abeb03f1ce364a847ef2faaa3422a552fa269a0a1c35dd23f4d80010
round1__x3__proof__imo_1967_p3__seed0,round1,x3,proof,imo_1967_p3,0,False,False,0.06325834,0.11366499999999999,27,27,458105,280037,18370,6470581f6434fdcbc10810cac84cd2c442ee1fac59fbe607e4f267f35e0187bd,b98f7ebe7a507b8bd70839f4104f8f4cdd6d00a3e4a0b24d554713c1002b701b,836918d4745fa1367b9837e98e93a6d595b6809167dfab57ae68fad32aa18f81,,ea3751390d553763b7bb368868aedf2ec72e0353a3b2980d6674d1dc76842589
round1__polished__proof__imo_1967_p3__seed0,round1,polished,proof,imo_1967_p3,0,False,False,0.0576039,0.178968,40,40,799122,674245,15953,30bd01a797321dd7897a928ff647f838164fc3ba607d31fb0951e8784a9faa20,5246ca2b8ebb89dc906f7212f1224d4eed7c67e9b1f779a97c69c7a77e8311a9,a1745c07a1fc4f839a263a75967b3d6f8641dfb747394e79353c0fa7d9d5ba83,,3bdf4295b0bbbc6a613c320287191da1cbbcd2ad5546085c933872b219400dca
round1__x3__proof__imo_1977_p6__seed0,round1,x3,proof,imo_1977_p6,0,False,False,0.06930512,0.0996362,23,23,338125,168506,26676,6470581f6434fdcbc10810cac84cd2c442ee1fac59fbe607e4f267f35e0187bd,a12f93c8217fc5792c759cae7b89244c54c9357f2e8b9013536a7956b245c4fd,a7334dc22e583d3369700b6f40e862e4f75d6d9fb87ae61ada0879e44f0673db,,9b06037dcce0d608ca104697c3c257e66bb141f9f62a64101a45ddca4b38079b
round1__polished__proof__imo_1977_p6__seed0,round1,polished,proof,imo_1977_p6,0,False,False,0.061763359999999996,0.0981896,23,23,326326,202368,27437,30bd01a797321dd7897a928ff647f838164fc3ba607d31fb0951e8784a9faa20,2b3745a82f20c9e2a3492a70fce1aa6d11ce5ff6f2d581d9e3cb6b2d8b3d303c,6153095de92b3e370186192f5ec4e05a817e5052e5065a137fcaebac6184079f,,593a13a55102fb3c5fd6559851bd4fa00f1391345f214c6fd8f35f48e726b474
round1__examples__proof__imo_1977_p6__seed0,round1,examples,proof,imo_1977_p6,0,False,False,0.06584061999999999,0.1359022,27,27,535943,389231,23928,e66c5939f05d38baf07e1faaa2da6b9cf22d05840126b839c0e55d8dbded20fc,ec885ac7530f88bd72ab52eb26bd88817e5f56ce01d0482794effbf8b338ef44,ffc749ed2c6b78ccee038401e4ed31c92549bcdf18e602c4652aa8fb372d66e2,,cd296ab80cde3a2dde137e7a5fe1630bcd75204bc60d4bd7ec07a77bd2146a4b
round1__polished__proof__mathd_algebra_37__seed0,round1,polished,proof,mathd_algebra_37,0,False,True,0.00044765999999999995,0.0013248,1,1,5970,4873,109,30bd01a797321dd7897a928ff647f838164fc3ba607d31fb0951e8784a9faa20,76f1240581b6096ad47c25983b835e4e25f4341544bb29bd29d8d916f9d91791,3e10e430a24ca607003fb01d584d9ed452917c5c67e856293979cae042c4226e,8890c5ea088f3234ae2893ea758db6684c1277648894e5608503f6b7a2c8d415,ddfb1c2946306305a315c836d81ff942b06a00bb9926301710742525966313bd
round1__examples__proof__mathd_algebra_37__seed0,round1,examples,proof,mathd_algebra_37,0,False,True,0.00055642,0.0024448,1,1,11588,10491,106,e66c5939f05d38baf07e1faaa2da6b9cf22d05840126b839c0e55d8dbded20fc,39f29bb3d7c734b8aac3abf6018a504e9c41af307d9fd3bf83dd1188fb7a0896,f5dff1c6c17356ff4d5689e984635fe073be07e0ba4412113d79914f82d8cc78,8890c5ea088f3234ae2893ea758db6684c1277648894e5608503f6b7a2c8d415,ee6d5774c258e3605b00dafd966d1d227cca2d32b97722d7297f5bfd287c157a
round1__x3__proof__mathd_algebra_37__seed0,round1,x3,proof,mathd_algebra_37,0,False,True,0.00046484,0.0013238,1,1,5869,4772,125,6470581f6434fdcbc10810cac84cd2c442ee1fac59fbe607e4f267f35e0187bd,1430d01ec9fd421dcfe50f3c096806f8ff248864ae626b0026b97d7d1059229c,9ce44bfb504e21faa42de1fcd516bd8dcd59e00d0a93cc04cd594526d86e318b,8890c5ea088f3234ae2893ea758db6684c1277648894e5608503f6b7a2c8d415,5ed92d0900a5e2e335be4304cfbbaea2116229989f187c35d3e975a4584aba5f
round1__examples__proof__mathd_numbertheory_221__seed0,round1,examples,proof,mathd_numbertheory_221,0,False,True,0.0025472,0.0025472,1,1,11788,0,158,e66c5939f05d38baf07e1faaa2da6b9cf22d05840126b839c0e55d8dbded20fc,a2cc112a9fc55efef5989180571123f906126ef75a63a01a14f458334bb5a0b8,ef69623a30edd9ea90d4e818217e743ea7422b8f13c8b2ceb1ab584a816262ff,7825dd8dbf60f18c9147692491c3ca5768ae3b745cd0fe9c83c01baac59a6cd7,c271748c5973a3fa946f362d5b83aefe4fa7833c85d63ab8f055eea59c27b676
round1__x3__proof__mathd_numbertheory_221__seed0,round1,x3,proof,mathd_numbertheory_221,0,False,True,0.00057924,0.0014382,1,1,6069,4772,187,6470581f6434fdcbc10810cac84cd2c442ee1fac59fbe607e4f267f35e0187bd,eab1bb35c1f5d8862e00604b1817a6caeac7599c418399f25d06b4bab77c2852,39829a19a65d2b4e5796dad2ccf77b9cf790d9dadcd0eed46b1ddc05bad74ca5,7825dd8dbf60f18c9147692491c3ca5768ae3b745cd0fe9c83c01baac59a6cd7,de1ae091047ab4a87c4abcd85eb7d6a39dd45303bb50324fbbd62ac74e33d45d
round1__polished__proof__mathd_numbertheory_221__seed0,round1,polished,proof,mathd_numbertheory_221,0,False,True,0.0013779999999999999,0.0013779999999999999,1,1,6170,0,120,30bd01a797321dd7897a928ff647f838164fc3ba607d31fb0951e8784a9faa20,88d6c9cbefe09221dcc53b48ca725da667614f4444e3230cd4c5d5b260987fb9,1413afc94794d35dd31d2fb981e71513d1f846179bec143fc057f85e42519326,7825dd8dbf60f18c9147692491c3ca5768ae3b745cd0fe9c83c01baac59a6cd7,06f8f79bda5bdceac54cf9797685143f97806f85109a9a23744cf29e235a1ef9
round1__x3__proof__mathd_numbertheory_326__seed0,round1,x3,proof,mathd_numbertheory_326,0,False,True,0.00050164,0.0013606,1,1,5939,4772,144,6470581f6434fdcbc10810cac84cd2c442ee1fac59fbe607e4f267f35e0187bd,a287c682bf8fcff27b955826c330ea1079dc2b0226914d1ae4afe07db3069ceb,324993eb026d6a941d055507ea0d7e431533defc954236130fcef8fca08f3e4c,cf007c323ef41bd72d13634364ff9b4c3400391a4fa0481074ae0ed6f2cae1b3,8a7e1aa0185aa129d6ee03f7622a119bd24ac632e428ab18676442e3d9c6f1d6
round1__polished__proof__mathd_numbertheory_326__seed0,round1,polished,proof,mathd_numbertheory_326,0,False,True,0.00048926,0.0013663999999999998,1,1,6040,4873,132,30bd01a797321dd7897a928ff647f838164fc3ba607d31fb0951e8784a9faa20,7d4ddf4adae1876147f277128036bfc3c6cf95c1e2bca3d2e0b89042281cc977,0dd189621dfceff4563dbad32e61ff1cb0dd06a216ad052bb1cb7fa793e8b1ba,cf007c323ef41bd72d13634364ff9b4c3400391a4fa0481074ae0ed6f2cae1b3,3598b87cbb3cbe5da5305c0b245411bba08a35356f2f16e104ad83fa3ec0d3b9
round1__examples__proof__mathd_numbertheory_326__seed0,round1,examples,proof,mathd_numbertheory_326,0,False,True,0.00060642,0.0024948,1,1,11658,10491,136,e66c5939f05d38baf07e1faaa2da6b9cf22d05840126b839c0e55d8dbded20fc,c811f2560c1b585741b03cacd8baffb2930ab8067aad4625d11212bfbd153c9e,4a2187e21f18f104ef73818fcf9a344119f1449e1576c394776d95527595ed47,cf007c323ef41bd72d13634364ff9b4c3400391a4fa0481074ae0ed6f2cae1b3,9e42f4eb05d0d6d80e5b01eeccdc525f84a363737d0bca81c329b963a7b7a601
round1__polished__proof__mathd_algebra_323__seed0,round1,polished,proof,mathd_algebra_323,0,False,True,0.00575536,0.0109858,5,5,39251,29058,2613,30bd01a797321dd7897a928ff647f838164fc3ba607d31fb0951e8784a9faa20,b5cf093163cafacb9a3ae34ea4fc04327663148e32f34652ec1c6268ecb3f404,359246d9ecec93c0ff3c0d02e63864fbee03a32c947ef64e0d0d02056d2c18a3,3d2239ea7d63ae7a3f21087127e1c7664bd1e31c5b58ad46685cbc1022a4eeae,29573f13c4571ec574a9146f064840c5901a8a2a1fa15e23ee9496149e375999
round1__examples__proof__mathd_algebra_323__seed0,round1,examples,proof,mathd_algebra_323,0,False,True,0.00502714,0.009042399999999999,3,3,37196,22307,1336,e66c5939f05d38baf07e1faaa2da6b9cf22d05840126b839c0e55d8dbded20fc,fff706ab936eb80c9295179338c41f526beb40a655fdd9452784944ffa97e85b,52797c046115aac715094f73f2bd35cb3a08ac36709b02712c97b423220bb0ff,026628f851d90d3d0a703ab3bb7c0410d01621c4a0ef0edcf06eccaddf833188,bb9a0b3aa12eebfb7c8d038831d2d1df41bf8e16ba0b3292586325dd21e1cfef
round1__x3__proof__mathd_algebra_323__seed0,round1,x3,proof,mathd_algebra_323,0,False,True,0.00609458,0.0154706,8,8,60301,52089,2842,6470581f6434fdcbc10810cac84cd2c442ee1fac59fbe607e4f267f35e0187bd,176d9fa28d2eb433a3dbb76c02e0979dc4b100dd61c5f6519e104dedbe994e0b,4df0362b6c4214967f53b2aaede15de625d2932a288e9c3babbd8376bb0aa7c8,ab4f041cdf6d0fef2563edb6afbf0d4f3599d1bb950f3b3a47e9ff570df2d01e,2170876a509547239ec61afff37653fdbd962b872c71ea595b823f7ca7d6f36d
round1__examples__proof__aime_1988_p3__seed0,round1,examples,proof,aime_1988_p3,0,False,True,0.03644388,0.0656262,13,13,251145,162124,12831,e66c5939f05d38baf07e1faaa2da6b9cf22d05840126b839c0e55d8dbded20fc,dfde9af63c6759b42ecbc985aa96e44303b3d54bf4e7a17cb2d98aa6955be038,ef97a10ed113a814d27acfb7f00a33b3045b908b64cedc9301254fae0c222f21,861a090c89bfd7ce9f4e8bf0139bc6b1354a900243567ffb6d1cdd56eb2c2b47,1546ba6c026644542dde46ed155a251fba32a92e81ec8817dbbefd33ae4b4c85
round1__x3__proof__aime_1988_p3__seed0,round1,x3,proof,aime_1988_p3,0,False,False,0.06634749999999999,0.0969178,21,21,366971,169835,19603,6470581f6434fdcbc10810cac84cd2c442ee1fac59fbe607e4f267f35e0187bd,aebe3b419bb5e5ea1830d1b042fb3a7cc87225718e685f0535bfef65d23e4b1c,2a46696d72cb2d5d88caeea4603a440dc0e56e0beb6bcb40b98b9b585ad19d31,,ffd581b083711fa3ef905c0d40510b1deb620b99c4a587dfffc68bf415bfe2c4
round1__polished__proof__aime_1988_p3__seed0,round1,polished,proof,aime_1988_p3,0,False,False,0.0663438,0.0983964,21,21,367578,178070,20734,30bd01a797321dd7897a928ff647f838164fc3ba607d31fb0951e8784a9faa20,a7c41370497b02ba7ddc02a90d28046918802b38d8722658acea7eef6932821e,726c61dce6e70ecc02246370d28a8bfaf1962fb00982fb7ea743cba3adee52cd,,228ed068626c2f7674af3eda15d7d1e72a9ccf2a8d401e5c9adf8ed41787eae5
round1__x3__proof__imo_1963_p5__seed0,round1,x3,proof,imo_1963_p5,0,False,True,0.01353234,0.0420834,17,17,181935,158617,4747,6470581f6434fdcbc10810cac84cd2c442ee1fac59fbe607e4f267f35e0187bd,03874b9a57ff650f0d16adb713768b85eed038daff47c10c0002bdf7f7f98d7a,10c0f53e1499c18309aee4630bbe5e15b9a21c6bdf74f149374d203025e8217a,e56736d1873604a3a5a1dc19c684220b5091a73cf8c80525e4a3ba4ca815f348,151416e4f9060ec49c1731fbee23ca9894ca624cc7655e0945932c93bc39448b
round1__polished__proof__imo_1963_p5__seed0,round1,polished,proof,imo_1963_p5,0,False,True,0.01840634,0.0363338,11,11,138307,99597,7227,30bd01a797321dd7897a928ff647f838164fc3ba607d31fb0951e8784a9faa20,65dedea7d65fccb0030c488147c363627b82585bb4fd33656de653ea11af0215,5acb89cfa0fd176c193ced9cb88934ecbd3b60d3cbfc1dccbc3c2164d47ae7fa,1e7f15686fb305a4751607ad3d40d76088c65b870da1cd3a4eaa5503e64a293a,175c62851a030fca5a6270c0d5c7c72227d2e014820d1e333bac83e7ab2badea
round1__examples__proof__imo_1963_p5__seed0,round1,examples,proof,imo_1963_p5,0,False,True,0.01521468,0.0472608,13,13,199224,178034,6180,e66c5939f05d38baf07e1faaa2da6b9cf22d05840126b839c0e55d8dbded20fc,f57e0dc7f30c12c340e37511db09e008d844d0eae3d57a6f0db37127a35ab909,8db22bc00d03732b5a6cda01b0ee7bacd33851c991d08491c003dcb0772f4ff0,f1e92b8197a41f72408c826ba6444b5e89a235e0a12a05b842a35b64b5a6fe76,ec9fbbd47e074c96b7e00f1d367ab122caf7ef38b87c0f3da146919739cbd33e
round1__polished__proof__amc12b_2004_p3__seed0,round1,polished,proof,amc12b_2004_p3,0,False,False,0.0336209,0.053456,16,16,187966,110195,13219,30bd01a797321dd7897a928ff647f838164fc3ba607d31fb0951e8784a9faa20,1aef166f2de8206b52b9dfcf0230e85892b179fb7ef810266702e2bbf01c5217,baf59d4f5b1e74bdb42f72620c25e470900ec9fa99e83cffd2cf9cdfc5f3c67e,,26cf140e06d63939528d7cabafb8ed8b98f7d36b022123b89a818d75bccb5665
round1__examples__proof__amc12b_2004_p3__seed0,round1,examples,proof,amc12b_2004_p3,0,False,False,0.05694306,0.11326199999999999,20,20,459042,312883,17878,e66c5939f05d38baf07e1faaa2da6b9cf22d05840126b839c0e55d8dbded20fc,65650b94a068b0d752dc978d01924ab359500a0f8ad590dc1885123c73f27230,515fe96d6c3f589f1c446f1992f5ff5d8eb16b3b94593d898196e42e1058421c,,8dbd72967f3a9bdfad3e34f21094706cb3871fc49e0a1d63ff956fccba46b37d
round1__x3__proof__amc12b_2004_p3__seed0,round1,x3,proof,amc12b_2004_p3,0,False,True,0.01314566,0.0229922,10,10,83395,54703,5261,6470581f6434fdcbc10810cac84cd2c442ee1fac59fbe607e4f267f35e0187bd,bebfd0a06b3558cc60a5c9e0f493b2cb54a6d60225c7437bd831ea1cd4356dae,00a1ec8fb246f05099f98298bcb409aa128c1c5d136fd43052a280bcbbe62e17,b88a14c0001f40a16a2e57bfb599f1504e9f4a932005d2e0a60fa74dc840cdfb,1caa819a35037fde8e5256cbebdabc6dd64118e4d4579fbf448cd471e11af8c5
round1__examples__proof__mathd_algebra_206__seed0,round1,examples,proof,mathd_algebra_206,0,False,True,0.002273,0.006286999999999999,2,2,24445,22300,1165,e66c5939f05d38baf07e1faaa2da6b9cf22d05840126b839c0e55d8dbded20fc,a3506057e1014c9a00a3d3b1b25a3e1ea7576cd9c54119ee8b98f029f447c0ba,04be731141add3bf022929034ea3c55c07eac5d185a62405b637878cfdbed47f,319e4c39b8fa2323c33add715794f7fc37619e5a4f18b528905e7422ef2351f1,1b96e79918db746a16b90789efb878ca14d98e9c319d4145bd755e4ae69f61b9
round1__x3__proof__mathd_algebra_206__seed0,round1,x3,proof,mathd_algebra_206,0,False,True,0.0010664399999999999,0.0019253999999999999,1,1,6093,4772,589,6470581f6434fdcbc10810cac84cd2c442ee1fac59fbe607e4f267f35e0187bd,93d5a04d8eba6b285cd48fb7eb1b7fe5b32944d03108069c589b5a930152422a,f57b7e0761ead290764ed516e19efd7540f41d554b07926e6b6485e3262c52da,44a791afdc580883dfcf2b73c75d325bae793c3b91b3bbbf39884dc326baec29,0db48cd917fe7a74d7f2750c904732924d8d56b50e2d65cf2dc94b47fae3c99d
round1__polished__proof__mathd_algebra_206__seed0,round1,polished,proof,mathd_algebra_206,0,False,True,0.00217686,0.0066342,4,4,27045,24763,1021,30bd01a797321dd7897a928ff647f838164fc3ba607d31fb0951e8784a9faa20,627b63db308f470f41a7d8309ca41994940a99f593c5472fb24936b811c1a46a,571e1a4b5620d4c2cc2856c21a43d7e2e3124998f82e26169f160a02ac5bd1ae,bed7f55c0d12ae6df04f4a10080fa2caa7dab68f548f71bd403f07977175159b,28ccf0505f1223ee00792e573d28c345469984e126eb805f5148791a4fc38f6c
round1__examples__proof__aime_1990_p4__seed1,round1,examples,proof,aime_1990_p4,1,False,True,0.02084662,0.0431938,11,11,168413,124151,7926,e66c5939f05d38baf07e1faaa2da6b9cf22d05840126b839c0e55d8dbded20fc,999740b13bb239fdff4b88fccb11aeaa42a2d948f594524b60a96c9b6c3ebe4a,d0e7c69501a0f043ffcf5ab2a67c0cf05b20b7c9f54c4c1450618f50bafcd691,638c4eefee940b727d3f693e48898ad62c6bedd732941070d2e81f5e4d39b3b7,6b141fe00da7f20781c394c12f43484dda9146e76a680eb49bda529f27fc2656
round1__polished__proof__aime_1990_p4__seed1,round1,polished,proof,aime_1990_p4,1,False,True,0.026235619999999998,0.0388574,11,11,129175,70121,10852,30bd01a797321dd7897a928ff647f838164fc3ba607d31fb0951e8784a9faa20,31bcd02617e3ce527672eb3f78dd5f0595e8072ac02a403f325ef06035dd1d99,d26266e3195ae4a90a2ee00be4d58893183d9700948718f3526f76ab50c33f78,b46b58e6e8b4c89d21cb24c93959a555901176ac9a5971e3bcf7d2933867dd11,ae850c8cdd045bee9debe8ad6cd19c2d7d25ae08c24cff3307a1217155bffee9
round1__x3__proof__aime_1990_p4__seed1,round1,x3,proof,aime_1990_p4,1,False,True,0.018147,0.04017,15,15,160404,122350,6741,6470581f6434fdcbc10810cac84cd2c442ee1fac59fbe607e4f267f35e0187bd,15c76e5aed3d755452422648d399b7df14803d5839bb4cc9d2a08c35ed398eec,10b245fc1202e2a1a0362dd12d2506cfe4ba597c6a63d0a55f1e309c64250e3a,e3e22dc763b1d19174537850eb96c8b87e76c691ed9aaa7a6146f67252912b5f,512833dbe2a579330d5aee01157382305e653bb5f75ff751749c68080e7b2412
round1__x3__proof__mathd_numbertheory_458__seed1,round1,x3,proof,mathd_numbertheory_458,1,False,True,0.0008466,0.0029832,2,2,12228,11870,448,6470581f6434fdcbc10810cac84cd2c442ee1fac59fbe607e4f267f35e0187bd,c704fc5f4030ef2f731a80b195ec55076f32a3bb5506b2b4537f4d13099976fe,f71386ac9dcab632179284cf2a570382fcd091655f313c1752828f4f0018d74f,0a2eceecefd9fd4fcf0c29350ccd428e4babba3af3e078e15f3b1bad2cbd28ce,46035075be86636e0b99dc4cf686d5731c7e2f9f75d8667f8ebf742e07faa40b
round1__examples__proof__mathd_numbertheory_458__seed1,round1,examples,proof,mathd_numbertheory_458,1,False,True,0.00109316,0.0052886,2,2,23533,23308,485,e66c5939f05d38baf07e1faaa2da6b9cf22d05840126b839c0e55d8dbded20fc,45ffe3ae24094fe654b3971f160645115f9995299d495fa4f261fa011cd2ba61,63a205747773fed9b2bf6405471f15d7877d9e895eccb00bf14d777e22d1e84c,09dd4435f5fb2032c056c967610734373cc187073dd1a4a195e6f0745c3dd83f,c85e469b4dc522963385e32957f27c81968f4e515b25fe1746d864f5fc179a36
round1__polished__proof__mathd_numbertheory_458__seed1,round1,polished,proof,mathd_numbertheory_458,1,False,True,0.00115152,0.0044556,3,3,18792,18356,581,30bd01a797321dd7897a928ff647f838164fc3ba607d31fb0951e8784a9faa20,a0788950f6e1eda59c373735ca258ef9cedb10fe088f7f369bb4b6a7816293be,78a1867fa7e2020956867bde8ebde44afe89ca5eba5f27252cb36dee1c6c8aea,34dcdbde40cbada102672a9564a412f1cd3e097208e2eeb57aa05e9f34a842a4,b452db3c6bc4f88397516a05254b79b4d87077225f4267238ab122bf5e097444
round1__polished__proof__imo_1967_p3__seed1,round1,polished,proof,imo_1967_p3,1,False,False,0.0656091,0.1068282,24,24,419193,228995,19158,30bd01a797321dd7897a928ff647f838164fc3ba607d31fb0951e8784a9faa20,5246ca2b8ebb89dc906f7212f1224d4eed7c67e9b1f779a97c69c7a77e8311a9,1536671f7a8b3e43d7f2dd70b9892153d475ab288a78360e7efaa2a7e45ce916,,4a004f7fbe80a3537430dc6b12bb7201223619a9638e3c3137c30efafcb515bf
round1__x3__proof__imo_1967_p3__seed1,round1,x3,proof,imo_1967_p3,1,False,False,0.0358447,0.0787594,19,19,314729,238415,13178,6470581f6434fdcbc10810cac84cd2c442ee1fac59fbe607e4f267f35e0187bd,b98f7ebe7a507b8bd70839f4104f8f4cdd6d00a3e4a0b24d554713c1002b701b,628d2fe2ed4a626304340cd7cfec54d6855f8abeebcb1d9dd7602ef114d97f97,,fac402eaefc9d6b1fd459ba369e8ef3300df948525b7aa443df0261b7d3159ac
round1__examples__proof__imo_1967_p3__seed1,round1,examples,proof,imo_1967_p3,1,False,False,0.0473502,0.2704908,53,53,1280142,1239670,12052,e66c5939f05d38baf07e1faaa2da6b9cf22d05840126b839c0e55d8dbded20fc,9e17bb8450d8d9b7b11f7dbe53adba8afbf55c640e74c378b0d1f0451e39f96a,6510e0450a03fe97d3d975be20754b6a614f13b20c7c6cfac7d27f393419697c,,b955e01744096a3dbbe816670203ec8cd63c36c4e472bdc4d6adb296ce0f223e
round1__examples__proof__imo_1977_p6__seed1,round1,examples,proof,imo_1977_p6,1,True,False,0.0018916199999999999,0.0040932,2,,12234,12231,1372,e66c5939f05d38baf07e1faaa2da6b9cf22d05840126b839c0e55d8dbded20fc,ec885ac7530f88bd72ab52eb26bd88817e5f56ce01d0482794effbf8b338ef44,,,ce4d94cb8b106d14c84ceddc1f624eff155252821dd884c32257a949f025ba7b
round1__polished__proof__imo_1977_p6__seed1,round1,polished,proof,imo_1977_p6,1,False,False,0.06399273999999999,0.0817546,17,17,247955,98677,26803,30bd01a797321dd7897a928ff647f838164fc3ba607d31fb0951e8784a9faa20,2b3745a82f20c9e2a3492a70fce1aa6d11ce5ff6f2d581d9e3cb6b2d8b3d303c,93c242d4a704752093fa545346c222cb40cc449d22a372ae24fca4f5c7184efa,,8cd131e5224acc656a8bc34b0406c590d8961846ca931e49aa469857139d92ff
round1__x3__proof__imo_1977_p6__seed1,round1,x3,proof,imo_1977_p6,1,False,False,0.06976792,0.09373959999999999,20,20,309584,133176,26519,6470581f6434fdcbc10810cac84cd2c442ee1fac59fbe607e4f267f35e0187bd,a12f93c8217fc5792c759cae7b89244c54c9357f2e8b9013536a7956b245c4fd,7bfeded08f038315968eea6261401d95735e4ae6d750ef39151fbd0fa2fae919,,19a27b8f45d04c4c36fe033ee24f1206851e77425c261eb5a4214957b1593891
round1__x3__proof__mathd_algebra_37__seed1,round1,x3,proof,mathd_algebra_37,1,False,True,0.00030632,0.0013622,1,1,5869,5866,157,6470581f6434fdcbc10810cac84cd2c442ee1fac59fbe607e4f267f35e0187bd,1430d01ec9fd421dcfe50f3c096806f8ff248864ae626b0026b97d7d1059229c,977aecde8f094850779dccf03b2f26e371e9f24a32fbc6b663c473694e0d92b3,8890c5ea088f3234ae2893ea758db6684c1277648894e5608503f6b7a2c8d415,634cf969de388da896f87340d9186aebafce0950aabbd6f693e459bdf3fa2724
round1__examples__proof__mathd_algebra_37__seed1,round1,examples,proof,mathd_algebra_37,1,False,True,0.00036189999999999996,0.0024472,1,1,11588,11585,108,e66c5939f05d38baf07e1faaa2da6b9cf22d05840126b839c0e55d8dbded20fc,39f29bb3d7c734b8aac3abf6018a504e9c41af307d9fd3bf83dd1188fb7a0896,51f236678e070f3286fc128eac99d34b004f347c7a548e0d264cd0e582b54df6,8890c5ea088f3234ae2893ea758db6684c1277648894e5608503f6b7a2c8d415,93a261b351d5dd32162b5949a59cecb995ab5b5197700707d1cb9e17a2acf289
round1__polished__proof__mathd_algebra_37__seed1,round1,polished,proof,mathd_algebra_37,1,False,True,0.00023394,0.001308,1,1,5970,5967,95,30bd01a797321dd7897a928ff647f838164fc3ba607d31fb0951e8784a9faa20,76f1240581b6096ad47c25983b835e4e25f4341544bb29bd29d8d916f9d91791,cd4f1ad040deb723f73e5bd5d5881a8655118d745d6326fbdcb6771b0b488e39,8890c5ea088f3234ae2893ea758db6684c1277648894e5608503f6b7a2c8d415,c661643bb54309074a3287af9a433d86452a9ed4fd9fb229a9f5fca6383640aa
round1__polished__proof__mathd_numbertheory_221__seed1,round1,polished,proof,mathd_numbertheory_221,1,False,True,0.00030154,0.0014115999999999998,1,1,6170,6167,148,30bd01a797321dd7897a928ff647f838164fc3ba607d31fb0951e8784a9faa20,88d6c9cbefe09221dcc53b48ca725da667614f4444e3230cd4c5d5b260987fb9,82a1cb0a18669ba684f26382112de1236b4562a0fe667d169c2ac2f217c78380,7825dd8dbf60f18c9147692491c3ca5768ae3b745cd0fe9c83c01baac59a6cd7,f4b2606c79175d578feb34fbbbea465d83ae66ede76ef56e604b69ff351298bf
round1__x3__proof__mathd_numbertheory_221__seed1,round1,x3,proof,mathd_numbertheory_221,1,False,True,0.00026952,0.0013613999999999998,1,1,6069,6066,123,6470581f6434fdcbc10810cac84cd2c442ee1fac59fbe607e4f267f35e0187bd,eab1bb35c1f5d8862e00604b1817a6caeac7599c418399f25d06b4bab77c2852,0ff5bea6fbd2d72b452edd40b641583d336e3ca1b52e6de16d1001ae694f8f0e,7825dd8dbf60f18c9147692491c3ca5768ae3b745cd0fe9c83c01baac59a6cd7,806075048ae4c493801f45ecce8d0b215d41c203a9c9fdd43f4bbfa731b7c981
round1__examples__proof__mathd_numbertheory_221__seed1,round1,examples,proof,mathd_numbertheory_221,1,False,True,0.0004439,0.0025652,1,1,11788,11785,173,e66c5939f05d38baf07e1faaa2da6b9cf22d05840126b839c0e55d8dbded20fc,a2cc112a9fc55efef5989180571123f906126ef75a63a01a14f458334bb5a0b8,f5845ab40966f6a451b0a9c26cb5549a5aa4254d750738a803946f5cc502af97,7825dd8dbf60f18c9147692491c3ca5768ae3b745cd0fe9c83c01baac59a6cd7,9ea4cc6922efb82b3c6c1f7b271ebaa72131d6796056fbe0c4666abbf3104659
round1__examples__proof__mathd_numbertheory_326__seed1,round1,examples,proof,mathd_numbertheory_326,1,False,True,0.00040169999999999995,0.0024996000000000003,1,1,11658,11655,140,e66c5939f05d38baf07e1faaa2da6b9cf22d05840126b839c0e55d8dbded20fc,c811f2560c1b585741b03cacd8baffb2930ab8067aad4625d11212bfbd153c9e,fed0f4e673955716ff9150ef923c21be96603129f86cb7cc39d14635604f5693,cf007c323ef41bd72d13634364ff9b4c3400391a4fa0481074ae0ed6f2cae1b3,bd4f6ee750c295fb39c0265056b77382ffa899f21ae69591bdf6a767ed8134ae
round1__polished__proof__mathd_numbertheory_326__seed1,round1,polished,proof,mathd_numbertheory_326,1,False,True,0.00030734,0.0013939999999999998,1,1,6040,6037,155,30bd01a797321dd7897a928ff647f838164fc3ba607d31fb0951e8784a9faa20,7d4ddf4adae1876147f277128036bfc3c6cf95c1e2bca3d2e0b89042281cc977,8b7ec3a82dba60fa8fdb4650530dfbf39c5c7061feed0ccdb34b7f945d230460,cf007c323ef41bd72d13634364ff9b4c3400391a4fa0481074ae0ed6f2cae1b3,78b985703e0374def96a3d6bb895b4f5e4336fa72add3263d6034c813870b12f
round1__x3__proof__mathd_numbertheory_326__seed1,round1,x3,proof,mathd_numbertheory_326,1,False,True,0.00025372,0.0013222,1,1,5939,5936,112,6470581f6434fdcbc10810cac84cd2c442ee1fac59fbe607e4f267f35e0187bd,a287c682bf8fcff27b955826c330ea1079dc2b0226914d1ae4afe07db3069ceb,99358d8717e7530cedcbab39e2703f3b8027998bf5c87f12bad9246f87ec57f9,cf007c323ef41bd72d13634364ff9b4c3400391a4fa0481074ae0ed6f2cae1b3,e2f38539f204d7135a8692d377226a4b4b0a076e342bd9490ca7c851503f7d3d
round1__x3__proof__mathd_algebra_323__seed1,round1,x3,proof,mathd_algebra_323,1,False,True,0.00290578,0.006151,3,3,20777,18029,1663,6470581f6434fdcbc10810cac84cd2c442ee1fac59fbe607e4f267f35e0187bd,176d9fa28d2eb433a3dbb76c02e0979dc4b100dd61c5f6519e104dedbe994e0b,b672374e6691eb8fd52a4cfb0c51e4126072aee97c8fd4905f7bc6e4257045a9,076185c7894eb7017bfb9644a6eb892e1ef7781401f6a3c73f5166d379859c63,78bc553539d21b3a774bed7db42fa495c963c4342c2353b443f1d314dc46e096
round1__examples__proof__mathd_algebra_323__seed1,round1,examples,proof,mathd_algebra_323,1,False,True,0.00411474,0.012539999999999999,4,4,50256,46807,2074,e66c5939f05d38baf07e1faaa2da6b9cf22d05840126b839c0e55d8dbded20fc,fff706ab936eb80c9295179338c41f526beb40a655fdd9452784944ffa97e85b,0693b171f575d91da59dde297385ea4a591d2e2555de67347be99c8bf273720b,51b49be9c4fd8dd2f0af5db77f153efa880f96092735f37fb47ad977b298e1c5,ce4ddfa9903b19a76e7cefbccd16fd151f417dbe93d849afba4abb9ad93fcd0f
round1__polished__proof__mathd_algebra_323__seed1,round1,polished,proof,mathd_algebra_323,1,False,True,0.00424408,0.007114,3,3,22736,15944,2139,30bd01a797321dd7897a928ff647f838164fc3ba607d31fb0951e8784a9faa20,b5cf093163cafacb9a3ae34ea4fc04327663148e32f34652ec1c6268ecb3f404,4e9dbe02a250a2bce05043a52ebcbe10c10b3908efaf1ab49780536e8b68c817,cf0f87b181287c4c1baa1992c9b2b4bc9b228e65c52f0390a754ac39a9e14b39,3e98f7eadedd13d43c7e2000f8f71e0f7bb396b82b3aa6e94a27d9ffc739862b
round1__polished__proof__aime_1988_p3__seed1,round1,polished,proof,aime_1988_p3,1,False,False,0.06291028,0.0974278,22,22,383051,191764,17348,30bd01a797321dd7897a928ff647f838164fc3ba607d31fb0951e8784a9faa20,a7c41370497b02ba7ddc02a90d28046918802b38d8722658acea7eef6932821e,24da89b9a19b1572dc67b6633dec3b82aeeccda677603fde1b0488c920a6726c,,6c09fdb4e0000ae13e3f3aed8ca8bdee5883ca01cd256211aa89ad3752ee3be7
round1__x3__proof__aime_1988_p3__seed1,round1,x3,proof,aime_1988_p3,1,False,True,0.06409219999999999,0.0881348,19,19,330562,133570,18352,6470581f6434fdcbc10810cac84cd2c442ee1fac59fbe607e4f267f35e0187bd,aebe3b419bb5e5ea1830d1b042fb3a7cc87225718e685f0535bfef65d23e4b1c,685a2e64be8cea2d80d7bb9122a47b9f5ff3f922f9b06d23e1412bec118c6b09,2e5adbb7b4341253d03777824780f37739ff9be2129c6e6c8784611b8208b54d,b75fb3225334456fb0a223082221c0cc94bf6dbe18afd062c15e44be838cd15b
round1__examples__proof__aime_1988_p3__seed1,round1,examples,proof,aime_1988_p3,1,False,True,0.05097952,0.10488339999999999,19,19,415445,299466,18162,e66c5939f05d38baf07e1faaa2da6b9cf22d05840126b839c0e55d8dbded20fc,dfde9af63c6759b42ecbc985aa96e44303b3d54bf4e7a17cb2d98aa6955be038,618f43c9ef258aa524e4ff9941d81d6ab0f92ce79821fd2bef8d90875e959219,da39471b54a84bbec819de3ca343fd5589a749c0be2eb07a0131dd4427609847,91a507621a60644ae12b6c29aa72629958d2bb0f6ef804261482a8f35e0dd39c
round1__examples__proof__imo_1963_p5__seed1,round1,examples,proof,imo_1963_p5,1,False,True,0.018610059999999998,0.059794599999999996,16,16,264623,228803,5725,e66c5939f05d38baf07e1faaa2da6b9cf22d05840126b839c0e55d8dbded20fc,f57e0dc7f30c12c340e37511db09e008d844d0eae3d57a6f0db37127a35ab909,da9ea5dcbacbe97950f5dc8fe1b62dbd7782c8f5aa46ce42cc86522960024f79,8c6922a5498193d40274f484b294bb4297d757d96b7cc86d34eb56fb489a55a4,346c7ae1a27b7a318d4bf52ff20c8d8757ae61e919b80b3ae0083b0c9e3f6773
round1__polished__proof__imo_1963_p5__seed1,round1,polished,proof,imo_1963_p5,1,False,True,0.03644444,0.08752879999999999,27,27,361702,283802,12657,30bd01a797321dd7897a928ff647f838164fc3ba607d31fb0951e8784a9faa20,65dedea7d65fccb0030c488147c363627b82585bb4fd33656de653ea11af0215,ab75fabc7b5ca6fcca9a3eb33052fb43052ff7fe786c4a435340a88f304fd547,83d4c1f98e57f3fd560620fc2303f92ad12392add42afc1bdb8bea8677ed6b5b,e7d2e59cf8259727d75e92f9e9e7c408dc78a134b2c7a9b96e2236eeadfc217c
round1__x3__proof__imo_1963_p5__seed1,round1,x3,proof,imo_1963_p5,1,False,False,0.060794539999999994,0.10178,22,22,405754,227697,17191,6470581f6434fdcbc10810cac84cd2c442ee1fac59fbe607e4f267f35e0187bd,03874b9a57ff650f0d16adb713768b85eed038daff47c10c0002bdf7f7f98d7a,6bd2047f5ef0d0b2509f49d7955ffd7c87385905f8a34c0b3095c3c490c142dc,,09442706ddf3e6c2c7dbf15c545d828a511d17e9bb83597da3e40efb7114b76c
round1__x3__proof__amc12b_2004_p3__seed1,round1,x3,proof,amc12b_2004_p3,1,False,True,0.01877154,0.0305772,10,10,104844,65587,8007,6470581f6434fdcbc10810cac84cd2c442ee1fac59fbe607e4f267f35e0187bd,bebfd0a06b3558cc60a5c9e0f493b2cb54a6d60225c7437bd831ea1cd4356dae,def27e5906d4a1f350e808495422b389ad9df83b54d7d4524fc8444d56f9def2,cffc22867fc02aa6524076add6c51be75aa2af84bcebd31a137050b8afc20320,4ce1215a6fc52484d1dccfc6cfc8a70fe4a544d24c09ce5bc961473f496a2d5f
round1__examples__proof__amc12b_2004_p3__seed1,round1,examples,proof,amc12b_2004_p3,1,False,True,0.0267669,0.0508662,11,11,185679,133885,11442,e66c5939f05d38baf07e1faaa2da6b9cf22d05840126b839c0e55d8dbded20fc,65650b94a068b0d752dc978d01924ab359500a0f8ad590dc1885123c73f27230,4aa42b2288d3c4525886bb9e80d261bdad94951d09cf88a46c7ea17430f7f6fd,b692e25ab5b68e3efdd67218a19768acd205966326292172397dcd41ce7fa4e3,ad88c08bee067c19af01ccfc1aa7176c2750ba03f998532e28dc692af679b5fc
round1__polished__proof__amc12b_2004_p3__seed1,round1,polished,proof,amc12b_2004_p3,1,False,True,0.018103519999999998,0.0332282,10,10,110071,84026,9345,30bd01a797321dd7897a928ff647f838164fc3ba607d31fb0951e8784a9faa20,1aef166f2de8206b52b9dfcf0230e85892b179fb7ef810266702e2bbf01c5217,cbe1aedd87d79c8420dcecce1e5826400b0ce389990372db2182ceb75d6f628c,af49fbe4c18b335f93802923cd1c4bf0ba7955988febcb3cb67b5ec3e305b058,3d5f7842a2414927c6636d6873f3fabe871406a41c36dadfecf3c502bb5766b8
round1__polished__proof__mathd_algebra_206__seed1,round1,polished,proof,mathd_algebra_206,1,False,True,0.0008228199999999999,0.0019372,1,1,6194,6191,582,30bd01a797321dd7897a928ff647f838164fc3ba607d31fb0951e8784a9faa20,627b63db308f470f41a7d8309ca41994940a99f593c5472fb24936b811c1a46a,7ac2cd07970f825d11afd909f5fbe17adf2a815b73cbda1ea355365b42784ff4,50d3ac09ebeed40d977966e70776f05246fec2f3bbdcb0608b0bb361332a9af3,0ff4a96df8ac61209126cfca12e72ad99b5bc9a88910dd07a7f00857ded33d09
round1__x3__proof__mathd_algebra_206__seed1,round1,x3,proof,mathd_algebra_206,1,False,True,0.0008807999999999999,0.001977,1,1,6093,6090,632,6470581f6434fdcbc10810cac84cd2c442ee1fac59fbe607e4f267f35e0187bd,93d5a04d8eba6b285cd48fb7eb1b7fe5b32944d03108069c589b5a930152422a,5c262ab247803e8a9a49cf5ad7cd96e5da1fd35fe3c9dc8aacb53eaa43602b42,6c32d51eb4706d79097624bdc18063cde46f08595fe8bd6b11b793a6d826cf81,5994606cc2c61d0eab5dbbfbfbe5c978604406bd80199b04cdc6760ae7c81ab2
round1__examples__proof__mathd_algebra_206__seed1,round1,examples,proof,mathd_algebra_206,1,False,True,0.00499536,0.013546799999999998,4,4,55416,47508,2053,e66c5939f05d38baf07e1faaa2da6b9cf22d05840126b839c0e55d8dbded20fc,a3506057e1014c9a00a3d3b1b25a3e1ea7576cd9c54119ee8b98f029f447c0ba,f8e904be00621edbfcfbf4183228e9260c5f54d63ab4b2f21729421b292ea5a6,02ef25467a8cf4c0b3fb904446e5801868260551eb2ed47c5a51f53561e45b2d,9f021a88dd58ff665013b5be624b64d2146bd54100c335c792d39fac403957dc
round2__retained__proof__aime_1990_p4__seed0,round2,retained,proof,aime_1990_p4,0,False,True,0.017039059999999998,0.040794199999999996,11,11,171655,131973,5386,e66c5939f05d38baf07e1faaa2da6b9cf22d05840126b839c0e55d8dbded20fc,999740b13bb239fdff4b88fccb11aeaa42a2d948f594524b60a96c9b6c3ebe4a,b4f73ae81d0c556d74c43b1ce1db7a27ffaef9adf93342e6e1e74f40214f5d1d,cfe7105c3b024739cdf0ee16ff6ba5ec4b15e4f0b564313fffebc44ade471bfd,87a41749fab4797f7d26b0611f7b2e47aa790e3611788372e29e6d41ca9bc362
round2__revised__proof__aime_1990_p4__seed0,round2,revised,proof,aime_1990_p4,0,False,True,0.01804944,0.0455592,9,9,190494,152832,6217,7fc4d715d2736dc19ee1e76fe2b86893ca019ed2c5c3616ba3c6d4bc1de1c001,ada50d37a3dffca515aff462c675893c975d0518f6b090fc30e5a33f6317b54a,222316a95cfb284726a7ed1ab1108a450d444aeb9483ccde966a8532a05f52ad,d50df1b5b4935589dac14554b1d00790bfed976bb87fd703c39688caab7687a4,aba7311c41f7e6ea01ff144b93296ca66905277939a2bf5d978321dcb6585f06
round2__revised__proof__mathd_numbertheory_458__seed0,round2,revised,proof,mathd_numbertheory_458,0,False,True,0.00423736,0.0071674,2,2,32861,16278,496,7fc4d715d2736dc19ee1e76fe2b86893ca019ed2c5c3616ba3c6d4bc1de1c001,aac324f0db222ff77d7b9c075864cef61af708e5d73ad2e9ffc88b03d39f0f02,618627aacc992135c60fd0ba63900f441b6f0ff3f5604c90733b95a460e22ec8,130c7d96bada61be0780ba855ce5e9265375152bdeeff52dde0a10b84cd11e23,c5b08d7a2b07d81506c64d6e51045eaa14b8948fda616614f1a872259301d62a
round2__retained__proof__mathd_numbertheory_458__seed0,round2,retained,proof,mathd_numbertheory_458,0,False,True,0.00109942,0.0029878,1,1,11657,10491,547,e66c5939f05d38baf07e1faaa2da6b9cf22d05840126b839c0e55d8dbded20fc,45ffe3ae24094fe654b3971f160645115f9995299d495fa4f261fa011cd2ba61,9323685c451e6e9f115a2b8c9496f3e46eda3726559ce3e56ce15f984fd2017b,069e45d80aa6421de68f21e3e82f0eed6092c24976d0ab4fa4c85c4b1b57bbb9,35ef9c4312adeaf856daab0530632da7c4cbb9a0a95235aab0ab63f83818e6b5
round2__retained__proof__imo_1967_p3__seed0,round2,retained,proof,imo_1967_p3,0,False,False,0.062025199999999996,0.1856168,37,37,858622,686620,11577,e66c5939f05d38baf07e1faaa2da6b9cf22d05840126b839c0e55d8dbded20fc,9e17bb8450d8d9b7b11f7dbe53adba8afbf55c640e74c378b0d1f0451e39f96a,3b2658b3089078dfe4c895ef907c16dae9cdbbd590e2cbb8cf661d0f1e63d385,,f465315742e4c0a3df6207b86a0b439dd1de203808fc966ba831a8c396a49f4f
round2__revised__proof__imo_1967_p3__seed0,round2,revised,proof,imo_1967_p3,0,False,False,0.05944806,0.1729566,29,29,764823,630603,16660,7fc4d715d2736dc19ee1e76fe2b86893ca019ed2c5c3616ba3c6d4bc1de1c001,87d2a36d77996a14569cdb659c1e011d0c262af33fd03b55591edbc79d6c341d,05b8b51be7271c3e4af8aadde5719ff27522dbe8145f0442114497201b761792,,f594472b6dd84f3f0e27c6c74fa3c2381a79d2ca3558b50fb0d94cfafa83c32f
round2__revised__proof__imo_1977_p6__seed0,round2,revised,proof,imo_1977_p6,0,False,False,0.06215006,0.10355779999999999,14,14,323851,230043,32323,7fc4d715d2736dc19ee1e76fe2b86893ca019ed2c5c3616ba3c6d4bc1de1c001,e90858836a7b8a3089f2a1bd094808d3b08ed2d4bb7c7b00aa6fbe3f080b1d05,8e3478ff8546f603e983f8c12af8c57675f95c2ac22716022903f41cddea908f,,c13986ab1a55bb2d86f5c55fa3b05e9ee7830f1e349420e150727b2a3b8dbbe0
round2__retained__proof__imo_1977_p6__seed0,round2,retained,proof,imo_1977_p6,0,False,False,0.06220572,0.111273,21,21,402213,272596,25692,e66c5939f05d38baf07e1faaa2da6b9cf22d05840126b839c0e55d8dbded20fc,ec885ac7530f88bd72ab52eb26bd88817e5f56ce01d0482794effbf8b338ef44,5a51ea75f1c7f57a3d33e3490933bea3cab9ce59ab10870fe71b4f0d3ad7714f,,cf5ebc163756677881d90be72cf2f00972addf7291b089ebb28647efc92468fb
round2__retained__proof__mathd_algebra_37__seed0,round2,retained,proof,mathd_algebra_37,0,False,True,0.0003991,0.0024844,1,1,11588,11585,139,e66c5939f05d38baf07e1faaa2da6b9cf22d05840126b839c0e55d8dbded20fc,39f29bb3d7c734b8aac3abf6018a504e9c41af307d9fd3bf83dd1188fb7a0896,ff9a2a2ff5e1962fa710855fdfff2a5b83789620df0d1057f65a4d971ae6fcf4,e2d0c730c8ed2fe0d9f5ae54644b50aaa2a65e94deac39cfb63258fbb5da115e,189e8837982e33efcef60bc247ea04cf50eef439111d7989c8c9f0f5ed738072
round2__revised__proof__mathd_algebra_37__seed0,round2,revised,proof,mathd_algebra_37,0,False,True,0.0006369,0.0033576,1,1,16212,15115,96,7fc4d715d2736dc19ee1e76fe2b86893ca019ed2c5c3616ba3c6d4bc1de1c001,f128bf410ab16d629dbe59a3a50bd66f60542142c74875ef42535584e870e7a6,4861f92cdc35684d255914814448b41471d8a69990c31fdb5b59bcd34cc8937e,8890c5ea088f3234ae2893ea758db6684c1277648894e5608503f6b7a2c8d415,81b07dca606436ea5bab249b75bfb60e910a45c25372cd122c0b46bb3442cdeb
round2__revised__proof__mathd_numbertheory_221__seed0,round2,revised,proof,mathd_numbertheory_221,0,False,True,0.0008689,0.0035896,1,1,16412,15115,256,7fc4d715d2736dc19ee1e76fe2b86893ca019ed2c5c3616ba3c6d4bc1de1c001,b8e1e90f82e9a56566859278e475bca4f898988e1270676cd4eb4bfa270a6a76,3ab736307dea4479124c039ec8b3abf996d5cc65fb6e4cb97e9b90f78a84c492,7825dd8dbf60f18c9147692491c3ca5768ae3b745cd0fe9c83c01baac59a6cd7,52375152ef74bf33569ccd7f75d3cddba3b95ed6f66c1b3b12051e137d8ab8ba
round2__retained__proof__mathd_numbertheory_221__seed0,round2,retained,proof,mathd_numbertheory_221,0,False,True,0.00037549999999999997,0.0024968,1,1,11788,11785,116,e66c5939f05d38baf07e1faaa2da6b9cf22d05840126b839c0e55d8dbded20fc,a2cc112a9fc55efef5989180571123f906126ef75a63a01a14f458334bb5a0b8,75f1eec2c659197c74f5e90aa8f5a8d42cf6fea1c81140b8cf7c2486ddf435a8,7825dd8dbf60f18c9147692491c3ca5768ae3b745cd0fe9c83c01baac59a6cd7,4c5027d3d6f8449ee8500b7ce5693a21fc72a857a937ab3663c8c189466df5f6
round2__retained__proof__mathd_numbertheory_326__seed0,round2,retained,proof,mathd_numbertheory_326,0,False,True,0.0003825,0.0024804000000000002,1,1,11658,11655,124,e66c5939f05d38baf07e1faaa2da6b9cf22d05840126b839c0e55d8dbded20fc,c811f2560c1b585741b03cacd8baffb2930ab8067aad4625d11212bfbd153c9e,5dad2eef73fa245f15116f83ba2734101dca06443b55a0e7e330e285905622d3,cf007c323ef41bd72d13634364ff9b4c3400391a4fa0481074ae0ed6f2cae1b3,5340c369e0fdda956de1f73f05fafc5a9c2e391089aac568fc9c95c9720986c8
round2__revised__proof__mathd_numbertheory_326__seed0,round2,revised,proof,mathd_numbertheory_326,0,False,True,0.0006845,0.0034052,1,1,16282,15115,124,7fc4d715d2736dc19ee1e76fe2b86893ca019ed2c5c3616ba3c6d4bc1de1c001,b506e4c675c98336cc9d0de9b7fe6ee546b1dd92881c0337d28361980db8db7c,7c9f40943d02f95c2de8b321d1f19d6eda8539edf4a549e56f8d1e87153d4878,cf007c323ef41bd72d13634364ff9b4c3400391a4fa0481074ae0ed6f2cae1b3,3cfebbb4ade00079aec1274f6d027eab04dfd551cac2cffc767fadc8f96e009f
round2__revised__proof__mathd_algebra_323__seed0,round2,revised,proof,mathd_algebra_323,0,False,True,0.0013647,0.0040854,1,1,16443,15115,664,7fc4d715d2736dc19ee1e76fe2b86893ca019ed2c5c3616ba3c6d4bc1de1c001,c82b145b55b79e8226c5f4fcd585bc83f3cf8ca905a38809165ee460070723f6,e540d55686940089ba5020ec2ceb3079017a805758494157e797ad3b57a155c7,f348f74e76da37843225c63ddfd7ab348610cdda3c03b3405e164dc06dadf945,3b9fbe6430e39fb488628c2e236d7e49edad4ea0e75d77f5f94f48cee8fd626e
round2__retained__proof__mathd_algebra_323__seed0,round2,retained,proof,mathd_algebra_323,0,False,True,0.0056105799999999996,0.0134026,4,4,54497,43289,2086,e66c5939f05d38baf07e1faaa2da6b9cf22d05840126b839c0e55d8dbded20fc,fff706ab936eb80c9295179338c41f526beb40a655fdd9452784944ffa97e85b,55e36b9640c882d4f174259cdf29069e4f0c5afa8e764029d5f01bbeceb5cbf4,13019647559fec3868cc5c46f1aa21f3e626079295cc3146664ba7df46e99796,240ab577557f8eb308be6c45cc91ecd3dd82a55bb15d290745457314d24e95fe
round2__retained__proof__aime_1988_p3__seed0,round2,retained,proof,aime_1988_p3,0,False,True,0.02238852,0.049857599999999995,12,12,199176,152606,8352,e66c5939f05d38baf07e1faaa2da6b9cf22d05840126b839c0e55d8dbded20fc,dfde9af63c6759b42ecbc985aa96e44303b3d54bf4e7a17cb2d98aa6955be038,c4c26c8ea7bc8f2335fa81b78c5c2d00b800f1e63029f4ec4339953294c88426,8c48031474ff26872489cdc6ef06b47cd1f29cbea1ebed131cc91c7371120fe7,e2f8d073f423f39323f10dcc487a53001926fe9960c2e204de21627ccab490b8
round2__revised__proof__aime_1988_p3__seed0,round2,revised,proof,aime_1988_p3,0,False,True,0.0021295000000000003,0.0048502,1,1,16571,15115,1280,7fc4d715d2736dc19ee1e76fe2b86893ca019ed2c5c3616ba3c6d4bc1de1c001,5ccacea5abd7af79ba49873516a4ef2d6e3f22b70caf7ad9bdd0fc3d5ecbae3c,20567a46183042a311a344fc7bf94c1497fe727d4b87a553016dc6eed8f958dc,3582857a65e000a9187f70ab212c2070d9a7cfb00418568dc200fb0d95ddd4ab,3742f51148ce6a863926db51253e9ca16ccca625391af1561d0de1dd8d3ca51a
round2__revised__proof__imo_1963_p5__seed0,round2,revised,proof,imo_1963_p5,0,False,True,0.01634946,0.05388,12,12,234996,208503,5734,7fc4d715d2736dc19ee1e76fe2b86893ca019ed2c5c3616ba3c6d4bc1de1c001,731f2d54832926d0876fce6a5103627703809c64c3ae16b2e807c8aaf31e3070,152e0af109b166cc79f8a832de3f5562341f87552cc196dd2b985478087ffc1d,4d8c29312a3af3a6b50af24f4da9d94d4e54a5349da9a30a8db1d5a0045edf1e,c2d2fe421c9d1dc278f0dcd17b22e594d5c2bec4dc8845d11971c77b66b8e733
round2__retained__proof__imo_1963_p5__seed0,round2,retained,proof,imo_1963_p5,0,False,True,0.0336073,0.0722452,17,17,294266,214655,11160,e66c5939f05d38baf07e1faaa2da6b9cf22d05840126b839c0e55d8dbded20fc,f57e0dc7f30c12c340e37511db09e008d844d0eae3d57a6f0db37127a35ab909,6f909c0be456fda21d4b7cbbd6314088f17b6a052312d76a7a48bb6a159efb66,d10e71d052dad3d2b197b3b1e5f9a3a1ba58615b443286c3901814f1477b7903,6790143872446ba68ca6519249009f53acc4b163de0c15814ce31b8267dc1e06
round2__retained__proof__amc12b_2004_p3__seed0,round2,retained,proof,amc12b_2004_p3,0,False,True,0.04530094,0.09737799999999999,19,19,390692,289317,16033,e66c5939f05d38baf07e1faaa2da6b9cf22d05840126b839c0e55d8dbded20fc,65650b94a068b0d752dc978d01924ab359500a0f8ad590dc1885123c73f27230,78463e84dc638e3613a166c5ec70973c351efd99362cd56a64ab7b8e60fd03d1,1415eb5d17e5d0d81e0a7c59160039885551a0b1da7cfd670e2f8dc24faac92c,0b380cd7e1466f05aeb655ca9a4e31865e2a75f8be8c99a6ef8dd03a4373cd24
round2__revised__proof__amc12b_2004_p3__seed0,round2,revised,proof,amc12b_2004_p3,0,False,False,0.04592132,0.1125584,20,20,465646,370206,16191,7fc4d715d2736dc19ee1e76fe2b86893ca019ed2c5c3616ba3c6d4bc1de1c001,139bbc1fd3b15bb8622b93920d25110a396f1d1131bb1d9a53ec30ad34722faa,092c46b03dbfd8fccec933a819ce06e0804c85630bd1c66732b1040e4cd003f0,,527a21bc29813086ba5a8f008f3593ae6335a7016a3018c20104b40acd632ff0
round2__revised__proof__mathd_algebra_206__seed0,round2,revised,proof,mathd_algebra_206,0,False,True,0.0007825,0.0035031999999999997,1,1,16436,15115,180,7fc4d715d2736dc19ee1e76fe2b86893ca019ed2c5c3616ba3c6d4bc1de1c001,4d4acc7a13aa7f5bd8df8df8fb2e65cf1019f50db0149763c863e40d0b216048,e9255f43862eea70c64720de44e9d910791f0e4df84d382b463f47e81abb0913,319e4c39b8fa2323c33add715794f7fc37619e5a4f18b528905e7422ef2351f1,f85236993d319489a15ccd550cbaacd51d9e5f618330d4f7c9a0371501233882
round2__retained__proof__mathd_algebra_206__seed0,round2,retained,proof,mathd_algebra_206,0,False,True,0.00183998,0.0039656,1,1,11812,11809,1336,e66c5939f05d38baf07e1faaa2da6b9cf22d05840126b839c0e55d8dbded20fc,a3506057e1014c9a00a3d3b1b25a3e1ea7576cd9c54119ee8b98f029f447c0ba,588299e45b480a72baf71dd97819a81ade743661e403e67bfe8414d809fd4717,20e72793b2e863359c357839853e776ed6bfe0bd38c83f32881cce0189e6fa15,4f7bac2359c2444cc280f7a8686fc764db7d40b911c5dc3158f6dee5335f79be
round2__revised__proof__aime_1990_p4__seed1,round2,revised,proof,aime_1990_p4,1,False,True,0.01012742,0.027670399999999998,6,6,112780,97461,4262,7fc4d715d2736dc19ee1e76fe2b86893ca019ed2c5c3616ba3c6d4bc1de1c001,ada50d37a3dffca515aff462c675893c975d0518f6b090fc30e5a33f6317b54a,14708b399c854c57b9163ddc491e38a2839560463c42833a2cff79fb33a48c43,10371a4f9477170a49e295b0c071730d0fcbe26f1dbc441ef4aab775cbb8db9c,9a18a134115c131220f8d7560248961e98b15dca51308e8291f91e778913b1b1
round2__retained__proof__aime_1990_p4__seed1,round2,retained,proof,aime_1990_p4,1,False,True,0.01427818,0.031215999999999997,8,8,124436,94099,5274,e66c5939f05d38baf07e1faaa2da6b9cf22d05840126b839c0e55d8dbded20fc,999740b13bb239fdff4b88fccb11aeaa42a2d948f594524b60a96c9b6c3ebe4a,8b88372687533a6c34b47271df30c3969bf92a3ecb4b3293c5979a559d1511ed,ff48e003b5a2f1c6963ac11f0f5e884740432299d2cee66be1b48dfb1d84648d,3598854f18f04438ecd5bdbd5e3f84b6d74676d3334bc00e8bea0e5a7b3d0071
round2__retained__proof__mathd_numbertheory_458__seed1,round2,retained,proof,mathd_numbertheory_458,1,False,True,0.00109816,0.0052936,2,2,23558,23308,485,e66c5939f05d38baf07e1faaa2da6b9cf22d05840126b839c0e55d8dbded20fc,45ffe3ae24094fe654b3971f160645115f9995299d495fa4f261fa011cd2ba61,cb411399f5c98047d3eb9c79502d63ccc086bbe4555ad6040b48bc4242ecc798,dbb829f178f57b957d690a004827d2c69c68f5b5bcb568ac13035e0bfca24fe1,81bab372d309488380f90c7c733d7a6dfeeb1362b4ba6c8a3503e521162871ba
round2__revised__proof__mathd_numbertheory_458__seed1,round2,revised,proof,mathd_numbertheory_458,1,False,True,0.00113532,0.006995400000000001,2,2,32793,32556,364,7fc4d715d2736dc19ee1e76fe2b86893ca019ed2c5c3616ba3c6d4bc1de1c001,aac324f0db222ff77d7b9c075864cef61af708e5d73ad2e9ffc88b03d39f0f02,85f8540b86569c187c50b57386f804bb9d83785aca2ed2a0393f70c8670d3fd7,674cff5dacc045f9d8b197a4f0d17747094396c73059ac4671c7ebff5aac91dc,5535c6ff1cfabf46c4a7b010afa9bef40e0114dc5e5196de94da381878bb3ec8
round2__revised__proof__imo_1967_p3__seed1,round2,revised,proof,imo_1967_p3,1,False,False,0.06008018,0.1495076,26,26,647944,496819,16599,7fc4d715d2736dc19ee1e76fe2b86893ca019ed2c5c3616ba3c6d4bc1de1c001,87d2a36d77996a14569cdb659c1e011d0c262af33fd03b55591edbc79d6c341d,c88a5097cef3f82e7bbd7ad8e0c632ec79cf4c5ec464bad61ba384a02b62130a,,dbec96839067b58a79d84080878d4f8a842b37c025524d7befd9f47f31f38657
round2__retained__proof__imo_1967_p3__seed1,round2,retained,proof,imo_1967_p3,1,False,False,0.06178914,0.1277154,24,24,525093,366257,18914,e66c5939f05d38baf07e1faaa2da6b9cf22d05840126b839c0e55d8dbded20fc,9e17bb8450d8d9b7b11f7dbe53adba8afbf55c640e74c378b0d1f0451e39f96a,c3b10cc2cd60a11d54457415037867944b6451a4f139feef38b069f54cf64f46,,6a2602feb0e05a4d87a8e8068bd13ae6eb642eac5948df2deaa2ec2cc2387105
round2__retained__proof__imo_1977_p6__seed1,round2,retained,proof,imo_1977_p6,1,False,False,0.056104379999999995,0.1377504,26,26,536046,453589,25451,e66c5939f05d38baf07e1faaa2da6b9cf22d05840126b839c0e55d8dbded20fc,ec885ac7530f88bd72ab52eb26bd88817e5f56ce01d0482794effbf8b338ef44,34fe8003c90ad2f8883ea2b1ddb2a7a8fdca0802850e9d4efcb97ae4a23f4b07,,349af1d171d2eb709c99b3d07acdce880b4051b8bddc7ee8a57b90ec76939ec1
round2__revised__proof__imo_1977_p6__seed1,round2,revised,proof,imo_1977_p6,1,False,False,0.05855476,0.10166979999999999,14,14,353027,239528,25887,7fc4d715d2736dc19ee1e76fe2b86893ca019ed2c5c3616ba3c6d4bc1de1c001,e90858836a7b8a3089f2a1bd094808d3b08ed2d4bb7c7b00aa6fbe3f080b1d05,25f5e2d187077aa6ad4f9e168cc09f653d72a6ed0f954a0d5b2860a92a9bbb2e,,9d56c19107b5915dd245cb593bbf643f06343e358c8380330411f52d14d39c5d
round2__revised__proof__mathd_algebra_37__seed1,round2,revised,proof,mathd_algebra_37,1,False,True,0.00048798000000000005,0.0034056,1,1,16212,16209,136,7fc4d715d2736dc19ee1e76fe2b86893ca019ed2c5c3616ba3c6d4bc1de1c001,f128bf410ab16d629dbe59a3a50bd66f60542142c74875ef42535584e870e7a6,44603f0d7a0788bfd8c920e043f543d48b753cde16691d02fcd7a3521735b11f,8890c5ea088f3234ae2893ea758db6684c1277648894e5608503f6b7a2c8d415,9d067cbc4891e41e8babb255eeed84f6b73e8045e64262e1944c56aa76b0395d
round2__retained__proof__mathd_algebra_37__seed1,round2,retained,proof,mathd_algebra_37,1,False,True,0.00043269999999999995,0.002518,1,1,11588,11585,167,e66c5939f05d38baf07e1faaa2da6b9cf22d05840126b839c0e55d8dbded20fc,39f29bb3d7c734b8aac3abf6018a504e9c41af307d9fd3bf83dd1188fb7a0896,5f22c3ce3bff18617ec9974ac584f20a1c601578410afef5f3e8e2169f30f284,8890c5ea088f3234ae2893ea758db6684c1277648894e5608503f6b7a2c8d415,85168b4052462a5d79685e0991977d48f5dfe03c97b50ff8c4d73cc4dcf84f47
round2__retained__proof__mathd_numbertheory_221__seed1,round2,retained,proof,mathd_numbertheory_221,1,False,True,0.0003827,0.002504,1,1,11788,11785,122,e66c5939f05d38baf07e1faaa2da6b9cf22d05840126b839c0e55d8dbded20fc,a2cc112a9fc55efef5989180571123f906126ef75a63a01a14f458334bb5a0b8,36c0595039fb582e32f5961f2246809a8b797e5d8841b2d0bac85ab3fda4e727,7825dd8dbf60f18c9147692491c3ca5768ae3b745cd0fe9c83c01baac59a6cd7,299d58a634334be332907ada0377dc677bed342bb6b7400c648d47719cedd1fc
round2__revised__proof__mathd_numbertheory_221__seed1,round2,revised,proof,mathd_numbertheory_221,1,False,True,0.00054838,0.003502,1,1,16412,16409,183,7fc4d715d2736dc19ee1e76fe2b86893ca019ed2c5c3616ba3c6d4bc1de1c001,b8e1e90f82e9a56566859278e475bca4f898988e1270676cd4eb4bfa270a6a76,a8728ec1cc07833e8b9e1dd5b42346d341c6a0c9e87e23ce62989e171f640eda,7825dd8dbf60f18c9147692491c3ca5768ae3b745cd0fe9c83c01baac59a6cd7,9aa2338a0f75f9c75d49b91e89e46693c45afd8f21dfeaf7350143c690850350
round2__revised__proof__mathd_numbertheory_326__seed1,round2,revised,proof,mathd_numbertheory_326,1,False,True,0.00046298,0.0033932,1,1,16282,16279,114,7fc4d715d2736dc19ee1e76fe2b86893ca019ed2c5c3616ba3c6d4bc1de1c001,b506e4c675c98336cc9d0de9b7fe6ee546b1dd92881c0337d28361980db8db7c,648a4a8115c99c868ebc46b3e66b8b1fd5f84afe0b3b665f8fe837af26cef3f8,cf007c323ef41bd72d13634364ff9b4c3400391a4fa0481074ae0ed6f2cae1b3,a50a56bb950234de826bdce89aa3c819e3be6e89ab044be80a96f8228f829135
round2__retained__proof__mathd_numbertheory_326__seed1,round2,retained,proof,mathd_numbertheory_326,1,False,True,0.0003477,0.0024456,1,1,11658,11655,95,e66c5939f05d38baf07e1faaa2da6b9cf22d05840126b839c0e55d8dbded20fc,c811f2560c1b585741b03cacd8baffb2930ab8067aad4625d11212bfbd153c9e,9af5d68e70a192834af9f8f41d901ba7cfa84daa9072b092319e2afc3d2085e7,cf007c323ef41bd72d13634364ff9b4c3400391a4fa0481074ae0ed6f2cae1b3,4b7954267a9dc8f4b4fb532a72e3df309851c45dea6a6a0da863fa28d3a391c9
round2__retained__proof__mathd_algebra_323__seed1,round2,retained,proof,mathd_algebra_323,1,False,True,0.0021893399999999997,0.0062046,2,2,26229,22307,799,e66c5939f05d38baf07e1faaa2da6b9cf22d05840126b839c0e55d8dbded20fc,fff706ab936eb80c9295179338c41f526beb40a655fdd9452784944ffa97e85b,9982e0f597a1c614749fe0dc767ef256a6968f98790d7911c788a6614479b483,d90d99332efbafe2778f4286676ce884a622321834ee0957857dc4db7cffafbc,6f937eabdfc1277713e3c8910e86d39eba7b976962ff876f6be6961a19eaef3d
round2__revised__proof__mathd_algebra_323__seed1,round2,revised,proof,mathd_algebra_323,1,False,True,0.0013182,0.0042774,1,1,16443,16440,824,7fc4d715d2736dc19ee1e76fe2b86893ca019ed2c5c3616ba3c6d4bc1de1c001,c82b145b55b79e8226c5f4fcd585bc83f3cf8ca905a38809165ee460070723f6,b79a27e53fdb21d5a1e0ad332961240a7e065e5a612a12f72decc8f04a1f23f3,823685cdc7d2a4d05d35dba58dceba3dad46e3bf76b554169f35b13f348b1720,d368a837d08dcd1ca18557d5d3bc5192db80764d93fec525b52b58f451ad2ec4
round2__revised__proof__aime_1988_p3__seed1,round2,revised,proof,aime_1988_p3,1,False,True,0.00174916,0.0047314,1,1,16571,16568,1181,7fc4d715d2736dc19ee1e76fe2b86893ca019ed2c5c3616ba3c6d4bc1de1c001,5ccacea5abd7af79ba49873516a4ef2d6e3f22b70caf7ad9bdd0fc3d5ecbae3c,fc01ccb5c0d570f332e80995e3da97113053a3fad194baeb49652baa25fd4687,1a49985baee0008c99829ca4dac238cdaccbb558f0f4ee056a472620d82eb5db,39ea7557b8bc0282bfd0dadf8b0802b0a4d0cbd74c1575e10be7c7a0c9e4bc69
round2__retained__proof__aime_1988_p3__seed1,round2,retained,proof,aime_1988_p3,1,False,True,0.02869666,0.0489436,10,10,174542,112483,11696,e66c5939f05d38baf07e1faaa2da6b9cf22d05840126b839c0e55d8dbded20fc,dfde9af63c6759b42ecbc985aa96e44303b3d54bf4e7a17cb2d98aa6955be038,ba7cd30cc8401f1db62627467099517230f3fb2696e5b9881fb20ad52e397a83,166e368ea055a43cb65c47b421f029d4ea6fd3180cd323728d8a9225d5777db9,9ed8d9d72a5079f77625f2933660ab55b923e54bf8c02476111389f9ef58bcb5
round2__retained__proof__imo_1963_p5__seed1,round2,retained,proof,imo_1963_p5,1,False,True,0.0107776,0.039408399999999996,12,12,172784,159060,4043,e66c5939f05d38baf07e1faaa2da6b9cf22d05840126b839c0e55d8dbded20fc,f57e0dc7f30c12c340e37511db09e008d844d0eae3d57a6f0db37127a35ab909,cbc610b2b949efa2ba2fb12bf5e810c038bb25289e1a2d16fc9cce0a14ce2fcb,8ec5f10580d0eef217072a606557d1e1ca762724fb4d5dd336962685b7385934,c7091b40212228bd29aeba293632af093b75baf210ba3c7d99111f71202eedc8
round2__revised__proof__imo_1963_p5__seed1,round2,revised,proof,imo_1963_p5,1,False,False,0.064856,0.1437608,24,24,604306,438360,19083,7fc4d715d2736dc19ee1e76fe2b86893ca019ed2c5c3616ba3c6d4bc1de1c001,731f2d54832926d0876fce6a5103627703809c64c3ae16b2e807c8aaf31e3070,5e879c4c9ce49cb50cb80c2aa558bf601f42d5de4429dd08c4771226c851526d,,0da80c54ce32de144f95ed9a3a6328b3fc4937876b739a372f1f398fc071fd6f
round2__revised__proof__amc12b_2004_p3__seed1,round2,revised,proof,amc12b_2004_p3,1,False,False,0.05906462,0.1218596,19,19,489058,348861,20040,7fc4d715d2736dc19ee1e76fe2b86893ca019ed2c5c3616ba3c6d4bc1de1c001,139bbc1fd3b15bb8622b93920d25110a396f1d1131bb1d9a53ec30ad34722faa,b47764f3430ecb7c05da224aece913c3eca14219a48e8cd9b042d0eef33d61fc,,1367cf2031c3f28675b830bffdcb7c51d54e65020143bb3c4a347eb9afb7cf47
round2__retained__proof__amc12b_2004_p3__seed1,round2,retained,proof,amc12b_2004_p3,1,False,False,0.06464376,0.1267128,25,25,513576,344828,19998,e66c5939f05d38baf07e1faaa2da6b9cf22d05840126b839c0e55d8dbded20fc,65650b94a068b0d752dc978d01924ab359500a0f8ad590dc1885123c73f27230,ce349a5826e18e92619718145c5bf4c9282d2fc0c53cacee43b49a25d63c08f5,,008a65c2291be2ebe9007c891f3de3e9fbcd18d51ebbe500e50ddf72e61b7b84
round2__retained__proof__mathd_algebra_206__seed1,round2,retained,proof,mathd_algebra_206,1,False,True,0.00048277999999999993,0.0026084,1,1,11812,11809,205,e66c5939f05d38baf07e1faaa2da6b9cf22d05840126b839c0e55d8dbded20fc,a3506057e1014c9a00a3d3b1b25a3e1ea7576cd9c54119ee8b98f029f447c0ba,7712ad3caadb49fe06f2fa8c0b4236d3c28c11afb9c1d89b950fbc1ab6141925,0410b9cd883159a97dedba6b224d501eed3bbb1b81e3bdab1f3f3438be23e1eb,be1ce9903785b51c9d622391fe87d81cfb6d61026d85d3313ad22d20a1a11f6b
round2__revised__proof__mathd_algebra_206__seed1,round2,revised,proof,mathd_algebra_206,1,False,True,0.00060766,0.0035655999999999995,1,1,16436,16433,232,7fc4d715d2736dc19ee1e76fe2b86893ca019ed2c5c3616ba3c6d4bc1de1c001,4d4acc7a13aa7f5bd8df8df8fb2e65cf1019f50db0149763c863e40d0b216048,26b343bb4775892a9204f62824b9401a153f04e80332f70dd586db12d1225f57,41335dafaf011b8bce775e3bf7b10f2be456ed70ab9436f88981257221c17f93,3f474d91e593973909ad409382c5be87a65a8c3635b9d975dea80219e0c128be
validation__ace_historical__proof__mathd_algebra_282__seed0,validation,ace_historical,proof,mathd_algebra_282,0,False,False,0.0509899,0.2983594,49,49,1448177,1374275,7270,6470581f6434fdcbc10810cac84cd2c442ee1fac59fbe607e4f267f35e0187bd,ac8539e9d1c0451d73afad549abf66109980badafb6383712b2c27e10386845c,2c54b034456fbfe63cf3b3ca0573395c67917e1351418b2191020c1976fe003d,,43d91f96a050ad856643bd1b4b3309cec8260c89f1b75e7173560c36104e668e
validation__ace_selected__proof__mathd_algebra_282__seed0,validation,ace_selected,proof,mathd_algebra_282,0,False,False,0.04440528,0.2995236,55,55,1453992,1417324,7271,e66c5939f05d38baf07e1faaa2da6b9cf22d05840126b839c0e55d8dbded20fc,b4dd5a3efa2948524ce40e0f7452dd132d4370bd10536ced464881be1f259de1,7e01a7bb6a9625c6720696b4ef01fac5d1ff3424506112b3e96ff76c9d5862f3,,fdcc21ed216a573aebe34bf187e6da82559fee9998b44800dc845fe7674492ed
validation__nonace_matched__proof__mathd_algebra_282__seed0,validation,nonace_matched,proof,mathd_algebra_282,0,False,False,0.04777984,0.3052936,59,59,1482224,1430632,7374,,8084747c53179d1742dcf4db56ae9690477602d67fe27a416034982f353a0d8c,94d5fb4f83363fbfe6652ff00913c64dec5e2190c6e9903857d36d6681a30351,,39ca31b33a5de12f698fb1522b632fb9b5a221842a4749a54879739b8794b51f
validation__nonace_ordinary__proof__mathd_algebra_282__seed0,validation,nonace_ordinary,proof,mathd_algebra_282,0,False,False,0.03247804,0.11651139999999999,31,31,537197,466852,7560,,af7f3a39108a5be8f2eaa31d4e44d33410321899d915fd84c435b9fee8f650c1,075495c360d27203f09027839489b9889eada9cc4b43aed87162320df6fa0ad2,,9c0f817e34ebac76305cecda451c78dc335c03ed974483f13e6410e7459379d9
validation__ace_selected__proof__mathd_numbertheory_33__seed0,validation,ace_selected,proof,mathd_numbertheory_33,0,False,True,0.00066942,0.0025578,1,1,11649,10491,190,e66c5939f05d38baf07e1faaa2da6b9cf22d05840126b839c0e55d8dbded20fc,f55cfa7fcbc9da428109effd1ab2cd04ec33651364f3d0a44f72ab7abf3c35ca,f5276e6c66f2db45cd462150d5923875862e62bdcf04296735335f22688752fb,6b94dab8dd80316c060abec75d099eb727e0cdd8e0928e65fef2e7eee6b28255,2f9eb398a9cce99a9abfba1892403e71f9c0cb28f5406d3e61f59ccf887b472c
validation__nonace_matched__proof__mathd_numbertheory_33__seed0,validation,nonace_matched,proof,mathd_numbertheory_33,0,False,True,0.0020786,0.005370799999999999,5,5,21802,18290,842,,bb0d9f5ac3a119ba34ad5b5deb38629fd370ea93b0c1666e417a9c14d9386319,18783ac3e5494cf76cb14c8036474c58ca23737b1fb6726cf93894344bc5cc11,fef548ff3894a2af6383e70f44b3e0853fd05a4e2898883c7f1d72b13febdfe9,8836c681d7d98cd2fa08eb8afe267dc8e66f791e3bf34da0cdb966a35730a7ef
validation__nonace_ordinary__proof__mathd_numbertheory_33__seed0,validation,nonace_ordinary,proof,mathd_numbertheory_33,0,False,True,0.00278588,0.0065162,5,5,24175,20724,1401,,68203d9ea363fa76a368811eb42979006b43ba53db0f360e668cf8d1a5676cc0,55609ea2cfa86d7f0745c5c78c5e40eb0baf4658d9f3667df0ef8e09e48e81bc,13d8678906fb4ed973650b8d0850ca93623b59a094af0c048fee6d4e518256ed,fae5d228d60b71131751c9d5134088070195dd02df95ac60e995b1119eed5ad6
validation__ace_historical__proof__mathd_numbertheory_33__seed0,validation,ace_historical,proof,mathd_numbertheory_33,0,False,True,0.0009117800000000001,0.0028376,2,2,12088,10699,350,6470581f6434fdcbc10810cac84cd2c442ee1fac59fbe607e4f267f35e0187bd,1a38d02973369767e0ddab89cdd0aac55312553d475aee9907616f1356fe37d2,160bc57eb53388aed9515f48dc42fe748b838e5feac5f2ea94c872db9802920c,c707326ed93317fbcc89aa8dce2427cff9622bf476e45738c48f67a39f2e0001,c964302aa4a3a093aa6eadad539b27384a87f6224378bf6c2c233a0e9d9f0cc8
validation__nonace_matched__proof__amc12a_2002_p6__seed0,validation,nonace_matched,proof,amc12a_2002_p6,0,False,True,0.00027833999999999997,0.0009636,1,1,3810,3807,168,,d15a4ab36f1fbf999fd405ba8bbea297bef39d5df2342b3a36f5bd747a12eebc,71785ecaaa53ecdca5cfe4dd0e61d3ef55886f4b03305502e5370aad4b17b1c5,d805729d83dad17451961b46f91315f5d19411abb06eb714d230cc6611018b16,791a526db0f7599a79eb792acf3ab160478c0dd080c4f12f442643ca50eb15da
validation__nonace_ordinary__proof__amc12a_2002_p6__seed0,validation,nonace_ordinary,proof,amc12a_2002_p6,0,False,True,0.0009312,0.0009312,1,1,3810,0,141,,bb42dfafcfa364d8045fe9ee86464c6c0fdd375282f748ce744c1b6d47b026e3,cfee4a417a04293a50752909624a6d0cfff2ee681ec90f860bfb4e661a6f4d5c,21b7cb2e212bc39d0c7ffd91d76d812acfc563db734029e3278c03b756a3148d,ee100c7a0a0020096eabbd245fdc6afe47397ef4155c6c9908a792898a9ef6aa
validation__ace_historical__proof__amc12a_2002_p6__seed0,validation,ace_historical,proof,amc12a_2002_p6,0,False,True,0.00055684,0.0014158,1,1,6005,4772,179,6470581f6434fdcbc10810cac84cd2c442ee1fac59fbe607e4f267f35e0187bd,55dd226da8c8261e4e22896bcdfe7d6fe44bb32c3ec4a2eda263664fac934f79,51ae56268a1c4cc01906d38f22992f60b2a79b4b3a85e31409a43444f9a9d63b,21b7cb2e212bc39d0c7ffd91d76d812acfc563db734029e3278c03b756a3148d,5c229c2111b4a8417cf917df4651c2e5e7f798660880d77eee73c2704d0fff64
validation__ace_selected__proof__amc12a_2002_p6__seed0,validation,ace_selected,proof,amc12a_2002_p6,0,False,True,0.00061122,0.0024996,1,1,11724,10491,129,e66c5939f05d38baf07e1faaa2da6b9cf22d05840126b839c0e55d8dbded20fc,d5c4828bc701183b2c3b5c385f6ada7277f21e8ada70a3ee51188397c9b94db1,02fb280cd69414dcc79072efee812a9d709ac91723a7db1699fdda58876313ae,21b7cb2e212bc39d0c7ffd91d76d812acfc563db734029e3278c03b756a3148d,5b6266142adc709136427ff56067e3ede30a44978c16c83d069887ff0df5185a
validation__nonace_ordinary__proof__mathd_algebra_433__seed0,validation,nonace_ordinary,proof,mathd_algebra_433,0,False,True,0.0027532200000000002,0.005721599999999999,5,5,23700,16491,818,,3fe5a88e7ce62d8fdc4d69f9e25c31e4ae4c30875caa26e98eaaa6271294e79f,ceb82b9928b73d20db5288385294ac990adac149459f0f1b654c608fd7573e6d,1c35ab6b7c710eb1c0c3c339d6a6a0b8452ae9d69bd62079842708d14289d056,9170afa7fe52ec66f4654eafb4ba5912c9a607433954762239a37a403b1cc4b3
validation__ace_historical__proof__mathd_algebra_433__seed0,validation,ace_historical,proof,mathd_algebra_433,0,False,True,0.0015754799999999998,0.0032934,2,2,14271,9544,366,6470581f6434fdcbc10810cac84cd2c442ee1fac59fbe607e4f267f35e0187bd,3f652d767950c0502012e5adbf2cfa7b0589afe20923c4d735226c152d1b1be7,9e86bf6bec18a5e44b14864b6b3361c6d6c2784cecde43829919971d526da1af,31b3907557402fc33d3e775b857926fd411546c7234b6b94417800e151a3b853,12937525ca74c18325aff9902590d9bcc80412d7ace47ade37b84fd40fc1c5f3
validation__ace_selected__proof__mathd_algebra_433__seed0,validation,ace_selected,proof,mathd_algebra_433,0,False,True,0.0031351,0.014621799999999999,5,5,69083,63815,671,e66c5939f05d38baf07e1faaa2da6b9cf22d05840126b839c0e55d8dbded20fc,96501e2d28c59c5971bf6a3df370ef54dc80f63e6905f01ceee3983b00116acf,9da30b75d16bb3bd83684b41f4c45750639dcb78f37b653fcd1e2df3429f8778,c06b23b0fadd5c7608d41364a0801e4bf49e3de1f6cf948b320e2b0162d96e37,b972bc3c129f37808a6b66b5e0a04d4144a30c5cb38f6424d4a9cf2b47666f28
validation__nonace_matched__proof__mathd_algebra_433__seed0,validation,nonace_matched,proof,mathd_algebra_433,0,False,True,0.0032808399999999997,0.006078399999999999,5,5,24818,15542,929,,8394d31aff84183dbd70683f3abb3367cb43c2601c8535005315df7c1293523d,4f3bd4a6aa5a3338bd3846461c1d72d53f10de425e17336c62d87041e6e8dbe2,295eb7f3c40d0ee2ba16e33d83d91ba044f258c10e1784f22bfd0789af834880,83f44eb029aed1534336e4970b22ec8253e70d0a87dfe528c45be70f6ebfe9ff
validation__ace_historical__proof__mathd_numbertheory_43__seed0,validation,ace_historical,proof,mathd_numbertheory_43,0,False,False,0.04571322,0.08518919999999999,23,23,329892,219311,16009,6470581f6434fdcbc10810cac84cd2c442ee1fac59fbe607e4f267f35e0187bd,8a904d249fba53fcebe3befe8bb081d164ccbf10412858784a289099aa71fcc4,2cb28c346a125ea7def371c1512771c2363ba2231fa4350185e0bb97b25505fb,,96b7d21075694e8e2a7724eb6041b59aff97b4e9506fe45ad237210c5c39f390
validation__ace_selected__proof__mathd_numbertheory_43__seed0,validation,ace_selected,proof,mathd_numbertheory_43,0,False,False,0.02290906,0.1060588,28,28,487226,461943,7178,e66c5939f05d38baf07e1faaa2da6b9cf22d05840126b839c0e55d8dbded20fc,4b6172acfc4e5a602d19e3bde1d2fccc5a48f58fed900d7e18ca8affff5331b9,2a60fdfdb687df17d5bbe9fecbbed0862a965523fdb8e438c4a57fae2a90ca47,,58f5c98f9fe390d8c57366f24bd11252ccda6cc4a86f375924d9ca2f9df19dd5
validation__nonace_matched__proof__mathd_numbertheory_43__seed0,validation,nonace_matched,proof,mathd_numbertheory_43,0,False,False,0.02192104,0.049500999999999996,19,19,189881,153222,9604,,00f0af5b75d698a93c696f9d18d00a3ef16f30763b9906d6225e2b9a7ef2897c,04e021888a9c0245b1059fd3fa3d7df0021400f7ac21d4d29ed6409894f88535,,51dcd47ade5e5bdd5a5911b127790e4e7e0e6bcaa034bfeae1bfb7fcd0024bf6
validation__nonace_ordinary__proof__mathd_numbertheory_43__seed0,validation,nonace_ordinary,proof,mathd_numbertheory_43,0,False,False,0.021430039999999997,0.042105199999999995,17,17,160540,114862,8331,,3611d833e6639b87b618f2dc535059973ea234325cebdec6b2287eab55067cc1,6a020a4427b083e064eef5f4c36b9052d02c7df16117478082c3d1360e7784d2,,f44fa92dd87b4afe4809f18370264a6ce2cfa204243521e01c3c979d56579aef
validation__ace_selected__proof__aime_1991_p9__seed0,validation,ace_selected,proof,aime_1991_p9,0,False,True,0.02968842,0.0773328,19,19,328314,264691,9725,e66c5939f05d38baf07e1faaa2da6b9cf22d05840126b839c0e55d8dbded20fc,ce2ccd412ab04d77e991fccbfe719f64a499abaa629db8b3847220de8ce910fe,751f490843fbe0a9b5017f9464038f2910230f3f38156ec3efd313da19afefb3,7fb0bdf21588750e7b8ee91f150a140a60e29db6d6d471bb3f9c2cf5c57f24aa,83ef7b512179bd3a8a985ec1cf9a41ceb7ca0708a114bc6c02956ba445f3357d
validation__nonace_matched__proof__aime_1991_p9__seed0,validation,nonace_matched,proof,aime_1991_p9,0,False,False,0.06211938,0.14570039999999998,41,41,613158,464339,19224,,a96682129325cca0cb1dade87e5eab31677ca17c34b4e6311633fe9b28a18f2d,309397a565a3f2e9640eb4340c9f71a497d4e1a06e543de6c1106d6bb114b04f,,2cd06139e8c64b7efa381d9eee68c469153cca61bb48fb799ca2a109f3f42661
validation__nonace_ordinary__proof__aime_1991_p9__seed0,validation,nonace_ordinary,proof,aime_1991_p9,0,False,True,0.02295096,0.0761478,29,29,330429,295538,8385,,ee6fd0860cdc31b995c4ad39c1feade2e59ac1f1b476d9079da12358ab646e4b,b844c9af344b36755128efbda2e7b584e2699c93e0d9593eee2a9f5ae2ca5ba0,8abba9c469bab95077461a4263506e08a72d10e228e7b0424fd9ad8f994e9836,50bcc040c4f89bedfff55986b919a7d4e85ef30d81349cd1433aafa7a0d5eddd
validation__ace_historical__proof__aime_1991_p9__seed0,validation,ace_historical,proof,aime_1991_p9,0,False,False,0.0590389,0.10031019999999999,22,22,400499,229285,16842,6470581f6434fdcbc10810cac84cd2c442ee1fac59fbe607e4f267f35e0187bd,feaaa0f398067a87966a46c7e2476f2bca612f0123700c1ff7f1803ef284facd,c39e1c5a70ac2b81b0f7879a398f6c01cfae42cefb91c18c94296da6af387060,,0225a8569a0d060dd60b926026292c69026b3943a8ec7d69a625d5e7f18b70c1
validation__nonace_matched__proof__amc12_2000_p12__seed0,validation,nonace_matched,proof,amc12_2000_p12,0,False,False,0.05577554,0.0721928,26,26,249148,91207,18636,,193326db29bbfccbad0d73b5805a30740f7e4327bb0e9ea2b02e0ad9c3557525,b8eac09c1943369c37d146b365a0fe7f9a5f67f0b8701eea0f252f6eeafca59b,,6d5a8cd0ca5cc7c1d1e7f9c93f55b2c2824a8d498c0280b1fb2ab9dbd0ebe08e
validation__nonace_ordinary__proof__amc12_2000_p12__seed0,validation,nonace_ordinary,proof,amc12_2000_p12,0,False,True,0.03004966,0.050616999999999995,19,19,163967,114263,14853,,576d39d7ac139b61020f90f6c11fb880e57b48e3ae863702d043d20e9afbc4f7,25ac0feada9956a64c7cd9ffcdc79fef5a243c032431bae3f2248fbd7ad2ba6b,f2cf790dbf3f3a33206c27d458b4a190ce8fb09de2e1eab0da34657566f6b131,0f06d0dec5452173b1f900df81523c7984243a90e4435b5c84a81da992a56b42
validation__ace_historical__proof__amc12_2000_p12__seed0,validation,ace_historical,proof,amc12_2000_p12,0,False,True,0.020329859999999998,0.038197199999999994,14,14,131568,99263,9903,6470581f6434fdcbc10810cac84cd2c442ee1fac59fbe607e4f267f35e0187bd,2f75e5405aaf3e0e557e8c1577945bfa3fd861b0e3cafa6dccbfe34ac12ce761,080ab8a4892f48aebe946a6121ae1d72682999c6d5334e2bce238aed2feb0d99,b5cf7b7bcbdadb87c14d39742b7ce380ea4942d97b75224bca71133f847d22e2,25031f27df780d183cf4c775c9abee3f36b1c690eff964c71e16b14454984a36
validation__ace_selected__proof__amc12_2000_p12__seed0,validation,ace_selected,proof,amc12_2000_p12,0,False,True,0.02210666,0.055351399999999995,15,15,219601,184693,9526,e66c5939f05d38baf07e1faaa2da6b9cf22d05840126b839c0e55d8dbded20fc,5d20c7ea12d5ae281974291ff09bd5d887b4f88d652bed649a5749174c6bb17b,9a20292377876c032dbc7472a256e12a2c5a25e62e13b490b8597a2e9f9db5a4,b4f1e3b14b47cdebc3d7afb500fb4a422c044f7cf73845dd84aa8e5ab4a7272e,b847b4c22da449824ad5671a2919f26082b1151fa152c1d28ca9314680fbff93
validation__nonace_ordinary__proof__imo_1984_p6__seed0,validation,nonace_ordinary,proof,imo_1984_p6,0,False,False,0.04197836,0.0642962,18,18,251641,123988,11640,,0934992fa94d68d95fcb31a25fddd043a48215385d7d14b711b7d33ea8a0f47a,a165585b6ab93b14eacf3c4d74048f8a9f51662809d553de1cf3a729279289f5,,2a59fca186131a894c203970d67ab84f520405117bf62b7ed066234b7d847391
validation__ace_historical__proof__imo_1984_p6__seed0,validation,ace_historical,proof,imo_1984_p6,0,False,False,0.06649885999999999,0.12374299999999999,27,27,508435,318023,18380,6470581f6434fdcbc10810cac84cd2c442ee1fac59fbe607e4f267f35e0187bd,d79b62addaf3af411adbc6f7f3e85f6c9a86e1b5d34711a2cf340001b52f8698,20df07d9bb4959da7fcb65465dc7cd650f54d57ad7bbf1af8dd7f62dc4dae42d,,a12043901812e9462f975dc988699972db2670b31bd0d76c04a94b682c428ea0
validation__ace_selected__proof__imo_1984_p6__seed0,validation,ace_selected,proof,imo_1984_p6,0,False,False,0.0290716,0.102445,25,25,453185,407630,9840,e66c5939f05d38baf07e1faaa2da6b9cf22d05840126b839c0e55d8dbded20fc,43ef1049f8ba507377086f414c808664b95e445bf6ad5612b31f0e8d7a280690,b66f7e45e7a92b58accc4587ca9c40caa340e97e6ca8e170d9ad547f6d483de0,,8ff8d989422486a3d7bc9ac6fe1c5de771eeffac5782fd38571d61cd987aeb0f
validation__nonace_matched__proof__imo_1984_p6__seed0,validation,nonace_matched,proof,imo_1984_p6,0,False,False,0.0618093,0.1044378,27,27,407295,236825,19149,,6675202108a5fdda03ae252f3491fefbfa19870a4b767b3a8bfb7d83fa6cfe70,68b3f5c3baa7a666e013ac7994a023ad2569738b0062033c8dfbea3ef25da247,,807738d22cd60e2e8e3ee9370b8f2242323018ee898b6a7d9ef0ceac748fb634
validation__ace_historical__proof__mathd_algebra_251__seed0,validation,ace_historical,proof,mathd_algebra_251,0,False,True,0.00608156,0.0132776,7,7,50326,39978,2677,6470581f6434fdcbc10810cac84cd2c442ee1fac59fbe607e4f267f35e0187bd,aba95d2a205db1cedd80c4ae3e2c78d2ffd7f5341a538d5e580e8b22eb1815eb,c0d1ba5c873a4c9dc952457a84908b4c5fc7e579b17fca90b39d4917e57c63bf,0fd8aeeda4108c10c12ac1f1a84279369a6dede71903f2c9168b9a7a0f0d9291,6cab00659a15985d954d2b9475145877908e368ee53668e05fea5f93eedd08e9
validation__ace_selected__proof__mathd_algebra_251__seed0,validation,ace_selected,proof,mathd_algebra_251,0,False,True,0.0010306199999999999,0.002919,1,1,11685,10491,485,e66c5939f05d38baf07e1faaa2da6b9cf22d05840126b839c0e55d8dbded20fc,4bb1ec6827de48c73ac68abe9a46d9cdb6ef4d1f03467c54e35153a801004746,00d14ef40f9a980aaf567bcad5a6b4a8d171b261c0004e1ef0904dd4d788bf41,6924384ee86c75237f2f06072495dff47292ee997549bc7cde0802002efd0005,06bf3645029b8212a8343388e88ebf9da264b3d599f155470ea1a8a7757a2053
validation__nonace_matched__proof__mathd_algebra_251__seed0,validation,nonace_matched,proof,mathd_algebra_251,0,False,True,0.004965499999999999,0.0111746,8,8,42661,34495,2202,,4776af1e62e1439db8824156af5e6a2d720e861c5b367b2690c76d31cb08a9fb,59d1c9d594adb51d7557336a1d948a5429f54eb28501e49eec2332ae4715cfc6,ae3627448cffeb17ef7295afddee8c8bf471d06abfb3ef98c9a08e671dc2a043,6510d0b48e223d69f9d6d56016c1659a448cb2b82d36ffbb4ca68784004c0401
validation__nonace_ordinary__proof__mathd_algebra_251__seed0,validation,nonace_ordinary,proof,mathd_algebra_251,0,False,True,0.00278516,0.008096599999999999,7,7,31417,29508,1511,,5a96bf0033f709e8695457005819b0dbe35eb0f1c4e10ed281d7d1e4945826ec,1cd176e51498aca1c357e6ae64e19fb802c43964b9bf5ef7382e46f352341a7d,f246cb24fc0d04f3dfe2deb7d28c3dcf38ac68eaaa3405f251a2282b2b66a92c,f84cc61e1741dad4f5100f44c781537eba9f053cfe09cec879e55085cde57e1d
validation__ace_selected__proof__mathd_numbertheory_303__seed0,validation,ace_selected,proof,mathd_numbertheory_303,0,False,False,0.056625299999999996,0.11658779999999999,24,24,471795,333125,18524,e66c5939f05d38baf07e1faaa2da6b9cf22d05840126b839c0e55d8dbded20fc,7e83b26461bd600d02782c6b01c348f0451966e844186868f8e52fb9b84314b2,e8fe0fe15e2c8fd0a343f4e1d17c739294bd0ecd309481d2ef097b8807681faf,,038d5f9882c7fb28dc2d86c70bb4bf80101d816d0146f380406d354f98b9db2b
validation__nonace_matched__proof__mathd_numbertheory_303__seed0,validation,nonace_matched,proof,mathd_numbertheory_303,0,False,False,0.06139762,0.07939059999999999,20,20,267035,99961,21653,,705b60ad31fa80b3adae93c9d194f55deeafbdd72cfcd2042654fc93575f7a71,efa2fffe76e0a43c0384539eb35d8c26e340f2762efb5ec71dc45667ef4aebd3,,a493fbbf5977b636404b6be62da2a61a7383576bdd5acc4ceda2bb25470fc755
validation__nonace_ordinary__proof__mathd_numbertheory_303__seed0,validation,nonace_ordinary,proof,mathd_numbertheory_303,0,False,False,0.03726078,0.0813264,27,27,341052,244809,10930,,2872b84c8fe75d34523acbe99ae1d250aa3885f99c428d79672a8b5b5481ae5f,8eb0a7bdd74161614303b9bd2738cd1c88e22f9542c8a269805e824a3e6e448f,,3cc2874a331db2b252f3ad6a7fe9d61f39cafbaa21d0961bab982737dbd0d02b
validation__ace_historical__proof__mathd_numbertheory_303__seed0,validation,ace_historical,proof,mathd_numbertheory_303,0,False,False,0.06354438,0.1065984,25,25,406020,239189,21162,6470581f6434fdcbc10810cac84cd2c442ee1fac59fbe607e4f267f35e0187bd,f092b9595f09c3a94c8d499a2b6861bb0eb6718a532f76059f9a50230d256cae,ac7d10cae3d49cd4f541e34f0b2ed9cee73b7bc4c967c9b34b57851a6fa656ef,,db376dd23d4ec746f4a38b2b3e2134f9f23a8291208776cbc0792937fb3d247c
validation__nonace_matched__proof__aime_1989_p8__seed0,validation,nonace_matched,proof,aime_1989_p8,0,False,True,0.00048074,0.0009499999999999999,1,1,4378,2607,62,,e64d322ad72aecb4fa4d9362c2fabac5c8e018bfd6a8f7e513e924c290743228,b71c7849e51634e3c15756c08a113ba3d7fb4c0dcf6ac069ba49e4b08013a1b4,31141b0132b1839c70b5fc1c645d7a858cc4e6527a9963b321c86a04648df1a3,b4a0f4b55fe4cde4c2ca9ee45f630cf7330cf6cc6ea0a1581dbcdef13c56c8ee
validation__nonace_ordinary__proof__aime_1989_p8__seed0,validation,nonace_ordinary,proof,aime_1989_p8,0,False,True,0.0001649,0.0009524,1,1,4378,4375,64,,f7ded3042624c3aee6582b9ae29ec3ca63461ef08938d012b27c7cf4d05c177f,6ab6d35cc18c3c4a1791ddcb25e557aa2fd4ef77664dbaaa73b2be151cc79826,31141b0132b1839c70b5fc1c645d7a858cc4e6527a9963b321c86a04648df1a3,ac84912aeafe952c407676e11c8ff3f60b9b061f033341afe57e9de327725ccf
validation__ace_historical__proof__aime_1989_p8__seed0,validation,ace_historical,proof,aime_1989_p8,0,False,True,0.00058764,0.0014466,1,1,6573,4772,110,6470581f6434fdcbc10810cac84cd2c442ee1fac59fbe607e4f267f35e0187bd,b091660cb054218a76a348d9c330c43664e5e5d0ade5289b5b206e352a90bea6,ce86c73f514023ed658912458ac9952e46f84cdc9c050d30e58815dd435e577f,31141b0132b1839c70b5fc1c645d7a858cc4e6527a9963b321c86a04648df1a3,f356f86bb7e18e509d9adc2888e41ae63cb5e1bebbf264a4ecc4951c90707f5f
validation__ace_selected__proof__aime_1989_p8__seed0,validation,ace_selected,proof,aime_1989_p8,0,False,True,0.0006888199999999999,0.0025772,1,1,12292,10491,99,e66c5939f05d38baf07e1faaa2da6b9cf22d05840126b839c0e55d8dbded20fc,f9d5a0d24e137e6b57e26396601338e6ebb1c4eb3205e13bae5bcf35d5bada0b,04b35f01fcc7b31a331abc15e521de77ac9797c2388ddcdc5337ee81bd544436,31141b0132b1839c70b5fc1c645d7a858cc4e6527a9963b321c86a04648df1a3,c75782cfa49e36ab2aee7b9bb99b44ca7402cc719eecb92343c12d3918f97a30
validation__nonace_ordinary__proof__mathd_numbertheory_530__seed0,validation,nonace_ordinary,proof,mathd_numbertheory_530,0,False,False,0.03958732,0.11310759999999999,31,31,512138,408446,8900,,3da2dee356703cb64d8760c17ed2c3c4ea6974e1ac2003491fb54509e8f625ab,ca659457faf16fdae7abd46f8e763ba5bc8175075742a061310c94b1f7f7fee5,,8557ee7f7f81ac7a17d4816987c25ee5a09baad4463255defdbdc50721e78560
validation__ace_historical__proof__mathd_numbertheory_530__seed0,validation,ace_historical,proof,mathd_numbertheory_530,0,False,False,0.060125939999999996,0.1095318,25,25,457413,274477,15041,6470581f6434fdcbc10810cac84cd2c442ee1fac59fbe607e4f267f35e0187bd,10ff839f3723829f86253c5463e64041504ce675f6b521c1f433428a4abdc383,e7968e2d605fb4d1f0ae004bc354d1a88c32fecfc1202623fd7fe96b5814ecaa,,defb128cd3dc2a60b701c9d5bbc54fe6d173ba4d0a94de3dd5db97f4dfc51f42
validation__ace_selected__proof__mathd_numbertheory_530__seed0,validation,ace_selected,proof,mathd_numbertheory_530,0,False,False,0.059919139999999996,0.1364906,25,25,592729,425397,14954,e66c5939f05d38baf07e1faaa2da6b9cf22d05840126b839c0e55d8dbded20fc,864e2a144c10b380b12bb9f0415dea6cc2965a2cffc42849feddee914962fd7a,34e2510a0b98b54c407636b3b962b36c332e236c79dfc09b2f1ccf2737834063,,f23536e2ee0c8638d0b9e41b5cb3d4b04f64a9699e390e09e82884978cd2e6dd
validation__nonace_matched__proof__mathd_numbertheory_530__seed0,validation,nonace_matched,proof,mathd_numbertheory_530,0,False,False,0.061654219999999996,0.1432844,35,35,620368,453501,16009,,a4b41e4e57dbcb2d0618b1cb62e05079fbe92d01680dd5c56c71ef0fc2a17a09,4c2d39d229b873e8591281b30b7bb113840253fa0d911a14b2eae1fa08bf2da0,,b8ae340662fd2a6daccda9f4d443442a58f404f52d721f520de09088b58848ea
validation__ace_historical__proof__mathd_numbertheory_64__seed0,validation,ace_historical,proof,mathd_numbertheory_64,0,False,True,0.00903866,0.0176036,8,8,62296,47583,4287,6470581f6434fdcbc10810cac84cd2c442ee1fac59fbe607e4f267f35e0187bd,822671cec1f0df5a25d81b78218ea7d6c2a975d01ad45daa2c908a83c5bf2e46,4cdadbf2f98283cbb277fda8a8c8c6c2e8f4a4b708936bb72fd5c760432c38e3,cf985184536a3d119f2d569fedf568c9834741d735d1e23904cfbfc16a28e6c0,6cad7cae39fa3793df8fcbf72da5f243f551b6b8d6e2ac6af003f91670f9f44e
validation__ace_selected__proof__mathd_numbertheory_64__seed0,validation,ace_selected,proof,mathd_numbertheory_64,0,False,True,0.00829386,0.027543599999999998,8,8,115572,106943,3691,e66c5939f05d38baf07e1faaa2da6b9cf22d05840126b839c0e55d8dbded20fc,84fd7bb9ac903969f076ed8172a6f8844b807b96e1cac2892975e67b1d6c978a,1422ed698e6f5f482edac75af7e68596ad49a82750c1f1eb944d072287e47515,29c943b6889ac645bb0234d43c76f8b2c66f83ee7edbb073e521f0ae561d30a7,ff24cec11720656aac306f2f192293f4427f89e427e14fb7e47b2550df6abc97
validation__nonace_matched__proof__mathd_numbertheory_64__seed0,validation,nonace_matched,proof,mathd_numbertheory_64,0,False,True,0.014622739999999999,0.027897199999999997,13,13,99604,73747,6647,,cccd9281f02967907c5a2cba3f5a9478a645527d3234dc2aefd0836e75eabbb4,913f978b566d4b73f4ab9df87001e7af713ce0cfebdb633ef008a2fdf4437a7f,2baa8c3c15cb05917263f3a0012f7ee51dfe589064b0d579f56ff8845f319380,308809294919438dfd12a4abb6eb57a6136d66a3a0e3f0a0de00bc06752e4722
validation__nonace_ordinary__proof__mathd_numbertheory_64__seed0,validation,nonace_ordinary,proof,mathd_numbertheory_64,0,False,True,0.00634116,0.015049199999999999,10,10,59892,48378,2559,,709835ffe0b5d5217b3a950e7fe80819dca3a8d9bcbb04ea34184befedc081d6,7b16e4cc32b880f3e4e8fdccf4a854dd009a3269e9564ae8484c22dd9f43aa37,e9aedcd34250509c2d7964476dedb11563d4125e1b7d732155ab476d19be8471,9b77f8403efc1da6a03713960d5103f1069fe4c4a8755dec45c122079c41d3c2
validation__ace_selected__proof__imo_1969_p2__seed0,validation,ace_selected,proof,imo_1969_p2,0,False,False,0.06404172,0.139317,24,24,618963,418196,12937,e66c5939f05d38baf07e1faaa2da6b9cf22d05840126b839c0e55d8dbded20fc,0938b015cdaa5f76546eb6e7e28d5da18ddcbad5a621c0aa1e9ced8570637f19,54a7b5e192ce3994767f272eedf79e44132d1bc9fa00a6536c99ed4a9ec20c0d,,537cc4ba0a74cc5ec750ddcf86d1f80d92464f89accd85cb14881ca582322e29
validation__nonace_matched__proof__imo_1969_p2__seed0,validation,nonace_matched,proof,imo_1969_p2,0,False,False,0.06613642,0.10133199999999999,24,24,378926,195531,21289,,f7454a4d765b92087102497196f8f60065c21d06814200b3f102de4ff709248b,882b3976e4f355f10ed50f85a0c50f8e3735af66424c744c8866290756ac2b63,,98265075c6988938f8e27da69919007f1a17c63d76115aae1b603c47cab4fc07
validation__nonace_ordinary__proof__imo_1969_p2__seed0,validation,nonace_ordinary,proof,imo_1969_p2,0,False,False,0.03327806,0.12944719999999998,34,34,599674,534273,7927,,666aa7a29c73b54b5d614e9368d0c89fefba2457dd38766ce71bc178c1e32dc0,5c1dc858c1a0e02cb23bf8c00bc97127cf008f6220debd98848e297f4b8b9f61,,9048a5896bcffa4fc9d59ab1800dfdd09749c6c56fb0f24aa06938c97909312d
validation__ace_historical__proof__imo_1969_p2__seed0,validation,ace_historical,proof,imo_1969_p2,0,False,False,0.06527728,0.11914119999999999,25,25,484118,299244,18598,6470581f6434fdcbc10810cac84cd2c442ee1fac59fbe607e4f267f35e0187bd,bc8e8c8d899ccfd2e10d61dcef012508493a9a5889f4c73c5847ebeb8a01ec23,0d53189da0005f93ccbf8acfc4dff4d2f49716747dc15dbbb6b4c225d3c6208e,,078264bec54df4f3a4b53b2761d59ce85a0cfa838e2fdefa6d079cbe0a791be3
validation__nonace_matched__proof__amc12b_2020_p5__seed0,validation,nonace_matched,proof,amc12b_2020_p5,0,False,True,0.00068696,0.0018782,2,2,8287,6618,184,,ea2aeb611e0362b781fd6150fe5d1741c36d2996b0749565f0b082358fd592c5,178bea12d2842c5ac46db27b6102b28065860f49722e63e704cf12a278f86cd5,b3369122f771636fb094c42cc557b7887d7208177d9f1db254a0751ba735bfbc,ce13648727735ce9f749d2c6c22da72f7214352a92ff59f5b80fe5c50322ad7e
validation__nonace_ordinary__proof__amc12b_2020_p5__seed0,validation,nonace_ordinary,proof,amc12b_2020_p5,0,False,True,0.00028482,0.0010068,1,1,4014,4011,170,,41a40923f789bcff4e1271c3a5bc4a97ec96f535509a30f94ed07ec4ec56961f,84a044a025a7cb0abaef18c5abf80a5646984baa28802cdf36f78587fa78b831,7e2361598a9be9ad6a8de7e32f5bb1b9dc1dcd732a491254c88a4c92cb7b28c7,046cda720960e2a92f7bc8afdcbf8fe54f72335606d7f9c2fee3aace5976ca59
validation__ace_historical__proof__amc12b_2020_p5__seed0,validation,ace_historical,proof,amc12b_2020_p5,0,False,True,0.00059764,0.0014566,1,1,6209,4772,179,6470581f6434fdcbc10810cac84cd2c442ee1fac59fbe607e4f267f35e0187bd,503dcde7a557001e23b9bcc310d856967f323e6abd2fdb56b23e80b44a43e39f,5333f1efd8ed77402467e95c62b5660ac592c9df6a21231889459e8b55a8fb98,db7b63364425ea7d69477a85beb8cf5eabaec01a4c85207197abe92d6d775c45,62e35069856f0b390c77c38de08850ff5cd76c0963df8fac1cd0dc62fbe2192b
validation__ace_selected__proof__amc12b_2020_p5__seed0,validation,ace_selected,proof,amc12b_2020_p5,0,False,True,0.00077802,0.0026663999999999998,1,1,11928,10491,234,e66c5939f05d38baf07e1faaa2da6b9cf22d05840126b839c0e55d8dbded20fc,0aaf5c5674fc1de4829c9923a73b624117a1a1dc3923dccfdae598c59cc968d6,ce7aee8d3ea993a1f7e15405e8011bec6b055896c72ff7ce59067017e490b2c3,4b74d01bb6ec858f5cd3a8e2e2e1686d2546fba7b16b6cb271b6d18bafe800c7,e098daf2f76ac246de3ebac4490c470136f75e16af026d9b985be4a1dbdb4307
validation__nonace_ordinary__proof__aime_1991_p6__seed0,validation,nonace_ordinary,proof,aime_1991_p6,0,False,False,0.03801168,0.0508878,12,12,143265,71534,18529,,1ce2ed2eb066c20ec389be6f09d12113c4e9186cd7d95da063734d7e40abf915,36563d64c5360d04438e9529f8b39a280fcc0cc6d520772c6394b5dfc8431a2f,,94fa7b9ba885bb2390424fc51ac9e82fd1ca30c7e912c8d4d95bc3e68b8537e2
validation__ace_historical__proof__aime_1991_p6__seed0,validation,ace_historical,proof,aime_1991_p6,0,False,False,0.05623926,0.0869064,18,18,304518,170373,21669,6470581f6434fdcbc10810cac84cd2c442ee1fac59fbe607e4f267f35e0187bd,9012b6f321fae085f7323b9133e489c0a92fe6dcd8fd94db46c6f80f86268a66,e7c4ca30a7eb93480ffcd0b5ee5d6e1daf781f7581d1e759abfc9c3ba0c16cad,,d4d3c3280e39852c3b60b85e7ff2b94a4dac636065a91c5dab00fac6f7038505
validation__ace_selected__proof__aime_1991_p6__seed0,validation,ace_selected,proof,aime_1991_p6,0,False,False,0.05723408,0.1184402,20,20,448711,340034,23915,e66c5939f05d38baf07e1faaa2da6b9cf22d05840126b839c0e55d8dbded20fc,7542b3e717091aba3a029bedebe1ac763b2e7cee99b07c2219070e8c64a4549d,23b6784a688558d6451d36866f8e8f0c1c2e2c2b3538762893d6da83f47699f0,,8b82cf225e2c230886f440f0f37eb6090aa203236d308bbf6da4556f9249516a
validation__nonace_matched__proof__aime_1991_p6__seed0,validation,nonace_matched,proof,aime_1991_p6,0,False,False,0.066871,0.08365059999999999,15,15,288107,93220,21691,,593c1e432ea349f136cb58e11f57cb4eb1991f5ae860535287c86a5b057c5686,babf8e54a127946daf315206910ae4583c3a425d8a56b91109e998937fce5bb8,,04d6e913ed50613f20a36bd8bc47a5808dd625c19bd82ae5797cbadee5dd2e87
validation__ace_historical__proof__amc12_2001_p21__seed0,validation,ace_historical,proof,amc12_2001_p21,0,False,True,0.0181335,0.0305274,10,10,108057,68855,7430,6470581f6434fdcbc10810cac84cd2c442ee1fac59fbe607e4f267f35e0187bd,33135ea3f406104bce95e877a4f94073eb27b70ec5d7c74d613b71ee75267a55,42ca91c8c69f15bd852d4d0405756ccd29764cc4c9122129db11d7cf1dceb414,9288898978e295bb9a2a0af9c616079e5c1c9539d2720d4166f9ceb7bdd65d2a,34d5d5982a3e43a4e5d55bc402fddc10048b55a45f758cc4a44aa5dcc2ae8fd5
validation__ace_selected__proof__amc12_2001_p21__seed0,validation,ace_selected,proof,amc12_2001_p21,0,False,False,0.036671199999999994,0.068785,15,15,257351,178410,14429,e66c5939f05d38baf07e1faaa2da6b9cf22d05840126b839c0e55d8dbded20fc,6e37253f7781f623993a853921d22f137ef0b848619bfb1b0c1481a7c1e460a3,a0a8e7bcc93051f120ebe773d11abfddc3f6e6977579933d04cd1fd9d705b331,,7a521171e1d0e22418a30dfef2fe17d14fd2523d20544e973a3d2d47c53954e6
validation__nonace_matched__proof__amc12_2001_p21__seed0,validation,nonace_matched,proof,amc12_2001_p21,0,False,False,0.013030819999999999,0.0188306,9,9,55219,32221,6489,,5d004de16c6163eace6734d6ac2746e966496ff12bde181c9f0918458faa6cb8,46fcfd8d11a50e63c4c33116d3516d8978604e61cecd30a60922411557570c43,,6afeea92caa008794cc675597e17b9f3b11e60c5ad02a0651c183c8a0c4faf0e
validation__nonace_ordinary__proof__amc12_2001_p21__seed0,validation,nonace_ordinary,proof,amc12_2001_p21,0,False,False,0.039717579999999995,0.066928,21,21,255974,151169,13111,,6394e366bf34ab52650c56607f7ded1ceb4a91b1d2944ff3982ba287ecf46300,6504fcad5feaf11efed2a089bb1eaa9e3a08b66d2129dfd22d49a5c7fea479b9,,22a2fdf31492071e0613d58feab7115028306a292592f0a5b41a93b8abd6644d
validation__ace_selected__proof__mathd_numbertheory_284__seed0,validation,ace_selected,proof,mathd_numbertheory_284,0,False,True,0.00067342,0.0025618,1,1,11699,10491,185,e66c5939f05d38baf07e1faaa2da6b9cf22d05840126b839c0e55d8dbded20fc,cd6cd983ab3cfd42d9de2bf54d8bbd46e0176eb013f499e0aa2f281591ed98f5,7c218253081e07d0efe4fa18342470ea888100a7e706ff750ca092f282cb294e,51c0642d982a27c7abd10f59cbcb7afa3d7c5b4f246daac4759f8a2f6471e0f7,22c69ce8c1b7a7703bdfe7bcb5abd5c3f4df170d227570ecdbdc55edbffdf35b
validation__nonace_matched__proof__mathd_numbertheory_284__seed0,validation,nonace_matched,proof,mathd_numbertheory_284,0,False,True,0.00044133999999999997,0.0009105999999999999,1,1,3785,2607,128,,d9746806e9bc4847a62f46f50799b636edd6f8e4808e9b8e7a84f89a48bd8b56,7be2ee39ea3af3b2d8ceea9b13666abde6fc9a6d5db19edc68564ce6339d229f,209d4201341aa7ad0610f115d2a23245833430aa276dc6922de0cffc30595157,7428fceea295a86cafe3156d0da9b02c1806d60e8cf6aee7b2b2c694edebcc86
validation__nonace_ordinary__proof__mathd_numbertheory_284__seed0,validation,nonace_ordinary,proof,mathd_numbertheory_284,0,False,True,0.00017824,0.000859,1,1,3785,3782,85,,c107c6aa69d0e8c00f79209636c2dd3cf543d834ca945e06e517a4674a257068,1da8039aea6e5519e09161c22b97fb2a760e405aeb87fe8ca30321d59a651365,7b3ac0a00bd33e27eb5c40412a313cc526ec2c59f95e0567d78e8265fcd80afe,15a1e96ad7f1b21d4d54761aa010d4c49f23a99003476bc08f10fb7b4977758c
validation__ace_historical__proof__mathd_numbertheory_284__seed0,validation,ace_historical,proof,mathd_numbertheory_284,0,False,True,0.00066944,0.0015284,1,1,5980,4772,277,6470581f6434fdcbc10810cac84cd2c442ee1fac59fbe607e4f267f35e0187bd,6f2327fe0957165967ef36992c7b217bf79ed87638d837a1791d74abf25a3ee7,2608e11b824ed2f68e8c0d5aa53203e2a985fc67dedab7f7488230bfa7c6af14,51c0642d982a27c7abd10f59cbcb7afa3d7c5b4f246daac4759f8a2f6471e0f7,7249633035d3191141f4e75a7c1fe277be71bcf4b5428e40b1cc825c48ffc63a
validation__nonace_matched__proof__mathd_numbertheory_461__seed0,validation,nonace_matched,proof,mathd_numbertheory_461,0,False,True,0.00038713999999999996,0.0008564,1,1,3802,2607,80,,acc6dee01fed9d2d5e2f3af1750b01345f8d1d1387a8cfda14b7c225e1c0594f,64cde62cd6d2c4fbf5cc323384b414abc50ce103a20bc7777ecc3359f6aca747,1feffd392cef2f6515291b81ac50a2bd736378906ac21561aa91df19053a8e9f,a7369e26546f9d22f30668771e3c771e4f2c70d09c6a82a73c6c56021b87356a
validation__nonace_ordinary__proof__mathd_numbertheory_461__seed0,validation,nonace_ordinary,proof,mathd_numbertheory_461,0,False,True,0.00023857999999999998,0.0009223999999999999,1,1,3802,3799,135,,e18673fb5f4bb5ffec0dd8f78631ea7c4a2101f07318c9473df4aebf5ff3b464,4e9b28bf7e345019f27f1a79daf8d7154e424d1a9165d8109c8aff32b826f71a,2ecf0cdc876a64dfb0fd8faae9aeee86d4d377dbdced068d798a05cdfb0d93a3,0d667bdcc6d135a924dc016623f2fe0a00be8a5f782c717437f86f3bd6916568
validation__ace_historical__proof__mathd_numbertheory_461__seed0,validation,ace_historical,proof,mathd_numbertheory_461,0,False,True,0.00070524,0.0015642,1,1,5997,4772,304,6470581f6434fdcbc10810cac84cd2c442ee1fac59fbe607e4f267f35e0187bd,a4e5afa5f66cd2338b90dccca31a2284b92c6c5f08ad88a96b0d986f62f177e7,5fc84f51f69f5a37a6b3e9a4af4f4c0de92a4df29adb5e5a5cf06bb88b93ba27,292f0d5b7cc400527449f8e4476bb5bd5c5cac463ca4cc12f31dbb54c9b3c25b,1021337be6f84d1ae6eb8cb933513d9d92893978f0336aa6fbdc3e7c017ea75d
validation__ace_selected__proof__mathd_numbertheory_461__seed0,validation,ace_selected,proof,mathd_numbertheory_461,0,False,True,0.0006444199999999999,0.0025327999999999995,1,1,11716,10491,158,e66c5939f05d38baf07e1faaa2da6b9cf22d05840126b839c0e55d8dbded20fc,fb63200ef6131160ff0f017828d9929fb03a91e57d951c8eb7a6caa9119a2dfe,76d07a6c0aeb965e76bc57a5e3880dd05535fcf5a45cf7885a961a5e562936c0,292f0d5b7cc400527449f8e4476bb5bd5c5cac463ca4cc12f31dbb54c9b3c25b,31f243e44fc54d7825efe0c7050c44768a243e550fe99a0562d63b007aadce9f
validation__nonace_ordinary__proof__mathd_numbertheory_37__seed0,validation,nonace_ordinary,proof,mathd_numbertheory_37,0,False,False,0.02393796,0.051644999999999996,23,23,216477,153928,6958,,c03523e3f62497dad6ddf02579281aa2092cb90d101bcf90dc97e9e21d9df5f2,cf28a4b64fce29d8fc68143270db6372e64950bdb251e4abe7fe9fc36cc447c8,,67f8e6e65e1fbb272325450d94b5fdc94e8a87e5d1122eda37374283d576ba7e
validation__ace_historical__proof__mathd_numbertheory_37__seed0,validation,ace_historical,proof,mathd_numbertheory_37,0,False,False,0.02895056,0.0548036,18,18,221494,143628,8754,6470581f6434fdcbc10810cac84cd2c442ee1fac59fbe607e4f267f35e0187bd,c56c82047fa34918e3e1eae1029c7cbc0730d3f806c9eaf4ae253daecbd98a16,19f2c724722caa15047a08f14134a499de361519b64c0f0af780382542c144b7,,678c2881e11617c7032b4af388d7217e95a9bc0bc68dc98fb96ef9190391f824
validation__ace_selected__proof__mathd_numbertheory_37__seed0,validation,ace_selected,proof,mathd_numbertheory_37,0,False,False,0.024667079999999997,0.0623202,17,17,276423,209184,5863,e66c5939f05d38baf07e1faaa2da6b9cf22d05840126b839c0e55d8dbded20fc,1ba1f42c30c00c3778dd21046e509579ced3bff6ce3c6e0ae6f2a158b846b6e9,d6030016081aa02589eeb744f69dd730a917c1981e07f9f4b0dacbc83c973459,,36d20bd71ae3bd846df1a9a5d959fd22039d9a1f00228b59d8743de8e49720fc
validation__nonace_matched__proof__mathd_numbertheory_37__seed0,validation,nonace_matched,proof,mathd_numbertheory_37,0,False,False,0.024095099999999998,0.0907878,36,36,406365,370515,7929,,349d8444f682cbf17e6918a39c9f3fa51bc4f74807b30c5c063bf75cae12ee89,15869baefa34bc8ce2510d539e373ceac1409e9686e074fda078cf1caa0637d5,,3fd7970c5cb76fcfcdfc4dfdc43c11924ba4daded852d1f7067699b5da4c02d9
validation__ace_historical__proof__aime_1984_p7__seed0,validation,ace_historical,proof,aime_1984_p7,0,False,False,0.06555166,0.0918142,21,21,321785,145903,22881,6470581f6434fdcbc10810cac84cd2c442ee1fac59fbe607e4f267f35e0187bd,d262710e9bea4f9d927d336e7bc1e4ca8bbdcde8b9a274b6c095938a9ff37ca3,00579d3dcf8a91c4a69c169b0e9923b8734c1daa4ad6267f9814e79d7c6ac553,,ce34fff188c404eaa31129a850b3ec33918317a4dda8874c96ce49622fb98629
validation__ace_selected__proof__aime_1984_p7__seed0,validation,ace_selected,proof,aime_1984_p7,0,False,True,0.02369472,0.035025,6,6,99507,62946,12603,e66c5939f05d38baf07e1faaa2da6b9cf22d05840126b839c0e55d8dbded20fc,41d8af5ef64738db4765fdae0a8245af0612816b6e9533008b8d6ec8e0d60fbc,c78fa66d98316ec02d9f6b6671ef7c8ef810cc1599554ec057e7d51e28dfeb88,62339a4f55215f8f4a5945552f1d8ea5f22c0a85978149209f7b8fbe2e5fd66d,40261cfb20b0f9875e5cd1ac0690985e93698f41cb51ca32e81d5eb4bb8c7cc2
validation__nonace_matched__proof__aime_1984_p7__seed0,validation,nonace_matched,proof,aime_1984_p7,0,False,False,0.06689323999999999,0.0789536,17,17,261220,67002,22258,,746f114d4c8b5e4e018c0b3080e659225ab3afe396198abe1b72f3e1efd6cb56,0cf0f3a0281a9decc2656d7c5ad2f29e1c6565be89df5d63a931dbf742dfa0b2,,856d23bee6ebb01fd6f75a477b23533062cf8fd7bf879bd97410ee99a7711608
validation__nonace_ordinary__proof__aime_1984_p7__seed0,validation,nonace_ordinary,proof,aime_1984_p7,0,False,False,0.04077774,0.048324599999999995,11,11,102675,41927,23158,,4fb5eaf411649ec25831f6cd0ec520bb113db706459502bb7411b84435e7e8bd,e7cbbf8863200f752c9b68f26de616a3216c2159f49416040a6472752fa3b7d2,,f58e1ff20e92dafdd96c8b0dc5ec895fc9d3002736f9713f9db8aeef229a18d1
validation__ace_selected__proof__mathd_algebra_421__seed0,validation,ace_selected,proof,mathd_algebra_421,0,False,True,0.004953559999999999,0.015971,5,5,72559,61208,1216,e66c5939f05d38baf07e1faaa2da6b9cf22d05840126b839c0e55d8dbded20fc,c7bfc73f9176666b04c176a3efd6e7a7d51c02cd6ff18966685a61ab844640f7,a289be6eb0b43a4ed95129e07fbcc137ab54bde64ed2f5ea7ad7c70c43231ac1,688acf8ce3815b9c4c259f1904b267b8f1127e96309250b08757b3ac72b4ceb5,607520c6e6fc7084ab12289d3928c1da123cf42fd9e274bf13af667f13d023f8
validation__nonace_matched__proof__mathd_algebra_421__seed0,validation,nonace_matched,proof,mathd_algebra_421,0,False,True,0.00136022,0.0033331999999999997,3,3,13144,10961,587,,cbe4b6f2d274e0e09b6e5ffb1269491f13cf06256af7ab28768d834e1551fc0c,15a954024209403e17aeb279a02d4c283be55120175e6a0abfafb92c02971e09,f7b324eadc00a1e0c15ec0782fbbb9f4bf52b989fab7c0f6d1c07708cc1a4339,c0ab6a9e48b9edce1a5e00b98c6359daeb96276d3c55cfccbc45eabf782882c4
validation__nonace_ordinary__proof__mathd_algebra_421__seed0,validation,nonace_ordinary,proof,mathd_algebra_421,0,False,True,0.0030075799999999997,0.006728,5,5,28066,20669,929,,e8b0a78d6638e9bd7b3d07b36928eb1057bfc882442f1f2e3dfa8d1eb72d4eb7,ef8d4f4b11cf35ead0ddd8400523530be6f50ad1e36be962dc8cba13f15659d7,d63c739cf7219528bbb7d79b184791b8bd9f7d1075afde74921e7d4b8019c156,4849b6898cd6184fe69be99ce356ebbaa338d1be3839185d5b1f0ab8484f7641
validation__ace_historical__proof__mathd_algebra_421__seed0,validation,ace_historical,proof,mathd_algebra_421,0,False,True,0.00253488,0.0065622,4,4,27057,22374,959,6470581f6434fdcbc10810cac84cd2c442ee1fac59fbe607e4f267f35e0187bd,49dd9e8978271cec1dc201cc7e5e6a7bd027c74f4130b53597be83a0a4b1c2bb,ff2693766cf82918079218212d14667bcba76ecebb2392a6fc23a02823438400,f7b324eadc00a1e0c15ec0782fbbb9f4bf52b989fab7c0f6d1c07708cc1a4339,2cf01d2edd7c1bcf9eea527254512a326d310920cce515255ea485729febfe8b
validation__nonace_matched__proof__amc12b_2003_p6__seed0,validation,nonace_matched,proof,amc12b_2003_p6,0,False,True,0.03474452,0.06668299999999999,27,27,267847,177436,10928,,9c282ecf00e9a5e684867749f0cdf102043d7d2a2bf299f7fce4842db6a0cc69,e7936c30ca1a16080ca589a00fea678958e055aa654db6aa76ae1f64465d6cb4,205cb185d9c789fad2f18390174ac45208b78a003a22bce5a4701b0eb52bf514,bb8e680304a18f81c2e943ef2ebbb59e96a551188aa9a32a808437f302f92f9a
validation__nonace_ordinary__proof__amc12b_2003_p6__seed0,validation,nonace_ordinary,proof,amc12b_2003_p6,0,False,True,0.013610559999999999,0.0281128,13,13,111848,80568,4786,,f52df4abc103374619b2dfe815103623cec5a55a18bd6ce1f0970c6eb18f8245,c17a67aa9d38aa71f27f7cf85f94d2e25066fd4c89177652c6b6dddda7b5c343,cb980edafbf285cec00d452a29655a1cd6e9e781018273dd6aea7139bd14b3a0,5824e6da4c406e06af682aeed119eb26c90b97c708636c3c5b981c71c4c0d55f
validation__ace_historical__proof__amc12b_2003_p6__seed0,validation,ace_historical,proof,amc12b_2003_p6,0,False,True,0.04469604,0.06063179999999999,16,16,213957,88532,14867,6470581f6434fdcbc10810cac84cd2c442ee1fac59fbe607e4f267f35e0187bd,9b32d2407a32c05dee63b88b27f547e1a3b8af4136d29e9d3192c09120c59ed7,af75c57b5bb96d93d7b80cf65859945eb0d3aeb982991c5def9cbb6a8a68425d,9a265be9d452a0753af5874ac59b67a2fb80601c42f8a98ddd0875320948cc5d,19e14e76c98fca15ed3f79cbb8e0f56571682aea1d26daae46c8aacda1bb387b
validation__ace_selected__proof__amc12b_2003_p6__seed0,validation,ace_selected,proof,amc12b_2003_p6,0,False,True,0.0047097599999999995,0.0153744,5,5,64032,59248,2140,e66c5939f05d38baf07e1faaa2da6b9cf22d05840126b839c0e55d8dbded20fc,ec09e203d73e6dafd219d2b64c0d7ad891a2510ae7dc023c4a48e50c083fc2ce,8396e3be032a51f8d4f39a865b8293b22ab70522a4ce908a3836e02a07487052,c87f49cf0ada3c5ddfc6e4641c584aa6649ef375c8639437b7004650ac5830ac,e06a875863a4c92d20a1a633dadeb773a14b3be166653d2c93037859923f29d6
validation__nonace_ordinary__proof__mathd_algebra_234__seed0,validation,nonace_ordinary,proof,mathd_algebra_234,0,False,True,0.0009367399999999999,0.001406,1,1,3766,2607,544,,7682f696eccd5d38f6cf761ea27d069b97ca84ef4d2da941b947c25f1e0286fc,0e630533a7cbd16d744f41657cebf9251fe3d5519864abcf99932a1868ac770c,2878a7b3439ff1f14b44616a4b610519e4b73a65473e9d12ece2a638d95c571e,6f2496e8ab1e7df376a67e540600aa6a2d873041d62664099366f147cbdb9b13
validation__ace_historical__proof__mathd_algebra_234__seed0,validation,ace_historical,proof,mathd_algebra_234,0,False,True,0.00049644,0.0013554,1,1,5961,4772,136,6470581f6434fdcbc10810cac84cd2c442ee1fac59fbe607e4f267f35e0187bd,1b26e2f3faf342ffb048b9a28482d3c23b42998db0d200b5188e100100bffb3e,6ee1ec89efac415abc621ce997ed34a2438ba5bb39168d0592327c07db8fd3f4,907085e9e5f8f47232f0827aba7a20a6bd8f2300a4b2cc2b52f2b63d21ba7837,2fa3b20e8e727d9fda75eb4c90121023b4f49b6aadeabcf93c2f4dbefab0864f
validation__ace_selected__proof__mathd_algebra_234__seed0,validation,ace_selected,proof,mathd_algebra_234,0,False,True,0.00071762,0.002606,1,1,11680,10491,225,e66c5939f05d38baf07e1faaa2da6b9cf22d05840126b839c0e55d8dbded20fc,efb5512724020dca63e685cf69dd799b5558f60792242c385685fe15ca37abcc,b454148e309fce712d933572e967e06d075cffb5104655734b60063a5b243549,949e5260cd4bb298ece033d01280862e26b6a86aa15b9150026bbbdee4c682e9,e18ab6d687f2758ff9cb2d4238b0473342d8b58514926c470148dabf276e2c4d
validation__nonace_matched__proof__mathd_algebra_234__seed0,validation,nonace_matched,proof,mathd_algebra_234,0,False,True,0.00018626,0.0008636,1,1,3766,3763,92,,e226398d31115eeb42690154e28a3225da22286fec0e6dd32cb35f17e95ec06f,9f6a182107c0e470b2a6cf424dacdb2bf1c2263e440a0a168b423dba5f63ef7c,438d6779d87eff5f00ef74467889b9485a46754cfe4fab45e7abe8e6f322e197,bbbff45cb694f261d29a3c7be33cd41891c79e80d856a92ae46fa2f87da40f51
validation__ace_historical__proof__imo_1981_p6__seed0,validation,ace_historical,proof,imo_1981_p6,0,False,True,0.00467302,0.0075172,3,3,21746,15801,2640,6470581f6434fdcbc10810cac84cd2c442ee1fac59fbe607e4f267f35e0187bd,e22c09e69c2f1bbd758a4d0aa9119381cc4838af3a61fd34bfeeacf989ef30df,f658a2a72c28fe4a3ad6a6e55a9e84370abd52980773b38ab457f1b0ff7977c5,89a3d32e7644d38b8007373c3120d78e933e9e0e4939f144a78bf7641b041430,93f621bd2fa8df66298b4c56d2af8b8558471196f3daa56245ad067f6dbec96a
validation__ace_selected__proof__imo_1981_p6__seed0,validation,ace_selected,proof,imo_1981_p6,0,False,True,0.01849774,0.044870799999999995,11,11,182384,146517,6995,e66c5939f05d38baf07e1faaa2da6b9cf22d05840126b839c0e55d8dbded20fc,c47bcc21fe54fb8a6938ff25c480906a61b26a7b5fd7d4eb950eec1fef016ebc,566e9a33c51d46fd763a7fcc9e52a9a0ad9b4b9c44f5abd69606f6ee2e046b80,aebbca1ac799ee59849b7aaede987d9d25b02468c95e559a0eca4e4c689bba88,ce9956d9f50f7a889f9e5c576138d5e395c945bf28e7b6ab119d41daa64094b6
validation__nonace_matched__proof__imo_1981_p6__seed0,validation,nonace_matched,proof,imo_1981_p6,0,False,True,0.00319194,0.0062352,4,4,21510,16907,1611,,d8e56772485c9a95cd1fcca862004869ad954a7136da1e2e829aaa4fb1eab0a6,c6705d0ef6b2b2a83dae17d50193a7d2d4a6a1ddcdba2fb0ceb4332944568c97,cb4b171d137f64e4c75081db012ad19e5e2ca874a7020ff9b49d32c83b125a46,fea259c5b5366d70ba5590246865e36af3c6061aaf2803788a688f8459f79950
validation__nonace_ordinary__proof__imo_1981_p6__seed0,validation,nonace_ordinary,proof,imo_1981_p6,0,False,True,0.00610836,0.0122586,7,7,47655,34168,2273,,b8e9b9c2bc085149fe947abf92d0bc819f313d1f75e0ca5e1c0c57620403f374,f1d546a7294f762d8ac114bb55714701798e64317084322c43704f8224d3804f,c137c4c66bb6c65d74a049ec135c522b03bfafbd3c4d5e7af7af91764e24aaa2,0b6e25118cf27f7efbf07169ecf1c25f1396b888003430c6780484dce41896da
validation__ace_selected__proof__imo_1964_p2__seed0,validation,ace_selected,proof,imo_1964_p2,0,False,True,0.028586419999999998,0.0552878,12,12,220393,148341,9341,e66c5939f05d38baf07e1faaa2da6b9cf22d05840126b839c0e55d8dbded20fc,88e8ddafd890154f2416dd098334cb1b8e5609ffddc50192e312f73c69506e70,afb5342125200cc14adb61ebb570b5bb4a528c9aafc3021be3d44a6d757f4f13,4d7811ecf4488c369181edb89201249d85f4e4f0619278f53945f0d29b6667c9,4e6aaa890e49f3db7f2570ecb26dbdef9ad1de9e28b7daca1a823f4d42808026
validation__nonace_matched__proof__imo_1964_p2__seed0,validation,nonace_matched,proof,imo_1964_p2,0,False,True,0.02337994,0.0335764,12,12,107588,56647,10049,,4e721ff3fcaee5cee58d89532b7075fd3d734fdd979250056bab138774fa306d,b848d91753b2313d12d1da1a562b0b19f215a508e7a68e483544b6df599349c1,17ccbb59a5e08a0a4fa63fcbcfcdd58e72aee469182980e88c6754183df9d081,db449f06834ddf8d8824cc4a7a9bd52200d690d0c945779d0870fde02b1541a5
validation__nonace_ordinary__proof__imo_1964_p2__seed0,validation,nonace_ordinary,proof,imo_1964_p2,0,False,True,0.02546422,0.0395278,13,13,136805,78131,10139,,b0665b76d9da8358ab1d74aaacfbfd3b62dbd21b8f57afdca89c29bb067b4ae0,0fb09546d487633bc69458ec105c5c663bc76801ef5d0702bf4a31be391afbeb,743283bc66b05365e4fd2eb17c6f715328c0f81f848115ba9911a9107e879338,f2adf17c47aa244a1bb7cf53ca6d33958c8da3d2f64e703dd0705e0a2837e958
validation__ace_historical__proof__imo_1964_p2__seed0,validation,ace_historical,proof,imo_1964_p2,0,False,True,0.010492979999999999,0.0278916,11,11,105954,96659,5584,6470581f6434fdcbc10810cac84cd2c442ee1fac59fbe607e4f267f35e0187bd,43ce4c6babd405cdae7c1df317ec0251af6c4f2a6d1d95694359be8002d5a480,4eee7ea11287feb711ffd05cd5e22365d13093d395005595216bdc28bc676b9c,de0ca00e5b191000d44b7a4f71c1d0a4639c9e4ae2950b276b17ba50288eaaeb,8f4aadf07b19ec21e30b0f0002ad18940e209047be6b3659f0aaea6c1ac9b5b2
validation__nonace_matched__proof__mathd_numbertheory_405__seed0,validation,nonace_matched,proof,mathd_numbertheory_405,0,False,False,0.06614184,0.0759162,16,16,216909,54302,27112,,829654cfe463aced5af2a84fc9ff9649dfbb948eb0b42c69625ab62966315ca2,f8df627f493667c6aaa65ff71ea26efeaab07576201a3bb894e3496fc937579c,,ef4f5d2457c970b820a1bc02332ee7ced0322a55b9d2e4bfa6346a9efb5cc7d2
validation__nonace_ordinary__proof__mathd_numbertheory_405__seed0,validation,nonace_ordinary,proof,mathd_numbertheory_405,0,False,False,0.03491284,0.0522256,13,13,178712,96182,13736,,a78172346a0723dedbcfb04e50f7385fc291898bc6112a80125b54e6710be50f,68a48a9a4e75658ba51e08ab3a3e8c8ecfa03072d8b6f0092ae6a8ba4b802bba,,ffd5f6f27f9f43441cf85997992ca375d2d6f8573f322ed2832e50608c5410b8
validation__ace_historical__proof__mathd_numbertheory_405__seed0,validation,ace_historical,proof,mathd_numbertheory_405,0,False,True,0.03868464,0.051491999999999996,12,12,165156,71152,15384,6470581f6434fdcbc10810cac84cd2c442ee1fac59fbe607e4f267f35e0187bd,a351f23be533d12e85c32260970babd5275dc32678fd281b9c9c6777be205199,d071d3019780d8eb79267feee31d588dc544bd310deb7a8af5a5ad76eac7defd,68071cfe188d44a4f7e0ff0b927e62c44494e2e49128f8564b2f2caf04843580,cd6e505b582413e25b4cb6b67bac512a23d14b28824f105d29c05fc4d4ea3a4d
validation__ace_selected__proof__mathd_numbertheory_405__seed0,validation,ace_selected,proof,mathd_numbertheory_405,0,False,False,0.058109179999999996,0.08775859999999999,13,13,321127,164719,19611,e66c5939f05d38baf07e1faaa2da6b9cf22d05840126b839c0e55d8dbded20fc,6dc58c7abd9401634f03140d72df627ebaa79d84bb5d3d09436cacf99aa642b6,0728edf35c3964654435262449866f00fbbedfe8358f32a9ee808cf2a9365e78,,09d7b91b08c7502d009af34ae80d4b8585634e6f2cd600ef7052dc8269c8df3c
validation__nonace_ordinary__proof__mathd_algebra_327__seed0,validation,nonace_ordinary,proof,mathd_algebra_327,0,False,True,0.0023694799999999998,0.0044096,3,3,19636,11334,402,,b40d6e60e2399d875fa25a59e333eebc9f8528b39408ade2340dbe28ffe30404,43bd7ead4aedb45a560c63c3572971ffd6f105ebad353bac437ac249e0011025,6593714f287277db2d8f0f2ef5ae9429c8d57b5fa216d0d6e33e7a08605d8f77,c5a6c04f98cb736379763010d9e96784a23f3c781d1ed676b7d768e0951563bf
validation__ace_historical__proof__mathd_algebra_327__seed0,validation,ace_historical,proof,mathd_algebra_327,0,False,True,0.00085566,0.0027876,2,2,12186,10733,292,6470581f6434fdcbc10810cac84cd2c442ee1fac59fbe607e4f267f35e0187bd,dc00d90940ace79c7204298d1c03b6792d334def8c61f7606f9d1ede38a44889,65393b1ecf8ef3d2ccefd0406fca71d71c6e7bf2a505ef9b118f4bb8be3a7dbd,52774c79e20c6ea2438fa4971bbeb1e5321db672628b027d7a99c9c0eb1ae92b,350dfe88b46f9ede722c1ca85e92a9b55d271557cfd808b53656b1e240282c06
validation__ace_selected__proof__mathd_algebra_327__seed0,validation,ace_selected,proof,mathd_algebra_327,0,False,True,0.00196336,0.0080848,3,3,38522,34008,317,e66c5939f05d38baf07e1faaa2da6b9cf22d05840126b839c0e55d8dbded20fc,9d93877a1e5c94499b6010c3099a62f88f82790754e346447dd4e6a35ac624e7,9d79bf4dac0b5be352f9ae67162ba3ecbc3c99e7cf148339b853859a6efbf78b,617df3c855d57a537a5acdd83a169117b6a8c5511ca2b32ec6a06ae9a7168103,e0271c0b93a0990e5e95529a0b2392112fe2de9c0a631000027e53a8cd96c232
validation__nonace_matched__proof__mathd_algebra_327__seed0,validation,nonace_matched,proof,mathd_algebra_327,0,False,True,0.00318402,0.0114714,8,8,50787,46041,1095,,79a7bdfe8d65da36165d6bbfee652c41b03f125c7b0ed1fcde88c3c5d9a34f3d,c896322d7ad8b18bb2caa1e63cd6adb87aeaf309823cf598b491103c0154dc95,3d902fc2627260c3f6433b72e10e10c0781df4d9b435cbf7dc962138d55ab9cc,b95c37da294b8649423a60a10630069f026358161a927dd22692948b4db6d06a
validation__ace_historical__proof__amc12a_2013_p8__seed0,validation,ace_historical,proof,amc12a_2013_p8,0,False,True,0.0056834599999999996,0.0152366,8,8,58159,53073,3004,6470581f6434fdcbc10810cac84cd2c442ee1fac59fbe607e4f267f35e0187bd,4177a82a6cd049ec112b956f4bfde3555684549ef95d27eca16e12c6e001a7c6,d3272af6cdde8372bf1321ce1e62226efb48ee51a390dcc87428a1e3ee3f3436,df3cc17e1cb67bcdf6f4e545e0d716f4e80cc8221bf61118288ea02fce291e75,123fb9a760181713c2ddc32e91439eed545f30b9e9074f27bb76be36914a4080
validation__ace_selected__proof__amc12a_2013_p8__seed0,validation,ace_selected,proof,amc12a_2013_p8,0,False,True,0.0036982399999999993,0.007474999999999999,2,2,24091,20982,2214,e66c5939f05d38baf07e1faaa2da6b9cf22d05840126b839c0e55d8dbded20fc,3e7aa4cbcc65e675f52d6d89100a5fbdd6caee6eff8791ebc789d9551a13d0cd,8f2f53636a9030be7f859563285eef7110518907b2eac4823f05e79fc8a55c2a,02436a41e6d56cb49b0f00273501e6bd7e7a86654eb40cedf40652a34d4a1653,5859785e17876bb79f03b094c1b05acdfd85ec3fdb86f0d556cfac3d758eb15b
validation__nonace_matched__proof__amc12a_2013_p8__seed0,validation,nonace_matched,proof,amc12a_2013_p8,0,False,True,0.00492932,0.007633999999999999,5,5,23890,15026,2380,,ea0870ebb05f68f3fdef3fb6a0f0f29f809ee4bbb7aac2f7fa73fce4c30e012b,28bf31d9c4902bdeccff7b24e2ed684b768c6a82f4ff503b71fa67267cfa7dd1,96f0977caf7649d9a75a866d820b5e377b184029717c4bf1fee97712c87bee6e,baa8008c519f83c423aff815f0dbdfb05aeb24bf20593fe89b9c4fe0c35b9f3c
validation__nonace_ordinary__proof__amc12a_2013_p8__seed0,validation,nonace_ordinary,proof,amc12a_2013_p8,0,False,True,0.00602754,0.010851,7,7,36459,26797,2966,,b1d612afd82d751ac01b3aa67fa5961d0398a4f8adcfdb4cf0d302a9ecee30fc,77566417fc95017d6f4895f42c290fb07852c2ecb7ee74184407829bbf0b9b44,11520f7b96bee0cb588fc8feb877ddebbadc1672bfcac358d56933606a49800c,404f6f7ce398f361b1eb24f989b0cfe75fc6ba08062fc8795bdd8ef596cbd450
validation__ace_selected__proof__mathd_algebra_190__seed0,validation,ace_selected,proof,mathd_algebra_190,0,False,True,0.0005682199999999999,0.0024566,1,1,11665,10491,103,e66c5939f05d38baf07e1faaa2da6b9cf22d05840126b839c0e55d8dbded20fc,ec341bc3f6872c80f3e1b68911381ae140bea157a021adcbf9b882fe1c68e624,82ff0743c2abcae00e701c8a5b5de577a571fcb9f91b0b7f493a0de60c89f58f,7825dd8dbf60f18c9147692491c3ca5768ae3b745cd0fe9c83c01baac59a6cd7,198d5d6ebae41b04c7dd8a44e84a942a1f6985a59d221730b4d5496eab4f0793
validation__nonace_matched__proof__mathd_algebra_190__seed0,validation,nonace_matched,proof,mathd_algebra_190,0,False,True,0.00055574,0.0010249999999999999,1,1,3751,2607,229,,4d8d23ab31b6bd99297ed09425767a6cd5dbd10760685b62eb3604614f89fca2,cb15a12105eab5f1d086ec0c890e5a58dfc5296a9b636cb5c147973407e3a460,7825dd8dbf60f18c9147692491c3ca5768ae3b745cd0fe9c83c01baac59a6cd7,22c6576ba922da66185075204c448d37475f739334038473dad8a50b2fb932e3
validation__nonace_ordinary__proof__mathd_algebra_190__seed0,validation,nonace_ordinary,proof,mathd_algebra_190,0,False,True,0.00021716,0.0008917999999999999,1,1,3751,3748,118,,74038230941edea32bfcf3ed6eea0cc973249427df53273321bc45748f5dc845,aff905adcac9cf54b03e5ab3a76e210bd1e68b72a95a0535b64d1b7b4cde4ff6,7825dd8dbf60f18c9147692491c3ca5768ae3b745cd0fe9c83c01baac59a6cd7,4d3187d5b49499e5fe89abc7a8b3b56cac750bf3ec67a4b889896385f1462c44
validation__ace_historical__proof__mathd_algebra_190__seed0,validation,ace_historical,proof,mathd_algebra_190,0,False,True,0.00042983999999999996,0.0012887999999999999,1,1,5946,4772,83,6470581f6434fdcbc10810cac84cd2c442ee1fac59fbe607e4f267f35e0187bd,9b443a7c9e514974611a3252b21ee6d398eb7ef6d3f1c31e905b5139fbee6eb1,c4308620487c66004168f10797ab4b2960796e4adaa6183ff3af1f5aefe79d32,7825dd8dbf60f18c9147692491c3ca5768ae3b745cd0fe9c83c01baac59a6cd7,3911e0f8ca7c68482a9f8dc81b844517a5f87a0737cfe1ac7abf25d76180d997
validation__nonace_matched__proof__mathd_algebra_393__seed0,validation,nonace_matched,proof,mathd_algebra_393,0,False,True,0.0034583999999999995,0.0066552,5,5,26172,17760,1184,,ed523ad760a1c01a55d70fb707554065ec6a848e2a15874a6157687146be55a7,a0b0057582357dbf71fa8dfaf501fb3657531c09ccd753ee5009357e14ef2448,c294db9f7a98b577578608311fc21cd332e3287612eaa8a6ba1e7375f3a6b1b0,8021aef8c58121c7d4286085dbf9e6186e6725e29763ea6c505c932b620f5df3
validation__nonace_ordinary__proof__mathd_algebra_393__seed0,validation,nonace_ordinary,proof,mathd_algebra_393,0,False,True,0.00202024,0.0036747999999999998,3,3,13406,9192,828,,74f8517aa8f4b69dd074eca9070f8d324a78f91d196272997ac254bb115c2a09,6b492edae2e4b9d4de8af6aac79681ceb73c6a5b77ef7316ab31219ca5f6d103,8f576b2271ee7abc43ea083a86549befe5f002356a30af6ad1901a7ed8d8d5bf,18eea7835862d89dfbc5e485feb704c06cf05c73b6d7870fdf3d1f0e02916f9a
validation__ace_historical__proof__mathd_algebra_393__seed0,validation,ace_historical,proof,mathd_algebra_393,0,False,True,0.00418848,0.0093336,5,5,37572,28584,1516,6470581f6434fdcbc10810cac84cd2c442ee1fac59fbe607e4f267f35e0187bd,ca6f905cccbdd324d393dcc9288f2475238692b32031aacb91e044baa4e81333,4822274d359449653222a1c0ec57364c97cd2fbd84dcac13f831e82e5a93cd40,e0cec1bebfea07a91fdde86edd0c733b910b6d9f9ad46bffff15800860822e74,4942db6de8349e76f74f1455b91972a6b2b0a256713cf23aabe1e29d5820c905
validation__ace_selected__proof__mathd_algebra_393__seed0,validation,ace_selected,proof,mathd_algebra_393,0,False,True,0.02504602,0.0962218,25,25,422669,395421,9740,e66c5939f05d38baf07e1faaa2da6b9cf22d05840126b839c0e55d8dbded20fc,39acbc8b2ac1773548bb9ced20a9cd02610072323190e8306a64283a3250465f,99be504caeb4f5c9d7a44aa93f40e2a71ae1a15f201e89d3b54d079213b9f7a1,55e475ccb185d101eca3b2c695020cbbf79ba0ac5790bd65073eee8d69f5bcbb,79e00bc7ab7aca612d19f352ddec8c78d171b3dcd5d3c7d98b540c7287132fd1
validation__nonace_ordinary__proof__amc12a_2020_p21__seed0,validation,nonace_ordinary,proof,amc12a_2020_p21,0,False,False,0.0388038,0.0571188,17,17,183516,101750,17013,,7bc57e8cc850df2ce36a0c96db587c403213107e088290b5dd7248a49b0e27a0,a93d1561d0fa6e089ece54bbdc274d5f0eef2cc5287d5acca2e69d5f80d820d9,,e7bb5a49d5eddd940fb412438e3ca2e52896da2cf240c5680aa73b90e272880c
validation__ace_historical__proof__amc12a_2020_p21__seed0,validation,ace_historical,proof,amc12a_2020_p21,0,False,False,0.0557669,0.2422136,54,54,1116010,1035815,15843,6470581f6434fdcbc10810cac84cd2c442ee1fac59fbe607e4f267f35e0187bd,8d82867c14c79d626bac2ba761e1b595654cedb1631a71a98850de5147f093cd,c281141db4c6e9c0888023cd7b96524c0576a85bbd25670a541fb4854e9d3e7d,,2499eb5c795c3e55e26d3b59299e96a14b484ed4a9bc3c99066d643bd4aeaa79
validation__ace_selected__proof__amc12a_2020_p21__seed0,validation,ace_selected,proof,amc12a_2020_p21,0,False,False,0.053058759999999996,0.12204519999999999,24,24,498350,383258,18646,e66c5939f05d38baf07e1faaa2da6b9cf22d05840126b839c0e55d8dbded20fc,7a226242238212b805f501b5f0a394fd335f9de20c236834cc0e5104dbef1408,355dfdbf3e21a17c08b6a4b383e1df27e3f6933231618f6f00c661cca5d8a4a9,,3c78e89b81bf6552a6510088aac4da4cfcb444a8714f1605b6d06a250d3071ee
validation__nonace_matched__proof__amc12a_2020_p21__seed0,validation,nonace_matched,proof,amc12a_2020_p21,0,False,False,0.05178948,0.2085666,51,51,947727,870984,15851,,0f8af0d3683412a7d549d28dbd8cb3a1b17e275377244c9f35bb1681870b7366,41cc08fc2dda8c6ce359ce9386cb3dd6f86c9790134ce8d5993706ab36be7312,,a717877f4711f2f897947981bafaf9c16c77b96af417f2482685eb439b8c64e5
validation__ace_historical__proof__amc12a_2019_p21__seed0,validation,ace_historical,proof,amc12a_2019_p21,0,False,False,0.0340322,0.10407559999999999,26,26,482770,389130,6268,6470581f6434fdcbc10810cac84cd2c442ee1fac59fbe607e4f267f35e0187bd,8a4babc35d605ad9fc68e98cde39bce3bc346e9fafb6ce78e0be4e2a5b0dc82d,6d97480267ca1cff1a4211469c5ddc291091a0552176fa41fccd16cc3911e0d8,,8fe0251fa6f6eeadd1272f9450efa3aa0ab460b4779c22cd5e333666f27c37ae
validation__ace_selected__proof__amc12a_2019_p21__seed0,validation,ace_selected,proof,amc12a_2019_p21,0,False,False,0.06690108,0.1413282,29,29,637947,413484,11449,e66c5939f05d38baf07e1faaa2da6b9cf22d05840126b839c0e55d8dbded20fc,4e74d4eab118de1bc36122c9a6fe47ce76c3b63115169b6df7f8ef4e0bafd16d,fc860ec1b49ff3c658b2f8bd867c20a43230383a025f3a513b97c1ec12ca3435,,9bde2be6461649c60419769ce2d6466bd9a6e176345116ebf8f4bc7dbeff61cc
validation__nonace_matched__proof__amc12a_2019_p21__seed0,validation,nonace_matched,proof,amc12a_2019_p21,0,False,False,0.06855056,0.16683019999999998,43,43,779737,545998,9069,,a438d4cea4778cf4ca252fdc22d3082b0a725f8c2d7500511ab145509aaf8070,d3497822bdc96cc3bb778909f4e7ad39bd022783e428fa284dc64c66964dcdbd,,f6de4d879652123586dc0486512fe235b803d1aa39594c68b6aa6bd83955b474
validation__nonace_ordinary__proof__amc12a_2019_p21__seed0,validation,nonace_ordinary,proof,amc12a_2019_p21,0,False,False,0.03655494,0.11647619999999999,40,40,518241,444007,10690,,601734a5f6941873c11f5489e3e8965f1521b52dd3cacf7b6fc5f4fd23b6cd03,b72c092d569c65f6c5a87497159bcec814702f7821dc79c8672dc95e88f27588,,45d1e513d2d702c8cbe5e13fc11bc0b1a5a6153a1a0d849a1207862ee875f614
validation__ace_selected__proof__amc12b_2002_p3__seed0,validation,ace_selected,proof,amc12b_2002_p3,0,False,True,0.016377779999999998,0.0509574,13,13,232911,192109,3646,e66c5939f05d38baf07e1faaa2da6b9cf22d05840126b839c0e55d8dbded20fc,a47ff82166fa644eecab6ecb82c35558dbe8b23cc2ab64539d0954568966afd1,d44e38de789de2c4ee1821a3575810611428c06cb1d0db7cc1daa8cde4e93dac,d417640f4651c085d5c8b5f7765e72c718a55ea844816266ca9d4bef47d1dbdd,0219632f1d9642531c7c7b6382b3f9e51d82532a6cff5327cdd4acb66780c82c
validation__nonace_matched__proof__amc12b_2002_p3__seed0,validation,nonace_matched,proof,amc12b_2002_p3,0,False,True,0.00539216,0.0100484,5,5,40510,25868,1622,,5f58c476546ef2b7ff0b1cde4b74742228a6b231e8d2e9cdb7bedadbbaf51f98,6b859547f609e2c64f350193587558db02e1b6d6e381c1c0d1c8b15482a87007,61a5424e6d431ec3061d7f54e44dc5c035b5c2af3cfe41ad27222477a980998e,b53d0dc5bd43633ef479660670318971bab9139a11cd8ce28fd8a000b12a4728
validation__nonace_ordinary__proof__amc12b_2002_p3__seed0,validation,nonace_ordinary,proof,amc12b_2002_p3,0,False,True,0.007436419999999999,0.0157886,10,10,61495,46401,2908,,5cc1b22eaec6687cb0607e709d61319863d4caeff18731def176e0a0e71c4cf0,6046a9852f2d06be158e11942168a0caeb693114ecffa61b15d953626394d0da,7bbf022f3f0838fd20b70ebc223e58069b0edf1955b3add4878275e93cdff3ef,cc37a015ead844321c9f6c4bbfa6153f76f4db1e5843f2051f4ed4bd59dcbd8c
validation__ace_historical__proof__amc12b_2002_p3__seed0,validation,ace_historical,proof,amc12b_2002_p3,0,False,True,0.0082872,0.0186102,7,7,76875,57350,2696,6470581f6434fdcbc10810cac84cd2c442ee1fac59fbe607e4f267f35e0187bd,c9ba753794afacf265d9da58d4b599745eed737b37d767291b958fffc03b2380,b74b1687e89860d447538d47bb367e4db70626046b476813c131c8e7807e8639,74560c119f17253790ad008ca5378fe5f7592c9ae10a0be3d84f9782732bee05,3a32424fdb22ef69a87007ad744bc49f1305e64ef2ca3df152c151ba03f3160e
validation__nonace_matched__proof__mathd_algebra_214__seed0,validation,nonace_matched,proof,mathd_algebra_214,0,False,True,0.00123088,0.0021693999999999997,2,2,8099,5214,458,,4508082b65288b1a8ae5574de2b901d27c31411bd8c5539026844bfd41be208e,794e6e5e236f1386ae76d1a0264e42a35ca22e0b8979c356321cd3e0fa91268d,cb6a5d84348b6dfe717c8bf68a0c6781bcdfda8ac1106d58e54b18aea9bbf76f,0c301af5e521a8c988520752ecfb69e9cbca8182650a376d03f6cd169035ae3f
validation__nonace_ordinary__proof__mathd_algebra_214__seed0,validation,nonace_ordinary,proof,mathd_algebra_214,0,False,True,0.0018040199999999997,0.0029706,2,2,8139,6481,1119,,c0d71b3238bed4ac0ba7730766c07c8da67fe9243f02f6c52f49b2ceee201c28,cbc2f04efbd14bb02e3b6bf6eac4325403e2cdf11218459555b811782cd2a1b3,3e1aad231da3113e4a5b45bbdbedb6b7b3907dc10bb01b43e35d25f9eec7ea5b,4cd04c6dba7871c049875e649fde500fb6ad644666dff557f7088a347e0f123e
validation__ace_historical__proof__mathd_algebra_214__seed0,validation,ace_historical,proof,mathd_algebra_214,0,False,True,0.0007970399999999999,0.001656,1,1,6072,4772,368,6470581f6434fdcbc10810cac84cd2c442ee1fac59fbe607e4f267f35e0187bd,d034a5964f6de09e586cf18efe9edb2031bfbd914680a216fccb818b2c8370d8,4e91ee8a084c91cd73aab8ceb2847c41e18a99278c6afb6bfd3b2c77e84e555b,cb6a5d84348b6dfe717c8bf68a0c6781bcdfda8ac1106d58e54b18aea9bbf76f,ac0abb2a75fd054f7cd7ff27acc290f221e02ec4503c10e091e141d5c354f37d
validation__ace_selected__proof__mathd_algebra_214__seed0,validation,ace_selected,proof,mathd_algebra_214,0,False,True,0.0008010199999999999,0.0026893999999999998,1,1,11791,10491,276,e66c5939f05d38baf07e1faaa2da6b9cf22d05840126b839c0e55d8dbded20fc,d114e02a12ea625fd676865e871536abacdd2172076b71e2564fb4f40a7d4e97,ba9b7de887d70c803cb0685d1d92c637bd3f8b8be94c48141a8cd74fc0286572,e60fdf2cada964c4f89edc1fdddefeff972b9d713fc56309c692ccc75c16de5e,629d60d24b00fc7677ccd17773571440151ba82a07f3c2da9f3643fe47ef7d2e
validation__nonace_ordinary__proof__amc12a_2016_p3__seed0,validation,nonace_ordinary,proof,amc12a_2016_p3,0,False,True,0.02497214,0.0409646,10,10,168157,88847,6111,,659c201d7b87bbda04bb2378a1d7127f093a9d624d7b8241e0c011e95bdb7042,7497fa106069859879e36a748cf4ac9f24ecf3a0c0f38f5e3816ca50791e6c27,c3e31f4f0f3cd24723a8abf36650206d02fcaa9d1c362df7638b1d38907350e2,eb7b9bbbd667216a2b817b5f0b7747dec5d3b7e69ed2047050b8e78389d3c7a9
validation__ace_historical__proof__amc12a_2016_p3__seed0,validation,ace_historical,proof,amc12a_2016_p3,0,False,True,0.02896644,0.0450048,13,13,185076,89102,6658,6470581f6434fdcbc10810cac84cd2c442ee1fac59fbe607e4f267f35e0187bd,6c4f7ce6c98c56feaa1600130c80e513ba3e2f91327e30b57e1337eb25854f4f,fcb8946dd09c6718eb51ad03cbaadaa1e0d55ea021a2678813aa9697ef447f33,52478694a8b74461290f557a7aed97216d6f8f0df98b26faf00461816613048b,730e4cba7082db93fdd10c053b627f3ba4343a4f9c69cc381006a0c5685a1958
validation__ace_selected__proof__amc12a_2016_p3__seed0,validation,ace_selected,proof,amc12a_2016_p3,0,False,True,0.02955006,0.0777312,16,16,352236,267673,6070,e66c5939f05d38baf07e1faaa2da6b9cf22d05840126b839c0e55d8dbded20fc,76943103ce04aa53b593252338ffbb1dbe45a60befada9368b0def96082a6578,72bd17d58cecc5e13c3a53621caf00c21ca52435cac9fd74007a1386fa6c0f3c,e7d8a7a81b81a7d7ffc50b4c4683ad1ea8d2b55de6d6c145362a3397b1128d1e,b12f9871927929a4895e524296141a67c4f0d1ca7ed9b2de8f6cf533d09f6b7d
validation__nonace_matched__proof__amc12a_2016_p3__seed0,validation,nonace_matched,proof,amc12a_2016_p3,0,False,True,0.00830216,0.0129026,7,7,43561,25558,3492,,8234607a468afd2fed30745eb3099569c7f5abeb10790c18be086ef27f648215,65aeb570533c705729ce3870f1c8b9243ff0db564d61d87a51759ab9c519f2a3,d51992e0c1e5de9614f4d608f1331fb326ba0a9617ac917184c7492077f5a09c,44add30ed5afec7d09b894539e574224e107f72531ac5dd969e4c25b5436c9db
validation__ace_historical__proof__algebra_others_exirrpowirrrat__seed0,validation,ace_historical,proof,algebra_others_exirrpowirrrat,0,False,False,0.06253206,0.2544936,62,62,1164336,1066453,18022,6470581f6434fdcbc10810cac84cd2c442ee1fac59fbe607e4f267f35e0187bd,1ebd076a9544ecb686e3ec09bb984004f937b0034527d4dd5de0e4ba797fe688,54a4fd906b983a83e5a1a52a18b29f876c6e43c43061de1f6127ad80a3351980,,bc82aa8c6025f5d117f981a64a8317b9f0659bffb45ad53672f1916c37ca2191
validation__ace_selected__proof__algebra_others_exirrpowirrrat__seed0,validation,ace_selected,proof,algebra_others_exirrpowirrrat,0,False,False,0.06414702,0.2125194,39,39,969723,824291,15479,e66c5939f05d38baf07e1faaa2da6b9cf22d05840126b839c0e55d8dbded20fc,220187aededcd130c6f1aa033857a02189b0ae8fb6bcb83fdac31c676cc345bf,d13c7b9272db6bf41f722e52f8b285a27733b1d6cb501376f4f8549425a2fdd5,,7cba420b2d405a0275d809f5a0a6aee1098459143cbceadbdaaeb605b84ceaeb
validation__nonace_matched__proof__algebra_others_exirrpowirrrat__seed0,validation,nonace_matched,proof,algebra_others_exirrpowirrrat,0,False,False,0.06650302,0.1415956,30,30,605024,417181,17159,,d57b7147fd0c4347dfffd5518aab046d05e9a3ad40b8c217b596fe1738300932,8158a2b521a0c86eb50f5cac02d82c31b5f68ad4c46826489fa840c0044544aa,,d63a7edf6e2b79fcf6adc99d91ad75ebb6e3a0b12f3a4841b1c5f66a35c644bb
validation__nonace_ordinary__proof__algebra_others_exirrpowirrrat__seed0,validation,nonace_ordinary,proof,algebra_others_exirrpowirrrat,0,False,False,0.03800324,0.0616286,21,21,213211,131252,15822,,400deed75ce577aaec8a87b4b407373982858cfc8033db516bafd30c2caa4b06,cc4187e2b31b54c4a900d7d5495f473ef9c88b61323eec58e9597b905c05f921,,8d437ff443fb22fdf80bd977c134ad5fe0de289193d21a4d37417bdf76a63302
validation__ace_selected__proof__induction_prod1p1onk3le3m1onn__seed0,validation,ace_selected,proof,induction_prod1p1onk3le3m1onn,0,False,False,0.06534318,0.11017199999999999,19,19,448488,249049,17062,e66c5939f05d38baf07e1faaa2da6b9cf22d05840126b839c0e55d8dbded20fc,f5cdd2b739f5e9a9def59ed7dae012ac9c23ce0e82a8f84a50e16414baefb0a0,5bcd2cb9cccad73c8e48e6bcc823b5850199c4afca128c3fa0f668005138af9d,,87c31f894193d3ec2602a98170bb2ab5e72750198bf8456c56b7662c27b3bc8e
validation__nonace_matched__proof__induction_prod1p1onk3le3m1onn__seed0,validation,nonace_matched,proof,induction_prod1p1onk3le3m1onn,0,False,False,0.06857242,0.1190734,35,35,519275,280561,12682,,f7cb5d1266de35fe7b65a807c136dfb006b682025e1b4080acf7c0d97624e350,ea6e7ad9b8c5ad1654f7ee63db517f57bdfdbf53d3f57fb99a56a1143f321993,,837c3715ade9d345fffca8058309b6a4a6dca48853a971bc77aa0435d1fa8943
validation__nonace_ordinary__proof__induction_prod1p1onk3le3m1onn__seed0,validation,nonace_ordinary,proof,induction_prod1p1onk3le3m1onn,0,False,False,0.04253756,0.088979,27,27,374077,258008,11803,,6b844d83aff587e09086425486df0de404f6ec11fb8d59f3ef3f0d342db16d25,bca779cbe4221b7d5680a2b38803f1d0b82acca6b806523330884dd52b1c12a4,,e3e9ff26eb21d595704c5e894c4c15d5fa5f97dd32750eb9acdd3b576e4d292c
validation__ace_historical__proof__induction_prod1p1onk3le3m1onn__seed0,validation,ace_historical,proof,induction_prod1p1onk3le3m1onn,0,False,False,0.06766589999999999,0.1183134,26,26,505497,281375,14345,6470581f6434fdcbc10810cac84cd2c442ee1fac59fbe607e4f267f35e0187bd,ae1fd0c8c017aac24577dbebb5fbd71da4731fe43b389d58dcf198be790b20aa,cc798e2f91e25544a343dca8e48f181b6436d3e5569f4a4e6a72e35cb022236d,,642c06131b095941754def775a5d010018ec53c996bbe82cc827e51316392c57
validation__nonace_matched__proof__amc12a_2008_p4__seed0,validation,nonace_matched,proof,amc12a_2008_p4,0,False,True,0.05152974,0.0743514,23,23,290883,126787,13479,,fc1b2250915d9a42992a4cae0fee152296af510fb3a3aaa595825881816462d3,0b2124caab00cdb418773d7bdd4a9df00f8f51e580b15fc762ec9fc637973039,f6801eda299175d591a275b05b99f9798cf5358e2d2b0c871be34291c4601f1b,6780a3014efe736f5b7857e3e74c843fc80c2015b608de719e77023913490110
validation__nonace_ordinary__proof__amc12a_2008_p4__seed0,validation,nonace_ordinary,proof,amc12a_2008_p4,0,False,True,0.00933694,0.013330599999999998,6,6,39065,22187,4598,,f34964fab5bca3c741426f5ec8a1b8d759f944cf8de333e47d35ebaed953c1b5,8027341b70501f8b2a4852ef17a8fffc7dec02d4f31b01b372e45270541bd403,9a1f6a54115a5b930b50c57a44031faa41d9dd70457a2fd3ce7cf6cfc412c5b6,182dc290f2991a2bdd4c6cba703c2978942dcbabafaa3e12e1b947b486cb7256
validation__ace_historical__proof__amc12a_2008_p4__seed0,validation,ace_historical,proof,amc12a_2008_p4,0,False,True,0.022139719999999998,0.039199399999999995,14,14,140647,94776,9225,6470581f6434fdcbc10810cac84cd2c442ee1fac59fbe607e4f267f35e0187bd,e2e4ac1ec27e0ca54534e3563fff22ff912707191d064f0dc68064bb5b69c1b9,7df0713ccbb10ffe22b0ad02272e6918830dd04cb22aec2733e892a13f73a50b,fb12a2074a2a0299acf45beaf535af5becb7b0c2a24056f5489a78093d9f02b9,01640f75fbeb746185dca9e4f8db5738f7b0029803410834f9c23ed5a6686926
validation__ace_selected__proof__amc12a_2008_p4__seed0,validation,ace_selected,proof,amc12a_2008_p4,0,False,True,0.04901618,0.08920639999999999,19,19,373804,223279,12038,e66c5939f05d38baf07e1faaa2da6b9cf22d05840126b839c0e55d8dbded20fc,ee487c077b274b99b571a81c238d41c855c587c218fff3c5414a18ee5d0d220c,4a187fe277dfd44406a1afe19b0b29247bfbd96700e8ad24a3dddc17dc092d99,5b4d8b049d05d5fdd0d06ea8f6e2834ca39a0b5ccdeacc228ea0f5a3dd0f25e1,05becd4c2bfea369f985d6b3e04c901099f4f68cd815515f148cb3b2e2874318
validation__nonace_ordinary__proof__imo_1960_p2__seed0,validation,nonace_ordinary,proof,imo_1960_p2,0,False,True,0.038328959999999995,0.058657799999999996,20,20,231297,112938,10332,,d22b1009c94cfbb4476b99f25edcd2b8c4809c75b5429d3beff5693d74ff0d17,a3f28d9bc56ba9445fe1f78d161aed39a0dfdb7d3b49e1e6b1a384395b8bf4da,70dac1d411ae139c1251ac3c130aae008ebc0deace78c460372bd967edf8f4fd,56472942caa2f99b8e270e941d213a74b453cf54429bafbebc7678fed5eebd34
validation__ace_historical__proof__imo_1960_p2__seed0,validation,ace_historical,proof,imo_1960_p2,0,False,True,0.00894642,0.0169062,8,8,62487,44221,3674,6470581f6434fdcbc10810cac84cd2c442ee1fac59fbe607e4f267f35e0187bd,5a8ef5cfd216e8f63cfdd895f98e9fa11eff1ea6a095a0898a330648969926ef,8d8b485cb05c25c52012d2392e6a95369a7f9db7b80d125b1dc852cdf78e7ccd,1ea27e4493b960f1cd1624dce8617ec8c7e5776d12a44de4d71097cd21169576,d33fa3045f1c74ab02171498be4143b40adde174ee2777a1369cdd365f047763
validation__ace_selected__proof__imo_1960_p2__seed0,validation,ace_selected,proof,imo_1960_p2,0,False,True,0.03813,0.0729348,16,16,295878,193360,11466,e66c5939f05d38baf07e1faaa2da6b9cf22d05840126b839c0e55d8dbded20fc,6431b9bbfb40718ac7f7c312a57b0bba09210e3b245cb5e892065a4722a0e0bc,2ddbb14d96eadeb4ac8d79dd07bf21af3acbddc811ad03ab9943d4c5fa5dff3b,f048365cd6e6dd34f357c11e67d059bf7916820a69b63dd120177ea7341e6928,9d608260a1014cee5066b2485818b2d69299aa421681d7922f8fc10e8ac7e95f
validation__nonace_matched__proof__imo_1960_p2__seed0,validation,nonace_matched,proof,imo_1960_p2,0,False,True,0.0051151799999999996,0.0086862,6,6,30945,19839,2081,,eaa4b0ebd95b93707848edb6638f8ac56cb5d8fff310980ff8ee3ed82c31df33,a2c67088ec1c7feac3b1b16ae2ded0cd7031238ac32614286c3b6797ba17f3fd,1dbde136450cd0a8ad3d951d07f6da51e34a2146f3cf5e7fcf53e6516a8c29ae,93f541d3ad7feef1ebc093552cf0edc1cd003bd463edf924cce0b7ec208f6497
validation__nonace_ordinary__proof__mathd_algebra_282__seed1,validation,nonace_ordinary,proof,mathd_algebra_282,1,False,False,0.03711302,0.1056068,27,27,474820,380521,8869,,af7f3a39108a5be8f2eaa31d4e44d33410321899d915fd84c435b9fee8f650c1,a869093e383370a62206d88986562b5d0240a38fa28b158ea3056fb5dab0fe67,,63cf5b796e0045072f4c73fb54d5a28c809428bb8ce4fa25aed0e748e4905148
validation__nonace_matched__proof__mathd_algebra_282__seed1,validation,nonace_matched,proof,mathd_algebra_282,1,False,False,0.06287968,0.1327834,32,32,590285,388354,12272,,8084747c53179d1742dcf4db56ae9690477602d67fe27a416034982f353a0d8c,de77f54f8244c2a766e048a600b22859f5d86a58f54bcd8aa58e91792a1987e2,,e021c37ada451abf84f059bd691958edd04dcd1232f593d5205cf1ca06df24cc
validation__ace_selected__proof__mathd_algebra_282__seed1,validation,ace_selected,proof,mathd_algebra_282,1,False,False,0.04915388,0.3210356,58,58,1566688,1510454,6415,e66c5939f05d38baf07e1faaa2da6b9cf22d05840126b839c0e55d8dbded20fc,b4dd5a3efa2948524ce40e0f7452dd132d4370bd10536ced464881be1f259de1,32ba354676aedde48e1200de3cb5a6dd3f381176870723e4cb868d81ea0b0d08,,b673e30c378e490ae4bd4316d45a0cd8718d2fb6f10cfa56be5f4fa00969f59d
validation__ace_historical__proof__mathd_algebra_282__seed1,validation,ace_historical,proof,mathd_algebra_282,1,False,False,0.048698860000000004,0.2747236,52,52,1316666,1255693,9492,6470581f6434fdcbc10810cac84cd2c442ee1fac59fbe607e4f267f35e0187bd,ac8539e9d1c0451d73afad549abf66109980badafb6383712b2c27e10386845c,db40e9636f66049de639464c83420849e8152ca5614bb7d8e71b2241d9759bfb,,decb5d2625a577f63cd2f7ef61c5d640777f6281d7e6cd958229b5fb7336b956
validation__ace_historical__proof__mathd_numbertheory_33__seed1,validation,ace_historical,proof,mathd_numbertheory_33,1,False,True,0.00061968,0.0027533999999999996,2,2,12135,11854,272,6470581f6434fdcbc10810cac84cd2c442ee1fac59fbe607e4f267f35e0187bd,1a38d02973369767e0ddab89cdd0aac55312553d475aee9907616f1356fe37d2,14337b8b4d7a3f658c2748255c3b5066d55d00c9e8ddcbf1eaef0e8a7ac3b7bd,6b94dab8dd80316c060abec75d099eb727e0cdd8e0928e65fef2e7eee6b28255,c3a65b957afd9fec0ca45b351e8316a5bb46735c822f3a2297dfa9b03b2bd974
validation__nonace_ordinary__proof__mathd_numbertheory_33__seed1,validation,nonace_ordinary,proof,mathd_numbertheory_33,1,False,True,0.00229882,0.007504599999999999,7,7,32051,28921,912,,68203d9ea363fa76a368811eb42979006b43ba53db0f360e668cf8d1a5676cc0,1fd8d9e27762713b7c03f0c7dec5cf154c73a8931377ffaeb65872f8b9e745ac,99d0b7a047a0def3d04a3bd97fa417f19d9a1f4a11e2c351dd12e1a1aca1623a,562aefabe4dded0896eb34d15396a9edd2a69134cd449fff2e8300907d62b6d6
validation__nonace_matched__proof__mathd_numbertheory_33__seed1,validation,nonace_matched,proof,mathd_numbertheory_33,1,False,True,0.00251756,0.0069272,6,6,29224,24498,902,,bb0d9f5ac3a119ba34ad5b5deb38629fd370ea93b0c1666e417a9c14d9386319,d795cdefc6a4192c4379884be7c2b1b376881f2be9148bd0e2a844df71cd4ffe,6b94dab8dd80316c060abec75d099eb727e0cdd8e0928e65fef2e7eee6b28255,2b7794fe740a1b0f3cc09c1532e57f52a69bd6b367d75d82bc22f05b32288ba6
validation__ace_selected__proof__mathd_numbertheory_33__seed1,validation,ace_selected,proof,mathd_numbertheory_33,1,False,True,0.00094944,0.005142,2,2,23580,23292,355,e66c5939f05d38baf07e1faaa2da6b9cf22d05840126b839c0e55d8dbded20fc,f55cfa7fcbc9da428109effd1ab2cd04ec33651364f3d0a44f72ab7abf3c35ca,8d791ef85f83dd17a6ab6adda7d7a7533ffb518d9fc268b8988948c46af2f1ff,1d02862647bdb857fa8eb1abadae9e7972bf1927c4d13c8f161247c8e286e641,f7d87082f556153883775ada9147d43114e1fd7642b1981c428f286bb1c6b0ad
validation__ace_selected__proof__amc12a_2002_p6__seed1,validation,ace_selected,proof,amc12a_2002_p6,1,False,True,0.00042822,0.002538,1,1,11724,11721,161,e66c5939f05d38baf07e1faaa2da6b9cf22d05840126b839c0e55d8dbded20fc,d5c4828bc701183b2c3b5c385f6ada7277f21e8ada70a3ee51188397c9b94db1,bfbcc028758b7207a4d876a444f9be9c162e4a5da94745649f84f9362a40e348,f151ccf90ce70a9dae5c174c05a5b251eddb49c716b3c71d0f538e5c887f5c1e,b0b3cba6708e9de8dc29a20543e251a5117bd772518ec0f7bd9bdb7f2b249a55
validation__ace_historical__proof__amc12a_2002_p6__seed1,validation,ace_historical,proof,amc12a_2002_p6,1,False,True,0.00034983999999999997,0.0014302,1,1,6005,6002,191,6470581f6434fdcbc10810cac84cd2c442ee1fac59fbe607e4f267f35e0187bd,55dd226da8c8261e4e22896bcdfe7d6fe44bb32c3ec4a2eda263664fac934f79,1c116f180de617bc92ab890063af80772143fec1edf5cbc93bb995bddf329e11,21b7cb2e212bc39d0c7ffd91d76d812acfc563db734029e3278c03b756a3148d,a243b587175865e9b38c6d7f8d01321ea888379aebf432aa764b2589a29c8237
validation__nonace_ordinary__proof__amc12a_2002_p6__seed1,validation,nonace_ordinary,proof,amc12a_2002_p6,1,False,True,0.00022914,0.0009144,1,1,3810,3807,127,,bb42dfafcfa364d8045fe9ee86464c6c0fdd375282f748ce744c1b6d47b026e3,598b8df290df1d33ea04d8513c2a599580af709fbc1b52017d4ab3309194876f,21b7cb2e212bc39d0c7ffd91d76d812acfc563db734029e3278c03b756a3148d,dc4da33af0a2a462e708b096d6b5e9b508ab691fe11c809f207a07942e244981
validation__nonace_matched__proof__amc12a_2002_p6__seed1,validation,nonace_matched,proof,amc12a_2002_p6,1,False,True,0.00016914,0.0008544,1,1,3810,3807,77,,d15a4ab36f1fbf999fd405ba8bbea297bef39d5df2342b3a36f5bd747a12eebc,39987e60032fcba067f01c6633259a6408ed88afbe8c195ebd52e4f06a8ff79f,21b7cb2e212bc39d0c7ffd91d76d812acfc563db734029e3278c03b756a3148d,2284fbdb17681e185ed53190569d5d139562da48940b3bf0429121d7b0c4ed99
validation__nonace_matched__proof__mathd_algebra_433__seed1,validation,nonace_matched,proof,mathd_algebra_433,1,False,True,0.0028001999999999997,0.005572199999999999,4,4,23043,15400,803,,8394d31aff84183dbd70683f3abb3367cb43c2601c8535005315df7c1293523d,ee5839acb6855297db42aa2d33e27c159a6a566c2b2668ccfd8dc06ec16ef6a0,ed9f7c36850a539a034ce0e2c6331037e74d1689cc41d8c7fa2bf2eba4de818c,fc2413dc0cc2c3982f810c4009dbef267858d5c714fc8568275405a41942cfcb
validation__ace_selected__proof__mathd_algebra_433__seed1,validation,ace_selected,proof,mathd_algebra_433,1,False,True,0.0022671,0.0083412,3,3,38028,33745,613,e66c5939f05d38baf07e1faaa2da6b9cf22d05840126b839c0e55d8dbded20fc,96501e2d28c59c5971bf6a3df370ef54dc80f63e6905f01ceee3983b00116acf,d00b372071c032b1261acabd8cbf10c48ee3eaccfe224ca8ce92893d27313f31,df79915acce5ae3dc7270104f7834fce744c5ed23794287c924f5d9884da7476,4ce20f8a25cf6cc5f0901acce6d1c5cc036fdabb325890ff3e15c10afbd95c78
validation__ace_historical__proof__mathd_algebra_433__seed1,validation,ace_historical,proof,mathd_algebra_433,1,False,True,0.0035468,0.007897399999999999,4,4,32005,24170,1247,6470581f6434fdcbc10810cac84cd2c442ee1fac59fbe607e4f267f35e0187bd,3f652d767950c0502012e5adbf2cfa7b0589afe20923c4d735226c152d1b1be7,0e58677e3e957e5a5bf13e02df53302be029ac549b55112348c22b37b8ebfd92,51971d3bcece43a8f567d26f11ab81eb55aeba9ed03d6af19c42473ef545120d,519dcba182d98501de52d7ff60e112476a89c5e4164488deec32745437f8357c
validation__nonace_ordinary__proof__mathd_algebra_433__seed1,validation,nonace_ordinary,proof,mathd_algebra_433,1,False,True,0.0021107,0.004637,4,4,19471,14035,619,,3fe5a88e7ce62d8fdc4d69f9e25c31e4ae4c30875caa26e98eaaa6271294e79f,63c4de019ae377075c78bed40907302c22e9dff472947e1c31a38022ad5c8850,9da3288c55dbe11b0c19380c3936a7e96ad7ae050cf71590607a26515ea58f77,17025361aa8154d36765341dc10aaab162b86bb8ff481b2f1f738f70db6f8526
validation__nonace_ordinary__proof__mathd_numbertheory_43__seed1,validation,nonace_ordinary,proof,mathd_numbertheory_43,1,False,False,0.0425458,0.0990316,36,36,412010,313810,13858,,3611d833e6639b87b618f2dc535059973ea234325cebdec6b2287eab55067cc1,09a4541df63d29e3091f518cc3aa92f81c2005897ddbb9d7f3b02f4fc980f012,,093243571672cebb7131f4a15c8abf5bf24a1304ad00abeab599cc6ed22c7211
validation__nonace_matched__proof__mathd_numbertheory_43__seed1,validation,nonace_matched,proof,mathd_numbertheory_43,1,False,False,0.02071122,0.0440286,19,19,168111,129541,8672,,00f0af5b75d698a93c696f9d18d00a3ef16f30763b9906d6225e2b9a7ef2897c,34dc9a809a249a7a842744b04ca11659cc6e2650b5344e774c46288005c2e940,,1ac1faead3e566473ca2cf3532b88457b196dea30d1392536f934c6cb79ec166
validation__ace_selected__proof__mathd_numbertheory_43__seed1,validation,ace_selected,proof,mathd_numbertheory_43,1,False,False,0.02537526,0.08527259999999999,22,22,372723,332763,8940,e66c5939f05d38baf07e1faaa2da6b9cf22d05840126b839c0e55d8dbded20fc,4b6172acfc4e5a602d19e3bde1d2fccc5a48f58fed900d7e18ca8affff5331b9,4a75aaf8e82aea2b389c1e270bf02f1c8130efe5acc12914b41e1c37ad8ad888,,90a61652214301d8cf7622289240e5970b7bbd4f42203ca6771f7f7a62f27fea
validation__ace_historical__proof__mathd_numbertheory_43__seed1,validation,ace_historical,proof,mathd_numbertheory_43,1,False,False,0.01896928,0.0551266,17,17,243431,200874,5367,6470581f6434fdcbc10810cac84cd2c442ee1fac59fbe607e4f267f35e0187bd,8a904d249fba53fcebe3befe8bb081d164ccbf10412858784a289099aa71fcc4,6951d098e30bea9cfd366f60e1d3e7e9b14f3b139a6eebd56ec9ab0a22a903eb,,2961b44a31db74cfb49688c3369caf58e80b40cd100947f0e75eb94218b624e6
validation__ace_historical__proof__aime_1991_p9__seed1,validation,ace_historical,proof,aime_1991_p9,1,False,False,0.06572056,0.1002514,21,21,397433,191838,17304,6470581f6434fdcbc10810cac84cd2c442ee1fac59fbe607e4f267f35e0187bd,feaaa0f398067a87966a46c7e2476f2bca612f0123700c1ff7f1803ef284facd,68d8cad832aa55ec559a8f9b3817e46c7d78eb16f0a67308851dd56cbdef1dac,,927999ab8677cfa59dfd40a753cb85c50415f0bedfa2abd4748a521b2f5225ef
validation__nonace_ordinary__proof__aime_1991_p9__seed1,validation,nonace_ordinary,proof,aime_1991_p9,1,False,True,0.0256686,0.0409272,17,17,159354,84770,7547,,ee6fd0860cdc31b995c4ad39c1feade2e59ac1f1b476d9079da12358ab646e4b,ab9875bd67b4bda12144c852d2cc683f977ed7afe2759d59783b409ea153a731,826a2877f4274ade0df7bb96a36a9e7dd4e221c25042c7787245393cc20e3650,230bf608ea15902958c572d0b4e914d3ce0df3bfb39c096a2d3059028d96e2ab
validation__nonace_matched__proof__aime_1991_p9__seed1,validation,nonace_matched,proof,aime_1991_p9,1,False,True,0.0614604,0.1033968,30,30,428106,232980,14813,,a96682129325cca0cb1dade87e5eab31677ca17c34b4e6311633fe9b28a18f2d,f8f5031e44792e0005f92386a62c5c455a9183dd1aa6d8648a9deb8f4dea60ed,894e79102d72d70f8a7c8e402d916d2595bdbca2d449b88dbf8c3b468de741d5,7bf4f2b5ee11a6f6c05ff83815d09d378eb9bcecba8a4c3c6b012ac663491276
validation__ace_selected__proof__aime_1991_p9__seed1,validation,ace_selected,proof,aime_1991_p9,1,False,True,0.0508641,0.18554099999999998,38,38,844353,748205,13892,e66c5939f05d38baf07e1faaa2da6b9cf22d05840126b839c0e55d8dbded20fc,ce2ccd412ab04d77e991fccbfe719f64a499abaa629db8b3847220de8ce910fe,b46ac638b6622524ff21700f8cebc6eba0bcf7f32b04f2acdd11de3cc1fd2836,a76ee6276b4775309136c9478a011fd90884f1b52999ca47833d219de8178251,67e2d7701b4a2ebdcc5a46ef6087e765f0f5db413ce848770ea461b9332d9017
validation__ace_selected__proof__amc12_2000_p12__seed1,validation,ace_selected,proof,amc12_2000_p12,1,False,False,0.01333504,0.0451738,13,13,190625,176882,5874,e66c5939f05d38baf07e1faaa2da6b9cf22d05840126b839c0e55d8dbded20fc,5d20c7ea12d5ae281974291ff09bd5d887b4f88d652bed649a5749174c6bb17b,46eb59fae07243f51a17cab447474779828d6fcda0cda30ca3c36bb679dd229b,,8eca5ba2a1bcfd211b609ab613b4c0123792d1396dbf3d5c24e2943a387b535c
validation__ace_historical__proof__amc12_2000_p12__seed1,validation,ace_historical,proof,amc12_2000_p12,1,False,True,0.01629604,0.0287884,11,11,97214,69402,7788,6470581f6434fdcbc10810cac84cd2c442ee1fac59fbe607e4f267f35e0187bd,2f75e5405aaf3e0e557e8c1577945bfa3fd861b0e3cafa6dccbfe34ac12ce761,806b442234c01e98dd56160ea42d1e594d834e2f623aa22d35160e3da0a943fe,4f4f7fba76f130f243dbabbdf9399daa9fd8451882a618e558aa7d42c3f8494a,50714a8623718323fab9d01e59279822603bd0f4d2e258920330b78b5e156991
validation__nonace_ordinary__proof__amc12_2000_p12__seed1,validation,nonace_ordinary,proof,amc12_2000_p12,1,False,True,0.01127596,0.018992199999999997,11,11,67343,42868,4603,,576d39d7ac139b61020f90f6c11fb880e57b48e3ae863702d043d20e9afbc4f7,74b057283939c229ff70393cfe85722328095c13aa67c6c765040b518ca46f3c,203ab5fadba3b57a58ed63529fb4f65cd50fe1e9a0512c5f6b33fa5a9ef4f782,19c0d79c0f979e357da2198c184a56d65eff7196e14f48ce16d2bf6a1ae4bdcb
validation__nonace_matched__proof__amc12_2000_p12__seed1,validation,nonace_matched,proof,amc12_2000_p12,1,False,True,0.0282747,0.0438042,17,17,138909,86275,13352,,193326db29bbfccbad0d73b5805a30740f7e4327bb0e9ea2b02e0ad9c3557525,922953b07b6f6fa11afa8c66d90a933b43de7670222c62c353eb68db21c735a2,60aa97098f2d6f13c72795ba8e5ef8a21beef82237b1f59851ded5a854fbd5ef,1ccc10c71568ed52cccf226fc7f5b0938f6459557363ed0805c6d46fba810577
validation__nonace_matched__proof__imo_1984_p6__seed1,validation,nonace_matched,proof,imo_1984_p6,1,False,False,0.01280432,0.025355,11,11,98575,69726,4700,,6675202108a5fdda03ae252f3491fefbfa19870a4b767b3a8bfb7d83fa6cfe70,83966670199793fb53bb62293722c0584251937db87c3046c5eca87b72b0aa7c,,86d41799a3efa8a291892fcd63488d090953b098d7f1d9cc5322cb0b03e97ac0
validation__ace_selected__proof__imo_1984_p6__seed1,validation,ace_selected,proof,imo_1984_p6,1,False,False,0.0398509,0.0939922,21,21,387497,300785,13744,e66c5939f05d38baf07e1faaa2da6b9cf22d05840126b839c0e55d8dbded20fc,43ef1049f8ba507377086f414c808664b95e445bf6ad5612b31f0e8d7a280690,586aa2dd0d397c70bac489791a2f7908dc129bbb7eff41596d97b9a312746bc1,,cba770805ea97151c1d833fc3f3cc391e8a1673901dea30186494ff3813f0fd2
validation__ace_historical__proof__imo_1984_p6__seed1,validation,ace_historical,proof,imo_1984_p6,1,False,False,0.03792922,0.0858274,26,26,354605,266101,12422,6470581f6434fdcbc10810cac84cd2c442ee1fac59fbe607e4f267f35e0187bd,d79b62addaf3af411adbc6f7f3e85f6c9a86e1b5d34711a2cf340001b52f8698,f069b53ae51a28cb1166135562cc18363723b8b0094c9f1f898fae4e99432017,,c3cc91e7b696595b48324eb7f74c6b25c3671fccdd0f4f2c9962641354bc0fe1
validation__nonace_ordinary__proof__imo_1984_p6__seed1,validation,nonace_ordinary,proof,imo_1984_p6,1,False,False,0.03915476,0.059834599999999995,17,17,220699,114888,13079,,0934992fa94d68d95fcb31a25fddd043a48215385d7d14b711b7d33ea8a0f47a,71a6824666fc1221d5dcf5b4cf4c2000fce2cbb68c3cc2139d121add174e7289,,5d6b727866d2138d09d4948fe6d2de677d658ae37e2ca1ed11968cc199772a7e
validation__nonace_ordinary__proof__mathd_algebra_251__seed1,validation,nonace_ordinary,proof,mathd_algebra_251,1,False,True,0.00459416,0.0088328,6,6,31654,23548,2085,,5a96bf0033f709e8695457005819b0dbe35eb0f1c4e10ed281d7d1e4945826ec,78a437d553f4857616d535f26bdc396d91af7464697a6885960df3868f0b30dc,376934881dc2a68d15bdbcf66e2388bd5e90cba2c52aad74bc43c38fe44d4422,310bc889733abb04112b9db321f53b256daf58e8e218f7ce8071c3fbd9361fe6
validation__nonace_matched__proof__mathd_algebra_251__seed1,validation,nonace_matched,proof,mathd_algebra_251,1,False,True,0.0038879,0.0083096,6,6,32086,24565,1577,,4776af1e62e1439db8824156af5e6a2d720e861c5b367b2690c76d31cb08a9fb,82fcf1d107277601281ecfd3380f7d0240ee7a2bc2c392baa25058d72a56a962,9e7d7a8b86b5b59cd111303222d14a88eb4e11ce42a9e88c2fcde8633c251aae,be064f6545e185391e567f9605ed6d7ff39e7d04dcd2ab2d659f9e3359503a95
validation__ace_selected__proof__mathd_algebra_251__seed1,validation,ace_selected,proof,mathd_algebra_251,1,False,True,0.00068184,0.0027846,1,1,11685,11682,373,e66c5939f05d38baf07e1faaa2da6b9cf22d05840126b839c0e55d8dbded20fc,4bb1ec6827de48c73ac68abe9a46d9cdb6ef4d1f03467c54e35153a801004746,3b2bb46d1b20877ea1d14f0bd1625d9886b2cf556914ecd4d714842286f9e4b7,548ed8c5024e7b68db57db3f227a819fa212af8313e5eb8b8142e888a67e4dff,f689f8b24d55f6ecd0eac3203ee3eceb53ba429e8e766edc6a49b9da57c92009
validation__ace_historical__proof__mathd_algebra_251__seed1,validation,ace_historical,proof,mathd_algebra_251,1,False,True,0.00350584,0.008602,5,5,33626,28312,1564,6470581f6434fdcbc10810cac84cd2c442ee1fac59fbe607e4f267f35e0187bd,aba95d2a205db1cedd80c4ae3e2c78d2ffd7f5341a538d5e580e8b22eb1815eb,0836b36ce4fe7d129be7a9286febb979c09a783a117c8eb2eed9c31c4c206e86,2d7392af26b29a25437649765f515316e647ff8d296bde419c9a36a1c8970e8c,ba9a1b545228555a02118dcdec475ac12481ce21120ad536fd9a0715140bb1f1
validation__ace_historical__proof__mathd_numbertheory_303__seed1,validation,ace_historical,proof,mathd_numbertheory_303,1,False,False,0.06267466,0.12611619999999998,30,30,502145,352453,21406,6470581f6434fdcbc10810cac84cd2c442ee1fac59fbe607e4f267f35e0187bd,f092b9595f09c3a94c8d499a2b6861bb0eb6718a532f76059f9a50230d256cae,4b4dcb54c19aa4dd12d0d779c32fa7691da602989885f4e3b836d82f0132103f,,0f142fff68700694007e64de7c2628e7ff9785c9cdcd0e4ea75caba50dfeebe4
validation__nonace_ordinary__proof__mathd_numbertheory_303__seed1,validation,nonace_ordinary,proof,mathd_numbertheory_303,1,False,False,0.03369522,0.0788142,23,23,318327,250661,12624,,2872b84c8fe75d34523acbe99ae1d250aa3885f99c428d79672a8b5b5481ae5f,248fc06d2350541c95ba472008fc3d5f5bd30bfb37c7ce134be0b748cf941982,,0ad94b077a046515746fcef8128b98ce90e25cf5bea51b56e3ac74a83d693296
validation__nonace_matched__proof__mathd_numbertheory_303__seed1,validation,nonace_matched,proof,mathd_numbertheory_303,1,False,False,0.06175424,0.1138034,27,27,460195,289162,18137,,705b60ad31fa80b3adae93c9d194f55deeafbdd72cfcd2042654fc93575f7a71,a1d7cf48e0873375740e9cb6f3b5cfe3035fc89327d3eaf85f243a900fbf40eb,,64d5e2db51a743ba003ee7716af5cfc9613b14600c73318233abf135a22aceed
validation__ace_selected__proof__mathd_numbertheory_303__seed1,validation,ace_selected,proof,mathd_numbertheory_303,1,False,False,0.06165906,0.1815396,40,40,778980,666003,21453,e66c5939f05d38baf07e1faaa2da6b9cf22d05840126b839c0e55d8dbded20fc,7e83b26461bd600d02782c6b01c348f0451966e844186868f8e52fb9b84314b2,60b4384da1ba214fe7d106024b58b7f8d49c42876b7cdfc13d4272b39ed47775,,a5e47e3ce211e3efc15fe8dda31f3a27b9b4ee95cc44cb9864e811ca87dcfa60
validation__ace_selected__proof__aime_1989_p8__seed1,validation,ace_selected,proof,aime_1989_p8,1,False,True,0.00040838,0.0026203999999999997,1,1,12292,12289,135,e66c5939f05d38baf07e1faaa2da6b9cf22d05840126b839c0e55d8dbded20fc,f9d5a0d24e137e6b57e26396601338e6ebb1c4eb3205e13bae5bcf35d5bada0b,0cc9019bade711853a414e6714d4469fce245e3912201078004b5a02221924d1,31141b0132b1839c70b5fc1c645d7a858cc4e6527a9963b321c86a04648df1a3,ac2f8f99cfbdab370d1b3de6201d081b9e59ef4c5544fcd571204fc29c0ed316
validation__ace_historical__proof__aime_1989_p8__seed1,validation,ace_historical,proof,aime_1989_p8,1,False,True,0.0003336,0.0015161999999999999,1,1,6573,6570,168,6470581f6434fdcbc10810cac84cd2c442ee1fac59fbe607e4f267f35e0187bd,b091660cb054218a76a348d9c330c43664e5e5d0ade5289b5b206e352a90bea6,9b32107d605e5dff151560ff00e613eae6a8ad8cc0895a607d2a7c0f28366ae6,31141b0132b1839c70b5fc1c645d7a858cc4e6527a9963b321c86a04648df1a3,78a23d936fda9758dce373be824091d324b24ed05ab351a7d8332f41b0cc8eb2
validation__nonace_ordinary__proof__aime_1989_p8__seed1,validation,nonace_ordinary,proof,aime_1989_p8,1,False,True,0.0001853,0.0009727999999999999,1,1,4378,4375,81,,f7ded3042624c3aee6582b9ae29ec3ca63461ef08938d012b27c7cf4d05c177f,81b9d02446ebd5046e9f0298fee3227e07a924d0c9e2006bc6be069b0e5a2d7a,31141b0132b1839c70b5fc1c645d7a858cc4e6527a9963b321c86a04648df1a3,d7de0f1fdc49bb933b2b4ed2b1b98d94406579c772883542dac8c0a5386e143f
validation__nonace_matched__proof__aime_1989_p8__seed1,validation,nonace_matched,proof,aime_1989_p8,1,False,True,0.0001685,0.0009559999999999999,1,1,4378,4375,67,,e64d322ad72aecb4fa4d9362c2fabac5c8e018bfd6a8f7e513e924c290743228,97fad0d755950725c9792a1bdf0e3149aa9916ca42bfe8d4e44c9964b11aa713,31141b0132b1839c70b5fc1c645d7a858cc4e6527a9963b321c86a04648df1a3,c671e3620d419a84f81285a891cfe2bf6a10f11cd67fd9d4dde02e052964b049
validation__nonace_matched__proof__mathd_numbertheory_530__seed1,validation,nonace_matched,proof,mathd_numbertheory_530,1,False,False,0.06718548,0.1327026,36,36,571683,363984,15305,,a4b41e4e57dbcb2d0618b1cb62e05079fbe92d01680dd5c56c71ef0fc2a17a09,852ef3085271dc0453f6b6b2d84d0c6e1e2b12eb7589de38877d1fbe2017355f,,1eafff74d04d9dbfa66c1c4c724964337676b57d2fb14a858fe76d3603f0fe6e
validation__ace_selected__proof__mathd_numbertheory_530__seed1,validation,ace_selected,proof,mathd_numbertheory_530,1,False,False,0.05890222,0.1479268,26,26,663404,494581,12705,e66c5939f05d38baf07e1faaa2da6b9cf22d05840126b839c0e55d8dbded20fc,864e2a144c10b380b12bb9f0415dea6cc2965a2cffc42849feddee914962fd7a,0bcaf6111ad512c702a2cade543496e6a957d34d198236c68d96268625240b19,,a8b2f10f4c6e85ef9d7c0d3db2034570e3d80a2548f190c7290abcccc9a6840e
validation__ace_historical__proof__mathd_numbertheory_530__seed1,validation,ace_historical,proof,mathd_numbertheory_530,1,False,False,0.06609384,0.1090728,25,25,453738,238772,15271,6470581f6434fdcbc10810cac84cd2c442ee1fac59fbe607e4f267f35e0187bd,10ff839f3723829f86253c5463e64041504ce675f6b521c1f433428a4abdc383,3e1aab13691f9b7a98274ea4f94a9df3612c53a906ce363a4a3620db1053ff68,,2fdbbf8ded91017d02954df035b5bb9c642c4199ab7091ba955728c08c3b3888
validation__nonace_ordinary__proof__mathd_numbertheory_530__seed1,validation,nonace_ordinary,proof,mathd_numbertheory_530,1,False,False,0.0368873,0.0915758,25,25,390319,303825,11260,,3da2dee356703cb64d8760c17ed2c3c4ea6974e1ac2003491fb54509e8f625ab,f8c1740b3e099eca4582af71bb1091131cd3cb9a22cec8129525ebc18d4fc459,,4b02306b6edf56328e1c2a80ce5cafef38fd58d2a94f966a2059a934e83b5582
validation__nonace_ordinary__proof__mathd_numbertheory_64__seed1,validation,nonace_ordinary,proof,mathd_numbertheory_64,1,False,True,0.02156188,0.035716,15,15,142520,78634,6010,,709835ffe0b5d5217b3a950e7fe80819dca3a8d9bcbb04ea34184befedc081d6,3d7debdd9d0b40018eab1b1bc805e9c90451fd2b55d8803c018fbde556f2727c,049912f3cd9365b5de973fc334841db63256a0f107d4c7d5e49aeff538199bea,b3269d25f642f688efbcae54d4ee393d4d9551892a1c31bc2b69c7fbe8bdbbc2
validation__nonace_matched__proof__mathd_numbertheory_64__seed1,validation,nonace_matched,proof,mathd_numbertheory_64,1,False,True,0.012767339999999999,0.0234588,14,14,92376,59397,4153,,cccd9281f02967907c5a2cba3f5a9478a645527d3234dc2aefd0836e75eabbb4,58a7ec2f853087e00370125fac6f42083ceac25c2ac3973edf4ee1b5445c1631,a2267f2bb75de1ba7d916d7adf19530a3daf3bf7dbce63d05bbf491fcc06dff8,84014b9593365df585fc0a5971878c65b43732f071078262600db3b21a8c5f35
validation__ace_selected__proof__mathd_numbertheory_64__seed1,validation,ace_selected,proof,mathd_numbertheory_64,1,False,True,0.006108239999999999,0.0220152,7,7,96900,88372,2196,e66c5939f05d38baf07e1faaa2da6b9cf22d05840126b839c0e55d8dbded20fc,84fd7bb9ac903969f076ed8172a6f8844b807b96e1cac2892975e67b1d6c978a,b08088f6157e601d11cc16088cfd1e87e4abfaaed5e87f235fc6a6b42341edff,4e000c5b915f5bee55ba03ff59d7b302393d403d5935cd7ca4aafe67f966a838,43ddcb8b40af5b0cc02f4dabdae57f12752c7d4cd213eab6ef36d1b5aa897763
validation__ace_historical__proof__mathd_numbertheory_64__seed1,validation,ace_historical,proof,mathd_numbertheory_64,1,False,True,0.0096802,0.0395854,17,17,180449,166140,2913,6470581f6434fdcbc10810cac84cd2c442ee1fac59fbe607e4f267f35e0187bd,822671cec1f0df5a25d81b78218ea7d6c2a975d01ad45daa2c908a83c5bf2e46,93655662607e1d55e98d1ce99e82bd4b0f15f96bdd3bc5d1664bfa2eb8c60742,dd2ce1c18071e9048e39f2897fc51f731a761abc39c24bdfdfae50356d6f434b,64698af62a8bca3145f9b5f46697f7d1b422ad853e41258d4de12c791592b59f
validation__ace_historical__proof__imo_1969_p2__seed1,validation,ace_historical,proof,imo_1969_p2,1,False,False,0.06007928,0.09383899999999999,22,22,367141,187554,17009,6470581f6434fdcbc10810cac84cd2c442ee1fac59fbe607e4f267f35e0187bd,bc8e8c8d899ccfd2e10d61dcef012508493a9a5889f4c73c5847ebeb8a01ec23,56ebe291113eaa03fdf95466a3c1d41a3ed28a60781cc60210c56120406b0e88,,d439adbf882b5385533cb9482a5f6047eca46ecaeff198e2bda3cd1ff074df25
validation__nonace_ordinary__proof__imo_1969_p2__seed1,validation,nonace_ordinary,proof,imo_1969_p2,1,False,False,0.04131548,0.060270199999999996,17,17,240067,105304,10214,,666aa7a29c73b54b5d614e9368d0c89fefba2457dd38766ce71bc178c1e32dc0,04981863d9d2be8f0871f49acc3a6489f1414ccd0f61802f8ef5c270312a5ebf,,ba9fc25b24069797a9b2984ab83e4fb69f66d5d59cd81f36a2f84a59320d304a
validation__nonace_matched__proof__imo_1969_p2__seed1,validation,nonace_matched,proof,imo_1969_p2,1,False,False,0.061792019999999996,0.10524599999999999,25,25,399978,241411,21042,,f7454a4d765b92087102497196f8f60065c21d06814200b3f102de4ff709248b,6933b41e403b8d30f5d5ae7afb6108fefc3881b2f84e823698bed9f1b9767d9d,,0a3b5e6e74c2d340edcf34b64c2e4f0fef49f149f96c8f3a0eee894daffbe6db
validation__ace_selected__proof__imo_1969_p2__seed1,validation,ace_selected,proof,imo_1969_p2,1,False,False,0.06103538,0.12497839999999999,26,26,536980,355239,14652,e66c5939f05d38baf07e1faaa2da6b9cf22d05840126b839c0e55d8dbded20fc,0938b015cdaa5f76546eb6e7e28d5da18ddcbad5a621c0aa1e9ced8570637f19,6820e0a5d1e7dd074604ee14fe2ad7f4593a5f0c53fc586a205cd72d4ab59265,,98fdd54381386307eb33c1aad1ba014a38a9faf4b3b757fe0ed1ed96401116e6
validation__ace_selected__proof__amc12b_2020_p5__seed1,validation,ace_selected,proof,amc12b_2020_p5,1,False,True,0.00037949999999999995,0.002526,1,1,11928,11925,117,e66c5939f05d38baf07e1faaa2da6b9cf22d05840126b839c0e55d8dbded20fc,0aaf5c5674fc1de4829c9923a73b624117a1a1dc3923dccfdae598c59cc968d6,6610a74735a2b16ac9e5718d4aa964d30388bc05e90dbd064a8ae659df63d632,c5085971dc5168cc56e2c63d33aca4b8975069ca39c2ae3539905b4f2ef0a0db,410a9c89fbe39e52200792b59046eafb0d166f1559b632ad5e5caa74373fe899
validation__ace_historical__proof__amc12b_2020_p5__seed1,validation,ace_historical,proof,amc12b_2020_p5,1,False,True,0.00030592,0.001423,1,1,6209,6206,151,6470581f6434fdcbc10810cac84cd2c442ee1fac59fbe607e4f267f35e0187bd,503dcde7a557001e23b9bcc310d856967f323e6abd2fdb56b23e80b44a43e39f,76fbb8eeaabca85a528ff4f33b534f3ff1ab41db7ef52186a838d6336021e60a,064f2486835d3c85cf5f2eca558c721da463369e06d09ae8a620a42392696f04,5e2a1658737afda3743b36ce2ae2b5a1b883de1f1ed458cf4e457e6e3d2b8a79
validation__nonace_ordinary__proof__amc12b_2020_p5__seed1,validation,nonace_ordinary,proof,amc12b_2020_p5,1,False,True,0.00032024,0.0017642,2,2,8209,8022,102,,41a40923f789bcff4e1271c3a5bc4a97ec96f535509a30f94ed07ec4ec56961f,b77a42bbc5f4f182227d126fec2589b948dd71dbea84ca9d3baae271f88d4a39,c5085971dc5168cc56e2c63d33aca4b8975069ca39c2ae3539905b4f2ef0a0db,3d9716bf4d01e582d7c743803587d810970273617cee08c8d018e50e355f5e37
validation__nonace_matched__proof__amc12b_2020_p5__seed1,validation,nonace_matched,proof,amc12b_2020_p5,1,False,True,0.00017442,0.0008964,1,1,4014,4011,78,,ea2aeb611e0362b781fd6150fe5d1741c36d2996b0749565f0b082358fd592c5,6212df411cbd6b4ea5648f8e776d158ccce9984ed11aa4cff45010ee79e17d2e,db7b63364425ea7d69477a85beb8cf5eabaec01a4c85207197abe92d6d775c45,d21778b440b4cac56ae64a31caf5f04793f5b67dcc221b782eab9025da9f3a9f
validation__nonace_matched__proof__aime_1991_p6__seed1,validation,nonace_matched,proof,aime_1991_p6,1,False,False,0.06533478,0.13333319999999999,31,31,531366,377769,22550,,593c1e432ea349f136cb58e11f57cb4eb1991f5ae860535287c86a5b057c5686,f2762b4bda3f5c22df30b79e7a29206c53f2597c00d91c626e3d453b06492c96,,7f32510fc1bb46f5db9e0aabec720cac0f727c76557936e3afcbb22f6ec60e60
validation__ace_selected__proof__aime_1991_p6__seed1,validation,ace_selected,proof,aime_1991_p6,1,False,False,0.05861536,0.11442939999999999,18,18,474203,310078,16324,e66c5939f05d38baf07e1faaa2da6b9cf22d05840126b839c0e55d8dbded20fc,7542b3e717091aba3a029bedebe1ac763b2e7cee99b07c2219070e8c64a4549d,346c6a3b6dd072d70948bc304762f0cb4275e1d10711c73c8cb0806798e999b1,,d0b263d099873a3134ddb2894ef30d7ffff1c3c966b5ef148f3b892b845315c0
validation__ace_historical__proof__aime_1991_p6__seed1,validation,ace_historical,proof,aime_1991_p6,1,False,False,0.06304812,0.0871566,16,16,280329,133936,25909,6470581f6434fdcbc10810cac84cd2c442ee1fac59fbe607e4f267f35e0187bd,9012b6f321fae085f7323b9133e489c0a92fe6dcd8fd94db46c6f80f86268a66,c8fd93dbf2738f85c6bf54805bb698c40036f495055fb8ec6a6434523d4b93d9,,7604785a8699c5c21597a643138c882203a043d716a58c5a0a653f9764d76997
validation__nonace_ordinary__proof__aime_1991_p6__seed1,validation,nonace_ordinary,proof,aime_1991_p6,1,False,False,0.05360688,0.0845316,18,18,184764,171804,39649,,1ce2ed2eb066c20ec389be6f09d12113c4e9186cd7d95da063734d7e40abf915,4219f54b8cf063b03e68e32c3cbdd576acae307c9f6ad7cdac3e531f1928f4b1,,8c6780156403e0e7673d235ee8ba2f4699d3f92974af1c0091695725f7c26602
validation__nonace_ordinary__proof__amc12_2001_p21__seed1,validation,nonace_ordinary,proof,amc12_2001_p21,1,False,False,0.04323046,0.0624424,22,22,236192,106733,12670,,6394e366bf34ab52650c56607f7ded1ceb4a91b1d2944ff3982ba287ecf46300,542da3e3aa557732ce6ec126820100e8c9a178b921b0d970935c4c6832f10cfe,,e0e10c88769ba0d793b5727ea54a5fae28559df9c4786f927b1bb73cea372f2b
validation__nonace_matched__proof__amc12_2001_p21__seed1,validation,nonace_matched,proof,amc12_2001_p21,1,False,False,0.033643719999999995,0.051243399999999995,21,21,174815,97776,13567,,5d004de16c6163eace6734d6ac2746e966496ff12bde181c9f0918458faa6cb8,a14be72b20d68de1fe214c1290885ed0f2fdb69a36274cb077bd16f2e0dceb15,,a1aa8308558d597a41ae48c990da120b03e045df6553844dc602448c113284e4
validation__ace_selected__proof__amc12_2001_p21__seed1,validation,ace_selected,proof,amc12_2001_p21,1,False,False,0.016572319999999998,0.029227399999999997,6,6,82075,70306,10677,e66c5939f05d38baf07e1faaa2da6b9cf22d05840126b839c0e55d8dbded20fc,6e37253f7781f623993a853921d22f137ef0b848619bfb1b0c1481a7c1e460a3,c157cadef0cd2e4b8a1f8a2ffc6cbe533d677202488a6b4e02851a56d4610d19,,95db288ac2f817064001e6662918c5dfda0c7e681c6f8295d57cef74a1433e05
validation__ace_historical__proof__amc12_2001_p21__seed1,validation,ace_historical,proof,amc12_2001_p21,1,False,False,0.04477544,0.0700694,21,21,257317,140522,15505,6470581f6434fdcbc10810cac84cd2c442ee1fac59fbe607e4f267f35e0187bd,33135ea3f406104bce95e877a4f94073eb27b70ec5d7c74d613b71ee75267a55,e6de9cb4e0c1feb0e0386fb89b7d98af86f9cd9b7d02efb99d4b30b40bf00a0d,,b30264ca58eaa63a7a6da88fb3804190142d7fd4a676e2562274f01d1500ab29
validation__ace_historical__proof__mathd_numbertheory_284__seed1,validation,ace_historical,proof,mathd_numbertheory_284,1,False,True,0.00030493999999999996,0.0013808,1,1,5980,5977,154,6470581f6434fdcbc10810cac84cd2c442ee1fac59fbe607e4f267f35e0187bd,6f2327fe0957165967ef36992c7b217bf79ed87638d837a1791d74abf25a3ee7,e87139bb373d97f0b2dfe470a9356e78e76e93b95c06b0d38e2f4d2bde6581db,51c0642d982a27c7abd10f59cbcb7afa3d7c5b4f246daac4759f8a2f6471e0f7,0edd4bade8fc25b317678001c4d3005f8a814fca34f119614e2450b3ba7fc6dd
validation__nonace_ordinary__proof__mathd_numbertheory_284__seed1,validation,nonace_ordinary,proof,mathd_numbertheory_284,1,False,True,0.00016384,0.0008445999999999999,1,1,3785,3782,73,,c107c6aa69d0e8c00f79209636c2dd3cf543d834ca945e06e517a4674a257068,7fb7d41dd9f7d6c8913e84a8928dbd7d65faa2f4ca7c11fd1f55760223f9f357,1129383a28458209286b5139f5dc82ed7405f023384236edd1d479a141202fc4,e2ea17d160da3c2cf511d2e87e89d6cdc38d00e0374a8f75075aa0ed2cd90c5c
validation__nonace_matched__proof__mathd_numbertheory_284__seed1,validation,nonace_matched,proof,mathd_numbertheory_284,1,False,True,0.00035823999999999996,0.001039,1,1,3785,3782,235,,d9746806e9bc4847a62f46f50799b636edd6f8e4808e9b8e7a84f89a48bd8b56,1df83a2eb8db93a852994dac70b0c6619379e0ae1bacf30be1a870af0c06c8d2,51c0642d982a27c7abd10f59cbcb7afa3d7c5b4f246daac4759f8a2f6471e0f7,60c9a6a15b8b95f7683f7cddcab1ce3835b8de97252c22ac14ec65c217f0542b
validation__ace_selected__proof__mathd_numbertheory_284__seed1,validation,ace_selected,proof,mathd_numbertheory_284,1,False,True,0.00047811999999999996,0.0025834,1,1,11699,11696,203,e66c5939f05d38baf07e1faaa2da6b9cf22d05840126b839c0e55d8dbded20fc,cd6cd983ab3cfd42d9de2bf54d8bbd46e0176eb013f499e0aa2f281591ed98f5,b3d2f06e8c23f51fb346f7e0cad8a8ba9895d3ef93ea5abef78155063d2bfbbb,693cbb53de4490199b0edecaac992653f8b1799d625df9659e3d02fdbfe9a4f6,263c5f022abc38ee6412fb3c81b6af8c04910c34d3bf6c5ddd5bf78129430f95
validation__ace_selected__proof__mathd_numbertheory_461__seed1,validation,ace_selected,proof,mathd_numbertheory_461,1,False,True,0.00044485999999999994,0.0025532,1,1,11716,11713,175,e66c5939f05d38baf07e1faaa2da6b9cf22d05840126b839c0e55d8dbded20fc,fb63200ef6131160ff0f017828d9929fb03a91e57d951c8eb7a6caa9119a2dfe,ed0cc6f6a0007ed63b5bcd03eb4e5103844296d487d331c90ba1394e60485bfb,292f0d5b7cc400527449f8e4476bb5bd5c5cac463ca4cc12f31dbb54c9b3c25b,90a9d4f9f06751bfce8a37dc0d0b29fd0c4e3e61d8e8580dc535c7aedf0bd29a
validation__ace_historical__proof__mathd_numbertheory_461__seed1,validation,ace_historical,proof,mathd_numbertheory_461,1,False,True,0.00037728,0.0014562,1,1,5997,5994,214,6470581f6434fdcbc10810cac84cd2c442ee1fac59fbe607e4f267f35e0187bd,a4e5afa5f66cd2338b90dccca31a2284b92c6c5f08ad88a96b0d986f62f177e7,e6b95a0b39465fb6a00bb5a19bb24f6f504e06627b5fd51fac7e67acd33e2869,2ecf0cdc876a64dfb0fd8faae9aeee86d4d377dbdced068d798a05cdfb0d93a3,e8579070e7bcd2fd74675d876dbe1e16878b2135b9631452744733fe11d24dab
validation__nonace_ordinary__proof__mathd_numbertheory_461__seed1,validation,nonace_ordinary,proof,mathd_numbertheory_461,1,False,True,0.00030097999999999995,0.0009847999999999999,1,1,3802,3799,187,,e18673fb5f4bb5ffec0dd8f78631ea7c4a2101f07318c9473df4aebf5ff3b464,d85f9dd3abdd5868f396c3fbb568f27ec09aaf100647a287d41b63ad36ae3e30,e07a34282e654eedf965045a22011d86a67c33979623cf43cc9fc307f219060e,8417f82d183faa4e2aaf10e0eb10898a7d78fc66196274385db01d42a2a49672
validation__nonace_matched__proof__mathd_numbertheory_461__seed1,validation,nonace_matched,proof,mathd_numbertheory_461,1,False,True,0.00018578,0.0008695999999999999,1,1,3802,3799,91,,acc6dee01fed9d2d5e2f3af1750b01345f8d1d1387a8cfda14b7c225e1c0594f,2bea38fb507e4e4966d0dbd055dc6751bd4259acc71a9859f63d9251fe3b38a3,eb7ec8bcba0c8e01ff2321c602696b4addf47e566bb65c3d64d928a991516b76,e2c58b9637a4032e7aeefda3f58d0a1d645f3b53bee8edc3a0ecf894ed3c1a3a
validation__nonace_matched__proof__mathd_numbertheory_37__seed1,validation,nonace_matched,proof,mathd_numbertheory_37,1,False,False,0.02105832,0.04809,23,23,205254,150176,5866,,349d8444f682cbf17e6918a39c9f3fa51bc4f74807b30c5c063bf75cae12ee89,948496cee30fe8de9c13ddcac566a867411acaa8c8dc86c357428feb75674292,,962f4cb983c14f22bd5e04e2a02a0168108d6887e1e596c4c1c59ebc438748b8
validation__ace_selected__proof__mathd_numbertheory_37__seed1,validation,ace_selected,proof,mathd_numbertheory_37,1,False,False,0.03375664,0.0876904,22,22,396866,299632,6931,e66c5939f05d38baf07e1faaa2da6b9cf22d05840126b839c0e55d8dbded20fc,1ba1f42c30c00c3778dd21046e509579ced3bff6ce3c6e0ae6f2a158b846b6e9,a36bb6f6445b39ada93ea31d79d63ae9b53ac3fd05fd27acddd2ecac14ccd76b,,4576ee4bb91be4836a2f9809a470b5b4f78c2c7243f19c3f5ed42e9a70e2c9a9
validation__ace_historical__proof__mathd_numbertheory_37__seed1,validation,ace_historical,proof,mathd_numbertheory_37,1,False,False,0.02155256,0.0569582,19,19,239815,196698,7496,6470581f6434fdcbc10810cac84cd2c442ee1fac59fbe607e4f267f35e0187bd,c56c82047fa34918e3e1eae1029c7cbc0730d3f806c9eaf4ae253daecbd98a16,100e2c206dd590e8644434ec0576c94612c7c1053a28b948a5caac309a7ba842,,d68314017da5b76c44328759a376d67987c817e6a20f6716d230dca04a8cddf4
validation__nonace_ordinary__proof__mathd_numbertheory_37__seed1,validation,nonace_ordinary,proof,mathd_numbertheory_37,1,False,False,0.02150278,0.044209599999999995,22,22,185114,126149,5989,,c03523e3f62497dad6ddf02579281aa2092cb90d101bcf90dc97e9e21d9df5f2,e05a1b1425b142bd172404c2c6287fc40ecc9a8fa41f6c2990fa260cc32a9e36,,44305e73857502144ce353df0cc67b517f6ee2b53dd88b25656d97337f0dcd19
validation__nonace_ordinary__proof__aime_1984_p7__seed1,validation,nonace_ordinary,proof,aime_1984_p7,1,False,True,0.03067922,0.037355599999999996,10,10,107224,37091,13259,,4fb5eaf411649ec25831f6cd0ec520bb113db706459502bb7411b84435e7e8bd,abe3134fa994bff1f204c27f0be6500d6c59de81e2e0ff9fa4a9d76ad51f8d80,e3e1ac3d84807dfa3f906746340c8a9e7a237bf455759ec3b59327d77df76c32,0bb7fac33a6b1cfbcf7eda7a13ecec1539988f49b3b006fd3c5fae34f6a2573e
validation__nonace_matched__proof__aime_1984_p7__seed1,validation,nonace_matched,proof,aime_1984_p7,1,False,True,0.044308259999999995,0.052626599999999996,13,13,171423,46213,15285,,746f114d4c8b5e4e018c0b3080e659225ab3afe396198abe1b72f3e1efd6cb56,186b88fd05f31126ae602aa59c56f7ec9ae8df67c4a19ca860bb1d2d8d7bc55d,56988d243306fc3ca7fd524c49b4c20bb09d9eafe716315d5b67ba1dab451a42,964b2532f83594c5e7429363dd6d8a5876a2418800f8166f56f791c913686d6f
validation__ace_selected__proof__aime_1984_p7__seed1,validation,ace_selected,proof,aime_1984_p7,1,False,True,0.03997438,0.0683854,13,13,247481,157839,15741,e66c5939f05d38baf07e1faaa2da6b9cf22d05840126b839c0e55d8dbded20fc,41d8af5ef64738db4765fdae0a8245af0612816b6e9533008b8d6ec8e0d60fbc,b64a61ac3d34c776bad2f65f5d9a364b801173272b867a6c5aeffbb9d6f56c48,5bfbfe2628e7e228eacde9edf6da0c14269a0ad29be8a9bbe9974e910f72c889,a588ccd59bceb652a883274cb0f4c8ed15e9f2a650889bef0e76808a6ec4525e
validation__ace_historical__proof__aime_1984_p7__seed1,validation,ace_historical,proof,aime_1984_p7,1,False,False,0.06213949999999999,0.11693239999999999,26,26,401548,304405,30519,6470581f6434fdcbc10810cac84cd2c442ee1fac59fbe607e4f267f35e0187bd,d262710e9bea4f9d927d336e7bc1e4ca8bbdcde8b9a274b6c095938a9ff37ca3,9644eb0e1a9a7298155072e30816353f4cfca4230a5f62e3c864bd4d282b304f,,ce8732f84c680db371835c311a6b96c2ea752a8d3f66052636b97a17d6e222a3
validation__ace_historical__proof__mathd_algebra_421__seed1,validation,ace_historical,proof,mathd_algebra_421,1,False,True,0.0032724,0.008638199999999999,4,4,35589,29810,1267,6470581f6434fdcbc10810cac84cd2c442ee1fac59fbe607e4f267f35e0187bd,49dd9e8978271cec1dc201cc7e5e6a7bd027c74f4130b53597be83a0a4b1c2bb,606b778a58134e6ed29396ef43b7703753b42ef504f3cac8e385a26193d01dc3,c7edbbf9f52690c529666f020d7e0854d13072cb8acc55ed5772c441d2208778,bd4c340c8cda7eea25d86136669976e221772a856f14f26aaff9b2e7807b52f8
validation__nonace_ordinary__proof__mathd_algebra_421__seed1,validation,nonace_ordinary,proof,mathd_algebra_421,1,False,True,0.00849658,0.0157306,8,8,59147,40189,3251,,e8b0a78d6638e9bd7b3d07b36928eb1057bfc882442f1f2e3dfa8d1eb72d4eb7,6ae399f6828bbec717abd0c25685d608714c19aad36a1fb9a54c13aab2f70d31,ab05c4cfc089433753cb5322844cfb168a0c314b979098766950646c815f0931,65420ee2cd0ed13c0707b8df8a9bffdb5a000762f3121432f1a7326020712a44
validation__nonace_matched__proof__mathd_algebra_421__seed1,validation,nonace_matched,proof,mathd_algebra_421,1,False,True,0.00108812,0.0033445999999999997,3,3,13177,12536,591,,cbe4b6f2d274e0e09b6e5ffb1269491f13cf06256af7ab28768d834e1551fc0c,84ac34356d744e14ccb63d09d6d7e0a477d892ec058ca9794ae7ced42947747b,f7b324eadc00a1e0c15ec0782fbbb9f4bf52b989fab7c0f6d1c07708cc1a4339,bd427ddfcf7c13cbbeb0e4bb94993be7a13e55c9b9fcd3a26f8e0740213a0cbe
validation__ace_selected__proof__mathd_algebra_421__seed1,validation,ace_selected,proof,mathd_algebra_421,1,False,True,0.0026184999999999997,0.0112036,4,4,50312,47695,951,e66c5939f05d38baf07e1faaa2da6b9cf22d05840126b839c0e55d8dbded20fc,c7bfc73f9176666b04c176a3efd6e7a7d51c02cd6ff18966685a61ab844640f7,edaee4762f2e3e3788945f9812688c3911a27bbd47cc7aedc095d6d5062f332b,9a7bc0858da9898cb35e764357d509a7738bc2b0813633db25baaf330e502441,4ca41babce25e1793db0eb059263d4264585bca3156af4f11b5a836895bcd809
validation__ace_selected__proof__amc12b_2003_p6__seed1,validation,ace_selected,proof,amc12b_2003_p6,1,False,True,0.05102798,0.11232679999999999,23,23,481000,340549,13439,e66c5939f05d38baf07e1faaa2da6b9cf22d05840126b839c0e55d8dbded20fc,ec09e203d73e6dafd219d2b64c0d7ad891a2510ae7dc023c4a48e50c083fc2ce,47f622bd80a0532b309d852bbf5768a60694a1616b4c336bda65b76c0e1d6a62,d1b222cb5bd2102445b2c6287dd3f03961853561c885720aa445e42b2c2a531d,be920440d404cf563aa7c17e2b553456433713f4b8a43ab018a9533b51f27b39
validation__ace_historical__proof__amc12b_2003_p6__seed1,validation,ace_historical,proof,amc12b_2003_p6,1,False,True,0.02782828,0.045805599999999995,15,15,169130,99874,9983,6470581f6434fdcbc10810cac84cd2c442ee1fac59fbe607e4f267f35e0187bd,9b32d2407a32c05dee63b88b27f547e1a3b8af4136d29e9d3192c09120c59ed7,5861455e6c98b91003ccac2fba5d684a16ba2224e705d5c37be19c4dfd48d66e,def42db996dad6e24331d022314c314cd4575a4a0d18ad76692da141c16e002a,8200c9ee52b42c068fe79af9644d695814346b34ed908a761beb7c36a6a33a03
validation__nonace_ordinary__proof__amc12b_2003_p6__seed1,validation,nonace_ordinary,proof,amc12b_2003_p6,1,False,True,0.037277779999999996,0.061889,20,20,241237,136729,11368,,f52df4abc103374619b2dfe815103623cec5a55a18bd6ce1f0970c6eb18f8245,3feae7f5247bfc3713f6c6aab889ebb6f980e7982d9c86b80c7d3c0eb46cc514,fd8fed4f11bb09c7c2179856d4338abba96869397bd75f03be448b03352f5295,f68d7232c79e1ab0635601dea12b84402e1ab6edf9abc576c6f9ae040f2fba07
validation__nonace_matched__proof__amc12b_2003_p6__seed1,validation,nonace_matched,proof,amc12b_2003_p6,1,False,True,0.0164727,0.027635399999999997,11,11,94299,62015,7313,,9c282ecf00e9a5e684867749f0cdf102043d7d2a2bf299f7fce4842db6a0cc69,6a55230b5fc25991e9848fcce66d036e0b3ffa74072279b1ec6cf7eadf805caa,ff772d00fcb275f9cc294a3d7990fd6a0290f38e9998e87fde27dbcec1020a3d,457b1a2b698446bc068d11cb85062e02d63037faacde48a1d269b946ff4dc914
validation__nonace_matched__proof__mathd_algebra_234__seed1,validation,nonace_matched,proof,mathd_algebra_234,1,False,True,0.00045191999999999997,0.0018066,2,2,7737,7526,216,,e226398d31115eeb42690154e28a3225da22286fec0e6dd32cb35f17e95ec06f,ca8e9f4602e9f403fa9fe380f5f02df64c49e8b04ecb89d88e29ac8277a8dd21,907085e9e5f8f47232f0827aba7a20a6bd8f2300a4b2cc2b52f2b63d21ba7837,a7a92103dd5e2755a44fa78f599469c1aa98cd8dd6933d957c6c8eb68038c7de
validation__ace_selected__proof__mathd_algebra_234__seed1,validation,ace_selected,proof,mathd_algebra_234,1,False,True,0.00043094,0.0025328,1,1,11680,11677,164,e66c5939f05d38baf07e1faaa2da6b9cf22d05840126b839c0e55d8dbded20fc,efb5512724020dca63e685cf69dd799b5558f60792242c385685fe15ca37abcc,329cc40790275dd6633c247ada1df7272eb61318c77a3c6116b4c7522cc2ed25,907085e9e5f8f47232f0827aba7a20a6bd8f2300a4b2cc2b52f2b63d21ba7837,55bdbb5db3db890b66b673ef195bcaa38f37cd2a785b879a3d25b6d1736f138f
validation__ace_historical__proof__mathd_algebra_234__seed1,validation,ace_historical,proof,mathd_algebra_234,1,False,True,0.00034056,0.001413,1,1,5961,5958,184,6470581f6434fdcbc10810cac84cd2c442ee1fac59fbe607e4f267f35e0187bd,1b26e2f3faf342ffb048b9a28482d3c23b42998db0d200b5188e100100bffb3e,badb6b3e07d3f91ba79e9d3899672096d3809c9ae596ee86be5f1469300512d1,563082969c2bd98e961f05a9399e944b48ac8b28a5d7fed117267ea9b9b6f1d0,98a0e6cae5a45bf4d5de62cb585abc24ab70029db4dbbec2fd8f30eaebcaade9
validation__nonace_ordinary__proof__mathd_algebra_234__seed1,validation,nonace_ordinary,proof,mathd_algebra_234,1,False,True,0.00045626,0.0011336,1,1,3766,3763,317,,7682f696eccd5d38f6cf761ea27d069b97ca84ef4d2da941b947c25f1e0286fc,ca0fe486194ca21fa7d4c269ef9ab733f22466fdae93977a716e698f6b516daf,c7a3235892d40c4231194714a2d3a8bef4caeca726471be74a80e808d2629fda,6d32ed283bb5aa47ada3599c473c9cd544fab6c559d1c6218116797555fae132
validation__nonace_ordinary__proof__imo_1981_p6__seed1,validation,nonace_ordinary,proof,imo_1981_p6,1,False,True,0.0110793,0.017336999999999998,9,9,56949,34765,4956,,b8e9b9c2bc085149fe947abf92d0bc819f313d1f75e0ca5e1c0c57620403f374,a3bc3fe78adaffc0dd7807747a1aac97376e2c37172e735b05e882c63565993d,8b1eb70b4823c200f538387a53e9860ca82d7c9d30e3a550733d93be3ed5edfe,fc8a1a310a696a14815b871cfcebf22cf53cc2a046b92ccb1b6f73baa3f8872d
validation__nonace_matched__proof__imo_1981_p6__seed1,validation,nonace_matched,proof,imo_1981_p6,1,False,True,0.00670368,0.011198999999999999,6,6,36351,24974,3274,,d8e56772485c9a95cd1fcca862004869ad954a7136da1e2e829aaa4fb1eab0a6,a41edae78f90800f8dda2c59a1f48614b34343e9163e59d5def79ca0a99a842d,24df291593600eae1a9cbabf28ab59b873f90cdf2b81263228a37a1f14bff92d,564fbf421590e49f5c3c2448a51f0dfe95127caa28e1ee70b19ed9f65870fed8
validation__ace_selected__proof__imo_1981_p6__seed1,validation,ace_selected,proof,imo_1981_p6,1,False,True,0.0053025,0.0139542,4,4,53973,48065,2633,e66c5939f05d38baf07e1faaa2da6b9cf22d05840126b839c0e55d8dbded20fc,c47bcc21fe54fb8a6938ff25c480906a61b26a7b5fd7d4eb950eec1fef016ebc,b4bdff7f4ff1ff27020b15fc4863aa82b1ef6b6d0ba8d85abb19459d5ef04c47,a289e9801fc10e637a36baba0d95782c4e70c9ce94ba23d02c6d5e78e9c1e035,b9fb7edf79474d8d2ec6ab57f423751d386a6b6c91e2bb6b42f8f4252b2d44e2
validation__ace_historical__proof__imo_1981_p6__seed1,validation,ace_historical,proof,imo_1981_p6,1,False,True,0.00204334,0.0031696,1,1,6260,6257,1598,6470581f6434fdcbc10810cac84cd2c442ee1fac59fbe607e4f267f35e0187bd,e22c09e69c2f1bbd758a4d0aa9119381cc4838af3a61fd34bfeeacf989ef30df,cc185400128867491280478dd10b4fa516e5fb437ac6af985a2a7f9189d38ff4,51db8bc0c7cf5fab1056b64499195cc2b4416f61ea7bf42b98ccb2b0bbd0d6a9,3c71f382801bc061e70db63bbd3272c9898d52f5423ebe0e6fd58f6ba82dca22
validation__ace_historical__proof__imo_1964_p2__seed1,validation,ace_historical,proof,imo_1964_p2,1,False,True,0.054969519999999994,0.076135,18,18,271241,117586,18239,6470581f6434fdcbc10810cac84cd2c442ee1fac59fbe607e4f267f35e0187bd,43ce4c6babd405cdae7c1df317ec0251af6c4f2a6d1d95694359be8002d5a480,335e936c28c68109a3ebc73679522b8d1cf0530bae73ef430cf94795c0fb6cb1,98b69048293e7a718d2a0038286ffaf4e506b7a939b9344e4400359962d13529,2271f662c870b45e0b5b4702a625da0fdc2ab0173896cff68513557f028f2d52
validation__nonace_ordinary__proof__imo_1964_p2__seed1,validation,nonace_ordinary,proof,imo_1964_p2,1,False,True,0.01654528,0.0200812,7,7,51380,19644,8171,,b0665b76d9da8358ab1d74aaacfbfd3b62dbd21b8f57afdca89c29bb067b4ae0,f104964c09cd17cbc0e32b3a4c363b574d34d889e8528b8f33cb75a86783712f,27f89f1f043a2365ddbdde9020f160e561c5cfd2bb37cce99d4a7cf6c20acba3,3a7803483915ac977b0e004736451a79eabff47130c06a71fd5e63d2f0275a76
validation__nonace_matched__proof__imo_1964_p2__seed1,validation,nonace_matched,proof,imo_1964_p2,1,False,True,0.00784094,0.011490799999999999,5,5,29884,20277,4595,,4e721ff3fcaee5cee58d89532b7075fd3d734fdd979250056bab138774fa306d,eb2fb3d2b2bbaca29321cc7b90aaba62d146f3221de790c0aa5e40174eb6aa39,545eb05a5e9d59a8c463b63901f7af0e1ad1db9339d658168ee827f278dbaf4d,07e3e089a405e938149a0ef18ea12574d2a990c7ca77aa00fa53e4fdcfb1a2ec
validation__ace_selected__proof__imo_1964_p2__seed1,validation,ace_selected,proof,imo_1964_p2,1,False,True,0.0118788,0.021577199999999998,5,5,72132,53880,5959,e66c5939f05d38baf07e1faaa2da6b9cf22d05840126b839c0e55d8dbded20fc,88e8ddafd890154f2416dd098334cb1b8e5609ffddc50192e312f73c69506e70,4a6a5600f0df0af27c57493f59845d29156f29caa5c23d3d61571ab5a0c743db,3986eacbbe930c6f0112abcc85b02cb0db1f39e7252b4bd8139e7ee511af1b2a,e96fc2fbb03a77f43f1cec3cec9efd31d1affd1af7701178cdfb3cb883be961a
validation__ace_selected__proof__mathd_numbertheory_405__seed1,validation,ace_selected,proof,mathd_numbertheory_405,1,False,True,0.055884659999999996,0.0828834,13,13,309987,149993,17405,e66c5939f05d38baf07e1faaa2da6b9cf22d05840126b839c0e55d8dbded20fc,6dc58c7abd9401634f03140d72df627ebaa79d84bb5d3d09436cacf99aa642b6,36fbfda229002d808edd551d59c0e231f30db4826c983248b67f95986ec099b7,8052c7da047a046a8ffb68888a76b8d27ec6c2a882fdc7d869a1ed155f85f4a9,355f542cd4d56eb6f9ff181119391a11aad6d083fcdfd6b7d6c2a82b8f7f521f
validation__ace_historical__proof__mathd_numbertheory_405__seed1,validation,ace_historical,proof,mathd_numbertheory_405,1,False,True,0.04642164,0.0561312,10,10,174042,53942,17769,6470581f6434fdcbc10810cac84cd2c442ee1fac59fbe607e4f267f35e0187bd,a351f23be533d12e85c32260970babd5275dc32678fd281b9c9c6777be205199,5eb5e6f866bacc44dd70237ec7f709d15a95362cec16b49bdc7455003ba0d7d9,e5c7f7072d49d0c09b5b187fbd9a4248b8701c6f32764ebfad458d3b5053f24e,5fdfe730b7358a95b61bf51bf06ff36a347380bfad8d72c631b2f0e29c8d65bc
validation__nonace_ordinary__proof__mathd_numbertheory_405__seed1,validation,nonace_ordinary,proof,mathd_numbertheory_405,1,False,False,0.041876699999999996,0.052682999999999994,13,13,152499,60035,18486,,a78172346a0723dedbcfb04e50f7385fc291898bc6112a80125b54e6710be50f,62f5306cc1356480538d00c3ac15a7bcdc8e4065d7ea6bda919c764b9fdc9b27,,7e0b3d3cdcad0dc221f6a18a49da0708fd81ac176741b59b59eee3102d28438a
validation__nonace_matched__proof__mathd_numbertheory_405__seed1,validation,nonace_matched,proof,mathd_numbertheory_405,1,False,False,0.0683178,0.0792258,16,16,264927,60600,21867,,829654cfe463aced5af2a84fc9ff9649dfbb948eb0b42c69625ab62966315ca2,3e01ad2e5cf2e96994493f22a82f44ea4f115c9e2f23955b780082f5bda5e314,,3804147d5070d32da83834317827b72a9e2a66314e66e8e5ec6a9e950ed16f15
validation__nonace_matched__proof__mathd_algebra_327__seed1,validation,nonace_matched,proof,mathd_algebra_327,1,False,True,0.0013449199999999999,0.0037508,3,3,15640,13366,519,,79a7bdfe8d65da36165d6bbfee652c41b03f125c7b0ed1fcde88c3c5d9a34f3d,08a5134a79a17c75564310fc67c7e9e7532b11a43706e7cf4e23ede9a2ca722c,f2d17f22d608763df819bf4532276f4bdc1c7f595a1a95381d76768c7da6356a,4fc441a0b4ecdf7cd2f32cb85765848f85c7c2ee55865aff50f25fe984c614bb
validation__ace_selected__proof__mathd_algebra_327__seed1,validation,ace_selected,proof,mathd_algebra_327,1,False,True,0.00252084,0.009075,3,3,42057,36412,553,e66c5939f05d38baf07e1faaa2da6b9cf22d05840126b839c0e55d8dbded20fc,9d93877a1e5c94499b6010c3099a62f88f82790754e346447dd4e6a35ac624e7,3aa7c77120799069c4fb8c58173198eccc7bf79d0c3f8b61419f1603fb99b792,0088727b2aa791a2f1a2c7dde79c55b6430b527b82574b2ef07e989dd4d6068e,6b13a66a178b19742fdc79eb87a054cb8122adb5eb4f7dc275edf1302279d9d6
validation__ace_historical__proof__mathd_algebra_327__seed1,validation,ace_historical,proof,mathd_algebra_327,1,False,True,0.00126524,0.0034111999999999996,2,2,15166,11922,315,6470581f6434fdcbc10810cac84cd2c442ee1fac59fbe607e4f267f35e0187bd,dc00d90940ace79c7204298d1c03b6792d334def8c61f7606f9d1ede38a44889,5e02898842ab6e4d01f49f188d0c45554015b9f6a8c4ebaa3113e3513ea1218c,fc0d81893500162a266800f81656627232aaad1f01b1c5c9212163216944b02c,0bdeae9b6ae70a3d0bb07e82c5232e2ab32f7cc5a209e40c715c42d96ba4eccf
validation__nonace_ordinary__proof__mathd_algebra_327__seed1,validation,nonace_ordinary,proof,mathd_algebra_327,1,False,True,0.00231512,0.0060206,4,4,26017,20586,681,,b40d6e60e2399d875fa25a59e333eebc9f8528b39408ade2340dbe28ffe30404,67fc9256be554d2dc0f5c90003efaffe5547e956d702cfe7c7615691da669dee,fff173c900cc36823976dcf19f0bf623c9108733b5b4585884b2070ce14cc960,78a5930a423a4aab6475d7aaf15c8c6aad9f7636b4c8be0baca1d864d3a31f31
validation__nonace_ordinary__proof__amc12a_2013_p8__seed1,validation,nonace_ordinary,proof,amc12a_2013_p8,1,False,True,0.0132228,0.037439999999999994,21,21,153384,134540,5636,,b1d612afd82d751ac01b3aa67fa5961d0398a4f8adcfdb4cf0d302a9ecee30fc,8f70bcb6056187635979cfd1e2bcb160bda65570a8ed43a6504bcd773df7e5eb,08dd639cbf4bb9325bc2b720ace12feb0a22d1a478672d6854672ba817662123,ed90b67bb644596b885e26b669899a202c92df5f6bd927dc329c00614df0beaf
validation__nonace_matched__proof__amc12a_2013_p8__seed1,validation,nonace_matched,proof,amc12a_2013_p8,1,False,True,0.00947856,0.016005,8,8,52827,36258,4533,,ea0870ebb05f68f3fdef3fb6a0f0f29f809ee4bbb7aac2f7fa73fce4c30e012b,a32383e1838604d9bd7f40630e1c65d5e33a3c9edd0f90f8905270b62f5cefbb,7d14530effc24c63c1f630d116ccbda8dc1e05fb6d8ddfd9789fc1654c1e3ebb,9671dc4753c85071e241f540eda033d28edbeaab45cb3aed7063c73eedb941a8
validation__ace_selected__proof__amc12a_2013_p8__seed1,validation,ace_selected,proof,amc12a_2013_p8,1,False,True,0.0076360199999999994,0.017672999999999998,5,5,63579,55761,4131,e66c5939f05d38baf07e1faaa2da6b9cf22d05840126b839c0e55d8dbded20fc,3e7aa4cbcc65e675f52d6d89100a5fbdd6caee6eff8791ebc789d9551a13d0cd,cded36359bde31381eec84bda1b34dee661a5bff840ceda1f94c6fa253a526e0,33bda239ef49ca3d4e87925893429580b6ea8dd519d80526e12a0ae3a8ad79ea,fa41de4a697553a1fc37d9a7b786087e69fbffb7ac2c1beff20d5c6ec7d3d054
validation__ace_historical__proof__amc12a_2013_p8__seed1,validation,ace_historical,proof,amc12a_2013_p8,1,False,True,0.00287506,0.0062308,3,3,19862,18643,1882,6470581f6434fdcbc10810cac84cd2c442ee1fac59fbe607e4f267f35e0187bd,4177a82a6cd049ec112b956f4bfde3555684549ef95d27eca16e12c6e001a7c6,c5d6ffb1b93d76e3e7d7665eb991b1d48aace0b69414867517f400ad5b73fc7f,ad66c937a6476e01acea6d443c69ad791cf22f6d302b7792932e7890d23cd71b,dbb5cce9a57a470727d953bf9fb96e538d36664d895f177266edd5b84968a10e
validation__ace_historical__proof__mathd_algebra_190__seed1,validation,ace_historical,proof,mathd_algebra_190,1,False,True,0.00024545999999999997,0.0013151999999999999,1,1,5946,5943,105,6470581f6434fdcbc10810cac84cd2c442ee1fac59fbe607e4f267f35e0187bd,9b443a7c9e514974611a3252b21ee6d398eb7ef6d3f1c31e905b5139fbee6eb1,262a1ffbf7e1e500417e1e2c19d37ce035c1d799c417a6a3f3fdfb61b7986027,7825dd8dbf60f18c9147692491c3ca5768ae3b745cd0fe9c83c01baac59a6cd7,4b76bee62e28a261d400664941d12629d3d9e0dce5745d86060ae6155ed016e2
validation__nonace_ordinary__proof__mathd_algebra_190__seed1,validation,nonace_ordinary,proof,mathd_algebra_190,1,False,True,0.00038132,0.0017305999999999999,2,2,7705,7496,158,,74038230941edea32bfcf3ed6eea0cc973249427df53273321bc45748f5dc845,ab8590d56e33a1839edb871639856ebed35a37007e436ae21370d6bb657a547e,7825dd8dbf60f18c9147692491c3ca5768ae3b745cd0fe9c83c01baac59a6cd7,60719774c6a90db432083d6573de35b1476b27f5d3f4d8d5f330b510e713cf69
validation__nonace_matched__proof__mathd_algebra_190__seed1,validation,nonace_matched,proof,mathd_algebra_190,1,False,True,0.00015716,0.0008317999999999999,1,1,3751,3748,68,,4d8d23ab31b6bd99297ed09425767a6cd5dbd10760685b62eb3604614f89fca2,13648f521ff3247639fcfe9cae017604a942d9c7b6acdf437ab23202b35f62d7,7825dd8dbf60f18c9147692491c3ca5768ae3b745cd0fe9c83c01baac59a6cd7,750b2f375187110d914dc8e090afa2442576b58c3b9bd4c3a6a49b73f82921d6
validation__ace_selected__proof__mathd_algebra_190__seed1,validation,ace_selected,proof,mathd_algebra_190,1,False,True,0.00044384,0.002543,1,1,11665,11662,175,e66c5939f05d38baf07e1faaa2da6b9cf22d05840126b839c0e55d8dbded20fc,ec341bc3f6872c80f3e1b68911381ae140bea157a021adcbf9b882fe1c68e624,3a11be183ef1affaa799425d0d1c97bb64a17d1caece25dc4ff6a76dbb3ede8c,7825dd8dbf60f18c9147692491c3ca5768ae3b745cd0fe9c83c01baac59a6cd7,11de5eb90851a0033d78b9804127d1dccb718a575b65129100f2c3dcdd6a16ef
validation__ace_selected__proof__mathd_algebra_393__seed1,validation,ace_selected,proof,mathd_algebra_393,1,False,True,0.00832496,0.0210866,6,6,82705,70898,3788,e66c5939f05d38baf07e1faaa2da6b9cf22d05840126b839c0e55d8dbded20fc,39acbc8b2ac1773548bb9ced20a9cd02610072323190e8306a64283a3250465f,9aa077a8aadb335a607608e8d135b96e5ebbc93191c1e4a800b5bc9b9dd0d82e,8bc31d301f90f8935a599d9f8534a0e12102e574de6ec5f039cb3221856bec0d,a5567049192c1d0225cb5aa21ccd751243f0d33a10fbb2027deb5f146e4ddf67
validation__ace_historical__proof__mathd_algebra_393__seed1,validation,ace_historical,proof,mathd_algebra_393,1,False,True,0.01485276,0.0338712,14,14,134028,105658,5888,6470581f6434fdcbc10810cac84cd2c442ee1fac59fbe607e4f267f35e0187bd,ca6f905cccbdd324d393dcc9288f2475238692b32031aacb91e044baa4e81333,66e337add73a4e95d9eeab69b458b328f08d1d93afc42ee342638ae36d6b03bf,2fb821fbca0ce9e1e0a12a596fb5b2dfb73478647d84bd0277f79c8f5cfffcb2,45e22fc7cf494ed55fe71e5f22bae5bf0a1d0705ce9ed4e55f99ccb041b3231d
validation__nonace_ordinary__proof__mathd_algebra_393__seed1,validation,nonace_ordinary,proof,mathd_algebra_393,1,False,True,0.0146748,0.0243822,10,10,74043,53930,7978,,74f8517aa8f4b69dd074eca9070f8d324a78f91d196272997ac254bb115c2a09,7d864e38ca889fdcef451c55d834df8dfdb1b211e9108c99b9a3f7943ea2bda6,3bcbd4b4d3a033c74729672e8d8cc98c12c0d5d1365d34677af0175e5b782b21,c49e17fb9e0f54b1b8cb57403c1608d19dea34cf4f93977f003ddb326c631be2
validation__nonace_matched__proof__mathd_algebra_393__seed1,validation,nonace_matched,proof,mathd_algebra_393,1,False,True,0.0039031599999999997,0.0072616,5,5,26990,18658,1553,,ed523ad760a1c01a55d70fb707554065ec6a848e2a15874a6157687146be55a7,1acabb05db4eabc8d07a35362406b561380013592232230a1f5cd8f7a8f34781,dc23c8e36827969dcdeb458728b68f51153efc1d00410b706954b8206ed0710f,8b88190e6eaa368787834bd822e4b4b8baf202355e6f9eb90dc043dd218d6f22
validation__nonace_matched__proof__amc12a_2020_p21__seed1,validation,nonace_matched,proof,amc12a_2020_p21,1,False,False,0.0543179,0.1964936,48,48,882172,789865,16716,,0f8af0d3683412a7d549d28dbd8cb3a1b17e275377244c9f35bb1681870b7366,60b283f2ed08f97aab2ba20768f27cf5105e93f2f386580d53189ded20b1e6f0,,9f85bd67a95123734ac5960550abdde109617105f2babbdf62e89c297bf84723
validation__ace_selected__proof__amc12a_2020_p21__seed1,validation,ace_selected,proof,amc12a_2020_p21,1,False,False,0.060226619999999995,0.1498776,31,31,642246,498061,17857,e66c5939f05d38baf07e1faaa2da6b9cf22d05840126b839c0e55d8dbded20fc,7a226242238212b805f501b5f0a394fd335f9de20c236834cc0e5104dbef1408,e903cc81f01716d1babe51c5b14634dcddcbe5fb39972664592681cbe4696594,,1079bb6a563cd2a715c04520195e70d349eacbcdfa2b0b5e57ffd1ba4c6d740f
validation__ace_historical__proof__amc12a_2020_p21__seed1,validation,ace_historical,proof,amc12a_2020_p21,1,False,False,0.05252188,0.1083874,26,26,441311,310364,16771,6470581f6434fdcbc10810cac84cd2c442ee1fac59fbe607e4f267f35e0187bd,8d82867c14c79d626bac2ba761e1b595654cedb1631a71a98850de5147f093cd,9d43bcc68fb58c4bef24f6533327ab8f875f9c5f203e75afec98beb96a5f1c4d,,30537d67992cfe2ebea6f954dad939051a923a291b6e26c53ce2589011e91927
validation__nonace_ordinary__proof__amc12a_2020_p21__seed1,validation,nonace_ordinary,proof,amc12a_2020_p21,1,True,False,0.01674016,0.0447298,19,,180323,155498,7221,,7bc57e8cc850df2ce36a0c96db587c403213107e088290b5dd7248a49b0e27a0,,,c9fb408661278854d23446cfa4fe85d7895f18be90d835331930626b026186eb
validation__nonace_ordinary__proof__amc12a_2019_p21__seed1,validation,nonace_ordinary,proof,amc12a_2019_p21,1,False,False,0.036016599999999996,0.0811012,18,18,381434,250470,4012,,601734a5f6941873c11f5489e3e8965f1521b52dd3cacf7b6fc5f4fd23b6cd03,f3b5fc0ef4790df80b7a9226e33d664764c3349bb9601764892fe5ad6cea40b4,,3acc3ae53c4d217b6ff5b7e9d17dd874021ce749da36adaf99cff4bfdf36c66b
validation__nonace_matched__proof__amc12a_2019_p21__seed1,validation,nonace_matched,proof,amc12a_2019_p21,1,False,False,0.04885738,0.1397302,21,21,674321,504849,4055,,a438d4cea4778cf4ca252fdc22d3082b0a725f8c2d7500511ab145509aaf8070,b7086ca5d8c6af48bd84cf0dfa51c77549a4e570fcc6fbb7c76ae648cb82c155,,b519ff1b60213f6c2cca9fb51a89a35a36a757cee2fbfd99689e968ec344e8ac
validation__ace_selected__proof__amc12a_2019_p21__seed1,validation,ace_selected,proof,amc12a_2019_p21,1,False,False,0.05340138,0.2602428,48,48,1245174,1149119,9340,e66c5939f05d38baf07e1faaa2da6b9cf22d05840126b839c0e55d8dbded20fc,4e74d4eab118de1bc36122c9a6fe47ce76c3b63115169b6df7f8ef4e0bafd16d,2ec12ce05607788f9ddcad64d77a6e798fc34ae906168f4842a06a449711d5d5,,d9bdc28e37535922b7b40dc749186a9e678f306952154604b8b890921c70ac37
validation__ace_historical__proof__amc12a_2019_p21__seed1,validation,ace_historical,proof,amc12a_2019_p21,1,False,False,0.057230239999999995,0.1418468,23,23,674194,470092,5840,6470581f6434fdcbc10810cac84cd2c442ee1fac59fbe607e4f267f35e0187bd,8a4babc35d605ad9fc68e98cde39bce3bc346e9fafb6ce78e0be4e2a5b0dc82d,fdf8a0627930ba7caafc9ac91df99a4244836f5d8dc0947032653f53b5afe6f5,,ff2dde2a85956bf6e923f7a00e8c7e7fe589a6229e643431543b277cd0fea982
validation__ace_historical__proof__amc12b_2002_p3__seed1,validation,ace_historical,proof,amc12b_2002_p3,1,False,True,0.0111254,0.0342482,15,15,150451,128460,3465,6470581f6434fdcbc10810cac84cd2c442ee1fac59fbe607e4f267f35e0187bd,c9ba753794afacf265d9da58d4b599745eed737b37d767291b958fffc03b2380,2f476d4a67b5df8c95dc722b1b5e09d96890425061e60fef810bc9155cee59a5,4eccd7f1fef90db948d0fafe2d44bc80bf76aae03005592a7a7ab50669bcba21,b42a23fded7671a2c33ce0ba59a37b1d111c16722836e9c934761e7534b4df54
validation__nonace_ordinary__proof__amc12b_2002_p3__seed1,validation,nonace_ordinary,proof,amc12b_2002_p3,1,False,True,0.0069701599999999996,0.0144686,8,8,56323,41658,2670,,5cc1b22eaec6687cb0607e709d61319863d4caeff18731def176e0a0e71c4cf0,b7c8d789e30bdac2fa5df3c0379ad7048c21d0ca58c0e68c9c1ffcd25058721f,9a6bf25b1e0ec47c927d9e602d9bfd7610b90212076077fc727f853908af0cda,7c7a29eadc134ea94e24c56409cdb58d5a91b487a265828cc16793c3b8022775
validation__nonace_matched__proof__amc12b_2002_p3__seed1,validation,nonace_matched,proof,amc12b_2002_p3,1,False,True,0.00719238,0.013727999999999999,8,8,50430,36309,3035,,5f58c476546ef2b7ff0b1cde4b74742228a6b231e8d2e9cdb7bedadbbaf51f98,49afe1b9f08859486f00c582be432a88daa35b36f46d8e3fd5717ff752ef5b8f,d94d3cc3447bfea06eaf2dda1afc932496181cc4f2ce4090c45fd42cfa583900,66bc5bb315db70cc4eef0ffbe655947fa37a287573d5cd51a48ff11b5f76f090
validation__ace_selected__proof__amc12b_2002_p3__seed1,validation,ace_selected,proof,amc12b_2002_p3,1,False,True,0.00718496,0.038643199999999996,10,10,183652,174768,1594,e66c5939f05d38baf07e1faaa2da6b9cf22d05840126b839c0e55d8dbded20fc,a47ff82166fa644eecab6ecb82c35558dbe8b23cc2ab64539d0954568966afd1,a279379433749435acbeb63e678a3ad7db346a84e9a0364949c706edad125fbb,f3b26d7f22cfc2c323cebb88fa1faca01e57edec9ab68d2b0fe112c13e55e860,e3fa1ee3443e78c6b76ef9de25e932e29299f7c84de7d509b56f4fb2524dd008
validation__ace_selected__proof__mathd_algebra_214__seed1,validation,ace_selected,proof,mathd_algebra_214,1,False,True,0.00040795999999999996,0.0025298,1,1,11791,11788,143,e66c5939f05d38baf07e1faaa2da6b9cf22d05840126b839c0e55d8dbded20fc,d114e02a12ea625fd676865e871536abacdd2172076b71e2564fb4f40a7d4e97,bbe2bfe0e5f9030a4fc44f8d42c7e84600c0c1e744aa771f6139e351862471a5,d90d4ef1ca2655da2732d311f273de81bc5fc7136a7165298ad78b918f7ea1cc,be35dca25bb4a37b767b77e2ba72176c58a54ab869785b28cf5a17ebe35cb04e
validation__ace_historical__proof__mathd_algebra_214__seed1,validation,ace_historical,proof,mathd_algebra_214,1,False,True,0.00042318,0.0015156,1,1,6072,6069,251,6470581f6434fdcbc10810cac84cd2c442ee1fac59fbe607e4f267f35e0187bd,d034a5964f6de09e586cf18efe9edb2031bfbd914680a216fccb818b2c8370d8,b72aba87d9d3ce501ee527f25410216ab37daa955a4fd2850b8f587e11e29971,e60fdf2cada964c4f89edc1fdddefeff972b9d713fc56309c692ccc75c16de5e,2ab47950faa86e44d74e216b705cc97262f2af243f4cecdc51c0f8121979e4f0
validation__nonace_ordinary__proof__mathd_algebra_214__seed1,validation,nonace_ordinary,proof,mathd_algebra_214,1,False,True,0.00104102,0.0022075999999999997,2,2,8164,6481,479,,c0d71b3238bed4ac0ba7730766c07c8da67fe9243f02f6c52f49b2ceee201c28,8574c378b0c6b029a70cc9db1b4f9a213a446d3883dcc3f736679e8cc8494f35,09d98fb758cd892d678e52fbf455db7d090899a07772fa28426d2a0b838eaa85,fd12953e391e550f51720994a0cfc496fdff46257e3637fd7432d6dea4be5f57
validation__nonace_matched__proof__mathd_algebra_214__seed1,validation,nonace_matched,proof,mathd_algebra_214,1,False,True,0.00133282,0.0024993999999999997,2,2,8147,6481,725,,4508082b65288b1a8ae5574de2b901d27c31411bd8c5539026844bfd41be208e,8c692699109f2b1696ac356b1cda87702c707370f7a65a4c09c43b7fc6f5bef5,f0d5cb20b927f3262e37b99e96c1734179cc682d6a24032fc8c5a700f9b1de49,9be281a89632f0d8c63a81b0bda8248980e3dc2c145a12b3b4761905297dfccd
validation__nonace_matched__proof__amc12a_2016_p3__seed1,validation,nonace_matched,proof,amc12a_2016_p3,1,False,True,0.0146816,0.0239516,10,10,83290,51500,6078,,8234607a468afd2fed30745eb3099569c7f5abeb10790c18be086ef27f648215,40fe2c5b1d675d0df6a9923a200650a54496f6f40bff47fafdbaeeaeea657526,1b05eb324161885df86204a5629a1ed920544b90f1b571c5e3f052c280f5f9dd,cbeddf1b3050e127d1f0881c0003bec1f3f09f1e83bb1607be010e96e824939e
validation__ace_selected__proof__amc12a_2016_p3__seed1,validation,ace_selected,proof,amc12a_2016_p3,1,False,True,0.01471788,0.043720199999999994,12,12,191283,161124,4553,e66c5939f05d38baf07e1faaa2da6b9cf22d05840126b839c0e55d8dbded20fc,76943103ce04aa53b593252338ffbb1dbe45a60befada9368b0def96082a6578,fcdb20343500b6398efe85ff3e4a30bfaae7ab4e21e47eb6f686c39aee8c4c57,ad6a2090b94594a786bf21f9f127ca3c90c231bba84a8b6dbd4436d14104a002,1a1e5fedc922ce9990128069b23758529483026cae98fd819c79ca10cdb55909
validation__ace_historical__proof__amc12a_2016_p3__seed1,validation,ace_historical,proof,amc12a_2016_p3,1,False,True,0.01712238,0.0282264,10,10,103356,61689,6296,6470581f6434fdcbc10810cac84cd2c442ee1fac59fbe607e4f267f35e0187bd,6c4f7ce6c98c56feaa1600130c80e513ba3e2f91327e30b57e1337eb25854f4f,d4b6bcbb63696af6bdca3cee5e8055a09cf6d50e6db76d5aa2c25ec885def982,c404085f58c88d263319cb5e611d50533e794d6f81396ca2d48c8fd2fd3f3e08,29c0fef7b9d1fefde4f6f32ec4655bbb36b4782b8217df8d8cdb8be547601745
validation__nonace_ordinary__proof__amc12a_2016_p3__seed1,validation,nonace_ordinary,proof,amc12a_2016_p3,1,False,True,0.0036584599999999997,0.0056588,3,3,17488,11113,1801,,659c201d7b87bbda04bb2378a1d7127f093a9d624d7b8241e0c011e95bdb7042,28125ac0d68c2421eb270dcda2531b4eab2b83337b3cc5df4f5c1c6c1d9e1493,88b39fe04f0dd439927d96cb643c9b1e66025c74f0cfc91301d4c530e786b030,170ec0ddb9a7ab9a75dd6e39242785f0bc69b2b0296e6dc32baea018376d0dd6
validation__nonace_ordinary__proof__algebra_others_exirrpowirrrat__seed1,validation,nonace_ordinary,proof,algebra_others_exirrpowirrrat,1,False,False,0.03343892,0.0902696,23,23,401518,315726,8305,,400deed75ce577aaec8a87b4b407373982858cfc8033db516bafd30c2caa4b06,f2549ce9025270c55e35f57ef46e0c5df7d7344ef8309233ec31becee88c8af2,,0f971c64b64795db1a950ca68b68228e57231b1b60f284f2c644c2e8c205dcb4
validation__nonace_matched__proof__algebra_others_exirrpowirrrat__seed1,validation,nonace_matched,proof,algebra_others_exirrpowirrrat,1,False,False,0.06410713999999999,0.1318442,39,39,552697,376317,17754,,d57b7147fd0c4347dfffd5518aab046d05e9a3ad40b8c217b596fe1738300932,ea56af7906c75585525bd756a923084db3e323a891b35ed04514982ebca5c27b,,70294c1131dae8d8fbbfdf46405a2de0280d499274b21746c76507734d40e355
validation__ace_selected__proof__algebra_others_exirrpowirrrat__seed1,validation,ace_selected,proof,algebra_others_exirrpowirrrat,1,False,False,0.06021384,0.1616154,30,30,707529,563342,16758,e66c5939f05d38baf07e1faaa2da6b9cf22d05840126b839c0e55d8dbded20fc,220187aededcd130c6f1aa033857a02189b0ae8fb6bcb83fdac31c676cc345bf,d75032ebf1a0c8ba2a6d5ae4d1922ef55625290fb666f1ff555a32ffca241e07,,a5cd006745efe4e4056c6eab751e7f9e7cc5b16aeffa6ab5ddb5ca9cb2575393
validation__ace_historical__proof__algebra_others_exirrpowirrrat__seed1,validation,ace_historical,proof,algebra_others_exirrpowirrrat,1,False,False,0.061490859999999994,0.14823519999999998,32,32,644288,481913,16148,6470581f6434fdcbc10810cac84cd2c442ee1fac59fbe607e4f267f35e0187bd,1ebd076a9544ecb686e3ec09bb984004f937b0034527d4dd5de0e4ba797fe688,fbc4fabaf471bbd5eeadc4547f7564717a2ddf572c0a9347758d103e78871c5d,,28173f3efc768203527f16fc0e3fd00bf324b9fe514bc9a37f5e5cae48bbc9d7
validation__ace_historical__proof__induction_prod1p1onk3le3m1onn__seed1,validation,ace_historical,proof,induction_prod1p1onk3le3m1onn,1,False,True,0.0484823,0.0734924,18,18,282778,138945,14114,6470581f6434fdcbc10810cac84cd2c442ee1fac59fbe607e4f267f35e0187bd,ae1fd0c8c017aac24577dbebb5fbd71da4731fe43b389d58dcf198be790b20aa,cfaf6844295e04c4029ec1e224160ccb031b7462a41d87ab608a351b6d219887,726b1113e361b083ed04a606541abf28f42fd24c00acce3aed3018acdcbe38ff,b477f4adab243efa95aa235d159eb8356291f66aa5577202b45882eba00ccc5b
validation__nonace_ordinary__proof__induction_prod1p1onk3le3m1onn__seed1,validation,nonace_ordinary,proof,induction_prod1p1onk3le3m1onn,1,False,False,0.039497819999999996,0.06695519999999999,22,22,253410,152541,13561,,6b844d83aff587e09086425486df0de404f6ec11fb8d59f3ef3f0d342db16d25,ff5f07ba221c26fffa74bcf1bb4df2244039e223498c88c600893a86e191093f,,16bbc16a8cca295d570c81b329af3c483bfa54a0f415284b78b4fe2c2ffb2ca6
validation__nonace_matched__proof__induction_prod1p1onk3le3m1onn__seed1,validation,nonace_matched,proof,induction_prod1p1onk3le3m1onn,1,False,False,0.06427421999999999,0.1111392,34,34,463314,260361,15397,,f7cb5d1266de35fe7b65a807c136dfb006b682025e1b4080acf7c0d97624e350,f87e07ddd78e189582bbf7bff0e1d58b13d5baa9fc27e812cc005a2335f6db4b,,42faef19ad67731c9105eb14fb88f5bf9abb4f01dc7a184db6be7bbff00f9304
validation__ace_selected__proof__induction_prod1p1onk3le3m1onn__seed1,validation,ace_selected,proof,induction_prod1p1onk3le3m1onn,1,False,False,0.0647754,0.11374619999999999,18,18,461793,272060,17823,e66c5939f05d38baf07e1faaa2da6b9cf22d05840126b839c0e55d8dbded20fc,f5cdd2b739f5e9a9def59ed7dae012ac9c23ce0e82a8f84a50e16414baefb0a0,1c39748e1275e0368e39a9d62045a779ddd2609375870bbdd9d375d2f2c305f4,,46352460f20218727350375e469c2f5a3ea3ab591350ade98c1a8d0e5c4117ea
validation__ace_selected__proof__amc12a_2008_p4__seed1,validation,ace_selected,proof,amc12a_2008_p4,1,False,False,0.05145888,0.2599086,52,52,1221123,1158054,13070,e66c5939f05d38baf07e1faaa2da6b9cf22d05840126b839c0e55d8dbded20fc,ee487c077b274b99b571a81c238d41c855c587c218fff3c5414a18ee5d0d220c,4790be48d033ce47d20cf423e4edf656983ff8e58d603271d6505cdc243d8020,,130960284cd1b2d1c2f1eed88bfbdd90a3859186d5056feb72c792ac45809265
validation__ace_historical__proof__amc12a_2008_p4__seed1,validation,ace_historical,proof,amc12a_2008_p4,1,False,True,0.026809259999999998,0.045439799999999995,14,14,184083,103503,7186,6470581f6434fdcbc10810cac84cd2c442ee1fac59fbe607e4f267f35e0187bd,e2e4ac1ec27e0ca54534e3563fff22ff912707191d064f0dc68064bb5b69c1b9,ac89ea7cfbddc939504e4fc8bef4d717c4c979c7a37bd2f2ce334962551602a5,69e929df7f9f548c883c62b79868ebcb9fd5e003e93e6b88f0a082a20e9d249c,3534050f0765dc468765c4a994f141bf7505e7fe24903030f8fc0aa75015849b
validation__nonace_ordinary__proof__amc12a_2008_p4__seed1,validation,nonace_ordinary,proof,amc12a_2008_p4,1,False,True,0.01328968,0.0202636,9,9,79178,38744,3690,,f34964fab5bca3c741426f5ec8a1b8d759f944cf8de333e47d35ebaed953c1b5,83b6add30780c2c9daefe53aa2d9f9939a0a2c6d4af76306116ea0ef5b080383,b005663d985cacc1c755994a1c0ffef8f44e307c7d9363b5a5ceed490bfb1af6,789434e230b7aba8ee78c92ee461e1bc74fd2a78032efd8f4dc3a8770e6db38d
validation__nonace_matched__proof__amc12a_2008_p4__seed1,validation,nonace_matched,proof,amc12a_2008_p4,1,False,True,0.06768632,0.0934778,24,24,353185,143286,19034,,fc1b2250915d9a42992a4cae0fee152296af510fb3a3aaa595825881816462d3,162bd7266b5345475b3a6dbe725aa28b8cebed61cdffca43049514d8fcd6cbf1,ef1a0d7672ade5efa4ce3930541e2a62d77f8503a21b7fec0a0d477f5b554f42,e6edb8f9b78884b9e34588f1fefa52eb59c2d6025677e83f479f137f96ec0543
validation__nonace_matched__proof__imo_1960_p2__seed1,validation,nonace_matched,proof,imo_1960_p2,1,False,True,0.023016659999999998,0.0367926,15,15,139245,76533,7453,,eaa4b0ebd95b93707848edb6638f8ac56cb5d8fff310980ff8ee3ed82c31df33,68d727f381160cbd0f7486afae5ebbe62ac89b7294233986cd1927a5b1d1e37c,dd4d311388bebc732a198bdd3eccdc6166405b979347b881730a813904585376,a2be6dccfc9acac697b9f3649e282fb3477f256ca0ecab0b78548d05e92cfd37
validation__ace_selected__proof__imo_1960_p2__seed1,validation,ace_selected,proof,imo_1960_p2,1,False,True,0.02696846,0.0646862,16,16,279235,209543,7366,e66c5939f05d38baf07e1faaa2da6b9cf22d05840126b839c0e55d8dbded20fc,6431b9bbfb40718ac7f7c312a57b0bba09210e3b245cb5e892065a4722a0e0bc,df694f632415d24f121c9012e130ff2d31428f6b914229f676874d066d1b8fb6,b669463551744ef274a251cb5f341a8fa6245c230275d13674f6ae174371a2f0,cceb26ab449a2b8774dbf2c8a6fcb8ddf24ecaed633bcd274cd6f22be83e98e7
validation__ace_historical__proof__imo_1960_p2__seed1,validation,ace_historical,proof,imo_1960_p2,1,False,True,0.0012510400000000001,0.0034726,2,2,13025,12342,723,6470581f6434fdcbc10810cac84cd2c442ee1fac59fbe607e4f267f35e0187bd,5a8ef5cfd216e8f63cfdd895f98e9fa11eff1ea6a095a0898a330648969926ef,a75ca4ae70efde1f445e6e8c876c44e0110429d2854af4f585d59d11298625f2,993c6b4915709bc75d809fa17011fa66e07a263994ae90f7d08a2cbd8d9c8e28,e8d7432418136db99c553b0658a95603f6a849f657b66fc88eaa75152f0a94a4
validation__nonace_ordinary__proof__imo_1960_p2__seed1,validation,nonace_ordinary,proof,imo_1960_p2,1,False,True,0.040015499999999996,0.07793699999999999,26,26,330543,210675,9857,,d22b1009c94cfbb4476b99f25edcd2b8c4809c75b5429d3beff5693d74ff0d17,c6f502d6a76e0a40c248fdde252aea13942bf219498b590b2a9b564c09c2208b,329f260aa958aaa5dde7a1c81e705173334ac3fbee1d77d4a77a4d61f6e2719e,24215fbf34797461e871b0b791468d14299323ae1f27d63b6060adfc6a0b0daf
